sample_id,model_id,hypothesis_text,avg_logprob,min_logprob,token_logprobs,token_ids,n_tokens,inference_time_s,accent_background
pcm_f_PAGS1F7_ag_spontaneous_122,naija-finetuned,always dey get remaining fowl food ready in case e finish,-inf,-inf,"[-17.120805740356445, -Infinity, -20.4635009765625, -16.664735794067383, -18.563575744628906, -12.2551908493042, -19.185775756835938, -17.706077575683594, -24.656494140625, -7.565225601196289, -18.54918670654297, -15.401103019714355, -17.55322265625, -18.257965087890625, -12.291990280151367, -14.129676818847656]","[50259, 50360, 50364, 304, 942, 368, 88, 483, 8877, 283, 305, 75, 1755, 1919, 294, 1389]",16,1.871,unknown
pcm_f_PAGT1F10_ag_spontaneous_237,naija-finetuned,papa dey sharp him cutlass every three days with one round flat-flat file.,-inf,-inf,"[-14.49478530883789, -Infinity, -18.24415397644043, -16.406930923461914, -16.09723663330078, -10.717300415039062, -14.210328102111816, -18.63995361328125, -11.10733699798584, -12.487337112426758, -19.505413055419922, -10.083953857421875, -8.39953899383545, -17.189294815063477, -13.294041633605957, -10.926289558410645, -12.954629898071289, -14.076334953308105, -7.976676940917969, -15.742627143859863, -17.064077377319336]","[50259, 50360, 50364, 79, 7961, 368, 88, 8199, 796, 1723, 14549, 633, 1045, 1708, 365, 472, 3098, 4962, 12, 3423, 267]",21,1.99,unknown
pcm_f_PAGT1F12_ag_spontaneous_033,naija-finetuned,di village elders gathered under di iroko tree to begin di um raincalling rituals um,-inf,-inf,"[-18.744449615478516, -Infinity, -17.083730697631836, -19.802446365356445, -21.388059616088867, -18.119407653808594, -17.802249908447266, -15.630460739135742, -20.051589965820312, -16.065475463867188, -16.18901252746582, -18.54378318786621, -18.486093521118164, -7.414686679840088, -16.581180572509766, -12.67311954498291, -14.652444839477539, -16.406558990478516, -11.789498329162598, -20.189498901367188]","[50259, 50360, 50364, 4504, 7288, 22737, 13032, 833, 1026, 741, 340, 4093, 4230, 281, 1841, 1026, 1105, 4830, 66, 24021]",20,1.967,unknown
pcm_f_PAGT1F12_ag_spontaneous_198,naija-finetuned,we plan how we go water our farm um based on rain wey um fall for the past three years,-inf,-inf,"[-19.87795639038086, -Infinity, -20.302249908447266, -10.564409255981445, -14.813212394714355, -15.377668380737305, -12.43910026550293, -16.255720138549805, -9.733327865600586, -15.894610404968262, -16.37593650817871, -15.377263069152832, -14.991841316223145, -20.18754768371582, -17.521379470825195, -12.24057388305664, -16.688974380493164, -11.166475296020508, -14.723095893859863, -14.743946075439453, -14.845459938049316, -14.251730918884277]","[50259, 50360, 50364, 826, 1393, 577, 321, 352, 1281, 527, 5421, 1105, 2361, 322, 4830, 321, 88, 1105, 2100, 337, 264, 1791]",22,2.042,unknown
pcm_f_PAGT1F12_ag_spontaneous_336,naija-finetuned,when animal wey small too many for one place sickness dey quick start and e dey spread fast,-inf,-inf,"[-18.002613067626953, -Infinity, -20.451095581054688, -23.359533309936523, -14.190897941589355, -10.06550121307373, -13.569062232971191, -14.315945625305176, -17.0631103515625, -17.750337600708008, -18.34284210205078, -17.471454620361328, -19.1307373046875, -17.506467819213867, -10.88066577911377, -15.251398086547852, -20.625240325927734, -13.563228607177734, -17.28304100036621, -12.876450538635254, -13.001688003540039, -16.88262939453125]","[50259, 50360, 50364, 18822, 5496, 321, 88, 1359, 886, 867, 337, 472, 1081, 25611, 368, 88, 1702, 722, 293, 308, 368, 88]",22,2.06,unknown
pcm_f_PAGT1F13_ag_spontaneous_324,naija-finetuned,breeze wey dry corn dey blow corn be say weather go hot well as sky don dark for early mor mor.,-inf,-inf,"[-14.62866497039795, -Infinity, -18.47295379638672, -19.727197647094727, -19.828413009643555, -16.663131713867188, -11.55014419555664, -13.441670417785645, -17.690946578979492, -16.066160202026367, -12.25422191619873, -11.333047866821289, -19.088577270507812, -19.707290649414062, -11.690539360046387, -15.159496307373047, -14.44226360321045, -13.505563735961914, -17.298933029174805, -10.954593658447266, -14.850738525390625, -16.472158432006836, -21.328533172607422, -14.023237228393555, -11.76877498626709, -14.26260757446289, -9.750971794128418]","[50259, 50360, 50364, 65, 701, 1381, 321, 88, 4016, 9046, 368, 88, 6327, 9046, 312, 584, 5503, 352, 2368, 731, 382, 5443, 500, 2877, 337, 2440, 1896]",27,2.26,unknown
pcm_f_PAGT1F17_ag_spontaneous_120,naija-finetuned,some song dey talk directly to to soil dey ask am to breathe and make e gree to grow,-inf,-inf,"[-19.172443389892578, -Infinity, -21.17940902709961, -20.357633590698242, -10.779998779296875, -11.50084114074707, -15.627735137939453, -13.001734733581543, -16.69052505493164, -10.819501876831055, -16.375186920166016, -20.375757217407227, -13.440228462219238, -16.62561798095703, -14.729401588439941, -7.753870487213135, -9.261205673217773, -16.5690975189209, -13.884164810180664, -22.50023078918457, -11.126365661621094, -9.626361846923828, -20.375513076782227]","[50259, 50360, 50364, 23189, 2153, 368, 88, 751, 3838, 281, 281, 6704, 368, 88, 1029, 669, 281, 10192, 293, 652, 308, 290, 701]",23,2.09,unknown
pcm_f_PAGT1F18_ag_spontaneous_083,naija-finetuned,he dey repair shoe near um the borehole when he no dey work for rice farm.,-inf,-inf,"[-16.967727661132812, -Infinity, -21.685771942138672, -15.693984985351562, -12.572461128234863, -15.906963348388672, -14.45229721069336, -15.375258445739746, -12.225078582763672, -14.89464282989502, -12.762797355651855, -18.91591453552246, -17.947546005249023, -14.191473007202148, -16.250377655029297, -12.939738273620605, -12.190253257751465, -14.78488540649414, -13.970860481262207, -9.515947341918945, -16.313533782958984]","[50259, 50360, 50364, 675, 368, 88, 10535, 12796, 2651, 1105, 264, 26002, 14094, 562, 415, 572, 368, 88, 589, 337, 5090]",21,2.063,unknown
pcm_f_PAGT1F26_ag_spontaneous_300,naija-finetuned,my brother don start dey use tiny tubes wey dey connected to our drum to dey water the soil slowly.,-inf,-inf,"[-15.093293190002441, -Infinity, -19.562824249267578, -17.856056213378906, -19.31904411315918, -19.332509994506836, -11.816163063049316, -13.192826271057129, -14.656216621398926, -14.14799690246582, -21.61005401611328, -17.502063751220703, -16.750991821289062, -15.645829200744629, -11.813619613647461, -16.179454803466797, -18.589982986450195, -0.010236382484436035, -15.064949035644531, -22.392520904541016, -11.47187328338623, -3.4344122409820557, -14.56786823272705, -13.357275009155273, -10.554353713989258, -16.220203399658203]","[50259, 50360, 50364, 2226, 3708, 500, 722, 368, 88, 764, 5870, 21458, 321, 88, 368, 88, 4582, 281, 527, 10206, 281, 368, 88, 1281, 264, 6704]",26,2.242,unknown
pcm_f_PAGT1F30_ag_spontaneous_333,naija-finetuned,the youth group do fresh song specially for this compost season,-inf,-inf,"[-18.152856826782227, -Infinity, -20.35614585876465, -14.946821212768555, -11.23760986328125, -15.07837200164795, -15.762483596801758, -14.877726554870605, -15.57076358795166, -15.209420204162598, -10.628661155700684, -10.628222465515137]","[50259, 50360, 50364, 3322, 7503, 1594, 360, 4451, 2153, 22549, 337, 341]",12,1.769,unknown
pcm_f_PAGT1F78_ag_spontaneous_017,naija-finetuned,for the book wey write animal checkups we dey jot down any good things wey we observe for the animal body,-inf,-inf,"[-17.35161590576172, -Infinity, -18.711519241333008, -17.442522048950195, -13.286540031433105, -9.409789085388184, -8.462862968444824, -17.26833152770996, -15.437143325805664, -17.006284713745117, -12.575492858886719, -19.122081756591797, -13.680906295776367, -15.943021774291992, -13.379658699035645, -18.60276985168457, -16.174489974975586, -16.5667724609375, -17.907445907592773, -16.876224517822266, -10.188748359680176, -16.627843856811523, -11.96364688873291, -17.21101951599121, -13.441895484924316, -12.375450134277344]","[50259, 50360, 50364, 2994, 264, 1446, 321, 88, 2464, 5496, 1520, 7528, 321, 368, 88, 27873, 760, 604, 665, 721, 321, 88, 321, 11441, 337, 264]",26,2.3,unknown
pcm_f_PAGT1F78_ag_spontaneous_376,naija-finetuned,papa dey yarn us say if we dey quick hold di grass e no go plenty and e e go dey hold water,-inf,-inf,"[-16.15369415283203, -Infinity, -16.347145080566406, -17.797950744628906, -14.721141815185547, -13.780200004577637, -8.5887451171875, -17.828611373901367, -11.894447326660156, -11.973034858703613, -16.50202751159668, -12.407790184020996, -5.297971725463867, -12.76686954498291, -17.063446044921875, -14.699585914611816, -19.23850440979004, -16.788524627685547, -13.52609634399414, -10.025845527648926, -10.878169059753418, -18.35383415222168, -13.314214706420898, -11.632308006286621, -11.395596504211426, -9.8839111328125, -9.260238647460938, -16.188798904418945]","[50259, 50360, 50364, 79, 7961, 368, 88, 11400, 505, 584, 498, 321, 368, 88, 1702, 1797, 1026, 8054, 308, 572, 352, 7140, 293, 308, 308, 352, 368, 88]",28,2.345,unknown
pcm_f_PAGT1M12_ag_spontaneous_497,naija-finetuned,fowl go benefit if you put shade net wey go control sun and protect dem from heavy rain,-inf,-inf,"[-16.190156936645508, -Infinity, -23.531414031982422, -10.698556900024414, -21.60372543334961, -14.751402854919434, -13.955360412597656, -15.824028968811035, -15.384517669677734, -13.367206573486328, -12.862613677978516, -20.187976837158203, -15.438591957092285, -13.410225868225098, -17.375789642333984, -11.750808715820312, -11.815338134765625, -15.884706497192383, -13.199319839477539, -19.563005447387695, -17.377052307128906, -13.260985374450684]","[50259, 50360, 50364, 69, 305, 75, 352, 5121, 498, 291, 829, 11466, 2533, 321, 88, 352, 1969, 3295, 293, 2371, 1371, 490]",22,2.166,unknown
pcm_f_PAGT2F22_ag_spontaneous_296,naija-finetuned,dem stop to plant tomato and move to pepper because heat dey spoil tomato fast.,-inf,-inf,"[-16.61821937561035, -Infinity, -23.067386627197266, -16.61072540283203, -12.613055229187012, -9.51966667175293, -13.289329528808594, -11.317755699157715, -12.892853736877441, -16.160568237304688, -13.971141815185547, -19.986635208129883, -16.40755844116211, -18.501615524291992, -10.589818954467773, -19.048519134521484, -19.35283851623535, -17.5008544921875]","[50259, 50360, 50364, 10730, 1590, 281, 3709, 9288, 293, 1286, 281, 8532, 570, 3738, 368, 88, 18630, 9288]",18,2.046,unknown
pcm_f_PAGT2F49_ag_spontaneous_293,naija-finetuned,na maize and soya beans we dey use make the soil get prestige for next round,-inf,-inf,"[-19.289552688598633, -Infinity, -18.0721435546875, -18.00035858154297, -12.018668174743652, -15.078346252441406, -16.075090408325195, -14.000625610351562, -16.910003662109375, -19.7845516204834, -11.439469337463379, -7.443652153015137, -12.83023452758789, -13.567010879516602, -10.569591522216797, -7.723850250244141, -19.494382858276367, -15.566015243530273, -21.224010467529297, -10.384628295898438]","[50259, 50360, 50364, 629, 463, 1125, 293, 370, 3016, 12010, 321, 368, 88, 764, 652, 264, 6704, 483, 42531, 337]",20,2.092,unknown
pcm_f_PBUT1F12_bu_spontaneous_229,naija-finetuned,new parents dey always try to dey focus on how dem go take save money for children education.,-inf,-inf,"[-17.761232376098633, -Infinity, -22.18341064453125, -22.16236114501953, -18.237260818481445, -9.438582420349121, -16.313037872314453, -16.094831466674805, -17.160179138183594, -12.626557350158691, -17.00072479248047, -15.127074241638184, -17.927818298339844, -15.5639009475708, -15.631381034851074, -17.563013076782227, -16.575069427490234, -15.375381469726562, -17.34697151184082, -14.409912109375, -11.288215637207031, -13.187748908996582]","[50259, 50360, 50364, 7686, 3152, 368, 88, 1009, 853, 281, 368, 88, 1879, 322, 577, 1371, 352, 747, 3155, 1460, 337, 2227]",22,2.217,unknown
pcm_f_PBUT2F11_bu_spontaneous_410,naija-finetuned,some people no too fit drop their share steady for the retirement money wey everybody dey join hand save,-inf,-inf,"[-18.609495162963867, -Infinity, -22.87566375732422, -24.532058715820312, -14.627049446105957, -15.985433578491211, -15.002147674560547, -15.305005073547363, -19.231544494628906, -15.127453804016113, -14.15092945098877, -18.674964904785156, -13.629603385925293, -13.082734107971191, -22.671926498413086, -14.488560676574707, -12.072708129882812, -0.004223119001835585, -17.489212036132812, -13.376899719238281, -14.534379005432129, -18.62529182434082]","[50259, 50360, 50364, 23189, 561, 572, 886, 3318, 3270, 641, 2073, 13211, 337, 264, 15189, 1460, 321, 88, 2201, 368, 88, 3917]",22,2.3,unknown
pcm_f_PBUT2F12_bu_spontaneous_545,naija-finetuned,the main ten ance fee wey my online bank account dey comot every month don start to dey pile up,-inf,-inf,"[-18.769935607910156, -Infinity, -18.434385299682617, -14.407739639282227, -15.155592918395996, -12.138132095336914, -15.9485445022583, -19.84379768371582, -18.813343048095703, -14.140685081481934, -16.531780242919922, -14.282642364501953, -19.318408966064453, -16.551860809326172, -14.51745891571045, -16.969135284423828, -16.676429748535156, -17.283611297607422, -17.002748489379883, -19.962261199951172, -18.75040054321289, -14.753817558288574, -17.84502410888672, -14.533164978027344, -18.761999130249023, -16.126291275024414]","[50259, 50360, 50364, 3322, 2135, 2064, 364, 384, 12054, 321, 88, 452, 2950, 3765, 2696, 368, 88, 395, 310, 633, 1618, 500, 722, 281, 368, 88]",26,2.358,unknown
pcm_f_PBUT2F6_bu_spontaneous_055,naija-finetuned,the price of medicine don high well well and e dey worry many families for america.,-inf,-inf,"[-16.614891052246094, -Infinity, -23.268001556396484, -13.331889152526855, -18.22911834716797, -14.15847110748291, -18.5285701751709, -14.7701416015625, -11.720710754394531, -16.407270431518555, -13.502249717712402, -16.96908950805664, -10.425028800964355, -18.219680786132812, -18.31377410888672, -17.595712661743164, -15.739557266235352, -16.033571243286133, -10.465085983276367, -14.437712669372559]","[50259, 50360, 50364, 3322, 3218, 295, 7195, 500, 1090, 731, 731, 293, 308, 368, 88, 3292, 867, 4466, 337, 16116]",20,2.159,unknown
pcm_f_PECS1F12_ev_spontaneous_580,naija-finetuned,think say traffic and crowd dey make am hard for people to find time and space to exercise.,-inf,-inf,"[-13.185816764831543, -Infinity, -18.212596893310547, -20.282228469848633, -14.84045124053955, -17.535446166992188, -14.619251251220703, -16.87711524963379, -12.971085548400879, -16.750699996948242, -13.063085556030273, -15.779901504516602, -15.875728607177734, -11.500906944274902, -15.312785148620605, -9.43824577331543, -17.016660690307617, -12.001598358154297, -14.142212867736816, -14.517252922058105, -13.25014591217041]","[50259, 50360, 50364, 21074, 584, 6419, 293, 6919, 368, 88, 652, 669, 1152, 337, 561, 281, 915, 565, 293, 1901, 281]",21,2.25,unknown
pcm_f_PECS1F16_ev_spontaneous_193,naija-finetuned,"Sophia no know wetin she de do herself, just see how fat she de",-inf,-inf,"[-16.260766983032227, -Infinity, -18.764745712280273, -19.869709014892578, -20.02226448059082, -20.904632568359375, -20.03171157836914, -17.5017147064209, -15.649886131286621, -13.949858665466309, -10.281984329223633, -12.898270606994629, -13.917738914489746, -14.844456672668457, -11.938519477844238, -12.74965763092041, -12.255471229553223, -14.94355583190918, -14.774663925170898]","[50259, 50360, 50364, 50, 5317, 654, 572, 458, 6630, 259, 750, 368, 360, 7530, 11, 445, 536, 577, 4046]",19,2.121,unknown
pcm_f_PECS1F18_ev_spontaneous_246,naija-finetuned,Taking breaks dey help me recharge while I dey care for others.,-inf,-inf,"[-17.587543487548828, -Infinity, -16.450838088989258, -18.83098602294922, -20.818880081176758, -17.877180099487305, -10.87541675567627, -16.018341064453125, -14.210022926330566, -15.438069343566895, -17.252431869506836, -18.750133514404297, -14.687990188598633, -17.906644821166992, -18.41086196899414, -15.650238037109375, -16.87503433227539]","[50259, 50360, 50364, 51, 2456, 9857, 368, 88, 854, 385, 31366, 1339, 286, 368, 88, 1127, 337]",17,2.042,unknown
pcm_f_PECS1F18_ev_spontaneous_375,naija-finetuned,rich families fit settle admission office um to fit give um dia pikin admission while odas go lose.,-inf,-inf,"[-16.471559524536133, -Infinity, -21.614198684692383, -17.955917358398438, -13.859722137451172, -12.25258731842041, -12.602812767028809, -17.346834182739258, -15.409801483154297, -13.063693046569824, -11.322667121887207, -13.84926986694336, -17.41172218322754, -23.17970848083496, -17.221115112304688, -16.960723876953125, -16.856494903564453, -20.517621994018555, -16.471519470214844, -16.866004943847656, -17.72723960876465, -13.2510986328125]","[50259, 50360, 50364, 10794, 4466, 3318, 11852, 24668, 3398, 1105, 281, 3318, 976, 1105, 6801, 49928, 259, 24668, 1339, 3611, 296, 352]",22,2.125,unknown
pcm_f_PECS1F22_ev_spontaneous_456,naija-finetuned,"Knowledge no get age, as long as you get interest you go fit learn",-inf,-inf,"[-17.222440719604492, -Infinity, -19.558561325073242, -17.282602310180664, -20.705537796020508, -17.516345977783203, -16.55918312072754, -12.566143989562988, -18.094741821289062, -15.687771797180176, -12.697959899902344, -17.160072326660156, -13.960933685302734, -0.163045734167099, -7.635100364685059, -17.449554443359375, -14.142135620117188, -12.626137733459473]","[50259, 50360, 50364, 42, 3785, 3042, 572, 483, 3205, 11, 382, 938, 382, 291, 483, 1179, 291, 352]",18,2.037,unknown
pcm_f_PECS1F23_ev_spontaneous_079,naija-finetuned,E dey important to teach our pikin dem about our family lineage and values.,-inf,-inf,"[-15.856162071228027, -Infinity, -19.607189178466797, -19.36061668395996, -9.87546443939209, -14.719228744506836, -19.625612258911133, -12.281293869018555, -20.644439697265625, -15.032395362854004, -22.53142738342285, -16.784849166870117, -15.815882682800293, -15.024921417236328, -13.313465118408203, -12.627867698669434, -17.53949737548828, -11.437838554382324]","[50259, 50360, 50364, 36, 368, 88, 1021, 281, 2924, 527, 49928, 259, 1371, 466, 527, 1605, 38257, 293]",18,1.965,unknown
pcm_f_PECS1F24_ev_spontaneous_042,naija-finetuned,We dey collaborate with local businesses to sponsor our fundraising events.,-inf,-inf,"[-16.770479202270508, -Infinity, -18.503551483154297, -16.285310745239258, -16.331621170043945, -13.6906099319458, -16.662080764770508, -7.876550674438477, -16.6317195892334, -15.689823150634766, -16.956789016723633, -17.760051727294922, -12.848259925842285, -17.687644958496094]","[50259, 50360, 50364, 4360, 368, 88, 18338, 365, 2654, 6011, 281, 16198, 527, 32643]",14,1.855,unknown
pcm_f_PECS1F25_ev_spontaneous_128,naija-finetuned,sometimes if di sometimes if di pressure don too much person fit get mental problem or even enter di pressure.,-inf,-inf,"[-17.05327796936035, -Infinity, -19.488187789916992, -11.496615409851074, -11.821044921875, -0.0016374287661165, -0.00783406663686037, -Infinity, -12.941801071166992, -14.661642074584961, -18.406503677368164, -15.898317337036133, -15.595595359802246, -18.87554931640625, -12.940033912658691, -17.802444458007812, -14.313112258911133, -14.691271781921387, -15.742140769958496, -12.758866310119629, -16.67975616455078, -16.492677688598633, -14.562555313110352]","[50259, 50360, 50364, 82, 45890, 498, 1026, 2171, 498, 1026, 3321, 500, 886, 709, 954, 3318, 483, 4973, 1154, 420, 754, 3242, 1026]",23,2.143,unknown
pcm_f_PECS1F25_ev_spontaneous_395,naija-finetuned,no put your money for one basket get different channels where you dey put your moni,-inf,-inf,"[-18.08609962463379, -Infinity, -22.061647415161133, -18.197654724121094, -12.38369369506836, -15.688405990600586, -16.83017921447754, -10.013543128967285, -12.72740364074707, -20.303272247314453, -7.821018695831299, -15.383708953857422, -20.279687881469727, -12.90354061126709, -8.50439167022705, -13.380077362060547, -11.947319984436035, -13.141263008117676, -10.408655166625977]","[50259, 50360, 50364, 1771, 829, 428, 1460, 337, 472, 8390, 483, 819, 9235, 689, 291, 368, 88, 829, 428]",19,2.036,unknown
pcm_f_PECS1F27_ev_spontaneous_293,naija-finetuned,we go cook plenty food to celebrate di new arrival chop and drink.,-inf,-inf,"[-15.34194564819336, -Infinity, -19.560359954833984, -18.7270565032959, -14.032828330993652, -16.31450080871582, -15.079911231994629, -14.797749519348145, -12.695530891418457, -17.461244583129883, -13.757784843444824, -12.430973052978516, -18.127281188964844, -12.91097354888916, -12.688154220581055]","[50259, 50360, 50364, 826, 352, 2543, 7140, 1755, 281, 8098, 1026, 777, 18365, 7931, 293]",15,1.894,unknown
pcm_f_PECS1F28_ev_spontaneous_267,naija-finetuned,my guy i dey hail oo i don see sey di sickness don free you.,-inf,-inf,"[-17.110240936279297, -Infinity, -18.73725128173828, -18.20359992980957, -22.671907424926758, -10.959628105163574, -14.74298095703125, -10.308984756469727, -17.609453201293945, -15.465505599975586, -8.655588150024414, -19.60964012145996, -10.091731071472168, -12.939001083374023, -14.127275466918945, -12.912126541137695, -19.137826919555664, -14.993136405944824, -15.437707901000977]","[50259, 50360, 50364, 2226, 2146, 741, 368, 88, 38157, 32685, 741, 500, 536, 369, 88, 1026, 25611, 500, 1737]",19,1.977,unknown
pcm_f_PECS1F29_ev_spontaneous_245,naija-finetuned,Quick meals dey dey fast and convenient but convenient but may not dey healthy.,-inf,-inf,"[-16.882875442504883, -Infinity, -17.26453971862793, -15.361787796020508, -19.666831970214844, -15.687477111816406, -6.608217239379883, -15.786237716674805, -15.437761306762695, -13.696075439453125, -16.01976776123047, -4.719154357910156, -15.223590850830078, -10.940248489379883, -16.825498580932617, -12.260302543640137, -17.7189884185791, -10.128826141357422, -18.278026580810547, -14.942313194274902]","[50259, 50360, 50364, 8547, 618, 12832, 368, 88, 368, 88, 2370, 293, 10851, 457, 10851, 457, 815, 406, 368, 88]",20,2.136,unknown
pcm_f_PECS1F30_ev_spontaneous_199,naija-finetuned,you fit explain how your ancestors experience take affect how dem dey do traditional marriage traditional marriage for your village?,-inf,-inf,"[-17.074132919311523, -Infinity, -18.213605880737305, -11.716143608093262, -17.192569732666016, -14.495675086975098, -12.840597152709961, -15.877008438110352, -18.979646682739258, -17.001569747924805, -13.531152725219727, -17.01880645751953, -14.41900634765625, -15.128833770751953, -13.75252628326416, -15.97122573852539, -13.422168731689453, -13.876814842224121, -14.376147270202637, -17.751562118530273, -13.067339897155762, -12.6259765625, -13.312911033630371]","[50259, 50360, 50364, 5616, 3318, 2903, 577, 428, 18069, 1752, 747, 3345, 577, 1371, 368, 88, 360, 5164, 7194, 5164, 7194, 337, 428]",23,2.107,unknown
pcm_f_PECS1F30_ev_spontaneous_387,naija-finetuned,"I no know wetin you want make I do, but I promise say I go dey save small small.",-inf,-inf,"[-17.196924209594727, -Infinity, -21.145719528198242, -16.520280838012695, -19.783248901367188, -15.378122329711914, -12.638252258300781, -14.688943862915039, -10.197029113769531, -13.220288276672363, -13.696279525756836, -14.690407752990723, -16.501401901245117, -13.439132690429688, -8.431212425231934, -0.003217878518626094, -17.018596649169922, -10.56788444519043, -12.638163566589355, -13.313992500305176, -18.04014778137207, -16.665937423706055, -15.625203132629395, -12.437559127807617]","[50259, 50360, 50364, 40, 572, 458, 6630, 259, 291, 528, 652, 286, 360, 11, 457, 286, 6228, 584, 286, 352, 368, 88, 3155, 1359]",24,2.229,unknown
pcm_f_PECS1F35_ev_spontaneous_358,naija-finetuned,i love my mama and papa dey love me too.,-inf,-inf,"[-16.143259048461914, -Infinity, -23.23552894592285, -16.723718643188477, -16.219446182250977, -11.066107749938965, -10.878360748291016, -18.18802833557129, -18.873674392700195, -10.252344131469727, -15.472107887268066, -12.698360443115234, -11.37600326538086]","[50259, 50360, 50364, 72, 959, 452, 18775, 293, 31015, 368, 88, 959, 385]",13,1.774,unknown
pcm_f_PECS1F35_ev_spontaneous_582,naija-finetuned,Abeg you fit tell me how di Yoruba Cultural preservation society dey work?,-inf,-inf,"[-13.324958801269531, -Infinity, -14.520216941833496, -17.920757293701172, -18.384910583496094, -18.737667083740234, -9.313347816467285, -15.18974781036377, -16.149295806884766, -15.793476104736328, -18.231809616088867, -23.20546531677246, -14.107410430908203, -15.731066703796387, -18.11972999572754, -18.298982620239258, -20.249231338500977, -18.91529655456543, -18.29431915283203, -18.03133773803711]","[50259, 50360, 50364, 32, 650, 70, 291, 3318, 980, 385, 577, 1026, 398, 284, 12584, 31450, 27257, 4086, 368, 88]",20,2.029,unknown
pcm_f_PECS1F36_ev_spontaneous_316,naija-finetuned,you fit tell me how you fit access di resources for financial assistance?,-inf,-inf,"[-16.722036361694336, -Infinity, -20.67494010925293, -17.562780380249023, -14.317045211791992, -16.877519607543945, -13.316207885742188, -12.111470222473145, -10.824658393859863, -16.921558380126953, -14.443284034729004, -9.19912338256836, -12.379831314086914, -8.160232543945312, -12.376111030578613]","[50259, 50360, 50364, 5616, 3318, 980, 385, 577, 291, 3318, 2105, 1026, 3593, 337, 4669]",15,1.87,unknown
pcm_f_PECS1F38_ev_spontaneous_085,naija-finetuned,person go de person go de safe if dem use ogbonge antivirus and software wey de updated,-inf,-inf,"[-17.116853713989258, -Infinity, -21.122432708740234, -7.541897773742676, -0.00115697190631181, -0.0014488924061879516, -Infinity, -12.39736270904541, -7.645228385925293, -15.75420093536377, -17.77555274963379, -16.078344345092773, -19.52370262145996, -14.228789329528809, -17.97861099243164, -20.96917152404785, -6.695582866668701, -17.11619758605957, -17.878461837768555, -19.062694549560547, -15.942545890808105, -14.912619590759277, -14.40900707244873]","[50259, 50360, 50364, 10813, 352, 368, 954, 352, 368, 3273, 498, 1371, 764, 5360, 4351, 432, 2511, 592, 9619, 293, 4722, 321, 88]",23,2.119,unknown
pcm_f_PECS1F38_ev_spontaneous_319,naija-finetuned,we dey accommodate pipo for naija but you go know wen ehm too much erm too much ehm break.,-inf,-inf,"[-16.62563705444336, -Infinity, -18.691787719726562, -15.364017486572266, -12.081154823303223, -16.683908462524414, -20.580032348632812, -17.278091430664062, -23.20447540283203, -13.598484992980957, -13.818180084228516, -16.736398696899414, -18.695589065551758, -13.243668556213379, -15.087066650390625, -8.062840461730957, -13.786815643310547, -12.250356674194336, -18.504053115844727, -13.752623558044434, -0.5059083700180054, -0.000456109904916957, -Infinity, -20.640949249267578, -11.498677253723145, -9.334657669067383, -17.751375198364258]","[50259, 50360, 50364, 826, 368, 88, 21410, 8489, 78, 337, 297, 1301, 2938, 457, 291, 352, 458, 11472, 7670, 76, 886, 709, 25253, 886, 709, 7670, 76]",27,2.216,unknown
pcm_f_PECS1F39_ev_spontaneous_093,naija-finetuned,dey catch our senior pastor son wey him dey thief.,-inf,-inf,"[-16.255781173706055, -Infinity, -16.411497116088867, -17.551239013671875, -14.414961814880371, -16.174388885498047, -13.852773666381836, -15.198246002197266, -20.329448699951172, -10.964773178100586, -11.946199417114258, -0.0027127391658723354, -15.458589553833008, -11.913768768310547, -16.221237182617188]","[50259, 50360, 50364, 1479, 88, 3745, 527, 7965, 21193, 1872, 321, 88, 796, 368, 88]",15,1.8,unknown
pcm_f_PECS1F39_ev_spontaneous_253,naija-finetuned,pastors suppose dey help settle mata wey dey for dia community.,-inf,-inf,"[-15.884688377380371, -Infinity, -14.365804672241211, -14.820469856262207, -16.328205108642578, -19.05943489074707, -15.032339096069336, -10.475626945495605, -15.743977546691895, -16.162933349609375, -21.187583923339844, -16.190805435180664, -16.13697052001953, -16.439207077026367, -4.353895664215088, -15.66621208190918, -10.3222074508667, -14.251307487487793]","[50259, 50360, 50364, 79, 525, 830, 7297, 368, 88, 854, 11852, 46106, 321, 88, 368, 88, 337, 6801]",18,1.898,unknown
pcm_f_PECS1F39_ev_spontaneous_292,naija-finetuned,the church suppose try dey considerate for their neighbors and keep the noise level down.,-inf,-inf,"[-13.432917594909668, -Infinity, -14.431658744812012, -16.415138244628906, -16.139251708984375, -17.411041259765625, -12.90619945526123, -14.187652587890625, -15.258563995361328, -16.172388076782227, -16.699886322021484, -9.69359016418457, -11.216968536376953, -15.953851699829102, -11.141143798828125, -17.873825073242188, -13.969826698303223, -16.634185791015625, -16.407073974609375]","[50259, 50360, 50364, 3322, 4128, 7297, 853, 368, 88, 1949, 473, 337, 641, 12512, 293, 1066, 264, 5658, 1496]",19,1.959,unknown
pcm_f_PECS1F40_ev_spontaneous_018,naija-finetuned,You fit be art student or science student for high school,-inf,-inf,"[-16.678306579589844, -Infinity, -21.89927101135254, -16.73058319091797, -17.54073715209961, -15.690483093261719, -13.316268920898438, -0.014460762962698936, -6.878955841064453, -12.254962921142578, -11.758336067199707, -9.182470321655273]","[50259, 50360, 50364, 3223, 3318, 312, 1523, 3107, 420, 3497, 3107, 337]",12,1.741,unknown
pcm_f_PECS1F40_ev_spontaneous_227,naija-finetuned,plenty people dey see debate say na di chance wey people get to influence government.,-inf,-inf,"[-18.28583526611328, -Infinity, -17.776052474975586, -17.787809371948242, -20.82048797607422, -14.065766334533691, -9.637036323547363, -10.909788131713867, -14.002685546875, -15.639966011047363, -12.154605865478516, -13.50605583190918, -18.43753433227539, -14.841788291931152, -12.751279830932617, -14.814298629760742, -12.444808006286621, -11.115053176879883, -11.369698524475098, -14.125770568847656]","[50259, 50360, 50364, 564, 4179, 561, 368, 88, 536, 7958, 584, 1667, 1026, 2931, 321, 88, 561, 483, 281, 6503]",20,2.061,unknown
pcm_f_PECS1F40_ev_spontaneous_359,naija-finetuned,light no dey stay for dis area na generator we dey use everytime.,-inf,-inf,"[-16.148143768310547, -Infinity, -20.161256790161133, -17.336008071899414, -11.389594078063965, -11.82935619354248, -14.377830505371094, -16.78227424621582, -9.427663803100586, -13.564604759216309, -18.174585342407227, -11.631922721862793, -18.1946964263916, -11.314974784851074, -12.720481872558594, -19.60519027709961, -15.438037872314453]","[50259, 50360, 50364, 2764, 572, 368, 88, 1754, 337, 717, 1859, 1667, 19265, 321, 368, 88, 764]",17,1.968,unknown
pcm_f_PECS1F41_ev_spontaneous_189,naija-finetuned,e get one girl wey my teacher flog unto say she dey talk wen we dey sing national anthem,-inf,-inf,"[-16.099151611328125, -Infinity, -22.112762451171875, -17.751678466796875, -12.905342102050781, -14.31342887878418, -17.312904357910156, -17.54820442199707, -12.121124267578125, -18.01418685913086, -19.101179122924805, -17.28077507019043, -19.041950225830078, -19.050390243530273, -15.8134183883667, -10.50953483581543, -13.515970230102539, -14.564701080322266, -14.169386863708496, -18.720365524291992, -13.345512390136719, -12.79002857208252, -19.5993709564209, -15.871384620666504]","[50259, 50360, 50364, 68, 483, 472, 2013, 321, 88, 452, 5027, 932, 664, 16521, 584, 750, 368, 88, 751, 11472, 321, 368, 88, 1522]",24,2.14,unknown
pcm_f_PECS1F41_ev_spontaneous_500,naija-finetuned,mama dey dey cook every evening while papa dey make sure say light no finish.,-inf,-inf,"[-15.43954849243164, -Infinity, -20.459396362304688, -15.111909866333008, -17.721019744873047, -10.002134323120117, -14.596020698547363, -14.47755241394043, -17.77098274230957, -17.07258415222168, -19.225109100341797, -20.1108455657959, -18.906497955322266, -17.799331665039062, -15.187824249267578, -14.149413108825684, -17.05091094970703, -15.116915702819824, -14.268829345703125, -15.434945106506348, -11.500381469726562]","[50259, 50360, 50364, 76, 2404, 368, 88, 368, 88, 2543, 633, 5634, 1339, 31015, 368, 88, 652, 988, 584, 1442, 572]",21,2.041,unknown
pcm_f_PECS1F41_ev_spontaneous_589,naija-finetuned,comot hand for phone focus on di task wey dey at hand,-inf,-inf,"[-14.893975257873535, -Infinity, -18.7824764251709, -16.62746810913086, -20.186891555786133, -15.281426429748535, -8.941165924072266, -13.954418182373047, -13.606225967407227, -11.948460578918457, -17.937641143798828, -18.408878326416016, -14.99467658996582, -18.91028594970703, -12.563248634338379, -14.168290138244629]","[50259, 50360, 50364, 1112, 310, 1011, 337, 2593, 1879, 322, 1026, 5633, 321, 88, 368, 88]",16,1.883,unknown
pcm_f_PECS1F44_ev_spontaneous_559,naija-finetuned,media get di power to influence how pipo dey think for society.,-inf,-inf,"[-18.165311813354492, -Infinity, -20.79891586303711, -19.225292205810547, -18.010759353637695, -11.628632545471191, -10.569134712219238, -12.188359260559082, -9.387531280517578, -21.08088493347168, -14.444221496582031, -15.069865226745605, -13.832737922668457, -7.298593997955322, -13.570267677307129, -12.322704315185547, -10.250782012939453]","[50259, 50360, 50364, 1912, 654, 483, 1026, 1347, 281, 6503, 577, 8489, 78, 368, 88, 519, 337]",17,1.991,unknown
pcm_f_PECS1F47_ev_spontaneous_156,naija-finetuned,"If you wan build inclusive community, love and kindness na di way.",-inf,-inf,"[-16.449316024780273, -Infinity, -19.213537216186523, -19.43044662475586, -11.34886646270752, -19.296085357666016, -14.70371150970459, -11.892654418945312, -14.471227645874023, -12.351157188415527, -15.939874649047852, -13.09652042388916, -16.64687156677246, -9.808876991271973, -15.937586784362793]","[50259, 50360, 50364, 8031, 291, 46930, 1322, 13429, 1768, 11, 959, 293, 18171, 1667, 1026]",15,1.87,unknown
pcm_f_PECS1F49_ev_spontaneous_398,naija-finetuned,students don cancel all di lecture because because dem dey do protest.,-inf,-inf,"[-17.447866439819336, -Infinity, -19.9852352142334, -18.973220825195312, -20.81403923034668, -14.585651397705078, -19.98175621032715, -13.391618728637695, -11.213706016540527, -18.387941360473633, -13.382575988769531, -15.586040496826172, -18.048246383666992, -10.741227149963379, -12.32855224609375, -11.750794410705566]","[50259, 50360, 50364, 28349, 791, 500, 10373, 439, 1026, 7991, 570, 570, 1371, 368, 88, 360]",16,1.948,unknown
pcm_f_PECS1F50_ev_spontaneous_175,naija-finetuned,di main use of tax na to help di community or government run essential service.,-inf,-inf,"[-16.75925064086914, -Infinity, -19.783885955810547, -18.41029930114746, -15.281645774841309, -13.78515911102295, -13.626134872436523, -17.413307189941406, -13.319243431091309, -13.16148567199707, -15.78193473815918, -10.63146686553955, -18.454206466674805, -11.183269500732422, -13.604758262634277, -13.24337387084961, -16.56285858154297]","[50259, 50360, 50364, 4504, 2135, 764, 295, 3366, 1667, 281, 854, 1026, 1768, 420, 2463, 1190, 7115]",17,1.984,unknown
pcm_f_PECS1F51_ev_spontaneous_056,naija-finetuned,Discuss how to share bills so everybody dey comfortable and agree well,-inf,-inf,"[-13.86611270904541, -Infinity, -19.193843841552734, -18.891321182250977, -17.983928680419922, -12.195474624633789, -8.352394104003906, -14.338033676147461, -15.762711524963379, -11.931814193725586, -12.97550106048584, -16.87604331970215, -13.602984428405762, -17.40795135498047, -10.384173393249512]","[50259, 50360, 50364, 38742, 2169, 577, 281, 2073, 12433, 370, 2201, 368, 88, 4619, 293]",15,1.958,unknown
pcm_f_PECS1F51_ev_spontaneous_281,naija-finetuned,"di key be say e dey dey clear, concise and communicate to everyone.",-inf,-inf,"[-16.368427276611328, -Infinity, -23.12697410583496, -17.040874481201172, -17.033178329467773, -10.251189231872559, -13.781537055969238, -9.756080627441406, -11.688759803771973, -11.905375480651855, -11.100116729736328, -14.821464538574219, -16.847591400146484, -12.476194381713867, -19.188993453979492, -10.24586009979248, -13.61041259765625, -9.250965118408203]","[50259, 50360, 50364, 4504, 2141, 312, 584, 308, 368, 88, 368, 88, 1850, 11, 44882, 293, 7890, 281]",18,2.095,unknown
pcm_f_PECS1F51_ev_spontaneous_332,naija-finetuned,if we dey buy things together make make we keep receipts so nobody go suspect.,-inf,-inf,"[-16.2239933013916, -Infinity, -20.298948287963867, -16.922029495239258, -8.012594223022461, -13.57667350769043, -16.517927169799805, -15.535967826843262, -16.049190521240234, -17.001190185546875, -9.942546844482422, -13.20553970336914, -16.972864151000977, -15.072931289672852, -19.050607681274414, -19.741737365722656, -11.434592247009277, -13.446223258972168, -11.93907642364502]","[50259, 50360, 50364, 351, 321, 368, 88, 2256, 721, 1214, 652, 652, 321, 1066, 2268, 48908, 370, 5079, 352]",19,2.103,unknown
pcm_f_PECS1F51_ev_spontaneous_360,naija-finetuned,"Make dem sabi how to gree for each, no for each no one person go de gree all di time",-inf,-inf,"[-15.37215518951416, -Infinity, -16.731046676635742, -25.7578182220459, -15.097265243530273, -15.18864631652832, -14.226059913635254, -21.383710861206055, -10.573740005493164, -16.376333236694336, -16.547605514526367, -10.082140922546387, -11.315167427062988, -13.375411987304688, -0.0424695760011673, -7.157412052154541, -17.63199234008789, -10.37747573852539, -11.785703659057617, -17.328386306762695, -21.468814849853516, -14.937826156616211, -12.542634010314941, -18.2880916595459, -14.084573745727539]","[50259, 50360, 50364, 35650, 1371, 5560, 72, 577, 281, 290, 701, 337, 1184, 11, 572, 337, 1184, 572, 472, 954, 352, 368, 290, 701, 439]",25,2.247,unknown
pcm_f_PECS1F52_ev_spontaneous_333,naija-finetuned,na dis my fitness group dey encourage me to dey do exercise,-inf,-inf,"[-18.855520248413086, -Infinity, -21.315174102783203, -15.276155471801758, -14.688519477844238, -15.629692077636719, -20.838729858398438, -17.51885414123535, -10.438445091247559, -14.818284034729004, -17.39649200439453, -19.26445960998535, -10.06328296661377, -12.985004425048828, -17.501758575439453]","[50259, 50360, 50364, 629, 717, 452, 15303, 1594, 368, 88, 5373, 385, 281, 368, 88]",15,1.981,unknown
pcm_f_PECS1F53_ev_spontaneous_359,naija-finetuned,frequent job change fit make person dey lose finance if the job wey dey expect no come,-inf,-inf,"[-19.245140075683594, -Infinity, -16.206090927124023, -20.044631958007812, -22.86093521118164, -16.944183349609375, -14.844714164733887, -10.095057487487793, -15.766874313354492, -14.849976539611816, -8.759527206420898, -14.93991470336914, -15.000798225402832, -13.896967887878418, -10.647960662841797, -11.644091606140137, -14.388320922851562, -13.582839012145996, -14.847257614135742, -8.888100624084473, -16.851207733154297, -15.154000282287598]","[50259, 50360, 50364, 19325, 28842, 1691, 1319, 3318, 652, 954, 368, 88, 3624, 10719, 498, 264, 1691, 321, 88, 368, 88, 2066]",22,2.15,unknown
pcm_f_PECS1F53_ev_spontaneous_425,naija-finetuned,e dey risky to dey resign wen you neva find anoda job wey beta.,-inf,-inf,"[-16.862321853637695, -Infinity, -19.534862518310547, -18.469316482543945, -12.190581321716309, -11.6064453125, -19.672941207885742, -14.392884254455566, -15.700958251953125, -14.078925132751465, -18.325544357299805, -21.515573501586914, -9.944112777709961, -13.773588180541992, -15.830499649047852, -17.626068115234375, -16.32268714904785, -23.648494720458984, -15.378361701965332, -12.767078399658203, -17.313013076782227]","[50259, 50360, 50364, 68, 368, 88, 21137, 281, 368, 88, 27471, 11472, 291, 408, 2757, 915, 364, 13449, 1691, 321, 88]",21,2.084,unknown
pcm_f_PECS1F53_ev_spontaneous_536,naija-finetuned,i don dey try tell you say i dey find pesin wey dey honest for my company,-inf,-inf,"[-16.416866302490234, -Infinity, -15.824103355407715, -11.712472915649414, -11.442505836486816, -7.0072832107543945, -11.097856521606445, -13.350788116455078, -15.908736228942871, -12.176802635192871, -18.18859100341797, -13.252541542053223, -14.521142959594727, -10.884135246276855, -15.355514526367188, -20.847087860107422, -17.93878936767578, -17.844825744628906, -15.519322395324707, -15.192131996154785, -14.126147270202637, -17.271886825561523, -9.413093566894531]","[50259, 50360, 50364, 72, 500, 368, 88, 853, 980, 291, 584, 741, 368, 88, 915, 9262, 259, 321, 88, 368, 88, 3245, 337]",23,2.209,unknown
pcm_f_PECS1F54_ev_spontaneous_043,naija-finetuned,entertainment fit make pikin dem get bad behavior because entertainment sabi influence.,-inf,-inf,"[-16.551382064819336, -Infinity, -21.977060317993164, -16.939123153686523, -20.341297149658203, -18.09959602355957, -23.73455810546875, -13.468046188354492, -14.525919914245605, -12.385466575622559, -13.120698928833008, -11.721776962280273, -13.830082893371582, -15.207182884216309, -19.75002098083496, -16.169761657714844, -13.295514106750488, -16.93839454650879]","[50259, 50360, 50364, 317, 1408, 518, 3318, 652, 49928, 259, 1371, 483, 1578, 5223, 570, 12393, 5560, 72]",18,2.052,unknown
pcm_f_PECS1F55_ev_spontaneous_287,naija-finetuned,"I hear say dey don block dat our usual route, na to go find another one.",-inf,-inf,"[-18.03717041015625, -Infinity, -19.87562370300293, -10.768193244934082, -22.26762580871582, -15.846566200256348, -9.694355010986328, -13.228410720825195, -14.002238273620605, -17.31597328186035, -17.532054901123047, -16.623498916625977, -21.63120460510254, -21.15730094909668, -14.814409255981445, -15.284419059753418, -10.016284942626953, -14.065470695495605, -16.370790481567383, -18.875030517578125]","[50259, 50360, 50364, 40, 1568, 584, 368, 88, 500, 3461, 1137, 527, 7713, 7955, 11, 1667, 281, 352, 915, 1071]",20,2.1,unknown
pcm_f_PECS1F55_ev_spontaneous_401,naija-finetuned,na mass media um help us create awareness about that free um medical outreach wey we um dey do.,-inf,-inf,"[-16.787809371948242, -Infinity, -22.400278091430664, -10.811649322509766, -17.274686813354492, -16.939085006713867, -13.669116020202637, -14.963797569274902, -15.812905311584473, -13.599029541015625, -20.181718826293945, -12.018060684204102, -11.968377113342285, -13.211894989013672, -12.32177448272705, -20.3751220703125, -20.37606430053711, -10.070535659790039, -15.82155704498291, -15.262739181518555, -13.626219749450684, -12.915520668029785, -16.438419342041016]","[50259, 50360, 50364, 629, 2758, 3021, 1105, 854, 505, 1884, 8888, 466, 300, 1737, 1105, 4625, 19638, 321, 88, 321, 1105, 368, 88]",23,2.16,unknown
pcm_f_PECS1F55_ev_spontaneous_519,naija-finetuned,travelling go make you meet new friends dem wey fit help you.,-inf,-inf,"[-15.465170860290527, -Infinity, -19.322240829467773, -20.688806533813477, -15.999467849731445, -18.15766716003418, -9.137744903564453, -14.500882148742676, -11.84294319152832, -13.48962688446045, -12.705291748046875, -17.157329559326172, -6.696920871734619, -9.242934226989746, -12.005043029785156, -12.624680519104004, -13.063874244689941]","[50259, 50360, 50364, 17227, 303, 2669, 352, 652, 291, 1677, 777, 1855, 1371, 321, 88, 3318, 854]",17,1.953,unknown
pcm_f_PECS1F56_ev_spontaneous_164,naija-finetuned,we fit greet greet friend with their guy name or wetin we know dem as from house.,-inf,-inf,"[-16.59388542175293, -Infinity, -17.546606063842773, -17.821569442749023, -12.303865432739258, -14.647401809692383, -14.491193771362305, -11.257238388061523, -12.690366744995117, -15.981082916259766, -16.758853912353516, -21.281553268432617, -12.25434684753418, -12.418845176696777, -15.058289527893066, -11.459299087524414, -14.157155990600586, -13.28824234008789, -12.887022018432617, -8.063702583312988]","[50259, 50360, 50364, 826, 3318, 12044, 12044, 1277, 365, 641, 2146, 1315, 420, 6630, 259, 321, 458, 1371, 382, 490]",20,2.007,unknown
pcm_f_PECS1F56_ev_spontaneous_238,naija-finetuned,for new year na hapi new year o dis year go beta for us.,-inf,-inf,"[-13.967496871948242, -Infinity, -20.82636833190918, -18.365934371948242, -8.361368179321289, -18.9017391204834, -12.129133224487305, -15.397640228271484, -19.506685256958008, -14.196892738342285, -0.009855539537966251, -8.502704620361328, -17.155410766601562, -15.224720001220703, -14.91256046295166, -15.579375267028809, -9.875980377197266]","[50259, 50360, 50364, 2994, 777, 1064, 1667, 324, 22630, 777, 1064, 277, 717, 1064, 352, 9861, 337]",17,1.916,unknown
pcm_f_PECS1F56_ev_spontaneous_279,naija-finetuned,we don enta holy ghost cathedral enugu my cathedral enigu my mind don dey clear.,-inf,-inf,"[-15.093005180358887, -Infinity, -16.914628982543945, -19.790283203125, -14.172933578491211, -16.534669876098633, -9.947668075561523, -14.801025390625, -14.968286514282227, -14.224225044250488, -13.870295524597168, -20.11553955078125, -15.167060852050781, -21.488399505615234, -14.973681449890137, -17.364978790283203, -14.648921012878418, -15.773719787597656, -16.08483123779297, -12.315722465515137, -18.46903419494629]","[50259, 50360, 50364, 826, 500, 948, 64, 10622, 8359, 45346, 465, 13705, 452, 45346, 465, 16397, 452, 1575, 500, 368, 88]",21,2.131,unknown
pcm_f_PECS1F59_ev_spontaneous_594,naija-finetuned,i go try to see things from another person perspective before i judge,-inf,-inf,"[-18.189485549926758, -Infinity, -20.292591094970703, -14.626171112060547, -13.564265251159668, -16.922605514526367, -12.130484580993652, -13.555556297302246, -15.144699096679688, -14.068888664245605, -19.531946182250977, -18.562814712524414, -17.852949142456055, -12.255887031555176]","[50259, 50360, 50364, 72, 352, 853, 281, 536, 721, 490, 1071, 954, 4585, 949]",14,1.898,unknown
pcm_f_PECS1F5_ev_spontaneous_334,naija-finetuned,"We wan go play football for mama Njideka house, you wan join?",-inf,-inf,"[-17.261598587036133, -Infinity, -19.771835327148438, -18.110212326049805, -18.21219825744629, -14.125944137573242, -16.54030990600586, -15.048469543457031, -17.286725997924805, -17.23668098449707, -12.563445091247559, -16.352832794189453, -18.606094360351562, -15.622288703918457, -20.124500274658203, -13.845449447631836, -12.070490837097168, -15.62520980834961]","[50259, 50360, 50364, 4360, 46930, 352, 862, 7346, 337, 18775, 426, 73, 482, 2330, 1782, 11, 291, 46930]",18,1.928,unknown
pcm_f_PECS1F70_ev_spontaneous_129,naija-finetuned,she dey use calender wey she fit see use use plan study rest and recheck am,-inf,-inf,"[-17.077733993530273, -Infinity, -23.17610740661621, -17.844453811645508, -9.28937816619873, -15.32065486907959, -13.819877624511719, -21.68794059753418, -18.70547103881836, -13.347343444824219, -14.003874778747559, -7.622522354125977, -11.320852279663086, -13.02639102935791, -14.815206527709961, -13.230647087097168, -14.347648620605469, -10.265741348266602, -15.767048835754395, -6.70363187789917, -11.30027961730957]","[50259, 50360, 50364, 9611, 368, 88, 764, 2104, 3216, 321, 88, 750, 3318, 536, 764, 764, 1393, 2979, 1472, 293, 319]",21,2.052,unknown
pcm_f_PECS1F71_ev_spontaneous_013,naija-finetuned,i reduce how i dey use hot water make i no overspend for di month,-inf,-inf,"[-18.307878494262695, -Infinity, -20.28258514404297, -9.126734733581543, -14.943445205688477, -15.886449813842773, -12.93809700012207, -11.470925331115723, -14.330304145812988, -10.67480754852295, -14.402162551879883, -17.861303329467773, -12.847031593322754, -13.598468780517578, -19.813846588134766, -11.502007484436035, -15.385594367980957, -14.302604675292969, -7.512796878814697]","[50259, 50360, 50364, 72, 5407, 577, 741, 368, 88, 764, 2368, 1281, 652, 741, 572, 670, 4952, 521, 337]",19,1.954,unknown
pcm_f_PECS1F71_ev_spontaneous_490,naija-finetuned,um i join i join di committee even though work don already chokro,-inf,-inf,"[-15.665486335754395, -Infinity, -18.361541748046875, -15.927947044372559, -5.144754886627197, -12.952082633972168, -6.873462677001953, -19.151351928710938, -12.586664199829102, -17.501365661621094, -11.507859230041504, -16.003414154052734, -9.089630126953125, -15.422917366027832, -13.80953311920166, -12.56972885131836]","[50259, 50360, 50364, 449, 741, 3917, 741, 3917, 1026, 7482, 754, 1673, 589, 500, 1217, 417]",16,1.854,unknown
pcm_f_PECS1F73_ev_spontaneous_122,naija-finetuned,she bring extra cloth make she fit wear something wey dey free when meeting finish,-inf,-inf,"[-17.323579788208008, -Infinity, -17.786176681518555, -14.997100830078125, -11.997762680053711, -15.40937614440918, -19.21936798095703, -12.095813751220703, -11.793106079101562, -12.1657133102417, -18.696319580078125, -15.755485534667969, -13.70340633392334, -14.256224632263184, -10.687342643737793, -15.035246849060059, -12.258695602416992, -8.59277057647705]","[50259, 50360, 50364, 9611, 1565, 2857, 13619, 652, 750, 3318, 3728, 746, 321, 88, 368, 88, 1737, 562]",18,1.946,unknown
pcm_f_PECS1F73_ev_spontaneous_440,naija-finetuned,i no even um wear beta cloth but i still use my smile take welcome dem,-inf,-inf,"[-19.955684661865234, -Infinity, -19.360862731933594, -12.695181846618652, -12.577498435974121, -13.550732612609863, -13.494826316833496, -16.061330795288086, -20.48678970336914, -21.68863296508789, -14.157821655273438, -13.314746856689453, -16.657352447509766, -15.779012680053711, -13.198295593261719, -16.026273727416992, -12.58559799194336]","[50259, 50360, 50364, 72, 572, 754, 1105, 3728, 9861, 13619, 457, 741, 920, 764, 452, 7563, 747]",17,1.881,unknown
pcm_f_PECS1F75_ev_spontaneous_512,naija-finetuned,i know wetin be their plan but e no go work because we go go on strike tomorrow,-inf,-inf,"[-18.01380729675293, -Infinity, -19.038999557495117, -16.062772750854492, -13.255849838256836, -18.59939193725586, -15.359186172485352, -9.821764945983887, -15.880593299865723, -15.697395324707031, -13.079962730407715, -13.627724647521973, -12.679242134094238, -9.315547943115234, -13.877179145812988, -14.503800392150879, -11.386639595031738, -14.641132354736328, -13.971125602722168, -12.86119556427002]","[50259, 50360, 50364, 72, 458, 6630, 259, 312, 641, 1393, 457, 308, 572, 352, 589, 570, 321, 352, 352, 322]",20,2.007,unknown
pcm_f_PECS1F76_ev_spontaneous_076,naija-finetuned,think weda ehm e go good to save na wah di friendship or just ehm hukuma leave am.,-inf,-inf,"[-16.137380599975586, -Infinity, -18.65909767150879, -11.46825885772705, -16.022966384887695, -15.380775451660156, -14.268926620483398, -12.718742370605469, -9.142271995544434, -7.986734390258789, -15.092732429504395, -10.703144073486328, -12.440414428710938, -8.21652889251709, -12.89014720916748, -8.527595520019531, -12.454794883728027, -13.317815780639648, -9.805452346801758, -16.619718551635742, -9.112081527709961, -12.535054206848145, -22.210643768310547, -17.444339752197266, -16.12549591064453]","[50259, 50360, 50364, 21074, 6393, 64, 7670, 76, 308, 352, 665, 281, 3155, 1667, 31979, 1026, 13216, 420, 445, 7670, 76, 276, 2034, 5544, 1856]",25,2.153,unknown
pcm_f_PECS1F79_ev_spontaneous_443,naija-finetuned,she talk say traditional wrestling na symbol strength for her tribes.,-inf,-inf,"[-17.19776725769043, -Infinity, -19.54967498779297, -15.624323844909668, -14.3182373046875, -10.136307716369629, -15.172765731811523, -12.5453519821167, -10.506180763244629, -16.911163330078125, -17.080970764160156, -11.209955215454102, -11.75262451171875]","[50259, 50360, 50364, 9611, 751, 584, 5164, 19274, 1667, 5986, 3800, 337, 720]",13,1.818,unknown
pcm_f_PECS1F79_ev_spontaneous_532,naija-finetuned,na why evri evri state for dis ogbodo naija dey respect kolanut wella.,-inf,-inf,"[-17.634923934936523, -Infinity, -18.170251846313477, -16.873708724975586, -14.956612586975098, -19.968929290771484, -15.680681228637695, -15.038093566894531, -14.868949890136719, -16.223676681518555, -15.49272632598877, -14.100297927856445, -15.93026065826416, -19.172582626342773, -16.772716522216797, -18.987991333007812, -18.723033905029297, -19.46780776977539, -13.801895141601562, -14.305824279785156, -17.12319564819336, -21.906410217285156, -19.83943748474121, -9.062888145446777]","[50259, 50360, 50364, 629, 983, 1073, 470, 1073, 470, 1785, 337, 717, 5360, 65, 17423, 297, 1301, 2938, 368, 88, 3104, 17818, 35352, 731]",24,2.105,unknown
pcm_f_PECS1F79_ev_spontaneous_603,naija-finetuned,the grief fit be when persin lose person person lose person wey dem lose,-inf,-inf,"[-17.74691390991211, -Infinity, -19.644346237182617, -17.188852310180664, -17.081823348999023, -17.55853843688965, -20.99266242980957, -18.462011337280273, -0.20708920061588287, -16.12614631652832, -0.009047700092196465, -0.008734947070479393, -Infinity, -18.78129768371582, -11.689178466796875, -11.909921646118164, -16.80231475830078]","[50259, 50360, 50364, 3322, 18998, 3318, 312, 562, 868, 259, 3624, 954, 954, 3624, 954, 321, 88]",17,1.947,unknown
pcm_f_PECS1F7_ev_spontaneous_083,naija-finetuned,we dey make out time spend togeda na so we dey build di friendship.,-inf,-inf,"[-16.515743255615234, -Infinity, -22.71624183654785, -14.755459785461426, -17.038585662841797, -16.234302520751953, -13.383157730102539, -14.409699440002441, -18.17389678955078, -21.391576766967773, -12.888349533081055, -18.11180877685547, -12.079507827758789, -12.502421379089355, -15.250761985778809, -0.011808612383902073, -3.139371156692505, -12.131511688232422, -13.044583320617676, -12.938003540039062]","[50259, 50360, 50364, 826, 368, 88, 652, 484, 565, 3496, 281, 3004, 64, 1667, 370, 321, 368, 88, 1322, 1026]",20,2.014,unknown
pcm_f_PECS1F7_ev_spontaneous_240,naija-finetuned,getting enough sleep dey essential essential for our bodies to repair and recharge.,-inf,-inf,"[-17.178394317626953, -Infinity, -18.434249877929688, -16.88466453552246, -19.318798065185547, -15.538185119628906, -16.086685180664062, -13.163192749023438, -14.625544548034668, -16.758270263671875, -17.834314346313477, -8.376509666442871, -12.509220123291016, -19.35279083251953, -6.193692684173584, -16.758413314819336, -11.313078880310059]","[50259, 50360, 50364, 847, 783, 1547, 2817, 368, 88, 7115, 7115, 337, 527, 7510, 281, 10535, 293]",17,1.922,unknown
pcm_f_PECS1F7_ev_spontaneous_264,naija-finetuned,sometimes when we no get access to di basic healthcare facilities e fit affect our health.,-inf,-inf,"[-17.856321334838867, -Infinity, -19.473308563232422, -14.000373840332031, -22.245899200439453, -15.347172737121582, -14.500835418701172, -15.937872886657715, -11.701407432556152, -13.410218238830566, -13.57011604309082, -16.907155990600586, -17.03580665588379, -19.80228614807129, -18.634868621826172, -13.938055992126465, -15.348108291625977, -15.410613059997559, -11.813024520874023]","[50259, 50360, 50364, 82, 45890, 562, 321, 572, 483, 2105, 281, 1026, 3875, 8884, 9406, 308, 3318, 3345, 527]",19,1.989,unknown
pcm_f_PECS1F7_ev_spontaneous_270,naija-finetuned,"E get condition wey person dey, im no need drink for example when person sick",-inf,-inf,"[-17.014503479003906, -Infinity, -18.301639556884766, -15.44064712524414, -13.687859535217285, -17.839126586914062, -12.068840026855469, -0.0649164691567421, -9.953857421875, -15.700379371643066, -13.816755294799805, -15.22172737121582, -13.7532320022583, -10.15875244140625, -19.003387451171875, -16.16025161743164, -13.565225601196289, -17.219104766845703, -17.125207901000977]","[50259, 50360, 50364, 36, 483, 4188, 321, 88, 954, 368, 88, 11, 566, 572, 643, 2822, 337, 1365, 562]",19,2.028,unknown
pcm_f_PECS1F9_ev_spontaneous_099,naija-finetuned,Setting my alarm dey remind me to wake up and start my day.,-inf,-inf,"[-13.993597030639648, -Infinity, -21.10394859313965, -19.233440399169922, -17.12985610961914, -18.188241958618164, -16.641963958740234, -10.626431465148926, -16.125699996948242, -16.52543067932129, -10.253310203552246, -4.76029634475708, -14.787181854248047, -12.812884330749512, -13.125971794128418, -16.892955780029297, -16.687530517578125]","[50259, 50360, 50364, 42718, 783, 452, 14183, 368, 88, 4160, 385, 281, 6634, 493, 293, 722, 452]",17,1.929,unknown
pcm_f_PECS1F9_ev_spontaneous_543,naija-finetuned,hmmm volunteering dey provide opportunties and ehm for networking and making new hmmm friends.,-inf,-inf,"[-13.954977035522461, -Infinity, -13.306544303894043, -18.406986236572266, -14.43070125579834, -21.033510208129883, -15.20048713684082, -10.253861427307129, -15.25818920135498, -15.608095169067383, -22.32904052734375, -8.347317695617676, -17.982271194458008, -13.43804931640625, -9.444746971130371, -15.439430236816406, -7.050819396972656, -10.904995918273926, -13.548870086669922, -6.878243923187256, -16.25293731689453, -11.439148902893066]","[50259, 50360, 50364, 10250, 76, 33237, 368, 88, 2893, 2070, 6097, 293, 7670, 76, 337, 17985, 293, 1455, 777, 220, 10250, 76]",22,2.193,unknown
pcm_f_PECS1F9_ev_spontaneous_553,naija-finetuned,volunteering dey help people develop their emotional intelligence and empathy.,-inf,-inf,"[-15.692641258239746, -Infinity, -18.463077545166016, -16.54184913635254, -23.456493377685547, -22.423295974731445, -14.35105037689209, -16.6268367767334, -12.865700721740723, -15.222566604614258, -19.658231735229492, -11.876086235046387, -10.786652565002441, -16.550495147705078, -9.001838684082031]","[50259, 50360, 50364, 9646, 7070, 1794, 368, 88, 854, 561, 1499, 641, 6863, 7599, 293]",15,1.909,unknown
pcm_f_PECT1F105_ev_spontaneous_277,naija-finetuned,meanwhile labour party say dem go reform one pointbased immigration system and end longterm reliance um on overseas workers,-inf,-inf,"[-17.661081314086914, -Infinity, -17.402935028076172, -14.733076095581055, -16.205921173095703, -23.223247528076172, -19.320194244384766, -19.018983840942383, -12.948737144470215, -13.318023681640625, -12.304557800292969, -14.17003345489502, -14.6582612991333, -14.858983039855957, -17.40876579284668, -17.050315856933594, -17.377161026000977, -14.914586067199707, -11.636918067932129, -19.44242286682129, -10.083398818969727, -17.507164001464844, -22.63292121887207, -13.45800495147705, -11.193408012390137]","[50259, 50360, 50364, 1398, 282, 7723, 22572, 3595, 584, 1371, 352, 8290, 472, 935, 6032, 13554, 1185, 293, 917, 938, 7039, 1039, 6276, 1105, 322]",25,2.199,unknown
pcm_f_PECT1F111_ev_spontaneous_415,naija-finetuned,wey be managing managing partner of law corridor wey dey based for abuja,-inf,-inf,"[-18.322338104248047, -Infinity, -20.785552978515625, -15.911336898803711, -14.19505786895752, -17.344480514526367, -17.271482467651367, -13.608887672424316, -15.877739906311035, -9.381248474121094, -19.688570022583008, -19.34804344177246, -14.091655731201172, -12.561835289001465, -16.375490188598633, -16.457399368286133, -17.217784881591797, -16.716463088989258, -11.259709358215332]","[50259, 50360, 50364, 826, 88, 312, 11642, 11642, 4975, 295, 2101, 25602, 321, 88, 368, 88, 2361, 337, 410]",19,2.013,unknown
pcm_f_PECT1F116_ev_spontaneous_380,naija-finetuned,as buildings for bangkok um no dey engineered for powerful earthquakes di structural damage structural damage fit dey significant,-inf,-inf,"[-20.143051147460938, -Infinity, -24.969186782836914, -15.565959930419922, -18.78563690185547, -10.80539608001709, -18.270307540893555, -17.345661163330078, -17.00313377380371, -12.349609375, -14.189478874206543, -18.596538543701172, -20.007722854614258, -13.615275382995605, -18.28162384033203, -19.459959030151367, -13.156999588012695, -17.063465118408203, -13.19161319732666, -22.17235565185547, -18.00149154663086, -17.884967803955078, -12.32188606262207]","[50259, 50360, 50364, 296, 7446, 337, 8550, 33754, 1105, 572, 368, 88, 38648, 337, 4005, 34048, 1026, 15067, 4344, 15067, 4344, 3318, 368]",23,2.147,unknown
pcm_f_PECT1F125_ev_spontaneous_044,naija-finetuned,if you stop to use stop to dey go club for some time you go forget alcohol,-inf,-inf,"[-18.08936882019043, -Infinity, -18.424163818359375, -15.071484565734863, -0.08222727477550507, -0.12136866897344589, -0.0020189157221466303, -Infinity, -13.761821746826172, -8.44581413269043, -10.91736125946045, -16.505632400512695, -15.40000057220459, -16.41118812561035, -10.726531982421875, -13.027266502380371, -16.229509353637695, -13.06429386138916, -10.19215202331543]","[50259, 50360, 50364, 351, 291, 1590, 281, 764, 1590, 281, 368, 88, 352, 6482, 337, 512, 565, 291, 352]",19,2.013,unknown
pcm_f_PECT1F12_ev_spontaneous_449,naija-finetuned,dem train me to dey respect tins wey pipo dey do for protection even though i no really believe am.,-inf,-inf,"[-16.80008316040039, -Infinity, -24.305625915527344, -15.816227912902832, -16.120515823364258, -17.01447868347168, -11.375791549682617, -8.984917640686035, -20.2189998626709, -17.78712272644043, -16.187755584716797, -17.3659725189209, -17.155014038085938, -15.979593276977539, -22.862627029418945, -15.596412658691406, -15.000602722167969, -13.793912887573242, -15.443371772766113, -13.255330085754395, -21.066387176513672, -11.477945327758789, -12.681666374206543, -12.418407440185547, -12.378628730773926, -14.039254188537598, -15.187712669372559]","[50259, 50360, 50364, 10730, 3847, 385, 281, 368, 88, 3104, 256, 1292, 321, 88, 8489, 78, 368, 88, 360, 337, 6334, 754, 1673, 741, 572, 534, 1697]",27,2.283,unknown
pcm_f_PECT1F130_ev_spontaneous_571,naija-finetuned,to manage stress keep office work for office spend um time with family and loved ones,-inf,-inf,"[-20.412385940551758, -Infinity, -21.315244674682617, -14.68913459777832, -17.157533645629883, -15.814650535583496, -14.253664016723633, -0.0006105228094384074, -12.944818496704102, -8.687355041503906, -16.252620697021484, -14.102099418640137, -12.629036903381348, -15.00194263458252, -11.128619194030762, -15.689913749694824, -9.818061828613281]","[50259, 50360, 50364, 1353, 3067, 4244, 1066, 3398, 589, 337, 3398, 3496, 1105, 565, 365, 1605, 293]",17,1.959,unknown
pcm_f_PECT1F142_ev_spontaneous_481,naija-finetuned,peligam dey dey particularly popular for russia ukraine and former soviet union states,-inf,-inf,"[-12.005271911621094, -Infinity, -12.674753189086914, -18.307498931884766, -11.769655227661133, -17.03400421142578, -10.693473815917969, -12.05255126953125, -10.692319869995117, -16.938884735107422, -14.457411766052246, -16.502859115600586, -11.462158203125, -12.385109901428223, -18.409603118896484, -15.142398834228516, -16.27318000793457, -18.628314971923828, -18.503591537475586, -8.200760841369629, -16.947561264038086]","[50259, 50360, 50364, 20071, 328, 335, 368, 88, 368, 88, 4098, 3743, 337, 367, 39942, 26769, 11798, 293, 5819, 370, 10878]",21,2.083,unknown
pcm_f_PECT1F148_ev_spontaneous_386,naija-finetuned,manjion bin dey employed as a data engineer for through car one digital retailing website for new and used cars according to im social media profiles,-inf,-inf,"[-17.015727996826172, -Infinity, -14.036544799804688, -13.964179039001465, -16.69339370727539, -18.94098472595215, -15.410133361816406, -15.250249862670898, -15.064324378967285, -20.213375091552734, -14.23528003692627, -11.571702003479004, -13.908440589904785, -16.07053565979004, -11.59453010559082, -13.785518646240234, -13.931153297424316, -10.722034454345703, -15.927797317504883, -17.43863296508789, -15.848577499389648, -16.23996353149414, -13.10042953491211, -16.846406936645508, -14.507926940917969, -17.125980377197266, -19.05057716369629, -18.595462799072266, -17.033119201660156, -15.24096965789795, -15.314072608947754]","[50259, 50360, 50364, 1601, 73, 313, 5171, 368, 88, 20115, 382, 257, 1412, 11403, 337, 807, 1032, 472, 4562, 10800, 278, 3144, 337, 777, 293, 1143, 5163, 4650, 281, 566, 2093]",31,2.411,unknown
pcm_f_PECT1F14_ev_spontaneous_557,naija-finetuned,networking dey important you de important you fit find job through pipo wey you sabi,-inf,-inf,"[-13.919346809387207, -Infinity, -22.111129760742188, -21.149032592773438, -20.324176788330078, -5.713376998901367, -12.938526153564453, -1.5081300735473633, -0.008118368685245514, -Infinity, -15.726462364196777, -9.759565353393555, -15.165077209472656, -17.187484741210938, -19.835289001464844, -11.643465042114258, -17.46938133239746, -15.225435256958008, -13.209590911865234, -18.5000057220459, -7.758364200592041]","[50259, 50360, 50364, 7129, 22475, 368, 88, 1021, 291, 368, 1021, 291, 3318, 915, 1691, 807, 8489, 78, 321, 88, 291]",21,2.09,unknown
pcm_f_PECT1F150_ev_spontaneous_351,naija-finetuned,and you go see say word dey near those words wey fit mean a or maybe d or so on,-inf,-inf,"[-16.048471450805664, -Infinity, -18.078990936279297, -16.818750381469727, -11.84325122833252, -15.72262954711914, -15.127963066101074, -16.952438354492188, -16.282651901245117, -10.046034812927246, -12.23401165008545, -17.63886833190918, -18.62603759765625, -18.188535690307617, -14.441658020019531, -18.188899993896484, -18.449195861816406, -8.942771911621094, -9.689610481262207, -0.005509074777364731, -11.752653121948242, -14.011171340942383, -9.629829406738281]","[50259, 50360, 50364, 474, 291, 352, 536, 584, 1349, 368, 88, 2651, 729, 2283, 321, 88, 3318, 914, 257, 420, 1310, 274, 420]",23,2.148,unknown
pcm_f_PECT1F151_ev_spontaneous_576,naija-finetuned,dem bin release dem from house arrest a year ago and dem tell dem say make dem no leave romania,-inf,-inf,"[-19.96834373474121, -Infinity, -18.7735595703125, -10.444134712219238, -13.075634002685547, -13.817176818847656, -15.44254207611084, -9.27701187133789, -13.497390747070312, -18.483919143676758, -8.131436347961426, -17.52473258972168, -18.09441375732422, -14.292126655578613, -9.230911254882812, -17.073871612548828, -0.009647531434893608, -13.798946380615234, -15.815875053405762, -14.37697982788086, -13.893912315368652, -16.065383911132812]","[50259, 50360, 50364, 10730, 5171, 4374, 1371, 490, 1782, 7823, 257, 1064, 2057, 293, 1371, 980, 1371, 584, 652, 1371, 572, 1856]",22,2.139,unknown
pcm_f_PECT1F152_ev_spontaneous_104,naija-finetuned,trump trump and zelensky don gree to finalise as soon as possible one critical mineral deal na wetin di joint statement tok,-inf,-inf,"[-18.239639282226562, -Infinity, -14.977426528930664, -18.03350067138672, -15.618770599365234, -12.790964126586914, -14.423198699951172, -19.789037704467773, -14.880517959594727, -17.275981903076172, -20.664306640625, -11.317273139953613, -10.620530128479004, -17.535091400146484, -13.562793731689453, -18.821273803710938, -17.12600326538086, -7.201774597167969, -14.585700035095215, -16.065330505371094, -17.494924545288086, -13.171293258666992, -16.890949249267578, -20.2436580657959, -21.219331741333008, -11.975035667419434, -15.09645938873291, -14.576333045959473, -12.803394317626953, -18.551738739013672]","[50259, 50360, 50364, 6903, 1420, 21779, 293, 710, 338, 694, 4133, 500, 290, 701, 281, 2572, 908, 382, 2321, 382, 1944, 472, 4924, 21630, 2028, 1667, 6630, 259, 1026, 7225]",30,2.368,unknown
pcm_f_PECT1F153_ev_spontaneous_083,naija-finetuned,nigerians now go fit apply for visas go di united arab emirates uae from 15 july 2024,-inf,-inf,"[-19.857219696044922, -Infinity, -21.38720703125, -12.590912818908691, -19.970829010009766, -19.298429489135742, -15.28171157836914, -10.626185417175293, -16.21637725830078, -17.313953399658203, -13.20800495147705, -18.785953521728516, -13.487739562988281, -15.3538179397583, -17.828994750976562, -18.785518646240234, -17.232351303100586, -18.452836990356445, -17.662818908691406, -12.051239967346191, -17.491010665893555, -23.59889793395996, -18.220035552978516, -13.321686744689941]","[50259, 50360, 50364, 77, 4810, 2567, 586, 352, 3318, 3079, 337, 45922, 352, 1026, 18883, 38557, 846, 347, 1024, 344, 8346, 490, 2119, 361]",24,2.236,unknown
pcm_f_PECT1F157_ev_spontaneous_182,naija-finetuned,i fit create a vision board to um visualize my goals and aspirations,-inf,-inf,"[-20.191770553588867, -Infinity, -18.65460205078125, -13.688161849975586, -16.224048614501953, -13.911698341369629, -13.81297779083252, -11.058537483215332, -17.768291473388672, -12.18785572052002, -12.39194393157959, -17.942190170288086, -9.06312084197998, -13.767151832580566]","[50259, 50360, 50364, 72, 3318, 1884, 257, 5201, 3150, 281, 1105, 23273, 452, 5493]",14,1.909,unknown
pcm_f_PECT1F160_ev_spontaneous_325,naija-finetuned,when person win relay race and other sports e dey make person feel like say im don achieve something,-inf,-inf,"[-18.17091941833496, -Infinity, -19.84868812561035, -19.343875885009766, -14.364559173583984, -14.566611289978027, -16.072895050048828, -11.2194185256958, -10.081971168518066, -18.892017364501953, -19.578834533691406, -11.59420108795166, -13.659597396850586, -15.844626426696777, -13.188400268554688, -15.348572731018066, -14.555124282836914, -15.184680938720703, -14.253555297851562, -14.325105667114258, -16.313249588012695]","[50259, 50360, 50364, 18822, 954, 1942, 24214, 4569, 293, 661, 6573, 308, 368, 88, 652, 954, 841, 411, 584, 566, 500]",21,2.132,unknown
pcm_f_PECT1F161_ev_spontaneous_521,naija-finetuned,i dey try surround myself with friends wey dey support me,-inf,-inf,"[-19.692354202270508, -Infinity, -21.430646896362305, -16.95557975769043, -7.710923671722412, -13.18758773803711, -18.430015563964844, -18.04128074645996, -13.121010780334473, -14.626130104064941, -11.203254699707031, -15.471190452575684, -12.757363319396973, -11.127419471740723, -15.238160133361816]","[50259, 50360, 50364, 72, 368, 88, 853, 6262, 2059, 365, 1855, 321, 88, 368, 88]",15,1.936,unknown
pcm_f_PECT1F166_ev_spontaneous_114,naija-finetuned,kogi central senator don condemn di actions of di nigerian senate wey suspend her,-inf,-inf,"[-17.83740997314453, -Infinity, -16.400882720947266, -19.2099609375, -19.408266067504883, -18.69221305847168, -19.067171096801758, -13.677642822265625, -21.21990203857422, -0.0021759422961622477, -19.875699996948242, -20.695919036865234, -16.283039093017578, -9.942864418029785, -16.73684310913086, -21.109411239624023, -19.564912796020508, -10.970654487609863, -18.345539093017578]","[50259, 50360, 50364, 74, 27202, 5777, 24664, 500, 30733, 1026, 5909, 295, 1026, 297, 4810, 952, 33609, 321, 88]",19,1.996,unknown
pcm_f_PECT1F166_ev_spontaneous_188,naija-finetuned,but wetin be dis new common currency wey ekobas dey propose how e go work and wetin bi di need for am,-inf,-inf,"[-19.579639434814453, -Infinity, -22.875356674194336, -17.755483627319336, -17.208280563354492, -17.440410614013672, -11.64632511138916, -18.391239166259766, -17.537107467651367, -21.265724182128906, -15.362676620483398, -16.17339515686035, -14.242079734802246, -16.57606315612793, -16.31306266784668, -18.370494842529297, -13.727538108825684, -13.001368522644043, -19.766820907592773, -14.78286361694336, -11.688939094543457, -16.67656135559082, -21.750009536743164, -7.327301979064941, -16.49787712097168, -15.16469955444336, -13.877277374267578, -14.500965118408203, -16.189693450927734]","[50259, 50360, 50364, 5955, 6630, 259, 312, 717, 777, 2689, 13346, 321, 88, 13359, 996, 296, 368, 88, 17421, 577, 308, 352, 589, 293, 6630, 259, 3228, 1026, 643]",29,2.315,unknown
pcm_f_PECT1F168_ev_spontaneous_312,naija-finetuned,a masters degree in business administration from the university of liverpool united kingdom,-inf,-inf,"[-14.108301162719727, -Infinity, -19.002887725830078, -13.69166374206543, -17.674015045166016, -15.978743553161621, -11.210299491882324, -14.767797470092773, -15.01710319519043, -12.500746726989746, -9.655019760131836, -15.404943466186523, -14.174935340881348, -17.742877960205078, -20.880767822265625]","[50259, 50360, 50364, 64, 19294, 4314, 294, 1606, 7236, 490, 264, 5454, 295, 15019, 17374]",15,1.867,unknown
pcm_f_PECT1F191_ev_spontaneous_277,naija-finetuned,if we go police we go enter wahala,-inf,-inf,"[-16.257658004760742, -Infinity, -21.01114273071289, -19.79412841796875, -0.005438176915049553, -0.004087190609425306, -Infinity, -12.755460739135742, -24.25343894958496, -15.577301979064941]","[50259, 50360, 50364, 351, 321, 352, 3804, 321, 352, 3242]",10,1.74,unknown
pcm_f_PECT1F192_ev_spontaneous_544,naija-finetuned,dis kind parties no follow wetin people don dey do before and e no too popular im tok,-inf,-inf,"[-16.55641746520996, -Infinity, -18.65365219116211, -18.607627868652344, -12.588459014892578, -20.056800842285156, -23.671907424926758, -15.738539695739746, -16.84532356262207, -15.84953784942627, -16.456430435180664, -10.439433097839355, -12.320484161376953, -13.815285682678223, -10.271472930908203, -14.883759498596191, -13.052807807922363, -15.032809257507324, -8.179019927978516, -10.402641296386719, -18.642047882080078]","[50259, 50360, 50364, 13731, 733, 8265, 572, 1524, 6630, 259, 561, 500, 368, 88, 360, 949, 293, 308, 572, 886, 3743]",21,2.084,unknown
pcm_f_PECT1F20_ev_spontaneous_264,naija-finetuned,now you get a total different government.,-inf,-inf,"[-16.91002082824707, -Infinity, -18.960020065307617, -17.946502685546875, -13.291217803955078, -12.228479385375977, -13.792767524719238, -13.76118278503418, -15.812901496887207]","[50259, 50360, 50364, 3785, 291, 483, 257, 3217, 819]",9,1.697,unknown
pcm_f_PECT1F22_ev_spontaneous_016,naija-finetuned,we go go change plan make you get your own time.,-inf,-inf,"[-15.527444839477539, -Infinity, -19.880250930786133, -14.137299537658691, -13.194650650024414, -12.256490707397461, -11.605246543884277, -12.757787704467773, -12.564451217651367, -10.51240062713623, -14.440155982971191, -11.73475456237793, -13.37618637084961]","[50259, 50360, 50364, 826, 352, 352, 1319, 1393, 652, 291, 483, 428, 1065]",13,1.793,unknown
pcm_f_PECT1F26_ev_spontaneous_541,naija-finetuned,dem dey take turn to pick music make housework sweet everybodi.,-inf,-inf,"[-16.92519760131836, -Infinity, -23.065465927124023, -17.6035213470459, -14.255043983459473, -12.50560188293457, -8.881017684936523, -17.158336639404297, -8.543622970581055, -13.44614315032959, -10.991186141967773, -10.379197120666504, -13.64633560180664, -18.17329978942871, -17.188945770263672, -13.665178298950195, -19.812713623046875]","[50259, 50360, 50364, 10730, 368, 88, 747, 1261, 281, 1888, 1318, 652, 1782, 1902, 3844, 633, 65]",17,1.957,unknown
pcm_f_PECT1F28_ev_spontaneous_472,naija-finetuned,i don start to dey wash clothes for cold water to chop less light.,-inf,-inf,"[-17.11620330810547, -Infinity, -17.179208755493164, -15.313634872436523, -14.501028060913086, -17.59609603881836, -8.816061973571777, -15.759949684143066, -15.004825592041016, -17.17401695251465, -13.66097354888916, -6.941555023193359, -14.190796852111816, -15.689312934875488, -13.348712921142578, -15.644759178161621, -15.875116348266602]","[50259, 50360, 50364, 72, 500, 722, 281, 368, 88, 5675, 5534, 337, 3554, 1281, 281, 7931, 1570]",17,1.922,unknown
pcm_f_PECT1F2_ev_spontaneous_209,naija-finetuned,life na best teacher every day wey you learn na by doing you go master am,-inf,-inf,"[-18.19317054748535, -Infinity, -17.432987213134766, -17.25252914428711, -11.833685874938965, -14.030243873596191, -19.35496711730957, -19.4539852142334, -15.468265533447266, -13.694159507751465, -14.167559623718262, -10.813337326049805, -14.839503288269043, -9.13644790649414, -11.376835823059082, -16.657764434814453, -13.063714027404785, -12.752189636230469]","[50259, 50360, 50364, 9073, 1667, 1151, 5027, 633, 786, 321, 88, 291, 1466, 1667, 538, 884, 291, 352]",18,1.958,unknown
pcm_f_PECT1F2_ev_spontaneous_584,naija-finetuned,if ginsley no do that community service dem say make im do e go enter serious wahala with im papa,-inf,-inf,"[-18.519258499145508, -Infinity, -19.93660545349121, -12.511459350585938, -16.882871627807617, -17.720876693725586, -15.529982566833496, -15.138917922973633, -14.930098533630371, -13.510640144348145, -16.82386589050293, -17.599573135375977, -7.218233108520508, -15.007920265197754, -9.349197387695312, -14.56479263305664, -9.496252059936523, -12.75454330444336, -14.032611846923828, -23.16411018371582, -16.84212875366211, -12.424290657043457, -17.407325744628906, -10.689099311828613]","[50259, 50360, 50364, 351, 290, 1292, 3420, 572, 360, 300, 1768, 2643, 1371, 584, 652, 566, 360, 308, 352, 3242, 3156, 31979, 5159, 365]",24,2.154,unknown
pcm_f_PECT1F3_ev_spontaneous_457,naija-finetuned,i don carry my sista wey dey depressed go for therapy,-inf,-inf,"[-19.36555290222168, -Infinity, -18.029985427856445, -16.188081741333008, -17.952974319458008, -19.21490478515625, -14.382137298583984, -17.001239776611328, -18.076082229614258, -17.630807876586914, -12.933589935302734, -10.063363075256348, -16.97140884399414, -15.575539588928223, -9.443063735961914]","[50259, 50360, 50364, 72, 500, 3985, 452, 262, 5236, 321, 88, 368, 88, 18713, 352]",15,1.902,unknown
pcm_f_PECT1F40_ev_spontaneous_478,naija-finetuned,i dey try to exercise regularly and meditate to calm my mind,-inf,-inf,"[-20.034006118774414, -Infinity, -22.302003860473633, -17.126262664794922, -10.063302993774414, -15.160521507263184, -15.645707130432129, -11.06304931640625, -15.3556489944458, -15.06689453125, -11.817465782165527, -19.53228187561035, -12.626635551452637, -16.502090454101562]","[50259, 50360, 50364, 72, 368, 88, 853, 281, 5380, 11672, 293, 29989, 281, 7151]",14,1.911,unknown
pcm_f_PECT1F45_ev_spontaneous_106,naija-finetuned,i like the way he dey look at me e dey give me butterfly,-inf,-inf,"[-20.469972610473633, -Infinity, -23.259294509887695, -16.59918785095215, -12.510528564453125, -10.325138092041016, -17.43985366821289, -11.18950080871582, -14.000703811645508, -15.376206398010254, -8.440227508544922, -13.3529691696167, -16.812803268432617, -14.063840866088867, -13.692691802978516, -19.503387451171875, -14.314268112182617]","[50259, 50360, 50364, 72, 411, 264, 636, 415, 368, 88, 574, 412, 385, 308, 368, 88, 976]",17,1.931,unknown
pcm_f_PECT1F47_ev_spontaneous_566,naija-finetuned,chuka abeg um no um tell me say na for um una fan you match dis juju,-inf,-inf,"[-18.5041561126709, -Infinity, -19.00336265563965, -18.031646728515625, -10.447997093200684, -16.66128158569336, -12.51081371307373, -15.472783088684082, -13.063097953796387, -13.643343925476074, -18.35519790649414, -11.817702293395996, -12.215520858764648, -3.3797247409820557, -6.8891706466674805, -8.246461868286133, -13.362876892089844, -16.04452896118164, -9.28404712677002, -15.135663032531738, -12.464827537536621]","[50259, 50360, 50364, 339, 13599, 410, 1146, 1105, 572, 1105, 980, 385, 584, 1667, 337, 1105, 2002, 3429, 291, 2995, 717]",21,2.074,unknown
pcm_f_PECT1F51_ev_spontaneous_016,naija-finetuned,i dey tell am sey beauty no be just about looks na about good character,-inf,-inf,"[-20.844518661499023, -Infinity, -24.27837562561035, -15.314845085144043, -13.697128295898438, -13.783686637878418, -21.22667694091797, -18.973434448242188, -13.940054893493652, -12.258052825927734, -18.313100814819336, -16.188011169433594, -14.53375244140625, -12.861350059509277, -0.0007033258443698287, -11.462082862854004, -13.98762321472168, -11.444536209106445]","[50259, 50360, 50364, 72, 368, 88, 980, 669, 369, 88, 6643, 572, 312, 445, 466, 1542, 1667, 466]",18,1.984,unknown
pcm_f_PECT1F56_ev_spontaneous_126,naija-finetuned,we go do meeting every week make we dey check how the planning dey go,-inf,-inf,"[-20.097244262695312, -Infinity, -22.478626251220703, -14.769091606140137, -14.302207946777344, -16.003034591674805, -13.634143829345703, -15.31497859954834, -15.977324485778809, -13.881887435913086, -10.93986701965332, -17.0953311920166, -14.87964916229248, -18.639558792114258, -14.321176528930664, -14.566566467285156, -16.188718795776367, -11.814146995544434]","[50259, 50360, 50364, 826, 352, 360, 3440, 633, 1243, 652, 321, 368, 88, 1520, 577, 264, 5038, 368]",18,1.974,unknown
pcm_f_PECT1F56_ev_spontaneous_184,naija-finetuned,the sand wey nature dey make dey cool body especially when birds and crickets bin get cry for night,-inf,-inf,"[-18.390071868896484, -Infinity, -19.785551071166992, -16.87678337097168, -17.487085342407227, -10.199056625366211, -0.02321283519268036, -12.761260986328125, -0.0022355346009135246, -0.0014606770128011703, -Infinity, -10.613986015319824, -15.151663780212402, -19.57109260559082, -14.530876159667969, -18.344270706176758, -12.142416954040527, -15.755071640014648, -10.90571117401123, -15.509178161621094, -15.61982250213623, -20.391357421875, -17.11853790283203, -17.31566047668457]","[50259, 50360, 50364, 3322, 4932, 321, 88, 3687, 368, 88, 652, 368, 88, 1627, 1772, 2318, 562, 9009, 293, 941, 38748, 5171, 483, 3305]",24,2.182,unknown
pcm_f_PECT1F6_ev_spontaneous_021,naija-finetuned,i dey plan my morning well but leave afternoon for things wey i no plan for or make i rest.,-inf,-inf,"[-17.721277236938477, -Infinity, -21.439453125, -13.597135543823242, -12.938644409179688, -16.223289489746094, -14.00643253326416, -13.090572357177734, -14.886448860168457, -13.655173301696777, -11.132676124572754, -16.598526000976562, -18.037334442138672, -14.564013481140137, -17.565656661987305, -15.521709442138672, -12.946237564086914, -8.004186630249023, -4.6342363357543945, -14.324009895324707, -9.814807891845703, -9.737987518310547, -14.56611442565918, -14.562602996826172]","[50259, 50360, 50364, 72, 368, 88, 1393, 452, 2446, 731, 457, 1856, 6499, 337, 721, 321, 88, 741, 572, 1393, 337, 420, 652, 741]",24,2.147,unknown
pcm_f_PECT1F8_ev_spontaneous_527,naija-finetuned,to respect who senior me but still drop better advice dey help me play civil service politics service politics well.,-inf,-inf,"[-17.53014373779297, -Infinity, -22.762046813964844, -17.795122146606445, -18.596073150634766, -16.56333351135254, -17.594430923461914, -14.00306224822998, -12.247095108032227, -16.658618927001953, -14.50469970703125, -16.009227752685547, -17.112030029296875, -11.689925193786621, -14.695725440979004, -12.05484676361084, -14.546636581420898, -11.478900909423828, -9.26336669921875, -10.882648468017578, -11.750349998474121, -14.81628704071045, -17.500194549560547]","[50259, 50360, 50364, 1353, 3104, 567, 7965, 385, 457, 920, 3270, 1101, 5192, 368, 88, 854, 385, 862, 5605, 2643, 7341, 2643, 7341]",23,2.154,unknown
pcm_f_PECT1P1_ev_spontaneous_409,naija-finetuned,dem add say dem go pull down buildings wey don weak,-inf,-inf,"[-20.945987701416016, -Infinity, -22.500244140625, -3.4650747776031494, -15.595919609069824, -13.124467849731445, -13.644776344299316, -16.350175857543945, -16.4804630279541, -17.18757438659668, -16.285430908203125, -7.578718662261963, -15.7538480758667]","[50259, 50360, 50364, 10730, 909, 584, 1371, 352, 2235, 760, 7446, 321, 88]",13,1.819,unknown
pcm_f_PECT2F14_ev_spontaneous_131,naija-finetuned,pipo hear di couple quarrel outside dia house,-inf,-inf,"[-17.50005531311035, -Infinity, -20.506507873535156, -16.93259620666504, -17.953338623046875, -13.436165809631348, -12.16921329498291, -18.5968074798584, -14.677193641662598, -18.52749252319336, -16.224899291992188, -14.815113067626953]","[50259, 50360, 50364, 79, 647, 78, 1568, 1026, 1916, 4723, 4419, 2380]",12,1.794,unknown
pcm_f_PECT2F15_ev_spontaneous_139,naija-finetuned,people bin dey worry about street animal so some people volunteer to give those animal where dem go dey sleep.,-inf,-inf,"[-15.654145240783691, -Infinity, -19.714649200439453, -22.173686981201172, -16.321975708007812, -12.68874740600586, -12.226615905761719, -14.263215065002441, -10.709206581115723, -12.387134552001953, -15.6320161819458, -10.768270492553711, -14.064202308654785, -13.751248359680176, -16.563732147216797, -9.445124626159668, -11.86854362487793, -13.052928924560547, -19.408308029174805, -10.81941032409668, -17.500749588012695, -11.252896308898926, -11.99753189086914, -20.71904945373535]","[50259, 50360, 50364, 21123, 5171, 368, 88, 3292, 466, 4838, 5496, 370, 512, 561, 13835, 281, 976, 729, 5496, 689, 1371, 352, 368, 88]",24,2.253,unknown
pcm_f_PECT2F15_ev_spontaneous_235,naija-finetuned,i bin explain say i no fit borrow di moni but i sha advice on how to manage emergency spending.,-inf,-inf,"[-16.637237548828125, -Infinity, -17.865171432495117, -12.454703330993652, -17.719436645507812, -18.667802810668945, -17.641307830810547, -13.600958824157715, -14.924445152282715, -17.6496524810791, -17.146312713623047, -15.005138397216797, -17.9068603515625, -12.406037330627441, -13.719185829162598, -13.751259803771973, -18.59933853149414, -18.782649993896484, -12.384449005126953, -15.281740188598633, -13.2015380859375, -16.11003875732422, -15.500402450561523]","[50259, 50360, 50364, 72, 5171, 2903, 584, 741, 572, 3318, 11172, 1026, 1108, 72, 457, 741, 3230, 5192, 322, 577, 281, 3067, 7473]",23,2.111,unknown
pcm_f_PECT2F20_ev_spontaneous_293,naija-finetuned,my nebor una don don wake una hear di news last night,-inf,-inf,"[-18.42463493347168, -Infinity, -19.087892532348633, -18.268735885620117, -18.62564468383789, -17.31499481201172, -14.060458183288574, -16.41069984436035, -11.704787254333496, -17.6148738861084, -17.84426498413086, -10.200658798217773, -15.376465797424316, -13.128288269042969]","[50259, 50360, 50364, 2226, 408, 3918, 2002, 500, 500, 6634, 2002, 1568, 1026, 2583]",14,1.887,unknown
pcm_f_PECT2F24_ev_spontaneous_621,naija-finetuned,sport minister zizi khodua tok say im dey sadden say yet anoda life don dey don deY cause shots sake of violent crime.,-inf,-inf,"[-11.194140434265137, -Infinity, -14.122000694274902, -14.350892066955566, -14.837127685546875, -15.040909767150879, -14.866514205932617, -16.447309494018555, -9.87098217010498, -20.940942764282227, -19.440738677978516, -16.31814956665039, -12.750622749328613, -13.43501091003418, -11.501931190490723, -6.6296586990356445, -16.008466720581055, -15.066452026367188, -18.847625732421875, -15.381317138671875, -13.94072437286377, -18.959503173828125, -21.23442840576172, -0.0011851914459839463, -0.0012441283324733377, -Infinity, -13.689858436584473, -13.911018371582031, -16.237165451049805, -14.140161514282227, -12.16667366027832, -15.799534797668457, -14.134174346923828, -14.188285827636719]","[50259, 50360, 50364, 82, 2707, 10563, 710, 24300, 350, 2926, 4398, 19164, 584, 566, 368, 88, 4227, 1556, 584, 1939, 364, 13449, 993, 500, 368, 88, 500, 368, 56, 3082, 8305, 9717, 295, 11867]",34,2.459,unknown
pcm_f_PECT2F26_ev_spontaneous_445,naija-finetuned,introduce di pet to new pipo and environment and build trust wit di pet,-inf,-inf,"[-19.387592315673828, -Infinity, -22.412418365478516, -17.17746353149414, -12.009820938110352, -10.940179824829102, -10.951531410217285, -15.877985954284668, -13.380507469177246, -12.954729080200195, -15.566571235656738, -10.627010345458984, -18.91737174987793, -11.204466819763184, -14.939547538757324, -12.808659553527832, -14.563299179077148]","[50259, 50360, 50364, 38132, 384, 1026, 3817, 281, 777, 8489, 78, 293, 2823, 293, 1322, 3361, 32161]",17,1.972,unknown
pcm_f_PECT2F32_ev_spontaneous_035,naija-finetuned,my family dey have tradition of having dinner together every sunday evening,-inf,-inf,"[-17.280202865600586, -Infinity, -23.057231903076172, -18.047863006591797, -17.501684188842773, -12.438009262084961, -17.37550163269043, -7.320503234863281, -19.266803741455078, -13.600425720214844, -13.006318092346191, -21.18875503540039, -21.172204971313477, -12.626194953918457, -16.45184898376465]","[50259, 50360, 50364, 2226, 1605, 368, 88, 362, 6994, 295, 1419, 6148, 1214, 633, 33047]",15,2.005,unknown
pcm_f_PECT2F41_ev_spontaneous_437,naija-finetuned,when we celebrate christmas or oda religious holiday um e dey make us connect with um our wit um our spiritual side,-inf,-inf,"[-17.348844528198242, -Infinity, -18.424034118652344, -18.69573402404785, -20.750112533569336, -19.75527000427246, -16.830015182495117, -16.784849166870117, -7.940891742706299, -11.528361320495605, -12.93757438659668, -18.814468383789062, -17.064767837524414, -14.440673828125, -9.28005599975586, -14.75100326538086, -15.208165168762207, -14.22513198852539, -9.911989212036133, -16.274654388427734, -0.011522529646754265, -0.007771139964461327, -0.004552832338958979, -Infinity, -15.063170433044434, -15.815258979797363]","[50259, 50360, 50364, 18822, 321, 8098, 26586, 3799, 420, 277, 2675, 7185, 9960, 1105, 308, 368, 88, 652, 505, 1745, 365, 1105, 527, 32161, 1105, 527]",26,2.227,unknown
pcm_f_PECT2F58_ev_spontaneous_201,naija-finetuned,wen we look at di money we spend on transport to our ppa and cds,-inf,-inf,"[-17.775772094726562, -Infinity, -17.976316452026367, -20.368066787719727, -12.217897415161133, -15.2388334274292, -15.750901222229004, -12.07502555847168, -12.68942642211914, -12.002442359924316, -17.535720825195312, -8.990045547485352, -18.046436309814453, -18.197450637817383, -12.317497253417969, -6.677678108215332, -15.47414779663086, -12.002100944519043]","[50259, 50360, 50364, 15615, 321, 574, 412, 1026, 1460, 321, 3496, 322, 5495, 281, 527, 280, 4306, 293]",18,2.004,unknown
pcm_f_PECT2F69_ev_spontaneous_252,naija-finetuned,I no dey fail to dey pay my electricity bills.,-inf,-inf,"[-17.8693790435791, -Infinity, -17.20656967163086, -15.750384330749512, -12.06450366973877, -11.813255310058594, -15.813019752502441, -18.376747131347656, -12.937860488891602, -20.06290626525879, -15.939704895019531, -14.910216331481934, -14.518746376037598, -21.281274795532227]","[50259, 50360, 50364, 40, 572, 368, 88, 3061, 281, 368, 88, 1689, 452, 10356]",14,1.812,unknown
pcm_f_PHTS1F1_he_spontaneous_490,naija-finetuned,to understand patient belief true true fit make communication and trust and trust strong,-inf,-inf,"[-20.658227920532227, -Infinity, -19.62105369567871, -13.200736999511719, -18.435609817504883, -15.646036148071289, -19.454757690429688, -15.159966468811035, -13.756102561950684, -16.97001838684082, -12.726706504821777, -15.224940299987793, -8.62679386138916, -9.12700080871582, -8.321369171142578]","[50259, 50360, 50364, 1353, 1223, 4537, 7107, 2074, 2074, 3318, 652, 6101, 293, 3361, 293]",15,1.875,unknown
pcm_f_PHTS1F7_he_spontaneous_063,naija-finetuned,to talk true long waka go health center fit make people no dey go for checkup like before,-inf,-inf,"[-20.22236442565918, -Infinity, -17.385303497314453, -10.57547378540039, -14.095470428466797, -21.78826332092285, -14.909608840942383, -14.88064956665039, -17.18410301208496, -11.000970840454102, -15.75844955444336, -19.10975456237793, -12.762909889221191, -14.473572731018066, -17.318592071533203, -12.505901336669922, -14.188735008239746, -17.548982620239258, -13.370343208312988, -10.438616752624512, -17.036388397216797, -18.252052307128906]","[50259, 50360, 50364, 1353, 751, 2074, 938, 261, 7849, 352, 1585, 3056, 3318, 652, 561, 572, 368, 88, 352, 337, 1520, 1010]",22,2.13,unknown
pcm_f_PHTT1F11_he_spontaneous_555,naija-finetuned,um if person sick distance go turn um big wahala to get help.,-inf,-inf,"[-13.071449279785156, -Infinity, -18.341047286987305, -16.713899612426758, -11.945812225341797, -12.576122283935547, -16.302644729614258, -10.341754913330078, -13.79069709777832, -21.15839385986328, -22.56253433227539, -12.272912979125977, -21.314363479614258, -19.022783279418945, -10.546420097351074, -10.754141807556152]","[50259, 50360, 50364, 449, 498, 954, 4998, 4560, 352, 1261, 1105, 955, 31979, 5159, 281, 483]",16,1.944,unknown
pcm_f_PHTT1F12_he_spontaneous_549,naija-finetuned,time to time i dey chop yogurt e get probiotic inside wey dey ginger my immune system.,-inf,-inf,"[-16.73601531982422, -Infinity, -18.986892700195312, -12.84704303741455, -11.328584671020508, -15.165213584899902, -8.32680606842041, -15.153194427490234, -11.99121379852295, -15.971386909484863, -14.10129165649414, -20.190587997436523, -10.565559387207031, -17.84208106994629, -22.609487533569336, -16.064632415771484, -18.640867233276367, -12.230100631713867, -13.939640045166016, -17.082260131835938, -18.97116470336914, -13.272643089294434, -14.657135963439941]","[50259, 50360, 50364, 3766, 281, 565, 741, 368, 88, 7931, 20997, 308, 483, 45710, 299, 1854, 321, 88, 368, 88, 14966, 452, 11992]",23,2.161,unknown
pcm_f_PHTT1F14_he_spontaneous_399,naija-finetuned,native medicine dey follow spiritual belief and hospital dey adjust how dem dey handle patient handle patient based on um am.,-inf,-inf,"[-16.543346405029297, -Infinity, -18.542470932006836, -15.224015235900879, -18.95996856689453, -17.726224899291992, -11.692069053649902, -11.796875, -14.879297256469727, -12.54806900024414, -15.956804275512695, -15.625445365905762, -18.6131534576416, -14.377114295959473, -12.306633949279785, -15.7175931930542, -14.627090454101562, -13.909690856933594, -13.392410278320312, -12.162315368652344, -14.375838279724121, -13.09520435333252, -16.688629150390625, -14.59997844696045, -11.37786865234375, -10.244470596313477, -8.500577926635742]","[50259, 50360, 50364, 77, 1166, 7195, 368, 88, 1524, 6960, 7107, 293, 4530, 368, 88, 4369, 577, 1371, 368, 88, 4813, 4537, 4813, 4537, 2361, 322, 1105]",27,2.357,unknown
pcm_f_PHTT1F16_he_spontaneous_104,naija-finetuned,i dey talk say some families fit wan pray or do some rituals before dem go do any procedure.,-inf,-inf,"[-14.95474624633789, -Infinity, -22.954008102416992, -14.757545471191406, -9.871003150939941, -10.32641887664795, -16.478973388671875, -8.45941162109375, -11.777440071105957, -15.284053802490234, -16.81479835510254, -11.088363647460938, -12.5751314163208, -11.237311363220215, -13.410016059875488, -10.674962997436523, -18.429407119750977, -11.3826904296875, -11.192628860473633, -10.283524513244629, -10.880906105041504, -11.54839038848877]","[50259, 50360, 50364, 72, 368, 88, 751, 584, 512, 4466, 3318, 46930, 3690, 420, 360, 512, 29082, 949, 1371, 352, 360, 604]",22,2.117,unknown
pcm_f_PHTT1F17_he_spontaneous_320,naija-finetuned,many-many yamayama disease dem fit no catch person if e just put mind dey drink medicine before di sickness plenty.,-inf,-inf,"[-16.083187103271484, -Infinity, -17.066247940063477, -0.028547530993819237, -3.6238969187252223e-05, -Infinity, -14.069611549377441, -8.728893280029297, -16.237449645996094, -16.36787223815918, -16.475845336914062, -18.191652297973633, -16.943737030029297, -11.257207870483398, -15.488076210021973, -12.971367835998535, -16.24331283569336, -15.43997859954834, -7.575206756591797, -12.256071090698242, -10.702085494995117, -17.00532341003418, -14.382034301757812, -12.019168853759766, -16.879541397094727, -11.52172565460205, -13.163147926330566, -13.333187103271484, -12.60003662109375, -18.37600326538086]","[50259, 50360, 50364, 76, 1325, 12, 76, 1325, 288, 335, 320, 2404, 4752, 1371, 3318, 572, 3745, 954, 498, 308, 445, 829, 1575, 368, 88, 2822, 7195, 949, 1026, 25611]",30,2.362,unknown
pcm_f_PHTT1F18_he_spontaneous_435,naija-finetuned,when you dey tell woman good words and dey help and e help how to dey give pikin breast go soft for her,-inf,-inf,"[-16.7843074798584, -Infinity, -19.873865127563477, -20.768959045410156, -12.81435489654541, -14.010101318359375, -11.82013988494873, -11.100434303283691, -16.232383728027344, -14.429441452026367, -20.906673431396484, -10.194404602050781, -10.00265121459961, -12.703330993652344, -0.2476685792207718, -7.461398124694824, -10.316875457763672, -11.821392059326172, -14.813424110412598, -11.87704849243164, -14.533122062683105, -22.10939598083496, -13.411298751831055, -19.126117706298828, -16.045700073242188, -16.07672882080078, -14.293498039245605, -12.196383476257324]","[50259, 50360, 50364, 18822, 291, 368, 88, 980, 3059, 665, 2283, 293, 368, 88, 854, 293, 308, 854, 577, 281, 368, 88, 976, 49928, 259, 9934, 352, 2787]",28,2.289,unknown
pcm_f_PHTT1F18_he_spontaneous_593,naija-finetuned,as i dey focus focus for every step when i waka e dey help me calm down and rest.,-inf,-inf,"[-17.255937576293945, -Infinity, -19.68606185913086, -18.641559600830078, -11.001761436462402, -13.539183616638184, -18.067472457885742, -14.798213005065918, -0.6653478741645813, -7.785881996154785, -15.125802993774414, -19.15355110168457, -19.159914016723633, -7.765210151672363, -18.234355926513672, -24.804719924926758, -6.56746768951416, -11.19140625, -15.36175537109375, -14.329116821289062, -13.564362525939941, -11.063060760498047, -15.332134246826172, -11.625189781188965]","[50259, 50360, 50364, 296, 741, 368, 88, 1879, 1879, 337, 633, 1823, 562, 741, 261, 7849, 308, 368, 88, 854, 385, 7151, 760, 293]",24,2.219,unknown
pcm_f_PHTT1F18_he_spontaneous_598,naija-finetuned,as i learn more about how to dey rest e rest e help me change how i dey live my day.,-inf,-inf,"[-17.832746505737305, -Infinity, -17.022436141967773, -16.719186782836914, -16.68923568725586, -15.473594665527344, -17.43876075744629, -17.589109420776367, -15.503887176513672, -10.753748893737793, -10.890734672546387, -12.034419059753418, -10.194696426391602, -5.886483192443848, -15.036908149719238, -10.257067680358887, -6.001738548278809, -12.06408405303955, -13.908475875854492, -15.719074249267578, -11.540619850158691, -10.003976821899414, -15.077333450317383, -14.41640567779541, -14.625125885009766]","[50259, 50360, 50364, 296, 741, 1466, 544, 466, 577, 281, 368, 88, 1472, 308, 1472, 308, 854, 385, 1319, 577, 741, 368, 88, 1621, 452]",25,2.19,unknown
pcm_f_PHTT1F19_he_spontaneous_219,naija-finetuned,i no go lie to take injection bin injection bin dey fear until i come know say e dey cure fast.,-inf,-inf,"[-16.679988861083984, -Infinity, -17.568511962890625, -18.015981674194336, -13.88235855102539, -14.941099166870117, -18.412466049194336, -12.93224811553955, -13.800238609313965, -14.71961498260498, -10.754021644592285, -22.034849166870117, -18.58734130859375, -15.262876510620117, -15.438308715820312, -16.058277130126953, -14.484719276428223, -13.701576232910156, -14.692190170288086, -13.689668655395508, -18.2188720703125, -14.095954895019531, -16.591772079467773, -13.039031028747559, -16.87531852722168]","[50259, 50360, 50364, 72, 572, 352, 4544, 281, 747, 22873, 5171, 22873, 5171, 368, 88, 4240, 1826, 741, 808, 458, 584, 308, 368, 88, 13698]",25,2.158,unknown
pcm_f_PHTT1F21_he_spontaneous_395,naija-finetuned,some people believe say village medicine dey work sharp sharp e dey make dem go find other ways to oda ways to take care of themselves.,-inf,-inf,"[-17.843685150146484, -Infinity, -20.76790428161621, -18.010826110839844, -13.815474510192871, -14.815646171569824, -12.230063438415527, -18.020742416381836, -19.907455444335938, -15.868837356567383, -12.883574485778809, -15.877630233764648, -20.023130416870117, -19.750524520874023, -10.942864418029785, -6.820275783538818, -13.822129249572754, -13.013204574584961, -17.398344039916992, -15.721282005310059, -15.938364028930664, -0.015754634514451027, -19.790544509887695, -10.812970161437988, -13.125285148620605, -16.816083908081055, -19.6878662109375, -10.016324996948242, -11.453548431396484, -13.816064834594727, -13.562963485717773]","[50259, 50360, 50364, 23189, 561, 1697, 584, 7288, 7195, 368, 88, 589, 8199, 8199, 308, 368, 88, 652, 1371, 352, 915, 661, 2098, 281, 277, 2675, 2098, 281, 747, 1127, 295]",31,2.42,unknown
pcm_f_PHTT1F23_he_spontaneous_256,naija-finetuned,some families like to dey pray before ehm dem do ehm anything.,-inf,-inf,"[-18.706377029418945, -Infinity, -20.909923553466797, -21.09394073486328, -18.190549850463867, -11.458271980285645, -9.943538665771484, -14.69312858581543, -13.244221687316895, -15.644342422485352, -12.140262603759766, -15.506976127624512, -12.586406707763672, -20.61005210876465, -11.912200927734375, -10.479833602905273, -17.156925201416016]","[50259, 50360, 50364, 23189, 4466, 411, 281, 368, 88, 3690, 949, 7670, 76, 1371, 360, 7670, 76]",17,1.932,unknown
pcm_f_PHTT1F23_he_spontaneous_352,naija-finetuned,if nurse no dey dey for local clinic nobody go fit give better treatment,-inf,-inf,"[-19.45503044128418, -Infinity, -21.907121658325195, -15.510627746582031, -20.307531356811523, -11.82421875, -15.071426391601562, -17.751522064208984, -12.750877380371094, -14.876036643981934, -14.349166870117188, -18.237829208374023, -17.762752532958984, -20.158092498779297, -12.107942581176758, -14.91136646270752, -13.290750503540039]","[50259, 50360, 50364, 351, 14012, 572, 368, 88, 368, 88, 337, 2654, 14947, 5079, 352, 3318, 976]",17,1.996,unknown
pcm_f_PHTT1F23_he_spontaneous_449,naija-finetuned,dem organize class last week wey dem take teach everybody ontop menstruation wey no dey quick quick stop plenty be learn from am,-inf,-inf,"[-19.162527084350586, -Infinity, -22.352611541748047, -20.096879959106445, -18.782947540283203, -16.921701431274414, -19.531553268432617, -12.536144256591797, -12.954564094543457, -13.68851089477539, -16.77406883239746, -13.084182739257812, -20.04730796813965, -17.571279525756836, -18.219762802124023, -16.40808868408203, -24.055091857910156, -19.388151168823242, -15.003774642944336, -0.02625225856900215, -11.983142852783203, -10.570394515991211, -15.438115119934082, -16.26754379272461, -15.673834800720215, -15.150562286376953, -16.504812240600586, -13.503438949584961, -15.507104873657227]","[50259, 50360, 50364, 10730, 13859, 1508, 1036, 1243, 321, 88, 1371, 747, 2924, 2201, 6592, 404, 38827, 399, 321, 88, 572, 368, 88, 1702, 1702, 1590, 7140, 312, 1466]",29,2.364,unknown
pcm_f_PHTT1F23_he_spontaneous_452,naija-finetuned,for school dem no dey ever teach too long this menstruation matter but need begin am,-inf,-inf,"[-16.872913360595703, -Infinity, -22.798574447631836, -14.696532249450684, -15.76034164428711, -17.55484962463379, -13.255462646484375, -7.192660331726074, -13.877099990844727, -13.905200004577637, -10.97055435180664, -16.426965713500977, -17.891756057739258, -12.825460433959961, -18.712255477905273, -19.631385803222656, -16.74968910217285, -14.332740783691406, -13.135257720947266]","[50259, 50360, 50364, 2994, 1395, 1371, 572, 368, 88, 1562, 2924, 886, 938, 341, 38827, 399, 1871, 457, 643]",19,1.992,unknown
pcm_f_PHTT1F24_he_spontaneous_364,naija-finetuned,e fit make strong bacteria wey medicine no fit kill for your eh belle if you dey sha use antibiotics too much e bad,-inf,-inf,"[-18.321876525878906, -Infinity, -19.40249252319336, -12.227307319641113, -22.612476348876953, -11.887701988220215, -24.390684127807617, -18.282264709472656, -11.81737995147705, -12.377287864685059, -17.3864803314209, -9.003320693969727, -16.627479553222656, -10.854218482971191, -13.414262771606445, -15.774462699890137, -16.48883628845215, -19.511770248413086, -14.906519889831543, -10.482007026672363, -13.814570426940918, -17.732820510864258, -19.37587547302246, -15.562756538391113, -19.33043098449707, -15.219416618347168, -14.127328872680664]","[50259, 50360, 50364, 68, 3318, 652, 2068, 11763, 321, 88, 7195, 572, 3318, 1961, 337, 428, 7670, 28770, 498, 291, 368, 88, 3230, 764, 26922, 886, 709]",27,2.255,unknown
pcm_f_PHTT1F24_he_spontaneous_417,naija-finetuned,doctors and scientists dey play big role when health wahala show especially where spiritual belief dey important dem go need prayer join medicine,-inf,-inf,"[-16.782690048217773, -Infinity, -22.259971618652344, -18.23849105834961, -20.800020217895508, -16.955875396728516, -21.3770694732666, -13.064750671386719, -13.258607864379883, -13.243412017822266, -16.76665687561035, -20.34536361694336, -22.699426651000977, -19.688980102539062, -18.021881103515625, -19.245277404785156, -14.731192588806152, -18.184938430786133, -16.31427574157715, -19.47307586669922, -18.439319610595703, -7.375326156616211, -12.753165245056152, -17.876293182373047, -14.131665229797363, -8.193879127502441, -13.253891944885254, -15.377110481262207]","[50259, 50360, 50364, 2595, 5547, 293, 7708, 368, 88, 862, 955, 3090, 562, 1585, 31979, 5159, 855, 2318, 689, 6960, 7107, 368, 88, 1021, 1371, 352, 643, 8767]",28,2.289,unknown
pcm_f_PHTT1F25_he_spontaneous_193,naija-finetuned,the truth be sayvillage health sey village health center no dey get plenty doctor plus hospital thing wey dem need.,-inf,-inf,"[-17.014551162719727, -Infinity, -19.51464080810547, -13.428899765014648, -13.563040733337402, -16.630361557006836, -18.643707275390625, -14.879655838012695, -15.042152404785156, -22.6329288482666, -8.976295471191406, -11.475767135620117, -13.11392879486084, -16.444284439086914, -16.888259887695312, -20.75688362121582, -11.68910026550293, -14.031715393066406, -13.960827827453613, -16.144163131713867, -18.64277458190918, -15.481535911560059, -15.336935043334961, -19.844514846801758, -14.953978538513184, -12.064676284790039, -13.770414352416992, -14.312644958496094]","[50259, 50360, 50364, 3322, 3494, 312, 584, 85, 373, 609, 1585, 369, 88, 7288, 1585, 3056, 572, 368, 88, 483, 7140, 4631, 1804, 4530, 551, 321, 88, 1371]",28,2.284,unknown
pcm_f_PHTT1F26_he_spontaneous_244,naija-finetuned,hormonal iud dey stay for many-many years this one go make you avoid everyday medicines. medicines.,-inf,-inf,"[-15.007669448852539, -Infinity, -16.51372718811035, -18.8720703125, -19.431697845458984, -15.333984375, -13.384435653686523, -18.556777954101562, -12.499618530273438, -14.943169593811035, -15.530532836914062, -14.90131664276123, -11.219779968261719, -13.127243995666504, -9.280686378479004, -20.438976287841797, -17.90749168395996, -14.066001892089844, -13.643054008483887, -10.564627647399902, -19.547157287597656, -17.158523559570312, -15.945503234863281, -20.15815544128418, -15.723206520080566, -11.189027786254883]","[50259, 50360, 50364, 71, 687, 21523, 741, 532, 368, 88, 1754, 337, 867, 12, 76, 1325, 924, 341, 472, 352, 652, 291, 5042, 7429, 24251, 13]",26,2.223,unknown
pcm_f_PHTT1F27_he_spontaneous_030,naija-finetuned,i dey stop like say na red light just to hear bird dey yarn sometimes e dey train my mind to dey present.,-inf,-inf,"[-17.5715389251709, -Infinity, -21.715085983276367, -16.900590896606445, -10.4454345703125, -11.201359748840332, -15.5045747756958, -13.25087833404541, -14.941669464111328, -12.700054168701172, -17.069190979003906, -13.639604568481445, -15.030569076538086, -12.704666137695312, -16.40782356262207, -17.395402908325195, -15.476043701171875, -11.762876510620117, -17.44061851501465, -19.844051361083984, -14.695768356323242, -10.130560874938965, -15.314942359924316, -13.816197395324707, -13.825630187988281, -19.781896591186523, -10.074668884277344, -12.577664375305176, -17.5942325592041]","[50259, 50360, 50364, 72, 368, 88, 1590, 411, 584, 1667, 2182, 1442, 445, 281, 1568, 5255, 368, 88, 11400, 2171, 308, 368, 88, 3847, 452, 1575, 281, 368, 88]",29,2.316,unknown
pcm_f_PHTT1F28_he_spontaneous_018,naija-finetuned,to understand wetin a patient believe truetrue e fit help build better communication and trust,-inf,-inf,"[-18.53826141357422, -Infinity, -20.598005294799805, -22.640695571899414, -15.378997802734375, -19.161277770996094, -10.641180992126465, -11.58664608001709, -17.31116485595703, -16.457717895507812, -14.166994094848633, -18.21575927734375, -19.8951358795166, -9.199873924255371, -13.644164085388184, -13.385235786437988, -14.625452995300293, -17.34623908996582, -15.602054595947266]","[50259, 50360, 50364, 1353, 1223, 6630, 259, 257, 4537, 1697, 504, 15382, 41729, 308, 3318, 854, 1322, 1101, 6101]",19,1.991,unknown
pcm_f_PHTT1F28_he_spontaneous_044,naija-finetuned,to dey chop more fruits and vegetables really dey help support your body immune system well well,-inf,-inf,"[-20.20684814453125, -Infinity, -18.368480682373047, -21.229387283325195, -14.938319206237793, -15.583569526672363, -19.563072204589844, -15.454626083374023, -16.14398193359375, -15.377471923828125, -20.250865936279297, -9.823519706726074, -9.81505298614502, -14.939718246459961, -13.94432544708252, -12.913034439086914, -15.063765525817871, -18.53609275817871, -18.745986938476562, -16.189720153808594]","[50259, 50360, 50364, 1353, 368, 88, 7931, 544, 12148, 293, 9320, 534, 368, 88, 854, 1406, 428, 1772, 11992, 1185]",20,1.993,unknown
pcm_f_PHTT1F28_he_spontaneous_421,naija-finetuned,patients must know say money wey dem go pay from pocket fit change to get quick and affordable healthcare,-inf,-inf,"[-19.190523147583008, -Infinity, -19.06428337097168, -18.964494705200195, -18.4199161529541, -13.553899765014648, -14.2119140625, -18.40629768371582, -14.42489242553711, -8.916414260864258, -12.328596115112305, -12.721758842468262, -15.697077751159668, -15.063813209533691, -14.534077644348145, -18.58255386352539, -10.816174507141113, -13.509175300598145, -9.009089469909668, -12.00244140625, -14.637508392333984, -9.450353622436523]","[50259, 50360, 50364, 11584, 2448, 1633, 458, 584, 1460, 321, 88, 1371, 352, 1689, 490, 8963, 3318, 1319, 281, 483, 1702, 293]",22,2.092,unknown
pcm_f_PHTT1F29_he_spontaneous_029,naija-finetuned,you sabi say one thing dey calming if person stay focus true true for only hin own oxygen wey e dey take in and out.,-inf,-inf,"[-17.475067138671875, -Infinity, -23.054731369018555, -16.89177703857422, -15.36917495727539, -16.791099548339844, -11.252388000488281, -18.100778579711914, -18.81302833557129, -15.8477144241333, -14.388108253479004, -20.391429901123047, -11.949088096618652, -18.27559471130371, -15.27047348022461, -13.633641242980957, -17.251005172729492, -14.407382011413574, -12.809135437011719, -14.10605525970459, -15.689172744750977, -19.281391143798828, -18.399015426635742, -14.788296699523926, -0.003074801526963711, -11.255794525146484, -10.511900901794434, -18.456113815307617, -15.531662940979004, -12.80417251586914, -11.812856674194336]","[50259, 50360, 50364, 5616, 5560, 72, 584, 472, 551, 368, 88, 39723, 498, 954, 1754, 1879, 2074, 2074, 337, 787, 14102, 1065, 9169, 321, 88, 308, 368, 88, 747, 294, 293]",31,2.422,unknown
pcm_f_PHTT1F31_he_spontaneous_164,naija-finetuned,if you wan use coil na na small touch e need to put am to hold control of how belle wan enter,-inf,-inf,"[-17.47344207763672, -Infinity, -18.110265731811523, -16.51837730407715, -13.165517807006836, -17.409278869628906, -11.012864112854004, -16.232898712158203, -19.163124084472656, -6.900676250457764, -17.313526153564453, -14.411405563354492, -9.778702735900879, -10.96481704711914, -0.21361775696277618, -5.841239929199219, -10.110591888427734, -7.8827595710754395, -12.57132339477539, -18.253864288330078, -13.117293357849121, -16.781875610351562, -16.2847957611084]","[50259, 50360, 50364, 351, 291, 46930, 764, 22225, 1667, 1667, 1359, 2557, 308, 643, 281, 829, 669, 281, 1797, 1969, 295, 577, 28770]",23,2.15,unknown
pcm_f_PHTT1F32_he_spontaneous_123,naija-finetuned,no be everything be drug if you dey look well and well and um dey record sharp na clean way you de follow,-inf,-inf,"[-13.562371253967285, -Infinity, -15.083113670349121, -17.687705993652344, -11.93673038482666, -13.974458694458008, -13.149401664733887, -17.59735107421875, -13.274551391601562, -10.376340866088867, -15.129362106323242, -13.880731582641602, -12.72150707244873, -10.877873420715332, -6.928623199462891, -8.623038291931152, -17.47235107421875, -15.457538604736328, -13.839682579040527, -10.707571029663086, -17.29535484313965, -19.50518798828125, -12.635011672973633, -15.913309097290039, -9.606441497802734, -7.933952331542969]","[50259, 50360, 50364, 1771, 312, 1203, 312, 4110, 498, 291, 368, 88, 574, 731, 293, 731, 293, 1105, 368, 88, 2136, 8199, 1667, 2541, 636, 291]",26,2.22,unknown
pcm_f_PHTT1F32_he_spontaneous_409,naija-finetuned,hold on to combine medicine wey you know and wetin you believe together dey make sick person get better result,-inf,-inf,"[-15.345132827758789, -Infinity, -20.450702667236328, -20.760761260986328, -15.007596015930176, -13.889237403869629, -20.314088821411133, -15.96101188659668, -16.50506019592285, -16.625978469848633, -13.443102836608887, -22.109500885009766, -8.270305633544922, -18.153093338012695, -15.994582176208496, -12.502286911010742, -16.94804573059082, -16.132646560668945, -12.28447151184082, -14.898880004882812, -15.562708854675293, -18.769189834594727, -14.99622917175293, -11.628748893737793]","[50259, 50360, 50364, 4104, 322, 281, 10432, 7195, 321, 88, 291, 458, 293, 6630, 259, 291, 1697, 1214, 368, 88, 652, 4998, 954, 483]",24,2.154,unknown
pcm_f_PHTT1F35_he_spontaneous_059,naija-finetuned,you suppose do checkup everytime make you fit know watin dey do you and how you fit take quick well,-inf,-inf,"[-17.972816467285156, -Infinity, -21.002817153930664, -16.51756477355957, -17.714555740356445, -14.237300872802734, -14.061057090759277, -19.85405731201172, -17.298561096191406, -14.50407886505127, -13.368342399597168, -17.750465393066406, -13.56987476348877, -17.137083053588867, -16.911874771118164, -14.81419849395752, -15.408329963684082, -14.687779426574707, -0.0019208805169910192, -13.504365921020508, -12.351749420166016, -8.860697746276855, -16.90916633605957, -14.822416305541992]","[50259, 50360, 50364, 5616, 7297, 360, 1520, 1010, 46162, 652, 291, 3318, 458, 6858, 259, 368, 88, 360, 291, 293, 577, 291, 3318, 747]",24,2.191,unknown
pcm_f_PHTT1F35_he_spontaneous_345,naija-finetuned,many many things dey to gain once person start dey make sure say e dey chop better things everyday things everyday,-inf,-inf,"[-17.4149112701416, -Infinity, -17.51806640625, -14.382590293884277, -21.040571212768555, -18.697589874267578, -14.438759803771973, -11.502368927001953, -16.945194244384766, -14.813673973083496, -15.984570503234863, -17.728424072265625, -18.50071144104004, -13.819013595581055, -14.312841415405273, -13.815428733825684, -13.953622817993164, -14.751154899597168, -19.641359329223633, -13.241783142089844, -15.131492614746094, -15.069903373718262, -15.704534530639648, -17.190080642700195, -13.808852195739746, -11.62850284576416]","[50259, 50360, 50364, 76, 1325, 867, 721, 368, 88, 281, 6052, 1564, 954, 722, 368, 88, 652, 988, 584, 308, 368, 88, 7931, 1101, 721, 7429]",26,2.447,unknown
pcm_f_PHTT1F36_he_spontaneous_434,naija-finetuned,some people go wan fast and pray before dem take medicine,-inf,-inf,"[-18.970558166503906, -Infinity, -21.444782257080078, -21.84899139404297, -15.878472328186035, -14.563313484191895, -18.815265655517578, -18.1287784576416, -12.054323196411133, -15.386868476867676, -10.257732391357422, -13.938236236572266]","[50259, 50360, 50364, 23189, 561, 352, 46930, 2370, 293, 3690, 949, 1371]",12,1.834,unknown
pcm_f_PHTT1F37_he_spontaneous_316,naija-finetuned,you you suppose um sabi say chws don get solid training to detect sickness early make dem fit help you fast.,-inf,-inf,"[-15.708460807800293, -Infinity, -13.554798126220703, -10.650381088256836, -4.8010172843933105, -22.289081573486328, -13.943154335021973, -15.051695823669434, -18.181793212890625, -14.532225608825684, -16.128480911254883, -18.426240921020508, -19.602563858032227, -12.688373565673828, -18.58840560913086, -19.007570266723633, -16.719682693481445, -18.655078887939453, -19.20494842529297, -15.505780220031738, -9.755314826965332, -12.380537033081055, -14.59511661529541, -15.242741584777832, -8.875308990478516]","[50259, 50360, 50364, 5616, 291, 7297, 1105, 5560, 72, 584, 417, 14358, 500, 483, 5100, 3097, 281, 5531, 25611, 2440, 652, 1371, 3318, 854, 291]",25,2.188,unknown
pcm_f_PHTT1F38_he_spontaneous_071,naija-finetuned,ah make you try new method on how your pikin go suck your um breast go um make am make am chop wella,-inf,-inf,"[-16.605274200439453, -Infinity, -21.468564987182617, -17.425052642822266, -12.813546180725098, -14.133434295654297, -15.81692123413086, -15.688282012939453, -17.379056930541992, -15.600851058959961, -23.953134536743164, -10.501895904541016, -15.918364524841309, -13.001466751098633, -6.874459266662598, -17.251800537109375, -13.939322471618652, -0.12724561989307404, -15.420073509216309, -13.814114570617676, -10.516478538513184, -12.938191413879395, -15.095075607299805, -14.848817825317383, -11.816267013549805, -16.156370162963867]","[50259, 50360, 50364, 545, 652, 291, 853, 777, 3170, 322, 577, 428, 49928, 259, 352, 9967, 428, 1105, 9934, 352, 1105, 652, 669, 652, 669, 7931]",26,2.255,unknown
pcm_f_PHTT1F38_he_spontaneous_222,naija-finetuned,my cousin begin learn about gonorrhea after she go community health talk,-inf,-inf,"[-18.228422164916992, -Infinity, -17.969152450561523, -20.414947509765625, -20.0324649810791, -19.601634979248047, -19.821012496948242, -17.37977409362793, -17.41307830810547, -21.219301223754883, -22.563518524169922, -12.25882625579834, -15.09539794921875, -13.002147674560547, -15.132340431213379]","[50259, 50360, 50364, 2226, 16207, 1841, 1466, 466, 26307, 24362, 27799, 934, 750, 352, 1768]",15,1.869,unknown
pcm_f_PHTT1F39_he_spontaneous_360,naija-finetuned,oats dey help steady milk na true true based on body.,-inf,-inf,"[-15.35775089263916, -Infinity, -19.769315719604492, -14.070244789123535, -16.990339279174805, -10.318918228149414, -10.849030494689941, -12.939794540405273, -18.037235260009766, -17.974323272705078, -8.841838836669922, -15.00245189666748, -13.712247848510742, -14.361401557922363, -11.6882963180542]","[50259, 50360, 50364, 78, 1720, 368, 88, 854, 13211, 5392, 1667, 2074, 2074, 2361, 322]",15,1.901,unknown
pcm_f_PHTT1F40_he_spontaneous_094,naija-finetuned,you know say for outreach dem dey do plenti plenti free checkup and test.,-inf,-inf,"[-17.170724868774414, -Infinity, -20.86234474182129, -16.813827514648438, -16.252033233642578, -10.054777145385742, -13.325531959533691, -21.72163200378418, -17.786930084228516, -12.576140403747559, -18.18120765686035, -14.980061531066895, -17.68770408630371, -12.64299201965332, -11.238187789916992, -16.321439743041992, -16.64914894104004, -11.36007308959961, -16.039878845214844, -10.81393051147461]","[50259, 50360, 50364, 5616, 458, 584, 337, 19638, 1371, 368, 88, 360, 499, 23012, 499, 23012, 1737, 1520, 1010, 293]",20,2.034,unknown
pcm_f_PHTT1F40_he_spontaneous_418,naija-finetuned,if doctor if doctor sabi person belief well e go help dem treat better and sometimes hospital go change how dem dey work,-inf,-inf,"[-18.377832412719727, -Infinity, -20.506559371948242, -19.12544822692871, -13.002050399780273, -18.531259536743164, -15.241395950317383, -15.989452362060547, -14.536105155944824, -17.35755729675293, -18.684524536132812, -13.126568794250488, -13.066521644592285, -12.070199966430664, -13.054696083068848, -16.97692108154297, -18.268075942993164, -16.7116756439209, -12.253252029418945, -14.065533638000488, -16.43852424621582, -15.088976860046387, -15.972609519958496, -14.237369537353516, -15.9751558303833, -14.94110107421875]","[50259, 50360, 50364, 351, 4631, 498, 4631, 5560, 72, 954, 7107, 731, 308, 352, 854, 1371, 2387, 1101, 293, 2171, 4530, 352, 1319, 577, 1371, 368]",26,2.225,unknown
pcm_f_PHTT1F40_he_spontaneous_546,naija-finetuned,doctors and nurses suppose dey ask respectful questions about wetin concern erm people spiritual needs,-inf,-inf,"[-16.778610229492188, -Infinity, -21.506114959716797, -14.64748764038086, -18.484941482543945, -13.007495880126953, -21.34516716003418, -16.15767478942871, -10.758713722229004, -13.064962387084961, -14.750575065612793, -18.378252029418945, -22.882966995239258, -13.229769706726074, -13.570669174194336, -7.7576069831848145, -18.988351821899414, -24.25295639038086, -12.376595497131348]","[50259, 50360, 50364, 2595, 5547, 293, 17446, 7297, 368, 88, 1029, 26205, 1651, 466, 6630, 259, 3136, 25253, 561]",19,2.044,unknown
pcm_f_PHTT1F41_he_spontaneous_164,naija-finetuned,correct healthcare dey respect both person freedom and spiritual belief inside spiritual tradition and dis one dey lead to different kind of treatment plan,-inf,-inf,"[-15.992733001708984, -Infinity, -15.637882232666016, -19.782676696777344, -22.126577377319336, -18.094520568847656, -17.001741409301758, -15.346610069274902, -16.658348083496094, -14.875307083129883, -15.439170837402344, -14.192855834960938, -11.438715934753418, -0.0010347970528528094, -11.011089324951172, -11.63404369354248, -14.743230819702148, -17.40998649597168, -9.63386344909668, -20.78131675720215, -17.78303337097168, -16.50112533569336, -17.19782066345215, -16.651987075805664, -8.886173248291016, -12.127822875976562, -13.572371482849121, -11.81594181060791]","[50259, 50360, 50364, 19558, 2554, 8884, 368, 88, 3104, 1293, 954, 5645, 293, 6960, 7107, 1854, 6960, 6994, 293, 717, 472, 368, 88, 1477, 281, 819, 733, 295]",28,2.289,unknown
pcm_f_PHTT1F41_he_spontaneous_313,naija-finetuned,to lis ten  to patients without judging dem dey help eh build eh better understanding for hospital,-inf,-inf,"[-20.17353630065918, -Infinity, -15.85966682434082, -18.379905700683594, -20.984466552734375, -15.912986755371094, -10.501543998718262, -11.974559783935547, -17.352249145507812, -18.97008514404297, -19.360776901245117, -13.228023529052734, -6.152372360229492, -11.98383903503418, -12.494674682617188, -17.2283935546875, -17.65862274169922, -16.657854080200195, -16.36740493774414, -15.135866165161133]","[50259, 50360, 50364, 1353, 32670, 2064, 220, 281, 4209, 1553, 23587, 1371, 368, 88, 854, 7670, 1322, 7670, 1101, 3701]",20,2.067,unknown
pcm_f_PHTT1F43_he_spontaneous_159,naija-finetuned,you see am when staff explain treatment with simple talk and respect e dey really help,-inf,-inf,"[-18.346559524536133, -Infinity, -22.194622039794922, -15.069902420043945, -16.28182029724121, -17.184545516967773, -11.393595695495605, -17.910247802734375, -16.72480583190918, -15.14514446258545, -6.012698173522949, -15.723164558410645, -16.1483211517334, -17.266407012939453, -20.67331314086914, -11.75097370147705, -8.702296257019043, -16.253156661987305]","[50259, 50360, 50364, 5616, 536, 669, 562, 3525, 2903, 5032, 365, 2199, 751, 293, 3104, 308, 368, 88]",18,1.966,unknown
pcm_f_PHTT1F43_he_spontaneous_298,naija-finetuned,our clinic dem dey always give free informate on top family um planning method dem and e dey help well well,-inf,-inf,"[-20.876028060913086, -Infinity, -21.98953628540039, -18.28618621826172, -22.09517478942871, -14.324767112731934, -10.063647270202637, -13.958083152770996, -15.02713394165039, -17.366832733154297, -15.747976303100586, -17.239360809326172, -19.197385787963867, -10.497232437133789, -16.417236328125, -13.143814086914062, -10.897200584411621, -17.663183212280273, -19.53181266784668, -11.87572193145752, -17.68769073486328, -1.8832528591156006, -14.224286079406738, -13.214740753173828, -14.878782272338867]","[50259, 50360, 50364, 396, 14947, 1371, 368, 88, 1009, 976, 1737, 1356, 473, 322, 1192, 1605, 1105, 5038, 3170, 1371, 293, 308, 368, 88, 854]",25,2.194,unknown
pcm_f_PHTT1F44_he_spontaneous_324,naija-finetuned,actually hmmm e dey help wen staff dey hmmm use simple and hmmm respectful words to yarn about treatments,-inf,-inf,"[-20.49347496032715, -Infinity, -13.36817455291748, -18.01544761657715, -21.07860565185547, -19.29770278930664, -16.626672744750977, -8.629233360290527, -16.85038185119629, -16.40892219543457, -18.253429412841797, -21.703222274780273, -14.153258323669434, -14.064732551574707, -16.038724899291992, -18.80561637878418, -15.049567222595215, -12.578849792480469, -15.379072189331055, -11.317265510559082, -15.36710262298584, -15.437921524047852, -18.563005447387695, -18.469324111938477, -9.454267501831055, -19.750499725341797]","[50259, 50360, 50364, 578, 671, 16478, 76, 308, 368, 88, 854, 11472, 3525, 368, 88, 16478, 76, 764, 2199, 293, 16478, 76, 26205, 2283, 281, 11400]",26,2.211,unknown
pcm_f_PHTT1F49_he_spontaneous_294,naija-finetuned,to lis ten  to patients without judging dem dey help um build um better understanding for hospital,-inf,-inf,"[-20.626691818237305, -Infinity, -16.17646026611328, -19.125526428222656, -19.000144958496094, -16.802946090698242, -10.37674331665039, -12.973944664001465, -16.01726531982422, -18.813758850097656, -20.194820404052734, -13.938714027404785, -6.4043121337890625, -13.097042083740234, -15.75621223449707, -12.825003623962402, -20.307109832763672, -13.31352424621582, -13.23897647857666, -14.754514694213867]","[50259, 50360, 50364, 1353, 32670, 2064, 220, 281, 4209, 1553, 23587, 1371, 368, 88, 854, 1105, 1322, 1105, 1101, 3701]",20,2.065,unknown
pcm_f_PHTT1F49_he_spontaneous_375,naija-finetuned,e good when staff help person know how treatment matter dey be no be para matter,-inf,-inf,"[-18.723098754882812, -Infinity, -19.168474197387695, -14.594586372375488, -14.168938636779785, -15.251994132995605, -16.693693161010742, -11.937881469726562, -15.281890869140625, -13.545575141906738, -12.751521110534668, -18.88616180419922, -11.439794540405273, -11.95541763305664, -12.628918647766113, -7.526632308959961, -14.034528732299805, -10.814770698547363]","[50259, 50360, 50364, 68, 665, 562, 3525, 854, 954, 458, 577, 5032, 1871, 368, 88, 312, 572, 312]",18,1.967,unknown
pcm_f_PHTT1F52_he_spontaneous_077,naija-finetuned,for some areas people de use old healing ways and e de go de go with spiritual backup and medicine,-inf,-inf,"[-18.284683227539062, -Infinity, -21.3341007232666, -14.267844200134277, -15.255183219909668, -19.236894607543945, -15.315629959106445, -12.065372467041016, -11.950014114379883, -13.878273010253906, -17.158008575439453, -18.305770874023438, -12.216747283935547, -8.691726684570312, -7.856366157531738, -7.280043601989746, -14.533063888549805, -14.337400436401367, -10.06298828125, -16.777206420898438, -17.93946075439453]","[50259, 50360, 50364, 2994, 512, 3179, 561, 368, 764, 1331, 9745, 2098, 293, 308, 368, 352, 368, 352, 365, 6960, 14807]",21,2.1,unknown
pcm_f_PHTT1F54_he_spontaneous_317,naija-finetuned,better care for woman before she born pikin dey make both the mama and erm the pikin body dey kampe well well,-inf,-inf,"[-16.704469680786133, -Infinity, -20.469135284423828, -21.68783187866211, -19.89410972595215, -17.376544952392578, -14.938055038452148, -12.953495025634766, -17.729206085205078, -23.68751335144043, -15.20760726928711, -20.00588035583496, -17.513656616210938, -14.84585189819336, -12.959168434143066, -14.833434104919434, -13.941449165344238, -5.282552719116211, -16.124292373657227, -15.782115936279297, -28.074234008789062, -9.919557571411133, -19.002086639404297, -16.54810905456543, -18.279970169067383, -24.408123016357422, -14.43891429901123, -18.798494338989258, -18.502042770385742]","[50259, 50360, 50364, 10671, 391, 1127, 337, 3059, 949, 750, 4232, 49928, 259, 368, 88, 652, 1293, 264, 18775, 293, 25253, 264, 49928, 259, 1772, 368, 88, 9727, 494]",29,2.357,unknown
pcm_f_PHTT1F55_he_spontaneous_340,naija-finetuned,na one local outreach program really help erm me understand sti testing wella,-inf,-inf,"[-18.04773712158203, -Infinity, -18.916885375976562, -14.847244262695312, -13.606622695922852, -18.047452926635742, -17.07136344909668, -12.620307922363281, -14.004437446594238, -12.065252304077148, -19.699195861816406, -21.211206436157227, -15.505559921264648, -15.802054405212402, -14.000659942626953, -17.880491256713867]","[50259, 50360, 50364, 629, 472, 2654, 19638, 1461, 534, 854, 25253, 385, 1223, 342, 72, 4997]",16,1.904,unknown
pcm_f_PHTT1F56_he_spontaneous_600,naija-finetuned,i tell you true if we respect ourselves e go help us for our faith and hm medicine go work together well well,-inf,-inf,"[-19.720651626586914, -Infinity, -20.458045959472656, -16.967212677001953, -15.776037216186523, -10.437887191772461, -15.90782642364502, -11.738792419433594, -7.131195068359375, -17.3896484375, -12.112722396850586, -11.564347267150879, -9.013972282409668, -13.563841819763184, -15.877161979675293, -11.439973831176758, -13.110806465148926, -16.59868049621582, -10.751179695129395, -17.73743438720703, -19.150787353515625, -14.438100814819336, -14.016788482666016, -13.879608154296875]","[50259, 50360, 50364, 72, 980, 291, 2074, 498, 321, 3104, 4175, 308, 352, 854, 505, 337, 527, 4522, 293, 35481, 7195, 352, 589, 1214]",24,2.203,unknown
pcm_f_PHTT1F57_he_spontaneous_410,naija-finetuned,health center don dey um give um free paper wey talk about ovarian cancer that one good ooo,-inf,-inf,"[-17.59115219116211, -Infinity, -21.333131790161133, -19.176959991455078, -19.15707778930664, -8.792542457580566, -11.004533767700195, -11.756752967834473, -10.81484603881836, -13.94360065460205, -11.972452163696289, -20.360427856445312, -18.663591384887695, -13.75025463104248, -20.148700714111328, -20.719449996948242, -18.254329681396484, -12.126739501953125, -17.38198471069336, -15.255123138427734, -18.98611831665039, -12.315252304077148, -10.207513809204102, -12.63041877746582]","[50259, 50360, 50364, 19225, 3056, 500, 368, 88, 1105, 976, 1105, 1737, 3035, 321, 88, 751, 466, 277, 8517, 952, 5592, 300, 472, 665]",24,2.2,unknown
pcm_f_PHTT1F63_he_spontaneous_255,naija-finetuned,no be everything wey vincent talk online about health wey doctor go agree with,-inf,-inf,"[-18.95163345336914, -Infinity, -15.81744384765625, -18.167449951171875, -18.687644958496094, -18.131698608398438, -19.47251319885254, -7.545252323150635, -21.240741729736328, -19.346141815185547, -14.346057891845703, -16.0319766998291, -18.125152587890625, -11.443438529968262, -11.87618637084961, -12.328205108642578, -18.49822998046875, -11.320570945739746]","[50259, 50360, 50364, 1771, 312, 1203, 321, 88, 27037, 2207, 751, 2950, 466, 1585, 321, 88, 4631, 352]",18,2.008,unknown
pcm_f_PHTT1F64_he_spontaneous_138,naija-finetuned,to hear patients make you no judge them dey help them they help hospital understand them better no be lie,-inf,-inf,"[-21.235828399658203, -Infinity, -18.565526962280273, -15.75171184539795, -18.962203979492188, -18.881196975708008, -15.533905029296875, -15.14113712310791, -13.897337913513184, -16.78573226928711, -11.063568115234375, -9.084023475646973, -17.652400970458984, -0.008966301567852497, -10.994148254394531, -12.067012786865234, -13.317763328552246, -17.23903465270996, -17.26292610168457, -18.062774658203125, -22.085620880126953, -13.188213348388672]","[50259, 50360, 50364, 1353, 1568, 4209, 652, 291, 572, 6995, 552, 368, 88, 854, 552, 436, 854, 4530, 1223, 552, 1101, 572]",22,2.101,unknown
pcm_f_PHTT1F65_he_spontaneous_143,naija-finetuned,gonorrhea na topic we suppose dey talk about with open mind and honesty,-inf,-inf,"[-17.51011085510254, -Infinity, -18.15464210510254, -19.127351760864258, -23.469745635986328, -22.720548629760742, -13.948138236999512, -16.473546981811523, -17.87693214416504, -17.001453399658203, -14.876903533935547, -13.489517211914062, -13.512236595153809, -13.001859664916992, -9.251631736755371, -12.933465957641602, -14.815167427062988]","[50259, 50360, 50364, 10660, 24362, 27799, 1667, 4829, 321, 7297, 368, 88, 751, 466, 365, 1269, 1575]",17,1.935,unknown
pcm_f_PHTT1F67_he_spontaneous_522,naija-finetuned,doctors and nurses suppose suppose dey ask questions about person belief with full respect,-inf,-inf,"[-17.69261932373047, -Infinity, -22.14097023010254, -17.51320457458496, -19.595054626464844, -13.377799034118652, -16.909175872802734, -15.846172332763672, -14.095643043518066, -12.394397735595703, -17.312881469726562, -15.221267700195312, -16.223873138427734, -14.08747386932373, -18.641733169555664, -17.15772247314453, -10.940832138061523]","[50259, 50360, 50364, 2595, 5547, 293, 17446, 7297, 7297, 368, 88, 1029, 1651, 466, 954, 7107, 365]",17,1.944,unknown
pcm_f_PHTT1F7_he_spontaneous_036,naija-finetuned,some families go wan pray fast pray fast ehm or do sacrifice before dem ehm operate dia person,-inf,-inf,"[-18.012113571166992, -Infinity, -22.447731018066406, -21.026901245117188, -17.43903350830078, -15.189803123474121, -17.800870895385742, -14.250748634338379, -7.419044017791748, -13.759651184082031, -15.36899185180664, -18.61043930053711, -15.75485897064209, -11.709152221679688, -11.454877853393555, -14.666897773742676, -12.063028335571289, -12.838896751403809, -12.572629928588867, -15.862832069396973, -17.596172332763672]","[50259, 50360, 50364, 23189, 4466, 352, 46930, 3690, 2370, 3690, 2370, 7670, 76, 420, 360, 11521, 949, 1371, 7670, 76, 9651]",21,2.096,unknown
pcm_f_PHTT1F7_he_spontaneous_159,naija-finetuned,na doctors and scientists bin get say for health matter for some communities dat one sef dey delay normal treatment,-inf,-inf,"[-13.521615028381348, -Infinity, -20.367551803588867, -14.857781410217285, -15.44774341583252, -13.32436752319336, -18.194625854492188, -16.82237434387207, -16.17432403564453, -16.612077713012695, -0.0024878999684005976, -13.43893051147461, -18.462663650512695, -11.008172988891602, -12.865002632141113, -16.8284969329834, -20.353784561157227, -17.17933464050293, -22.532175064086914, -19.657073974609375, -17.032011032104492, -14.505982398986816, -14.755146026611328]","[50259, 50360, 50364, 629, 8778, 293, 7708, 5171, 483, 584, 337, 1585, 1871, 337, 512, 4456, 1137, 472, 369, 69, 368, 88, 8577]",23,2.103,unknown
pcm_f_PHTT1F7_he_spontaneous_321,naija-finetuned,to lis ten  to soft music after work dey really help calm my stress e dey cool my head like night breeze,-inf,-inf,"[-19.191665649414062, -Infinity, -17.225513458251953, -17.11554527282715, -19.437782287597656, -15.798837661743164, -12.250716209411621, -13.06420612335205, -17.225419998168945, -17.721923828125, -18.441667556762695, -14.001232147216797, -6.757432460784912, -15.712986946105957, -15.87568187713623, -14.042680740356445, -18.8177547454834, -16.93836212158203, -22.128982543945312, -12.342605590820312, -19.500293731689453, -17.812820434570312, -16.687978744506836, -10.44143295288086, -21.37628936767578, -10.880294799804688]","[50259, 50360, 50364, 1353, 32670, 2064, 220, 281, 2787, 1318, 934, 589, 368, 88, 534, 854, 7151, 452, 4244, 308, 368, 88, 1627, 452, 1378, 411]",26,2.243,unknown
pcm_f_PHTT1F8_he_spontaneous_083,naija-finetuned,true true people no dey talk about delivery preparation for pikin and na important matter.,-inf,-inf,"[-17.445236206054688, -Infinity, -15.497766494750977, -14.574831008911133, -17.46131134033203, -15.786460876464844, -16.180923461914062, -16.09614372253418, -11.750604629516602, -11.550942420959473, -15.104094505310059, -10.501405715942383, -20.524280548095703, -23.312524795532227, -10.202560424804688, -17.73703956604004, -14.64687442779541, -12.828967094421387, -9.960132598876953, -14.313311576843262]","[50259, 50360, 50364, 6903, 622, 2074, 561, 572, 368, 88, 751, 466, 8982, 13081, 337, 49928, 259, 293, 1667, 1021]",20,2.062,unknown
pcm_f_PHTT1F8_he_spontaneous_450,naija-finetuned,understanding a patient’s beliefs ehm truly fit help improve how we talk and trust each other well.,-inf,-inf,"[-15.945280075073242, -Infinity, -21.942235946655273, -17.94637680053711, -14.478461265563965, -15.281436920166016, -15.273824691772461, -5.3876237869262695, -14.368279457092285, -7.942262649536133, -17.848337173461914, -16.67710304260254, -16.65934944152832, -14.79102611541748, -17.940155029296875, -13.191826820373535, -17.16218376159668, -9.070357322692871, -7.691926002502441, -15.157654762268066, -8.902833938598633, -17.5631160736084, -15.02482795715332, -17.250263214111328]","[50259, 50360, 50364, 6617, 8618, 257, 4537, 913, 247, 82, 13585, 7670, 76, 4908, 3318, 854, 3470, 577, 321, 751, 293, 3361, 1184, 661]",24,2.19,unknown
pcm_f_PHTT1F9_he_spontaneous_031,naija-finetuned,health wahala dey make press carry am waka like movie but we need spirit backup plus medicine.,-inf,-inf,"[-16.944499969482422, -Infinity, -23.425819396972656, -16.497241973876953, -19.5482234954834, -17.613798141479492, -11.282726287841797, -14.40848445892334, -13.516143798828125, -16.14673614501953, -19.321290969848633, -15.126651763916016, -11.451580047607422, -16.92682456970215, -13.075578689575195, -16.507217407226562, -10.429716110229492, -13.684585571289062, -16.063709259033203, -14.294328689575195, -15.890137672424316, -11.876449584960938]","[50259, 50360, 50364, 19225, 31979, 5159, 368, 88, 652, 1886, 3985, 669, 261, 7849, 411, 3169, 457, 321, 643, 3797, 14807, 1804]",22,2.124,unknown
pcm_f_PHTT2F10_he_spontaneous_125,naija-finetuned,something dey peaceful if you focus only on how you dey breathe. breathe.,-inf,-inf,"[-15.901540756225586, -Infinity, -20.385555267333984, -18.760766983032227, -15.0117826461792, -12.643722534179688, -20.21811294555664, -13.688337326049805, -15.449455261230469, -13.501642227172852, -15.950761795043945, -11.880337715148926, -13.908293724060059, -11.50783634185791, -12.827093124389648, -12.229571342468262, -16.252038955688477, -7.938875675201416]","[50259, 50360, 50364, 31681, 368, 88, 13962, 498, 291, 1879, 787, 322, 577, 291, 368, 88, 10192, 13]",18,1.971,unknown
pcm_f_PHTT2F12_he_spontaneous_302,naija-finetuned,my cousin at ten d one community health talk since then she start dey do sti test do sti test,-inf,-inf,"[-16.06479835510254, -Infinity, -16.68893814086914, -20.890954971313477, -20.64287757873535, -12.56297492980957, -15.01556396484375, -15.909317970275879, -16.283695220947266, -15.605401039123535, -14.932859420776367, -14.190262794494629, -10.82072639465332, -11.37971019744873, -14.745651245117188, -9.563438415527344, -15.13530445098877, -17.156383514404297, -9.728870391845703, -11.722954750061035, -15.705894470214844, -5.547074317932129, -15.316176414489746, -11.863746643066406]","[50259, 50360, 50364, 2226, 16207, 412, 2064, 274, 472, 1768, 1585, 751, 1670, 550, 750, 722, 368, 88, 360, 342, 72, 1500, 360, 262]",24,2.161,unknown
pcm_f_PHTT2F14_he_spontaneous_177,naija-finetuned,true true when you carry your pikin wellgo help well go help make you fit dey breastfeed always especially when una go hospital like,-inf,-inf,"[-17.16310691833496, -Infinity, -15.320960998535156, -15.59490966796875, -16.65134620666504, -16.346540451049805, -12.791156768798828, -14.115508079528809, -22.718822479248047, -15.567581176757812, -17.996009826660156, -10.887495040893555, -0.0016569469589740038, -5.567846775054932, -0.001737157697789371, -11.63213062286377, -13.630556106567383, -14.347408294677734, -13.162276268005371, -14.563023567199707, -16.887577056884766, -14.223367691040039, -19.549135208129883, -19.957592010498047, -19.51138687133789, -18.44092559814453, -16.369321823120117, -12.083739280700684, -14.254132270812988, -13.285990715026855]","[50259, 50360, 50364, 6903, 622, 2074, 562, 291, 3985, 428, 49928, 259, 731, 1571, 854, 731, 352, 854, 652, 291, 3318, 368, 88, 9934, 37036, 1009, 2318, 562, 2002, 352]",30,2.392,unknown
pcm_f_PHTT2F14_he_spontaneous_382,naija-finetuned,parents dey advised make dem ginger people to find way to see professional for dem mental wahala make everywhere good for their mind mind.,-inf,-inf,"[-15.480234146118164, -Infinity, -18.953855514526367, -19.296314239501953, -8.569942474365234, -15.24373722076416, -18.69568634033203, -10.731658935546875, -11.783077239990234, -17.489276885986328, -10.260385513305664, -0.00726474542170763, -8.957839965820312, -10.778715133666992, -9.693821907043457, -16.071815490722656, -15.446346282958984, -16.161319732666016, -24.726600646972656, -14.007441520690918, -17.840599060058594, -21.151268005371094, -12.252620697021484, -14.767935752868652, -13.067914962768555, -10.622797012329102, -11.571544647216797, -8.439279556274414]","[50259, 50360, 50364, 19901, 368, 88, 26269, 652, 1371, 14966, 561, 281, 915, 636, 281, 536, 4843, 337, 1371, 4973, 31979, 5159, 652, 5315, 665, 337, 641, 1575]",28,2.323,unknown
pcm_f_PHTT2F15_he_spontaneous_340,naija-finetuned,if you choose iud you fit comot am anytime um but as e dey inside e de block belle for long true true um,-inf,-inf,"[-17.73992347717285, -Infinity, -18.39657974243164, -22.237003326416016, -16.56675910949707, -15.395492553710938, -13.938616752624512, -15.542886734008789, -19.890775680541992, -20.05069923400879, -17.525516510009766, -14.649096488952637, -15.011747360229492, -18.12521743774414, -11.003540992736816, -13.87695026397705, -16.814289093017578, -13.813287734985352, -11.063430786132812, -13.500758171081543, -12.804710388183594, -17.26792335510254, -12.75294017791748, -13.603668212890625, -13.543194770812988, -13.935752868652344, -13.962313652038574, -13.522019386291504]","[50259, 50360, 50364, 351, 291, 2826, 741, 532, 291, 3318, 395, 310, 669, 13038, 1105, 457, 382, 308, 368, 88, 1854, 308, 368, 3461, 28770, 337, 938, 2074]",28,2.426,unknown
pcm_f_PHTT2F15_he_spontaneous_574,naija-finetuned,ah sometimes i go just lie down dey focus on my breathing na so i dey take relax and clear my head.,-inf,-inf,"[-15.937826156616211, -Infinity, -21.318784713745117, -18.847131729125977, -14.069405555725098, -9.667390823364258, -12.720009803771973, -11.773758888244629, -20.38347625732422, -15.064285278320312, -13.316109657287598, -14.127887725830078, -16.59037971496582, -12.439828872680664, -12.377994537353516, -19.782278060913086, -9.763069152832031, -15.37554931640625, -7.444057941436768, -8.567594528198242, -15.12597370147705, -12.628581047058105, -18.56414794921875, -13.251717567443848, -16.37232208251953, -14.75051498413086]","[50259, 50360, 50364, 545, 2171, 741, 352, 445, 4544, 760, 368, 88, 1879, 322, 452, 9570, 1667, 370, 741, 368, 88, 747, 5789, 293, 1850, 452]",26,2.231,unknown
pcm_f_PHTT2F16_he_spontaneous_264,naija-finetuned,the game wey dey waka if you fit join am for your daily life e too much no be joke.,-inf,-inf,"[-17.47538948059082, -Infinity, -21.363473892211914, -18.010019302368164, -16.066665649414062, -15.564335823059082, -13.605578422546387, -22.703754425048828, -13.416839599609375, -12.556400299072266, -18.461240768432617, -14.813491821289062, -14.438966751098633, -13.132956504821777, -15.727778434753418, -19.187801361083984, -11.43890380859375, -18.769851684570312, -20.408634185791016, -14.628378868103027, -9.759478569030762, -12.002528190612793, -16.879966735839844, -11.34636402130127, -13.437830924987793]","[50259, 50360, 50364, 3322, 1216, 321, 88, 368, 88, 261, 7849, 498, 291, 3318, 3917, 669, 337, 428, 5212, 993, 308, 886, 709, 572, 312]",25,2.161,unknown
pcm_f_PHTT2F16_he_spontaneous_485,naija-finetuned,you suppose rest suppose rest well dey drink enuf water make you fit manage di symptoms get beta quick.,-inf,-inf,"[-16.643306732177734, -Infinity, -19.23664093017578, -11.636719703674316, -16.438587188720703, -10.382209777832031, -14.496058464050293, -15.973169326782227, -16.246192932128906, -13.006275177001953, -11.143234252929688, -11.945911407470703, -12.098637580871582, -14.084734916687012, -15.722458839416504, -11.321525573730469, -9.266024589538574, -17.877878189086914, -14.385942459106445, -11.412975311279297, -18.514068603515625, -15.184218406677246, -19.12510871887207]","[50259, 50360, 50364, 5616, 7297, 1472, 7297, 1472, 731, 368, 88, 2822, 465, 2947, 1281, 652, 291, 3318, 3067, 1026, 8332, 483, 9861]",23,2.13,unknown
pcm_f_PHTT2F17_he_spontaneous_557,naija-finetuned,you know now i attend health outreach for sha my town and dem give me free malaria test.,-inf,-inf,"[-17.018325805664062, -Infinity, -19.061172485351562, -15.25255298614502, -11.397377967834473, -15.082714080810547, -13.409464836120605, -16.691938400268555, -13.629657745361328, -18.3647403717041, -13.506817817687988, -17.52556800842285, -13.194281578063965, -17.98919105529785, -11.637529373168945, -14.379768371582031, -12.085566520690918, -13.98441219329834, -13.633764266967773, -16.687759399414062]","[50259, 50360, 50364, 5616, 458, 586, 741, 6888, 1585, 19638, 337, 3230, 452, 3954, 293, 1371, 976, 385, 1737, 45182]",20,2.035,unknown
pcm_f_PHTT2F23_he_spontaneous_103,naija-finetuned,you see eeh my doctor yarn say meditation na one big way to dey well for long. well for  long.,-inf,-inf,"[-16.682653427124023, -Infinity, -15.324833869934082, -16.381908416748047, -13.693205833435059, -13.689594268798828, -18.54048728942871, -13.930447578430176, -18.989070892333984, -18.18981170654297, -16.50021743774414, -18.892160415649414, -13.69204044342041, -12.938289642333984, -15.63005542755127, -14.937828063964844, -11.189041137695312, -17.3281192779541, -15.8616304397583, -0.9099125266075134, -10.251224517822266, -11.28718376159668, -3.943103313446045, -11.194775581359863, -16.004961013793945, -11.750407218933105]","[50259, 50360, 50364, 5616, 536, 308, 13301, 452, 4631, 11400, 584, 12537, 1667, 472, 955, 636, 281, 368, 88, 731, 337, 938, 13, 731, 337, 220]",26,2.19,unknown
pcm_f_PHTT2F23_he_spontaneous_193,naija-finetuned,iuds na wahala wey we for dey yarn about more clear and true true.,-inf,-inf,"[-16.140535354614258, -Infinity, -19.356700897216797, -18.011035919189453, -21.26568031311035, -13.69187068939209, -17.750526428222656, -20.407588958740234, -3.6516919136047363, -8.891077041625977, -17.340599060058594, -16.752004623413086, -14.938411712646484, -13.390816688537598, -20.223722457885742, -13.252201080322266, -13.479491233825684, -14.886945724487305, -11.146327018737793, -10.937771797180176]","[50259, 50360, 50364, 72, 32083, 1667, 31979, 5159, 321, 88, 321, 337, 368, 88, 11400, 466, 544, 1850, 293, 2074]",20,2.06,unknown
pcm_f_PHTT2F27_he_spontaneous_044,naija-finetuned,no lie if i just feel wetin dey my mind without judging am e dey help clear my head small.,-inf,-inf,"[-19.76640510559082, -Infinity, -21.599916458129883, -20.563232421875, -17.689762115478516, -12.37688159942627, -14.975038528442383, -23.984464645385742, -11.568487167358398, -19.72173500061035, -14.251538276672363, -14.938421249389648, -15.847107887268066, -13.128173828125, -16.937911987304688, -17.06379508972168, -21.830766677856445, -21.344165802001953, -6.62965726852417, -10.03267765045166, -13.625828742980957, -12.31382942199707, -17.818193435668945, -14.78901481628418, -17.6256046295166]","[50259, 50360, 50364, 1771, 4544, 498, 741, 445, 841, 6630, 259, 368, 88, 452, 1575, 1553, 23587, 669, 308, 368, 88, 854, 1850, 452, 1378]",25,2.221,unknown
pcm_f_PHTT2F35_he_spontaneous_221,naija-finetuned,you sabi some people rely on talk both um faith and ah medicine to feel true true healed,-inf,-inf,"[-17.9155330657959, -Infinity, -23.08209800720215, -14.692397117614746, -15.867424011230469, -15.690720558166504, -14.868410110473633, -12.473620414733887, -16.15467643737793, -9.018115043640137, -14.104950904846191, -14.937965393066406, -4.8550190925598145, -14.514970779418945, -13.187705993652344, -17.097339630126953, -19.231685638427734, -12.448766708374023, -10.690252304077148, -13.00314712524414]","[50259, 50360, 50364, 5616, 5560, 72, 512, 561, 10687, 322, 751, 1293, 1105, 4522, 293, 3716, 7195, 281, 841, 2074]",20,2.055,unknown
pcm_f_PHTT2F7_he_spontaneous_091,naija-finetuned,patients suppose eh ask for cost estimate before surgery to get quick and affordable healthcare.,-inf,-inf,"[-17.614952087402344, -Infinity, -15.933765411376953, -16.330347061157227, -17.683265686035156, -16.3441162109375, -13.734539985656738, -15.129841804504395, -8.813187599182129, -14.285627365112305, -18.814998626708984, -14.440278053283691, -18.331689834594727, -5.266363143920898, -10.628252029418945, -15.514731407165527, -9.534839630126953, -15.75146198272705]","[50259, 50360, 50364, 11584, 2448, 7297, 7670, 1029, 337, 2063, 12539, 949, 7930, 281, 483, 1702, 293, 12028]",18,1.998,unknown
pcm_f_PHTT2F8_he_spontaneous_052,naija-finetuned,no dey too drink sweet drink if you wan make your body dey healthy.,-inf,-inf,"[-18.24287986755371, -Infinity, -21.13236427307129, -18.91056251525879, -12.032384872436523, -14.087468147277832, -16.719736099243164, -14.003358840942383, -20.286518096923828, -15.998577117919922, -12.377474784851074, -5.710611820220947, -19.006454467773438, -14.001343727111816, -14.690695762634277, -12.439416885375977, -15.328817367553711, -17.844615936279297]","[50259, 50360, 50364, 1771, 368, 88, 886, 2822, 3844, 2822, 498, 291, 46930, 652, 428, 1772, 368, 88]",18,1.993,unknown
pcm_f_PHTT2F8_he_spontaneous_175,naija-finetuned,pipo still as in still eh dey wey neva sabi sti testing,-inf,-inf,"[-16.306921005249023, -Infinity, -19.485214233398438, -17.700586318969727, -20.03138542175293, -8.571999549865723, -0.003704829141497612, -12.09892463684082, -7.857605934143066, -16.719776153564453, -15.884696960449219, -10.943307876586914, -18.103059768676758, -21.684947967529297, -18.46424102783203, -24.10938262939453, -18.0402774810791, -22.89076042175293, -12.535719871520996, -10.886356353759766]","[50259, 50360, 50364, 79, 647, 78, 920, 382, 294, 920, 7670, 368, 88, 321, 88, 408, 2757, 5560, 72, 342]",20,2.033,unknown
pcm_f_PHTT2F8_he_spontaneous_528,naija-finetuned,if doctor um or nurse hear patient well without judging dem understanding go better asin for hospital.,-inf,-inf,"[-18.09714698791504, -Infinity, -16.0788516998291, -14.472979545593262, -8.375747680664062, -15.316426277160645, -17.275827407836914, -19.673625946044922, -18.862518310546875, -18.56369400024414, -13.663931846618652, -15.40908145904541, -20.815462112426758, -16.173358917236328, -13.523507118225098, -14.51467514038086, -14.611616134643555, -13.818486213684082, -15.998918533325195, -9.938389778137207]","[50259, 50360, 50364, 351, 4631, 1105, 420, 14012, 1568, 4537, 731, 1553, 23587, 1371, 3701, 352, 1101, 382, 259, 337]",20,2.033,unknown
pcm_f_PHTT2F9_he_spontaneous_116,naija-finetuned,e get plenty better if correct if correct food dey part of the things wey you dey do every day.,-inf,-inf,"[-17.120237350463867, -Infinity, -18.31694793701172, -13.925761222839355, -11.7787504196167, -20.76797866821289, -15.254093170166016, -14.501060485839844, -11.126500129699707, -13.51170825958252, -18.769195556640625, -14.134195327758789, -7.24708890914917, -12.980079650878906, -15.11497688293457, -15.412511825561523, -15.125213623046875, -16.19459342956543, -11.140406608581543, -0.01436499785631895, -9.063246726989746, -14.429107666015625, -14.001750946044922, -11.500175476074219, -11.564391136169434]","[50259, 50360, 50364, 68, 483, 7140, 1101, 498, 3006, 498, 3006, 1755, 368, 88, 644, 295, 264, 721, 321, 88, 291, 368, 88, 360, 633]",25,2.194,unknown
pcm_f_PM4F1_ev_read_005,naija-finetuned,We fit switch to eco-friendly appliances and machines to reduce carbon footprint,-inf,-inf,"[-17.434986114501953, -Infinity, -18.97665786743164, -17.31464195251465, -13.42276382446289, -15.107233047485352, -20.20087432861328, -17.645797729492188, -15.313570022583008, -15.496662139892578, -17.704320907592773, -14.62789535522461, -18.5369873046875, -12.954620361328125, -18.007328033447266]","[50259, 50360, 50364, 4360, 3318, 3679, 281, 30226, 12, 22864, 35480, 293, 8379, 281, 5407]",15,1.86,unknown
pcm_f_PM4F1_ev_read_149,naija-finetuned,"Carry gift go to di party, no go empty-handed, e fit be cash gift or material gift",-inf,-inf,"[-16.606586456298828, -Infinity, -16.748321533203125, -19.708337783813477, -18.88703727722168, -16.10453987121582, -17.0969181060791, -10.504591941833496, -15.3529691696167, -16.502471923828125, -11.97982120513916, -13.618776321411133, -19.138290405273438, -17.48930549621582, -16.783096313476562, -22.09417724609375, -13.250896453857422, -14.657876014709473, -15.969274520874023, -13.500701904296875, -14.376089096069336, -0.0015069806249812245, -13.15247917175293]","[50259, 50360, 50364, 24437, 627, 5306, 352, 281, 1026, 3595, 11, 572, 352, 6707, 12, 25407, 11, 308, 3318, 312, 6388, 5306, 420]",23,2.09,unknown
pcm_f_PM4F1_ev_read_192,naija-finetuned,Dia advise us make we know all our security men faces incase sometin happen.,-inf,-inf,"[-15.542888641357422, -Infinity, -14.025580406188965, -19.483503341674805, -19.65910530090332, -18.376176834106445, -13.197657585144043, -13.251897811889648, -12.449430465698242, -16.05147933959961, -12.392047882080078, -14.817628860473633, -14.144145965576172, -18.161481857299805, -15.15657901763916, -15.671820640563965, -17.462400436401367, -16.481060028076172, -19.35961151123047]","[50259, 50360, 50364, 35, 654, 18312, 505, 652, 321, 458, 439, 527, 3825, 1706, 8475, 834, 651, 692, 259]",19,1.962,unknown
pcm_f_PM4F1_ev_read_245,naija-finetuned,E get one man wey wind carry im rope comot for our estate,-inf,-inf,"[-16.825912475585938, -Infinity, -19.842622756958008, -20.45382308959961, -12.645801544189453, -17.9691162109375, -13.547035217285156, -14.424172401428223, -15.476775169372559, -12.994392395019531, -13.467622756958008, -19.35991859436035, -17.756975173950195, -16.599163055419922, -18.039358139038086, -11.691884994506836]","[50259, 50360, 50364, 36, 483, 472, 587, 321, 88, 2468, 3985, 566, 13540, 395, 310, 337]",16,1.896,unknown
pcm_f_PM4F1_ev_read_252,naija-finetuned,"My children no dey hear word, dis one go church without me and rain beat am well.",-inf,-inf,"[-17.522769927978516, -Infinity, -20.330331802368164, -19.689517974853516, -18.26238250732422, -15.977009773254395, -13.327869415283203, -12.636630058288574, -14.609429359436035, -13.01261043548584, -14.095282554626465, -16.056007385253906, -16.3325138092041, -13.125810623168945, -15.04049301147461, -17.035808563232422, -10.986295700073242, -8.028538703918457, -17.44005012512207, -17.380231857299805, -16.719263076782227]","[50259, 50360, 50364, 8506, 2227, 572, 368, 88, 1568, 1349, 11, 717, 472, 352, 4128, 1553, 385, 293, 4830, 4224, 669]",21,2.027,unknown
pcm_f_PM4F1_ev_read_292,naija-finetuned,We get mahala wey dey sell provisions for outside gate.,-inf,-inf,"[-15.676478385925293, -Infinity, -15.472506523132324, -18.994544982910156, -12.069087028503418, -20.18210792541504, -18.809738159179688, -12.028995513916016, -16.39217185974121, -16.621992111206055, -15.787825584411621, -16.355371475219727, -19.63341522216797, -11.342920303344727, -16.468975067138672]","[50259, 50360, 50364, 4360, 483, 29926, 5159, 321, 88, 368, 88, 3607, 25034, 337, 2380]",15,1.866,unknown
pcm_f_PM4F1_ev_read_319,naija-finetuned,Farmers need make government support dem make dem fit produce more food,-inf,-inf,"[-17.982040405273438, -Infinity, -21.843971252441406, -16.221763610839844, -20.63392448425293, -12.127174377441406, -14.908553123474121, -9.630897521972656, -14.818862915039062, -14.298038482666016, -12.475789070129395, -12.720696449279785, -14.642807960510254, -15.158592224121094, -14.719341278076172]","[50259, 50360, 50364, 37, 4452, 433, 643, 652, 2463, 1406, 1371, 652, 1371, 3318, 5258]",15,1.902,unknown
pcm_f_PM4F1_ev_read_420,naija-finetuned,Di main issue with organic food be sey e dey cost fast processed food.,-inf,-inf,"[-17.077524185180664, -Infinity, -22.492238998413086, -22.907636642456055, -15.412689208984375, -17.16625213623047, -16.34687614440918, -16.25742530822754, -18.659912109375, -19.782184600830078, -13.565276145935059, -12.924342155456543, -0.0012871085200458765, -11.724939346313477, -13.763792991638184, -13.603177070617676, -14.586773872375488, -15.57849407196045, -20.625011444091797]","[50259, 50360, 50364, 35, 72, 2135, 2734, 365, 10220, 1755, 312, 369, 88, 308, 368, 88, 2063, 2370, 18846]",19,2.027,unknown
pcm_f_PM4F1_ev_read_523,naija-finetuned,No over rely on pipo too much dem fit stain your white,-inf,-inf,"[-18.88459014892578, -Infinity, -16.070337295532227, -18.626266479492188, -16.35679054260254, -21.880680084228516, -13.105342864990234, -19.906570434570312, -15.281349182128906, -15.907343864440918, -13.835735321044922, -15.586006164550781, -12.886907577514648, -15.866068840026855]","[50259, 50360, 50364, 4540, 670, 10687, 322, 8489, 78, 886, 709, 1371, 3318, 16441]",14,1.868,unknown
pcm_f_PM4F3_ev_read_033,naija-finetuned,She be the friend wey I tell you sey I like.,-inf,-inf,"[-17.325727462768555, -Infinity, -23.500993728637695, -17.032114028930664, -12.140843391418457, -14.312847137451172, -19.445663452148438, -12.8149995803833, -13.128829002380371, -6.288804054260254, -18.54774284362793, -7.440829753875732, -13.44590950012207, -13.469815254211426, -13.812538146972656]","[50259, 50360, 50364, 9526, 312, 264, 1277, 321, 88, 286, 980, 291, 369, 88, 286]",15,1.836,unknown
pcm_f_PM4F3_ev_read_043,naija-finetuned,Your mother be my sister if I no side with her who I go side with?,-inf,-inf,"[-17.741806030273438, -Infinity, -19.970947265625, -20.8753662109375, -10.328407287597656, -10.562989234924316, -11.446635246276855, -17.336299896240234, -9.628957748413086, -12.947737693786621, -16.65846824645996, -16.15968132019043, -13.82030963897705, -16.12566375732422, -11.823049545288086, -13.568747520446777, -13.007026672363281, -20.9532470703125]","[50259, 50360, 50364, 17927, 2895, 312, 452, 4892, 498, 286, 572, 1252, 365, 720, 567, 286, 352, 1252]",18,2.028,unknown
pcm_f_PM4F3_ev_read_093,naija-finetuned,You fit carry the matter go meet lawyer so dat you fit get redress,-inf,-inf,"[-17.984609603881836, -Infinity, -16.362071990966797, -17.667314529418945, -16.24258041381836, -21.188228607177734, -11.939422607421875, -15.684813499450684, -9.71031665802002, -15.581092834472656, -19.482097625732422, -8.663028717041016, -15.375244140625, -11.255209922790527, -17.2512264251709, -17.11974334716797]","[50259, 50360, 50364, 3223, 3318, 3985, 264, 1871, 352, 1677, 11613, 370, 1137, 291, 3318, 483]",16,1.904,unknown
pcm_f_PM4F3_ev_read_146,naija-finetuned,Assess wetin di person dey ask for and if you dey capable to carry am,-inf,-inf,"[-16.873435974121094, -Infinity, -18.657146453857422, -20.119409561157227, -20.144859313964844, -16.103740692138672, -14.628254890441895, -14.363551139831543, -15.674956321716309, -16.659133911132812, -14.972338676452637, -12.50250244140625, -14.085655212402344, -14.444454193115234, -12.606447219848633, -7.596359729766846, -7.696793556213379, -15.8479642868042, -18.976930618286133, -15.22071647644043]","[50259, 50360, 50364, 20892, 442, 6630, 259, 1026, 954, 368, 88, 1029, 337, 293, 498, 291, 368, 88, 8189, 281]",20,2.057,unknown
pcm_f_PM4F3_ev_read_181,naija-finetuned,"I wan help Susan edit something, I go come back now.",-inf,-inf,"[-17.05945587158203, -Infinity, -19.795839309692383, -16.5869197845459, -13.952691078186035, -15.239465713500977, -17.994911193847656, -15.7250394821167, -16.845230102539062, -11.004316329956055, -13.784881591796875, -13.439024925231934, -16.422531127929688, -20.875186920166016]","[50259, 50360, 50364, 40, 46930, 854, 15160, 8129, 746, 11, 286, 352, 808, 646]",14,1.839,unknown
pcm_f_PM4F3_ev_read_342,naija-finetuned,How far my guy? I dey check on you well well today,-inf,-inf,"[-16.458568572998047, -Infinity, -19.981929779052734, -18.89423179626465, -15.857295989990234, -14.107376098632812, -16.237117767333984, -15.72364616394043, -13.969341278076172, -19.67228126525879, -13.06591796875, -17.415374755859375, -14.546344757080078, -14.501045227050781, -13.164783477783203]","[50259, 50360, 50364, 6462, 1400, 452, 2146, 30, 286, 368, 88, 1520, 322, 291, 731]",15,1.929,unknown
pcm_f_PM4F3_ev_read_388,naija-finetuned,My babe dey give me assurance sey he no go cheat on me.,-inf,-inf,"[-19.050521850585938, -Infinity, -18.312257766723633, -19.27361297607422, -18.67528533935547, -12.034366607666016, -17.170337677001953, -15.503902435302734, -20.476633071899414, -20.219253540039062, -14.758983612060547, -13.189931869506836, -15.000510215759277, -14.500600814819336, -15.750250816345215, -18.82341194152832, -19.062515258789062]","[50259, 50360, 50364, 8506, 24655, 368, 88, 976, 385, 32189, 369, 88, 415, 572, 352, 17470, 322]",17,1.964,unknown
pcm_f_PM4F3_ev_read_418,naija-finetuned,Person fit manage stress and emotion when im know imself,-inf,-inf,"[-15.10820484161377, -Infinity, -19.134021759033203, -17.830278396606445, -19.222564697265625, -21.844011306762695, -18.563329696655273, -17.50770378112793, -11.50273323059082, -17.746660232543945, -10.941109657287598, -12.051721572875977, -9.154329299926758]","[50259, 50360, 50364, 47, 3953, 3318, 3067, 4244, 293, 8913, 562, 566, 458]",13,1.843,unknown
pcm_f_PM4F3_ev_read_449,naija-finetuned,Socialize with different pipo so dat e go dey easy to fit get human feelings,-inf,-inf,"[-17.604785919189453, -Infinity, -17.913921356201172, -17.043476104736328, -16.21970558166504, -16.67026138305664, -16.851951599121094, -13.92330265045166, -18.306211471557617, -11.819498062133789, -10.203245162963867, -13.190550804138184, -7.968668460845947, -11.317684173583984, -13.500325202941895, -13.506841659545898, -19.95334815979004, -10.193208694458008, -11.87790298461914, -15.785815238952637]","[50259, 50360, 50364, 6455, 1013, 1125, 365, 819, 8489, 78, 370, 1137, 308, 352, 368, 88, 1858, 281, 3318, 483]",20,2.035,unknown
pcm_f_PM4F3_ev_read_492,naija-finetuned,"Na traditional moves dis guy dey display so o, e fit win.",-inf,-inf,"[-18.15802001953125, -Infinity, -18.584270477294922, -17.953672409057617, -17.129810333251953, -17.950897216796875, -11.454534530639648, -16.960796356201172, -15.355141639709473, -12.307400703430176, -18.312631607055664, -10.158716201782227, -9.504902839660645, -11.252640724182129, -18.46828269958496, -19.93751335144043]","[50259, 50360, 50364, 33824, 5164, 6067, 717, 2146, 368, 88, 4674, 370, 277, 11, 308, 3318]",16,1.864,unknown
pcm_f_PM4F3_ev_read_497,naija-finetuned,"Na my style to dance without planning, e dey give me joy well-well.",-inf,-inf,"[-18.388103485107422, -Infinity, -17.710657119750977, -21.938125610351562, -15.220892906188965, -14.645339965820312, -14.195332527160645, -18.497638702392578, -15.222681045532227, -19.81232452392578, -14.844565391540527, -13.789463996887207, -13.814166069030762, -15.438507080078125, -17.960155487060547, -15.29951286315918, -17.699247360229492, -16.53765106201172, -24.92190170288086]","[50259, 50360, 50364, 33824, 452, 3758, 281, 4489, 1553, 5038, 11, 308, 368, 88, 976, 385, 6258, 731, 12]",19,1.995,unknown
pcm_f_PM4F3_ev_read_538,naija-finetuned,Una small small contribution join together go help una achieve big thing,-inf,-inf,"[-16.58110237121582, -Infinity, -16.170127868652344, -15.746885299682617, -16.543458938598633, -14.073026657104492, -15.58076286315918, -20.397308349609375, -12.567811965942383, -13.70949649810791, -8.316405296325684, -15.561469078063965, -11.909143447875977, -16.07065200805664]","[50259, 50360, 50364, 52, 629, 1359, 1359, 13150, 3917, 1214, 352, 854, 2002, 4584]",14,1.904,unknown
pcm_f_PP1F1_ev_read_275,naija-finetuned,dem announce say dem close di bridge for repair so traffic dey heavy.,-inf,-inf,"[-16.64686393737793, -Infinity, -20.196382522583008, -6.14135217666626, -15.599963188171387, -12.207149505615234, -18.211790084838867, -13.940688133239746, -14.282166481018066, -17.476903915405273, -15.530996322631836, -19.659135818481445, -17.656681060791016, -14.244539260864258, -15.656740188598633, -17.125778198242188]","[50259, 50360, 50364, 10730, 7478, 584, 1371, 1998, 1026, 7283, 337, 10535, 370, 6419, 368, 88]",16,1.933,unknown
pcm_f_PP1F1_ev_read_290,naija-finetuned,Person fit lie down flat for bed as soon as im wake up,-inf,-inf,"[-17.43501091003418, -Infinity, -18.50493812561035, -19.897192001342773, -19.814861297607422, -13.353188514709473, -15.626155853271484, -15.876029968261719, -17.333890914916992, -17.543771743774414, -19.937747955322266, -12.626547813415527, -17.03123664855957, -16.52635383605957, -16.608827590942383]","[50259, 50360, 50364, 47, 3953, 3318, 4544, 760, 4962, 337, 2901, 382, 2321, 382, 566]",15,1.876,unknown
pcm_f_PP1F1_ev_read_317,naija-finetuned,"I dey turn my bodi from side to side, loosen my back and my neck.",-inf,-inf,"[-18.64326286315918, -Infinity, -19.9541015625, -16.235309600830078, -15.500312805175781, -13.33010482788086, -18.767324447631836, -12.570440292358398, -21.107629776000977, -18.718873977661133, -13.031492233276367, -16.51028823852539, -13.629419326782227, -18.937620162963867, -13.127888679504395, -20.781665802001953, -0.00022063204960431904, -10.905165672302246, -16.44047737121582, -15.500018119812012]","[50259, 50360, 50364, 40, 368, 88, 1261, 452, 16737, 72, 490, 1252, 281, 1252, 11, 26169, 452, 646, 293, 452]",20,2.028,unknown
pcm_f_PP1F1_ev_read_565,naija-finetuned,Obi tell me say he go try carry im children go see im mama grave,-inf,-inf,"[-17.468799591064453, -Infinity, -17.464656829833984, -19.578285217285156, -19.958065032958984, -15.474035263061523, -15.458476066589355, -11.3860445022583, -13.720694541931152, -12.642746925354004, -12.955126762390137, -18.766014099121094, -14.126205444335938, -16.788713455200195, -13.881941795349121, -15.633481979370117, -15.835044860839844]","[50259, 50360, 50364, 46, 5614, 980, 385, 584, 415, 352, 853, 3985, 566, 2227, 352, 536, 566]",17,1.927,unknown
pcm_f_PP1F1_ev_read_575,naija-finetuned,I go respect my papa take over im shrine wen I die,-inf,-inf,"[-18.623170852661133, -Infinity, -17.784217834472656, -17.81325912475586, -15.83835220336914, -19.266925811767578, -12.909454345703125, -18.23777961730957, -14.610800743103027, -16.189369201660156, -9.003190994262695, -20.560447692871094, -15.942770004272461]","[50259, 50360, 50364, 40, 352, 3104, 452, 31015, 747, 670, 566, 37812, 11472]",13,1.836,unknown
pcm_f_PP1F1_ev_read_597,naija-finetuned,I wan buy gift for my sister so I wan save for am,-inf,-inf,"[-17.73970603942871, -Infinity, -19.119749069213867, -17.170265197753906, -14.442242622375488, -15.875907897949219, -16.826948165893555, -12.116808891296387, -13.824416160583496, -18.762035369873047, -13.969873428344727, -12.813848495483398, -14.067713737487793, -18.13320541381836]","[50259, 50360, 50364, 40, 46930, 2256, 5306, 337, 452, 4892, 370, 286, 46930, 3155]",14,1.874,unknown
pcm_f_PP1F2_ev_read_083,naija-finetuned,Pipo still dey believe in di charms because na part of their religion and e dey work for dem,-inf,-inf,"[-17.2022762298584, -Infinity, -21.09766387939453, -19.15824317932129, -17.036365509033203, -13.564796447753906, -15.709610939025879, -15.062644004821777, -18.08690071105957, -15.926603317260742, -9.548787117004395, -14.075338363647461, -23.861072540283203, -10.878849029541016, -6.780580043792725, -12.567410469055176, -11.439483642578125, -17.09504508972168, -21.969928741455078, -17.938196182250977, -13.876072883605957, -15.063323974609375, -16.249788284301758, -14.049856185913086]","[50259, 50360, 50364, 47, 647, 78, 920, 368, 88, 1697, 294, 1026, 41383, 570, 1667, 644, 295, 641, 7561, 293, 308, 368, 88, 589]",24,2.17,unknown
pcm_f_PP1F2_ev_read_306,naija-finetuned,Na di tins my pastor dey teach na im dey make me to be beta pesin.,-inf,-inf,"[-17.339963912963867, -Infinity, -17.217077255249023, -18.68246078491211, -12.31387996673584, -13.381094932556152, -18.93996810913086, -17.066862106323242, -18.87699317932129, -16.94870948791504, -11.845499038696289, -15.165775299072266, -14.126410484313965, -12.289776802062988, -10.880914688110352, -15.85951042175293, -11.814549446105957, -12.75694465637207, -11.77857494354248, -18.36064910888672, -16.38919448852539, -17.531288146972656]","[50259, 50360, 50364, 33824, 1026, 256, 1292, 452, 21193, 368, 88, 2924, 1667, 566, 368, 88, 652, 385, 281, 312, 9861, 9262]",22,2.096,unknown
pcm_f_PP1F3_ev_read_137,naija-finetuned,Traditional healers no dey do test before treatment but before you take conventional medicine you go do test,-inf,-inf,"[-14.740694999694824, -Infinity, -16.528860092163086, -13.892285346984863, -23.72007179260254, -20.557125091552734, -20.39462661743164, -16.336711883544922, -12.063212394714355, -13.74038314819336, -15.625429153442383, -16.506362915039062, -17.21354103088379, -0.0009979988681152463, -16.94070053100586, -15.876483917236328, -14.710616111755371, -12.203280448913574, -13.852577209472656, -21.891536712646484, -17.689605712890625, -13.315853118896484, -15.252483367919922]","[50259, 50360, 50364, 51, 6206, 2628, 10526, 433, 572, 368, 88, 360, 1500, 949, 5032, 457, 949, 291, 747, 16011, 7195, 291, 352]",23,2.193,unknown
pcm_f_PP1F3_ev_read_341,naija-finetuned,If di talk na talk wey fit carry wahala come know as you go take shape your mouth talk am,-inf,-inf,"[-16.524229049682617, -Infinity, -18.997982025146484, -19.502227783203125, -9.93873119354248, -14.345802307128906, -16.062883377075195, -15.345357894897461, -15.438300132751465, -15.47181510925293, -23.04302978515625, -16.431249618530273, -18.386917114257812, -19.692062377929688, -10.664130210876465, -11.882384300231934, -14.290958404541016, -7.904888153076172, -11.140544891357422, -10.98897647857666, -14.9242525100708, -13.635796546936035, -19.642759323120117]","[50259, 50360, 50364, 8031, 1026, 751, 1667, 751, 321, 88, 3318, 3985, 31979, 5159, 808, 458, 382, 291, 352, 747, 3909, 428, 4525]",23,2.134,unknown
pcm_f_PP1F3_ev_read_512,naija-finetuned,We must prepare ourselves and communities for di changing weather patterns especially di extremes like heavy rainfall and heatwaves.,-inf,-inf,"[-17.555395126342773, -Infinity, -16.70774269104004, -17.866230010986328, -18.750526428222656, -18.34514617919922, -16.93791961669922, -15.150333404541016, -13.196770668029785, -13.613446235656738, -14.40949821472168, -16.419071197509766, -16.851680755615234, -18.783496856689453, -14.004765510559082, -12.126216888427734, -16.027490615844727, -10.377941131591797, -8.630294799804688, -15.373133659362793, -20.61444854736328, -18.643896102905273, -16.375211715698242]","[50259, 50360, 50364, 4360, 1633, 5940, 4175, 293, 4456, 337, 1026, 4473, 5503, 8294, 2318, 1026, 41119, 411, 4676, 29382, 293, 3738, 86]",23,2.157,unknown
pcm_f_PP1F3_ev_read_514,naija-finetuned,"We must prioritize di health and well-being of our community members by providing access to medical care, food and shelter.",-inf,-inf,"[-16.607614517211914, -Infinity, -13.496685981750488, -17.14651107788086, -16.812349319458008, -22.801074981689453, -13.143404960632324, -13.318831443786621, -15.148995399475098, -16.189165115356445, -18.56466293334961, -17.075546264648438, -10.188456535339355, -15.062972068786621, -16.126693725585938, -14.845023155212402, -12.312743186950684, -15.378623008728027, -13.846105575561523, -12.45137882232666, -13.410271644592285, -17.6373233795166, -14.375346183776855, -15.446708679199219, -17.9376220703125]","[50259, 50360, 50364, 4360, 1633, 25164, 1026, 1585, 293, 731, 12, 13054, 295, 527, 1768, 2679, 538, 6530, 2105, 281, 4625, 1127, 11, 1755, 293]",25,2.19,unknown
pcm_f_PP1F3_ev_read_600,naija-finetuned,Di course coordinator go contact me about di volunteer work for di cultural festival.,-inf,-inf,"[-14.744916915893555, -Infinity, -14.410072326660156, -13.123641967773438, -14.970902442932129, -16.269813537597656, -21.03152847290039, -9.192615509033203, -16.858829498291016, -12.759295463562012, -19.156713485717773, -13.125872611999512, -16.76349639892578, -14.44601821899414, -15.626031875610352, -15.588604927062988, -20.031269073486328]","[50259, 50360, 50364, 35, 72, 1164, 27394, 352, 3385, 385, 466, 1026, 13835, 589, 337, 1026, 6988]",17,1.911,unknown
pcm_f_PP2F1_ev_read_036,naija-finetuned,I dey come make I go buy medicine my head dey pain me,-inf,-inf,"[-18.048715591430664, -Infinity, -20.525846481323242, -16.4797420501709, -9.278701782226562, -14.660774230957031, -12.001029014587402, -10.567620277404785, -15.90990924835205, -14.668469429016113, -20.180761337280273, -17.95708465576172, -17.46889305114746, -15.219990730285645, -13.876072883605957, -15.051009178161621]","[50259, 50360, 50364, 40, 368, 88, 808, 652, 286, 352, 2256, 7195, 452, 1378, 368, 88]",16,1.968,unknown
pcm_f_PP2F1_ev_read_055,naija-finetuned,Make you find pesin wey you fit tok to if di pressure dey too much.,-inf,-inf,"[-18.049909591674805, -Infinity, -18.132213592529297, -20.552627563476562, -19.50111961364746, -16.320598602294922, -20.062681198120117, -14.33293342590332, -13.469962120056152, -15.193785667419434, -14.06313705444336, -12.770873069763184, -16.129276275634766, -12.536271095275879, -13.256726264953613, -13.25684928894043, -18.021326065063477, -15.906990051269531, -16.77450942993164, -17.31252098083496]","[50259, 50360, 50364, 35650, 291, 915, 9262, 259, 321, 88, 291, 3318, 19164, 281, 498, 1026, 3321, 368, 88, 886]",20,2.036,unknown
pcm_f_PP2F1_ev_read_107,naija-finetuned,"Na small tin dey vex me, na why I no wan tok.",-inf,-inf,"[-18.16115379333496, -Infinity, -17.100797653198242, -20.55074691772461, -22.178770065307617, -22.297033309936523, -19.442380905151367, -16.281343460083008, -14.874757766723633, -19.064775466918945, -11.476663589477539, -14.56350326538086, -10.5170259475708, -14.6654691696167, -14.253188133239746, -16.573162078857422, -19.78127098083496]","[50259, 50360, 50364, 33824, 1359, 15935, 368, 88, 1241, 87, 385, 11, 1667, 983, 286, 572, 46930]",17,1.94,unknown
pcm_f_PP2F1_ev_read_149,naija-finetuned,I teach my sista how she go dey use niddle and thread stitch her cloth,-inf,-inf,"[-17.995271682739258, -Infinity, -22.094194412231445, -16.6942195892334, -17.087194442749023, -12.375958442687988, -11.564112663269043, -19.12328338623047, -18.16379737854004, -17.381166458129883, -11.68862533569336, -13.832656860351562, -14.068426132202148, -17.06441307067871, -5.87935733795166, -14.300344467163086, -15.050652503967285, -11.129932403564453, -15.224343299865723, -15.321555137634277]","[50259, 50360, 50364, 40, 2924, 452, 262, 5236, 577, 750, 352, 368, 88, 764, 297, 327, 2285, 293, 7207, 5635]",20,2.069,unknown
pcm_f_PP2F1_ev_read_206,naija-finetuned,E go better if we make announcement on how people go dey take care of their mental health.,-inf,-inf,"[-16.354331970214844, -Infinity, -18.17282485961914, -17.87612533569336, -15.625898361206055, -16.043424606323242, -13.224868774414062, -14.68960189819336, -15.750320434570312, -20.974042892456055, -16.937740325927734, -17.362707138061523, -18.483415603637695, -13.188289642333984, -16.187774658203125, -18.15388298034668, -12.100226402282715, -11.883305549621582, -12.815701484680176, -10.997740745544434, -16.62521743774414]","[50259, 50360, 50364, 36, 352, 1101, 498, 321, 652, 12847, 322, 577, 561, 352, 368, 88, 747, 1127, 295, 641, 4973]",21,2.073,unknown
pcm_f_PP2F1_ev_read_259,naija-finetuned,"I just dey surprised as Adia dey take distance oo, she dey tak am well.",-inf,-inf,"[-16.362524032592773, -Infinity, -17.14967155456543, -16.173749923706055, -12.5481595993042, -18.03229522705078, -14.609949111938477, -14.174540519714355, -15.78451919555664, -19.471134185791016, -21.886499404907227, -9.007926940917969, -14.333680152893066, -14.523527145385742, -19.115612030029297, -16.50258445739746, -13.625731468200684, -10.87893295288086, -13.65960693359375, -15.8157958984375, -15.584644317626953, -16.56256103515625]","[50259, 50360, 50364, 40, 445, 368, 88, 6100, 382, 1999, 654, 368, 88, 747, 4560, 32685, 11, 750, 368, 88, 991, 669]",22,2.11,unknown
pcm_f_PP2F1_ev_read_369,naija-finetuned,Na only parent go understand dis kind of happiness wey dis pikin dey give.,-inf,-inf,"[-17.51801300048828, -Infinity, -16.82992172241211, -22.46980094909668, -13.173909187316895, -18.6656436920166, -13.707636833190918, -18.282413482666016, -16.790904998779297, -18.019784927368164, -15.250065803527832, -18.86973762512207, -13.264827728271484, -18.3751220703125, -10.890023231506348, -18.633651733398438, -19.750530242919922, -19.916318893432617, -21.093759536743164]","[50259, 50360, 50364, 33824, 787, 2596, 352, 1223, 717, 733, 295, 8324, 321, 88, 717, 49928, 259, 368, 88]",19,2.007,unknown
pcm_f_PP2F1_ev_read_512,naija-finetuned,Make we understand sey everybodi get different way dem dey do tins.,-inf,-inf,"[-16.80440902709961, -Infinity, -16.139463424682617, -16.765092849731445, -14.9390230178833, -15.022915840148926, -16.811555862426758, -17.434858322143555, -15.475104331970215, -16.61896324157715, -16.67969512939453, -11.389277458190918, -15.430119514465332, -14.507903099060059, -17.782054901123047, -13.844989776611328, -21.71489715576172, -12.95029067993164, -16.375032424926758]","[50259, 50360, 50364, 35650, 321, 1223, 369, 88, 633, 65, 30727, 483, 819, 636, 1371, 368, 88, 360, 256]",19,2.009,unknown
pcm_f_PP2F1_ev_read_598,naija-finetuned,You suppose dey tell your friends how dem fit protect environment.,-inf,-inf,"[-18.4383544921875, -Infinity, -20.56651496887207, -17.15530014038086, -18.625335693359375, -17.683433532714844, -16.785268783569336, -15.50039005279541, -13.518603324890137, -16.969953536987305, -14.066362380981445, -13.71235466003418, -17.128328323364258, -20.781293869018555]","[50259, 50360, 50364, 3223, 7297, 368, 88, 980, 428, 1855, 577, 1371, 3318, 2371]",14,1.913,unknown
pcm_f_PP3F1_ev_read_035,naija-finetuned,nature works and staying immature dey encourage healthy living.,-inf,-inf,"[-14.716723442077637, -Infinity, -14.251437187194824, -12.064818382263184, -18.423465728759766, -16.1219482421875, -13.663463592529297, -19.219566345214844, -19.20302391052246, -12.907639503479004, -14.939630508422852, -16.197324752807617, -12.750571250915527]","[50259, 50360, 50364, 77, 1503, 1985, 293, 7939, 49539, 368, 88, 5373, 4627]",13,1.852,unknown
pcm_f_PP3F1_ev_read_112,naija-finetuned,You go come di street party later abi you no go come?,-inf,-inf,"[-17.945104598999023, -Infinity, -17.52191925048828, -18.470645904541016, -15.532601356506348, -15.192151069641113, -16.55885124206543, -15.908940315246582, -21.3997745513916, -16.209239959716797, -19.220020294189453, -11.377175331115723, -16.572650909423828, -17.406387329101562]","[50259, 50360, 50364, 3223, 352, 808, 1026, 4838, 3595, 1780, 17905, 291, 572, 352]",14,1.849,unknown
pcm_f_PP3F1_ev_read_171,naija-finetuned,We dey wear fine wrapper go our new yam festival.,-inf,-inf,"[-18.072694778442383, -Infinity, -22.159170150756836, -13.814188957214355, -13.283235549926758, -18.123016357421875, -14.632560729980469, -21.09565544128418, -16.920589447021484, -15.245451927185059, -20.2193603515625, -15.97085189819336, -15.373503684997559, -22.00002098083496]","[50259, 50360, 50364, 4360, 368, 88, 3728, 2489, 46906, 352, 527, 777, 288, 335]",14,1.846,unknown
pcm_f_PP3F1_ev_read_252,naija-finetuned,If you de drive make sure say you wear your seat belt,-inf,-inf,"[-17.725887298583984, -Infinity, -21.06526756286621, -17.584768295288086, -8.286836624145508, -13.62582015991211, -15.349358558654785, -12.877968788146973, -14.22241497039795, -12.818010330200195, -13.039787292480469, -16.037683486938477, -14.103320121765137]","[50259, 50360, 50364, 8031, 291, 368, 3332, 652, 988, 584, 291, 3728, 428]",13,1.874,unknown
pcm_f_PP3F1_ev_read_336,naija-finetuned,In this age e de important for persin to take advantage of di online space,-inf,-inf,"[-18.49692726135254, -Infinity, -18.306819915771484, -18.799989700317383, -18.156635284423828, -14.744269371032715, -19.281587600708008, -15.010381698608398, -20.95844268798828, -10.125375747680664, -18.456117630004883, -18.016313552856445, -10.1265869140625, -17.008153915405273, -15.439533233642578, -11.728590965270996, -16.40220832824707]","[50259, 50360, 50364, 4575, 341, 3205, 308, 368, 1021, 337, 868, 259, 281, 747, 5002, 295, 1026]",17,1.982,unknown
pcm_f_PP3F1_ev_read_509,naija-finetuned,"As price of food dey increase, I dey buy only di ones wey my moni reach.",-inf,-inf,"[-18.628633499145508, -Infinity, -21.897014617919922, -18.99818229675293, -15.940550804138184, -15.882736206054688, -18.923837661743164, -12.539507865905762, -16.691070556640625, -17.004669189453125, -19.906274795532227, -12.564372062683105, -15.53209114074707, -15.2976713180542, -19.03420639038086, -15.613322257995605, -18.65627098083496, -18.62623405456543, -13.381044387817383, -10.626644134521484, -13.313285827636719, -19.831079483032227, -18.687515258789062]","[50259, 50360, 50364, 10884, 3218, 295, 1755, 368, 88, 3488, 11, 286, 368, 88, 2256, 787, 1026, 2306, 321, 88, 452, 1108, 72]",23,2.105,unknown
pcm_f_PP3F1_ev_read_594,naija-finetuned,"If we really love somebody, e dey good to let am know",-inf,-inf,"[-18.105289459228516, -Infinity, -18.680898666381836, -16.06551742553711, -11.798442840576172, -16.497665405273438, -18.2630672454834, -18.81538963317871, -15.474817276000977, -11.943572044372559, -10.8759765625, -15.53223705291748, -16.551149368286133, -10.07596492767334, -15.064491271972656]","[50259, 50360, 50364, 8031, 321, 534, 959, 2618, 11, 308, 368, 88, 665, 281, 718]",15,1.901,unknown
pcm_f_PS1F1_ev_read_120,naija-finetuned,To buy foodstuff for our house na one big responsibility dey give me.,-inf,-inf,"[-17.858150482177734, -Infinity, -15.069320678710938, -15.90683364868164, -14.132701873779297, -10.520817756652832, -17.470232009887695, -18.083431243896484, -10.253011703491211, -14.625627517700195, -16.73006820678711, -15.253177642822266, -12.523845672607422, -14.977898597717285, -21.977128982543945, -15.938061714172363, -18.472047805786133, -19.062509536743164]","[50259, 50360, 50364, 13342, 2256, 1755, 372, 1245, 337, 527, 1782, 1667, 472, 955, 6357, 368, 88, 976]",18,1.974,unknown
pcm_f_PS1F1_ev_read_224,naija-finetuned,Make sure say you de polite when you de address di issue,-inf,-inf,"[-17.41872215270996, -Infinity, -17.803905487060547, -17.596696853637695, -16.173782348632812, -14.036077499389648, -11.48131275177002, -11.316097259521484, -20.789487838745117, -12.172975540161133, -13.140645027160645, -12.125678062438965, -17.277935028076172]","[50259, 50360, 50364, 35650, 988, 584, 291, 368, 25171, 562, 291, 368, 2985]",13,1.838,unknown
pcm_f_PS1F1_ev_read_394,naija-finetuned,"No be every matter need serious approach, you fit use joke tell di person",-inf,-inf,"[-18.00449562072754, -Infinity, -17.114788055419922, -16.238666534423828, -12.600050926208496, -16.377321243286133, -14.970426559448242, -11.861296653747559, -17.91293716430664, -18.194278717041016, -12.81643295288086, -10.804272651672363, -17.719758987426758, -16.170265197753906, -17.963714599609375, -17.447967529296875]","[50259, 50360, 50364, 4540, 312, 633, 1871, 643, 3156, 3109, 11, 291, 3318, 764, 7647, 980]",16,1.948,unknown
pcm_f_PS1F1_ev_read_472,naija-finetuned,To de check up on friends regularly go make you know who you go trust,-inf,-inf,"[-19.254098892211914, -Infinity, -17.737852096557617, -21.27937126159668, -15.127031326293945, -15.10747241973877, -13.458582878112793, -15.470047950744629, -18.38267707824707, -17.954010009765625, -9.377574920654297, -14.04317569732666, -0.0035227404441684484, -12.383895874023438, -14.504108428955078, -10.491387367248535]","[50259, 50360, 50364, 13342, 368, 1520, 493, 322, 1855, 11672, 352, 652, 291, 458, 567, 291]",16,1.936,unknown
pcm_f_PS1F1_ev_read_546,naija-finetuned,I don dey tink about di lifestyle wey I suppose change dis year.,-inf,-inf,"[-18.378808975219727, -Infinity, -17.134614944458008, -16.283153533935547, -12.341116905212402, -16.23779296875, -20.251577377319336, -9.436116218566895, -20.393611907958984, -16.50371742248535, -18.687517166137695, -21.395851135253906, -10.844114303588867, -15.160499572753906, -14.128294944763184, -16.78855323791504, -17.863544464111328, -20.937503814697266]","[50259, 50360, 50364, 40, 500, 368, 88, 256, 475, 466, 1026, 11716, 321, 88, 286, 7297, 1319, 717]",18,1.934,unknown
pcm_f_PS1F3_ev_read_036,naija-finetuned,"Pesin culture dey show am e origin, where e come from.",-inf,-inf,"[-15.174196243286133, -Infinity, -15.217741012573242, -15.788159370422363, -21.359569549560547, -18.35628890991211, -13.327796936035156, -5.263141632080078, -14.31277084350586, -16.4163761138916, -9.049760818481445, -18.926441192626953, -12.686721801757812, -15.534085273742676, -12.414985656738281, -16.375022888183594]","[50259, 50360, 50364, 47, 40697, 3713, 368, 88, 855, 669, 308, 4957, 11, 689, 308, 808]",16,1.908,unknown
pcm_f_PS1F3_ev_read_442,naija-finetuned,"My problem be sey she too dey drink, anywhere with anybody.",-inf,-inf,"[-14.991878509521484, -Infinity, -21.58759117126465, -18.235219955444336, -22.60173225402832, -13.689870834350586, -16.695898056030273, -15.438730239868164, -14.766136169433594, -16.377225875854492, -14.47110652923584, -16.24668312072754, -14.839594841003418, -5.517171859741211, -16.75291633605957, -15.125051498413086]","[50259, 50360, 50364, 8506, 1154, 312, 369, 88, 750, 886, 368, 88, 2822, 11, 4992, 365]",16,1.936,unknown
pcm_f_PS1F3_ev_read_465,naija-finetuned,o boy! na so i catch my sister for club but she no drink anyhow sha.,-inf,-inf,"[-15.871294975280762, -Infinity, -17.40797996520996, -15.863306999206543, -17.126388549804688, -15.065338134765625, -15.465895652770996, -14.12519645690918, -11.45718765258789, -14.848333358764648, -11.723949432373047, -17.893611907958984, -12.62574291229248, -17.773670196533203, -12.072264671325684, -17.58637809753418, -8.254180908203125, -14.62705135345459, -18.031404495239258]","[50259, 50360, 50364, 78, 3237, 0, 1667, 370, 741, 3745, 452, 4892, 337, 6482, 457, 750, 572, 2822, 44995]",19,2.007,unknown
pcm_f_PS2F1_ev_read_118,naija-finetuned,Dem fit use music and dance do their protest like fela kuti for Nigeria,-inf,-inf,"[-16.929712295532227, -Infinity, -19.367971420288086, -21.22793197631836, -18.095264434814453, -18.21954345703125, -14.880764961242676, -14.631861686706543, -13.843984603881836, -12.438247680664062, -10.628833770751953, -12.543702125549316, -16.7263240814209, -11.872919082641602, -17.87653160095215, -18.004966735839844, -13.300537109375, -18.53455924987793]","[50259, 50360, 50364, 35, 443, 3318, 764, 1318, 293, 4489, 360, 641, 11281, 411, 283, 4053, 350, 29161]",18,1.999,unknown
pcm_f_PS2F2_ev_read_026,naija-finetuned,Na past experience reflection dey help me make beta decisions now.,-inf,-inf,"[-14.902612686157227, -Infinity, -16.178356170654297, -17.413311004638672, -19.695615768432617, -18.43804359436035, -19.789798736572266, -13.312862396240234, -16.83984375, -12.85297966003418, -11.360881805419922, -13.788113594055176, -21.28459358215332, -20.593782424926758]","[50259, 50360, 50364, 33824, 1791, 1752, 12914, 368, 88, 854, 385, 652, 9861, 5327]",14,1.835,unknown
pcm_f_PS2F2_ev_read_313,naija-finetuned,"My sister dey work hard, she tell me say her goal na to be a billionaire.",-inf,-inf,"[-17.744373321533203, -Infinity, -21.050582885742188, -21.156686782836914, -19.758655548095703, -16.92292594909668, -13.039053916931152, -15.78482723236084, -15.929025650024414, -15.437589645385742, -9.849213600158691, -19.26088523864746, -16.113025665283203, -14.661331176757812, -15.313445091247559, -19.165077209472656, -13.63309097290039, -10.582292556762695, -15.708792686462402, -17.250022888183594]","[50259, 50360, 50364, 8506, 4892, 368, 88, 589, 1152, 11, 750, 980, 385, 584, 720, 3387, 1667, 281, 312, 257]",20,2.059,unknown
pcm_f_PT1F1_ev_read_494,naija-finetuned,I don get job for dat company I tell you about.,-inf,-inf,"[-17.574193954467773, -Infinity, -18.899442672729492, -16.318166732788086, -14.628340721130371, -14.243144989013672, -14.004097938537598, -12.946562767028809, -15.660442352294922, -16.16000747680664, -12.750833511352539, -15.307188034057617, -19.000043869018555]","[50259, 50360, 50364, 40, 500, 483, 1691, 337, 1137, 2237, 286, 980, 291]",13,1.799,unknown
pcm_f_PT1F1_ev_read_563,naija-finetuned,to dey capture candid moments dey help families remember childhood beauty.,-inf,-inf,"[-18.12276268005371, -Infinity, -17.86992835998535, -17.74388313293457, -11.431602478027344, -9.02450942993164, -17.62681007385254, -21.688310623168945, -16.741262435913086, -12.697013854980469, -15.902578353881836, -18.063074111938477, -15.189238548278809, -12.910202026367188, -14.125862121582031]","[50259, 50360, 50364, 1353, 368, 88, 7983, 6268, 6065, 368, 88, 854, 4466, 1604, 9278]",15,1.901,unknown
pcm_f_PT1F2_ev_read_256,naija-finetuned,I dey meditate on di word of God and how I fit apply am in my life.,-inf,-inf,"[-18.383695602416992, -Infinity, -20.431652069091797, -16.70377540588379, -14.125215530395508, -15.895939826965332, -18.216955184936523, -10.626201629638672, -12.14461898803711, -19.31668472290039, -11.500553131103516, -14.074402809143066, -14.375946044921875, -15.781943321228027, -7.707337379455566, -12.52355670928955, -15.693904876708984, -12.440939903259277, -13.757720947265625, -13.188254356384277]","[50259, 50360, 50364, 40, 368, 88, 29989, 322, 1026, 1349, 295, 1265, 293, 577, 286, 3318, 3079, 669, 294, 452]",20,1.992,unknown
pcm_f_PT1F2_ev_read_280,naija-finetuned,My morning no go complete without reflecting on God's grace in my life.,-inf,-inf,"[-19.046356201171875, -Infinity, -22.265769958496094, -18.243494033813477, -16.84305191040039, -16.62641143798828, -15.959219932556152, -19.34442138671875, -14.321494102478027, -12.206682205200195, -15.443382263183594, -14.564369201660156, -18.25045394897461, -17.002151489257812, -14.584717750549316, -13.906517028808594]","[50259, 50360, 50364, 8506, 2446, 572, 352, 3566, 1553, 23543, 322, 1265, 311, 10042, 294, 452]",16,1.929,unknown
pcm_f_PT1F2_ev_read_448,naija-finetuned,I dey start my day with some yoga to help me wake up.,-inf,-inf,"[-16.95801544189453, -Infinity, -21.1195068359375, -16.54766082763672, -11.188913345336914, -16.662343978881836, -15.51511287689209, -11.6897611618042, -15.205296516418457, -9.0018892288208, -13.358527183532715, -18.125669479370117, -9.29705810546875, -13.81345272064209, -16.008285522460938, -15.625056266784668]","[50259, 50360, 50364, 40, 368, 88, 722, 452, 786, 365, 512, 15128, 281, 854, 385, 6634]",16,1.864,unknown
pcm_f_PT1F2_ev_read_499,naija-finetuned,"I dey sweep and arrange the kitchen before I leave house, so no wahala.",-inf,-inf,"[-18.347745895385742, -Infinity, -19.57674217224121, -14.920507431030273, -15.18807601928711, -14.126299858093262, -19.361360549926758, -12.535480499267578, -20.579309463500977, -13.321544647216797, -19.789901733398438, -14.474869728088379, -11.46915340423584, -16.303791046142578, -19.59564781188965, -10.314888000488281, -22.176828384399414, -14.796924591064453, -21.781274795532227]","[50259, 50360, 50364, 40, 368, 88, 22169, 293, 9424, 264, 6525, 949, 286, 1856, 1782, 11, 370, 572, 31979]",19,1.958,unknown
pcm_f_PT1F2_ev_read_583,naija-finetuned,"If elders plant tree, na we go sit under di shade.",-inf,-inf,"[-16.421878814697266, -Infinity, -15.425880432128906, -19.535802841186523, -21.038761138916016, -17.129131317138672, -14.129412651062012, -16.158889770507812, -14.564055442810059, -12.441367149353027, -12.403483390808105, -16.911102294921875, -16.218101501464844, -19.500152587890625]","[50259, 50360, 50364, 8031, 22737, 3709, 4230, 11, 1667, 321, 352, 1394, 833, 1026]",14,1.798,unknown
pcm_f_PT1F3_ev_read_423,naija-finetuned,Na natural cleaning products we dey use wen we wan reduce waste.,-inf,-inf,"[-17.353090286254883, -Infinity, -17.48503875732422, -17.274011611938477, -18.563804626464844, -20.11223602294922, -16.472026824951172, -10.500822067260742, -14.313553810119629, -12.816408157348633, -11.531506538391113, -17.059967041015625, -8.126638412475586, -19.41645622253418, -18.40631103515625]","[50259, 50360, 50364, 33824, 3303, 8924, 3383, 321, 368, 88, 764, 11472, 321, 46930, 5407]",15,1.829,unknown
pcm_f_PT1F3_ev_read_482,naija-finetuned,You fit use gas cooker instead of electric stove to save light.,-inf,-inf,"[-17.4902286529541, -Infinity, -19.58769416809082, -16.630678176879883, -16.881967544555664, -15.375364303588867, -13.813590049743652, -15.773906707763672, -13.572186470031738, -11.632458686828613, -19.958293914794922, -16.568553924560547, -9.514800071716309, -18.1251220703125]","[50259, 50360, 50364, 3223, 3318, 764, 4211, 31476, 2602, 295, 5210, 19263, 281, 3155]",14,1.839,unknown
pcm_f_PT1F4_ev_read_147,naija-finetuned,I don dey save moni wey I go use build new house for my papa.,-inf,-inf,"[-17.224773406982422, -Infinity, -15.745683670043945, -15.691704750061035, -13.626235961914062, -14.476761817932129, -9.511445045471191, -17.182308197021484, -20.250347137451172, -15.688800811767578, -13.78205394744873, -12.411154747009277, -11.973703384399414, -12.920671463012695, -10.571537971496582, -17.095413208007812, -12.626900672912598, -14.105520248413086, -11.838637351989746, -13.937602043151855]","[50259, 50360, 50364, 40, 500, 368, 88, 3155, 1108, 72, 321, 88, 286, 352, 764, 1322, 777, 1782, 337, 452]",20,1.996,unknown
pcm_f_PT1F4_ev_read_417,naija-finetuned,"Dis thing still dey shock me, say some people dey turn to cat go scratch people for dream",-inf,-inf,"[-16.959842681884766, -Infinity, -18.632816314697266, -19.55795669555664, -16.927745819091797, -16.723543167114258, -16.37506866455078, -13.369044303894043, -17.827167510986328, -14.003046035766602, -12.650840759277344, -10.578641891479492, -18.2589111328125, -18.63558578491211, -13.285151481628418, -12.951034545898438, -16.48708152770996, -13.189247131347656, -13.926568031311035, -11.439404487609863, -19.75994873046875, -15.1133451461792]","[50259, 50360, 50364, 38742, 551, 920, 368, 88, 5588, 385, 11, 584, 512, 561, 368, 88, 1261, 281, 3857, 352, 8459, 561]",22,2.161,unknown
pcm_f_PT1F4_ev_read_434,naija-finetuned,How you fit handle di situation when someone dey accuse another person of using juju?,-inf,-inf,"[-13.327696800231934, -Infinity, -18.34048843383789, -20.55506706237793, -10.50804615020752, -13.92890453338623, -16.9138240814209, -7.638854503631592, -18.692100524902344, -17.723079681396484, -16.389434814453125, -11.633905410766602, -14.715949058532715, -18.952329635620117, -14.4103422164917, -13.75167465209961, -16.030317306518555, -17.125417709350586, -16.668338775634766]","[50259, 50360, 50364, 6462, 291, 3318, 4813, 1026, 2590, 562, 1580, 368, 88, 43610, 1071, 954, 295, 1228, 3649]",19,2.031,unknown
pcm_f_PT1F4_ev_read_534,naija-finetuned,I fit balance am by recognising di humanity and imperfections for di role model and focus on di positive qualities.,-inf,-inf,"[-17.39984130859375, -Infinity, -17.31385040283203, -19.09465980529785, -19.031719207763672, -16.5426082611084, -12.732633590698242, -14.44235897064209, -15.553939819335938, -18.594905853271484, -9.013082504272461, -15.586339950561523, -8.88200569152832, -18.844953536987305, -18.425264358520508, -15.418412208557129, -14.501014709472656, -16.487363815307617, -17.282554626464844, -15.095704078674316, -12.509378433227539, -15.315386772155762, -8.979028701782227, -16.437957763671875]","[50259, 50360, 50364, 40, 3318, 4772, 669, 538, 3068, 3436, 1026, 10243, 293, 26714, 626, 337, 1026, 3090, 2316, 293, 1879, 322, 1026, 3353]",24,2.126,unknown
pcm_f_PT1F4_ev_read_542,naija-finetuned,"I fit look up to local success stories by reading their stories, lis ten  to their challenges and learn from dem.",-inf,-inf,"[-15.198312759399414, -Infinity, -17.399871826171875, -17.943519592285156, -18.063411712646484, -12.224215507507324, -13.877097129821777, -11.750590324401855, -18.87563705444336, -18.953487396240234, -15.056943893432617, -17.502025604248047, -17.283052444458008, -13.46387004852295, -18.625608444213867, -12.25821590423584, -20.297029495239258, -16.195526123046875, -13.78217887878418, -10.663686752319336, -13.192078590393066, -17.12765121459961, -12.169159889221191, -17.661529541015625, -16.187597274780273]","[50259, 50360, 50364, 40, 3318, 574, 493, 281, 2654, 2245, 3676, 538, 3760, 641, 3676, 11, 32670, 2064, 220, 281, 641, 4759, 293, 1466, 490]",25,2.191,unknown
pcm_f_PT2F1_ev_read_146,naija-finetuned,i dey make sure say i chop food wey get all the nutrient.,-inf,-inf,"[-17.290950775146484, -Infinity, -23.0241641998291, -15.191399574279785, -12.31289005279541, -13.542231559753418, -13.50133991241455, -14.136212348937988, -16.30168914794922, -13.799798011779785, -21.42206573486328, -16.347454071044922, -12.379390716552734, -13.927350997924805, -8.452569007873535, -9.827057838439941, -9.064766883850098]","[50259, 50360, 50364, 72, 368, 88, 652, 988, 584, 741, 7931, 1755, 321, 88, 483, 439, 264]",17,1.935,unknown
pcm_f_PT2F1_ev_read_256,naija-finetuned,My quiet time na wen I dey read my book or just dey tink alone.,-inf,-inf,"[-18.52573585510254, -Infinity, -20.918622970581055, -19.744365692138672, -19.95679473876953, -17.658979415893555, -11.941436767578125, -21.66868019104004, -13.408421516418457, -14.563511848449707, -13.944622039794922, -17.748401641845703, -11.323299407958984, -16.801664352416992, -19.03147315979004, -11.847077369689941, -15.907913208007812, -16.528085708618164, -16.08540916442871, -23.218761444091797]","[50259, 50360, 50364, 8506, 5677, 565, 1667, 11472, 286, 368, 88, 1401, 452, 1446, 420, 445, 368, 88, 256, 475]",20,2.032,unknown
pcm_f_PT2F1_ev_read_267,naija-finetuned,My sister I just sit down dey think of all the good good things you dey do,-inf,-inf,"[-15.11041259765625, -Infinity, -13.49206829071045, -16.230165481567383, -13.858959197998047, -12.340902328491211, -10.967216491699219, -18.360225677490234, -15.688666343688965, -13.25800609588623, -14.190296173095703, -13.634800910949707, -9.39787769317627, -13.368709564208984, -8.029319763183594, -13.171924591064453, -12.196195602416992, -17.32150650024414, -11.563472747802734, -14.303518295288086]","[50259, 50360, 50364, 8506, 4892, 286, 445, 1394, 760, 368, 88, 519, 295, 439, 264, 665, 665, 721, 291, 368]",20,2.095,unknown
pcm_f_PT2F1_ev_read_307,naija-finetuned,"Na di sound of di gunshot wake me, now I don dey get headache.",-inf,-inf,"[-16.242305755615234, -Infinity, -15.01231575012207, -20.28385353088379, -0.007348294369876385, -14.34718132019043, -13.842011451721191, -13.12320613861084, -18.033098220825195, -21.40227699279785, -16.016324996948242, -13.446640014648438, -11.440293312072754, -8.710317611694336, -14.633038520812988, -12.970741271972656, -17.93071746826172, -21.462230682373047, -18.437549591064453]","[50259, 50360, 50364, 33824, 1026, 1626, 295, 1026, 3874, 18402, 6634, 385, 11, 586, 286, 500, 368, 88, 483]",19,1.966,unknown
pcm_f_PT2F1_ev_read_331,naija-finetuned,"Uncle good afternoon o, e no good as you forget us for here",-inf,-inf,"[-18.430757522583008, -Infinity, -16.4710636138916, -17.347856521606445, -15.730657577514648, -11.978102684020996, -15.886402130126953, -13.751498222351074, -12.569706916809082, -11.883370399475098, -12.274479866027832, -13.390358924865723, -8.566664695739746, -12.040977478027344, -17.81362533569336, -14.848413467407227]","[50259, 50360, 50364, 12405, 2160, 665, 6499, 277, 11, 308, 572, 665, 382, 291, 2870, 505]",16,1.934,unknown
pcm_f_PT2F1_ev_read_389,naija-finetuned,"I wake up with joy, e be like sey today go beta pass yesterday.",-inf,-inf,"[-14.079973220825195, -Infinity, -19.81549072265625, -13.439422607421875, -16.657560348510742, -15.954559326171875, -14.765419006347656, -16.627912521362305, -12.063505172729492, -12.36485767364502, -18.796953201293945, -12.223479270935059, -13.063756942749023, -15.445357322692871, -16.54180145263672, -15.243014335632324, -18.22042465209961, -18.968902587890625]","[50259, 50360, 50364, 40, 6634, 493, 365, 6258, 11, 308, 312, 411, 369, 88, 965, 352, 9861, 1320]",18,1.935,unknown
pcm_f_PT2F1_ev_read_483,naija-finetuned,I dey check all my WhatsApp messages before I sleep for night.,-inf,-inf,"[-17.61859703063965, -Infinity, -19.154314041137695, -17.156740188598633, -16.12692642211914, -15.813549041748047, -13.999980926513672, -15.314244270324707, -17.969100952148438, -19.316364288330078, -17.380474090576172, -10.251123428344727, -12.00654125213623, -17.69169807434082, -18.500022888183594]","[50259, 50360, 50364, 40, 368, 88, 1520, 439, 452, 30513, 7897, 949, 286, 2817, 337]",15,1.87,unknown
pcm_f_PT2F1_ev_read_571,naija-finetuned,"I don tell you na to dey save money, I go use the one I save pay my school fees.",-inf,-inf,"[-17.975669860839844, -Infinity, -17.063417434692383, -13.375728607177734, -14.42747688293457, -15.100202560424805, -11.564375877380371, -17.94158172607422, -10.126856803894043, -14.35874080657959, -15.128087997436523, -17.19748878479004, -21.301532745361328, -13.814286231994629, -14.547516822814941, -13.335334777832031, -15.001335144042969, -11.28669261932373, -16.659961700439453, -10.813472747802734, -14.880865097045898, -10.034387588500977, -13.326727867126465, -17.843839645385742]","[50259, 50360, 50364, 40, 500, 980, 291, 1667, 281, 368, 88, 3155, 1460, 11, 286, 352, 764, 264, 472, 286, 3155, 1689, 452, 1395]",24,2.191,unknown
pcm_f_PT2F2_ev_read_183,naija-finetuned,Wetin be di way pipo fit show love to demselves?,-inf,-inf,"[-17.590662002563477, -Infinity, -22.01355743408203, -19.078109741210938, -16.597196578979492, -8.364933967590332, -19.04126739501953, -16.347795486450195, -17.465604782104492, -15.983007431030273, -12.702242851257324, -14.78235149383545, -15.204487800598145, -13.668950080871582, -16.968778610229492]","[50259, 50360, 50364, 54, 38645, 312, 1026, 636, 8489, 78, 3318, 855, 959, 281, 1371]",15,1.838,unknown
pcm_f_PT2F2_ev_read_205,naija-finetuned,Crive dey support even if e small as e go go far for am,-inf,-inf,"[-13.848465919494629, -Infinity, -15.646065711975098, -16.721633911132812, -15.0725679397583, -17.70598602294922, -17.312978744506836, -18.540119171142578, -13.40764045715332, -9.200984954833984, -0.10219117999076843, -16.43683433532715, -13.899888038635254, -12.923776626586914, -9.755989074707031, -11.845902442932129, -17.598873138427734]","[50259, 50360, 50364, 34, 8003, 368, 88, 1406, 754, 498, 308, 1359, 382, 308, 352, 352, 1400]",17,1.933,unknown
pcm_f_PT2F2_ev_read_274,naija-finetuned,Di house go open for a rural culture with better career opportunities.,-inf,-inf,"[-12.639032363891602, -Infinity, -11.92475414276123, -19.347923278808594, -14.972281455993652, -16.38382911682129, -12.475502014160156, -13.084667205810547, -10.394821166992188, -14.293854713439941, -21.257888793945312, -14.344830513000488, -14.675573348999023, -15.724099159240723, -19.50002670288086]","[50259, 50360, 50364, 35, 72, 1782, 352, 1269, 337, 257, 11165, 3713, 365, 1101, 3988]",15,1.84,unknown
pcm_f_PT2F2_ev_read_427,naija-finetuned,Na your budget go determine weda you go dey chop your rice with turkey.,-inf,-inf,"[-17.762725830078125, -Infinity, -19.087499618530273, -18.06270408630371, -13.325776100158691, -12.065638542175293, -17.665346145629883, -18.7955265045166, -15.002340316772461, -16.44477081298828, -9.574348449707031, -12.063850402832031, -15.102012634277344, -14.909260749816895, -17.387563705444336, -12.360182762145996, -16.276887893676758, -16.187641143798828]","[50259, 50360, 50364, 33824, 428, 4706, 352, 6997, 6393, 64, 291, 352, 368, 88, 7931, 428, 5090, 365]",18,1.935,unknown
pcm_f_PT2F2_ev_read_474,naija-finetuned,"If you dey plan your future, monthly planning go help you achieve your financial dreams.",-inf,-inf,"[-17.244422912597656, -Infinity, -19.869640350341797, -17.507286071777344, -11.375802040100098, -18.59491729736328, -15.689013481140137, -16.598299026489258, -13.75036334991455, -13.688383102416992, -13.568525314331055, -19.131425857543945, -16.534671783447266, -13.21987533569336, -15.408305168151855, -12.501681327819824, -14.325453758239746, -13.902725219726562, -16.906373977661133]","[50259, 50360, 50364, 8031, 291, 368, 88, 1393, 428, 2027, 11, 12878, 5038, 352, 854, 291, 4584, 428, 4669]",19,2.09,unknown
pcm_f_PT2F3_ev_read_137,naija-finetuned,"That your pikin mean business oo, she don open salon already",-inf,-inf,"[-16.105371475219727, -Infinity, -16.064258575439453, -23.148487091064453, -14.381685256958008, -18.344783782958984, -16.069963455200195, -15.706546783447266, -17.413148880004883, -15.43935489654541, -9.318371772766113, -13.777589797973633, -14.663199424743652, -15.945798873901367]","[50259, 50360, 50364, 6390, 428, 49928, 259, 914, 1606, 32685, 11, 750, 500, 1269]",14,1.87,unknown
pcm_f_PT2F3_ev_read_458,naija-finetuned,"You never hear say aging na process, you no fit stop am but you fit make am beautiful",-inf,-inf,"[-18.385929107666016, -Infinity, -19.300071716308594, -17.227413177490234, -16.61919593811035, -16.79254913330078, -15.563139915466309, -18.751544952392578, -10.941304206848145, -18.37913703918457, -14.2615327835083, -13.438008308410645, -15.702034950256348, -15.776926040649414, -15.502029418945312, -14.501806259155273, -14.063589096069336, -11.7511568069458, -18.905235290527344, -17.84730339050293]","[50259, 50360, 50364, 3223, 1128, 1568, 584, 19090, 1667, 1399, 11, 291, 572, 3318, 1590, 669, 457, 291, 3318, 652]",20,2.098,unknown
pcm_f_PT3F2_ev_read_062,naija-finetuned,regular appointment with the vet doctor fit be another way to fit bond with pet.,-inf,-inf,"[-18.003137588500977, -Infinity, -21.782670974731445, -17.64877700805664, -15.333147048950195, -10.452815055847168, -8.964137077331543, -19.751262664794922, -14.406322479248047, -11.512051582336426, -10.06524658203125, -19.017541885375977, -17.548490524291992, -10.814286231994629, -13.390413284301758, -13.797846794128418, -7.566287040710449]","[50259, 50360, 50364, 26713, 13653, 365, 264, 12423, 4631, 3318, 312, 1071, 636, 281, 3318, 6086, 365]",17,1.937,unknown
pcm_f_PT3F2_ev_read_305,naija-finetuned,I dey find way wey I go take make dis emotional connection deep.,-inf,-inf,"[-17.18539047241211, -Infinity, -21.59526252746582, -15.283539772033691, -11.33731746673584, -13.564870834350586, -19.51567840576172, -18.032590866088867, -12.063498497009277, -16.42964744567871, -12.198380470275879, -12.959574699401855, -14.197388648986816, -14.369536399841309, -12.917632102966309, -18.25252914428711, -19.53146743774414]","[50259, 50360, 50364, 40, 368, 88, 915, 636, 321, 88, 286, 352, 747, 652, 717, 6863, 4984]",17,1.998,unknown
pcm_f_PT3F2_ev_read_452,naija-finetuned,I dey think say decorations and lights dey add for di festive atmosphere.,-inf,-inf,"[-17.541231155395508, -Infinity, -20.891874313354492, -15.2442626953125, -9.965072631835938, -14.811812400817871, -19.90637969970703, -16.912385940551758, -17.665969848632812, -15.468965530395508, -12.733476638793945, -10.654369354248047, -14.564085960388184, -18.412172317504883, -12.127458572387695, -16.724027633666992, -20.625062942504883]","[50259, 50360, 50364, 40, 368, 88, 519, 584, 32367, 293, 5811, 368, 88, 909, 337, 1026, 42729]",17,1.962,unknown
pcm_f_PT3F2_ev_read_501,naija-finetuned,I dey happy sey my papa wan put gate for our house.,-inf,-inf,"[-17.758575439453125, -Infinity, -20.907508850097656, -14.119820594787598, -11.57919979095459, -0.0001408954558428377, -18.594762802124023, -16.387126922607422, -14.684828758239746, -13.317146301269531, -18.33992576599121, -16.532577514648438, -18.7507381439209, -12.438827514648438, -13.277175903320312, -18.687576293945312]","[50259, 50360, 50364, 40, 368, 88, 2055, 369, 88, 452, 31015, 46930, 829, 8539, 337, 527]",16,1.873,unknown
pcm_f_PT3F2_ev_read_502,naija-finetuned,Why you leave your car key inside your car? You no do well at all.,-inf,-inf,"[-15.98393726348877, -Infinity, -19.05697250366211, -18.346593856811523, -14.064513206481934, -16.753398895263672, -12.688946723937988, -10.878310203552246, -15.59479808807373, -13.31220817565918, -12.648472785949707, -18.72358512878418, -14.97499942779541, -16.15778160095215, -14.375489234924316, -13.939349174499512, -12.908687591552734, -20.781265258789062]","[50259, 50360, 50364, 8429, 291, 1856, 428, 1032, 2141, 1854, 428, 1032, 30, 509, 572, 360, 731, 412]",18,1.937,unknown
pcm_m_PAGS1M6_ag_spontaneous_383,naija-finetuned,um the herdsmen dem arrange the cow according to their age how big dem dey um dey and how fine dem be,-inf,-inf,"[-14.467292785644531, -Infinity, -12.478506088256836, -17.455076217651367, -13.774675369262695, -14.470686912536621, -19.166027069091797, -14.073799133300781, -14.932324409484863, -15.265528678894043, -8.877045631408691, -13.977884292602539, -13.37799072265625, -10.7909574508667, -11.504929542541504, -14.737886428833008, -11.414119720458984, -16.751567840576172, -7.269814968109131, -0.023861734196543694, -0.00013743886665906757, -Infinity, -13.563349723815918, -15.453575134277344, -12.006270408630371, -14.836759567260742, -16.880382537841797]","[50259, 50360, 50364, 449, 264, 720, 16063, 2558, 1371, 9424, 264, 8408, 4650, 281, 641, 3205, 577, 955, 1371, 368, 88, 1105, 368, 88, 293, 577, 2489]",27,2.254,unknown
pcm_m_PAGS1M7_ag_spontaneous_112,naija-finetuned,dem use computer create model of farm,-inf,-inf,"[-18.99231719970703, -Infinity, -17.386314392089844, -15.748604774475098, -15.159626960754395, -16.221561431884766, -15.796156883239746, -10.836784362792969]","[50259, 50360, 50364, 10730, 764, 3820, 1884, 2316]",8,1.674,unknown
pcm_m_PAGT1M10_ag_spontaneous_533,naija-finetuned,as the land dey near main road come make the price of the price for the farm cost pass others wey dey inside bush.,-inf,-inf,"[-16.7862606048584, -Infinity, -17.945953369140625, -13.075119972229004, -13.941041946411133, -14.564411163330078, -12.502022743225098, -14.67178726196289, -14.679563522338867, -12.640146255493164, -15.388370513916016, -15.384984016418457, -11.886048316955566, -0.010636070743203163, -0.002731166547164321, -Infinity, -0.0039854394271969795, -10.376936912536621, -9.816778182983398, -13.867315292358398, -18.05423927307129, -13.031118392944336, -20.626039505004883, -16.51529884338379, -14.951265335083008, -18.691286087036133, -7.137089729309082, -14.315813064575195, -14.938728332519531]","[50259, 50360, 50364, 296, 264, 2117, 368, 88, 2651, 2135, 3060, 808, 652, 264, 3218, 295, 264, 3218, 337, 264, 5421, 2063, 1320, 2357, 321, 88, 368, 88, 1854]",29,2.318,unknown
pcm_m_PAGT1M12_ag_spontaneous_204,naija-finetuned,na she collect the garden boot and she plant ugu exactly where mama show her.,-inf,-inf,"[-13.020403861999512, -Infinity, -16.385562896728516, -12.350862503051758, -15.429402351379395, -12.057499885559082, -12.664939880371094, -14.504791259765625, -18.856386184692383, -10.682722091674805, -16.124317169189453, -19.054773330688477, -15.488052368164062, -21.022144317626953, -19.96932601928711, -10.018189430236816, -16.268983840942383, -14.625224113464355]","[50259, 50360, 50364, 629, 750, 2500, 264, 7431, 11450, 293, 750, 3709, 344, 2794, 2293, 689, 18775, 855]",18,1.997,unknown
pcm_m_PAGT1M13_ag_spontaneous_272,naija-finetuned,mama check the fowl mouth if something dey grow on top or if e no good.,-inf,-inf,"[-15.842841148376465, -Infinity, -19.378507614135742, -11.412793159484863, -18.346723556518555, -15.943267822265625, -21.52367401123047, -15.526622772216797, -16.62958526611328, -18.238086700439453, -15.93388557434082, -13.574180603027344, -17.82772445678711, -13.65356159210205, -14.817358016967773, -15.070449829101562, -14.565781593322754, -14.518531799316406, -12.26632308959961, -13.444778442382812, -11.943306922912598, -10.127659797668457]","[50259, 50360, 50364, 76, 2404, 1520, 264, 283, 305, 75, 4525, 498, 746, 368, 88, 1852, 322, 1192, 420, 498, 308, 572]",22,2.063,unknown
pcm_m_PAGT1M15_ag_spontaneous_138,naija-finetuned,dem use chain drag the plow go workshop after e break,-inf,-inf,"[-19.403688430786133, -Infinity, -15.171030044555664, -13.1649808883667, -14.848686218261719, -17.27220916748047, -20.007213592529297, -8.816608428955078, -15.361493110656738, -19.7485408782959, -14.410364151000977, -18.614809036254883, -11.377126693725586]","[50259, 50360, 50364, 10730, 764, 5021, 5286, 264, 499, 305, 352, 13541, 934]",13,1.814,unknown
pcm_m_PAGT1M19_ag_spontaneous_239,naija-finetuned,um when my when my papa dey spread green um leaf fertilizer for ground e dey sing about harvest wey e see for him childhood.,-inf,-inf,"[-13.045042037963867, -Infinity, -22.946495056152344, -16.068519592285156, -14.344009399414062, -10.75439453125, -13.605195999145508, -19.46898651123047, -17.55155372619629, -8.693575859069824, -12.342844009399414, -15.828207015991211, -14.261099815368652, -12.379087448120117, -16.067760467529297, -19.193256378173828, -16.971532821655273, -20.453907012939453, -13.12629222869873, -16.000329971313477, -15.115867614746094, -14.562834739685059, -18.8441162109375, -17.83289337158203, -11.58060073852539, -16.774179458618164, -6.360657215118408, -16.00483512878418, -10.846600532531738, -9.379781723022461]","[50259, 50360, 50364, 449, 562, 452, 562, 452, 31015, 368, 88, 3974, 3092, 1105, 10871, 31549, 337, 2727, 308, 368, 88, 1522, 466, 11917, 321, 88, 308, 536, 337, 796]",30,2.329,unknown
pcm_m_PAGT1M52_ag_spontaneous_575,naija-finetuned,their rice cleaner dey remove stone before dem put the rice for bag,-inf,-inf,"[-16.776416778564453, -Infinity, -19.32724952697754, -17.14212989807129, -17.097517013549805, -20.027711868286133, -18.314748764038086, -15.408703804016113, -17.079252243041992, -16.06794548034668, -15.167196273803711, -13.800552368164062, -15.534454345703125, -13.096323013305664, -10.320368766784668, -15.503750801086426]","[50259, 50360, 50364, 3322, 347, 5090, 16532, 368, 88, 4159, 7581, 949, 1371, 829, 264, 5090]",16,1.907,unknown
pcm_m_PAGT1M60_ag_spontaneous_035,naija-finetuned,um we cut green grass um from far end and plant am for where grass no plenty,-inf,-inf,"[-14.465036392211914, -Infinity, -14.332511901855469, -14.230524063110352, -12.11931324005127, -13.388639450073242, -15.588397979736328, -15.22681713104248, -11.754897117614746, -6.577026844024658, -16.991287231445312, -11.545479774475098, -10.15172290802002, -15.988523483276367, -15.908198356628418, -12.519294738769531, -16.38358497619629, -17.12674331665039]","[50259, 50360, 50364, 449, 321, 1723, 3092, 8054, 1105, 490, 1400, 917, 293, 3709, 669, 337, 689, 8054]",18,1.975,unknown
pcm_m_PAGT1M63_ag_spontaneous_524,naija-finetuned,dem cut fresh aloe vera tie am round the cocoa tree make the smell drive animals,-inf,-inf,"[-18.950786590576172, -Infinity, -18.472148895263672, -20.84934425354004, -18.349821090698242, -17.61983871459961, -17.03131103515625, -18.111852645874023, -18.313011169433594, -14.160947799682617, -15.556666374206543, -15.226688385009766, -15.405107498168945, -10.700883865356445, -16.49681854248047, -16.512977600097656, -14.594286918640137, -7.654444217681885, -5.917283535003662]","[50259, 50360, 50364, 10730, 1723, 4451, 419, 7921, 1306, 64, 7582, 669, 3098, 264, 30634, 4230, 652, 264, 4316]",19,2.01,unknown
pcm_m_PAGT1M8_ag_spontaneous_026,naija-finetuned,dem elders talk say if person sabi hold body well to pack um wetin farm don bring go better,-inf,-inf,"[-17.917144775390625, -Infinity, -19.393667221069336, -15.848668098449707, -14.793373107910156, -17.883560180664062, -11.25201416015625, -18.687541961669922, -15.974700927734375, -12.948936462402344, -16.03276824951172, -13.321442604064941, -14.060892105102539, -5.480266571044922, -11.779808044433594, -23.285614013671875, -14.410009384155273, -15.917006492614746, -17.47490119934082, -20.375247955322266, -15.643084526062012, -14.105155944824219]","[50259, 50360, 50364, 10730, 22737, 751, 584, 498, 954, 5560, 72, 1797, 1772, 731, 281, 2844, 1105, 6630, 259, 5421, 500, 1565]",22,2.137,unknown
pcm_m_PAGT1M9_ag_spontaneous_069,naija-finetuned,dem dey give more food for night wey cold to balance energy.,-inf,-inf,"[-17.209136962890625, -Infinity, -21.302030563354492, -18.752187728881836, -12.751557350158691, -14.877180099487305, -14.813533782958984, -15.31736946105957, -14.093153953552246, -17.34380340576172, -13.718027114868164, -8.256309509277344, -13.730212211608887, -14.662219047546387, -12.09352970123291, -14.56296157836914]","[50259, 50360, 50364, 10730, 368, 88, 976, 544, 1755, 337, 1818, 321, 88, 3554, 281, 4772]",16,1.912,unknown
pcm_m_PAGT2M36_ag_spontaneous_212,naija-finetuned,children dey help dig small gutter round vegetable wey dem just plant,-inf,-inf,"[-18.526412963867188, -Infinity, -22.02143096923828, -16.913982391357422, -8.063741683959961, -17.788267135620117, -15.757073402404785, -18.51285171508789, -18.031633377075195, -15.63936710357666, -18.608993530273438, -19.06279754638672, -18.79878807067871, -11.12716007232666, -18.066953659057617, -12.940658569335938]","[50259, 50360, 50364, 21172, 368, 88, 854, 2528, 1359, 5228, 391, 3098, 16356, 321, 88, 1371]",16,1.922,unknown
pcm_m_PAGT2M36_ag_spontaneous_550,naija-finetuned,dem join their harvester with trailer to carry crop go house,-inf,-inf,"[-18.620264053344727, -Infinity, -20.333539962768555, -17.610822677612305, -15.163056373596191, -20.539533615112305, -15.204874038696289, -17.087482452392578, -17.33558464050293, -11.693283081054688, -16.644079208374023, -7.876248359680176, -17.564016342163086, -18.25640296936035]","[50259, 50360, 50364, 10730, 3917, 641, 2233, 85, 3011, 365, 11724, 281, 3985, 9086]",14,1.877,unknown
pcm_m_PAGT2M37_ag_spontaneous_183,naija-finetuned,we dey do farming um we no go kill soil so land um go last long for us,-inf,-inf,"[-17.246845245361328, -Infinity, -24.12409019470215, -16.688945770263672, -11.56416130065918, -12.100329399108887, -14.200284004211426, -20.344463348388672, -17.09589958190918, -11.697464942932129, -13.034566879272461, -10.441614151000977, -18.28845977783203, -16.903629302978516, -10.689186096191406, -10.303746223449707, -13.722667694091797, -9.815203666687012, -11.7507905960083, -13.7068452835083]","[50259, 50360, 50364, 826, 368, 88, 360, 16557, 1105, 321, 572, 352, 1961, 6704, 370, 2117, 1105, 352, 1036, 938]",20,2.074,unknown
pcm_m_PAGT2M37_ag_spontaneous_230,naija-finetuned,i bin teyh um my goat um to bow wen dem um do celebration song perfomance,-inf,-inf,"[-18.648204803466797, -Infinity, -18.650070190429688, -8.555249214172363, -13.3738431930542, -11.004411697387695, -10.254389762878418, -18.66824722290039, -0.05460771918296814, -11.565729141235352, -13.789271354675293, -15.653596878051758, -9.462913513183594, -15.541766166687012, -15.54813289642334, -16.896974563598633, -13.06567096710205, -11.648530960083008, -14.731791496276855, -17.505584716796875, -16.524982452392578]","[50259, 50360, 50364, 72, 5171, 535, 88, 71, 1105, 452, 23608, 1105, 281, 4503, 11472, 1371, 1105, 360, 14184, 2153, 13826]",21,2.047,unknown
pcm_m_PAGT2M42_ag_spontaneous_195,naija-finetuned,sheep dey follow di um one wey dey lead am base say e um trust am and dem don dey move before,-inf,-inf,"[-17.17373275756836, -Infinity, -20.56524658203125, -18.635631561279297, -15.342628479003906, -2.41434383392334, -15.340901374816895, -16.430208206176758, -11.116059303283691, -18.440820693969727, -16.089933395385742, -16.330476760864258, -14.72451114654541, -7.586070537567139, -8.176297187805176, -17.190824508666992, -11.45987606048584, -12.306909561157227, -16.663196563720703, -11.013278007507324, -13.443337440490723, -15.800166130065918, -14.417466163635254, -12.506429672241211, -13.630203247070312, -13.317926406860352, -9.520776748657227, -16.188886642456055]","[50259, 50360, 50364, 9611, 595, 368, 88, 1524, 1026, 1105, 472, 321, 88, 368, 88, 1477, 669, 3096, 584, 308, 1105, 3361, 669, 293, 1371, 500, 368, 88]",28,2.374,unknown
pcm_m_PAGT2M42_ag_spontaneous_591,naija-finetuned,my uncle old cutlass dey dey inside shield wey be handmade wey don come tie with rope,-inf,-inf,"[-18.150714874267578, -Infinity, -18.171833038330078, -16.92884635925293, -20.894336700439453, -14.692977905273438, -17.44335174560547, -17.389890670776367, -12.956361770629883, -13.87575912475586, -11.867566108703613, -9.785619735717773, -18.781620025634766, -13.466575622558594, -13.827974319458008, -15.882657051086426, -6.127511024475098, -5.814611434936523, -10.075013160705566, -16.7899112701416, -14.587390899658203, -13.274618148803711, -13.627243995666504]","[50259, 50360, 50364, 2226, 9153, 1331, 1723, 14549, 368, 88, 368, 88, 1854, 10257, 321, 88, 312, 39446, 321, 88, 500, 808, 7582]",23,2.212,unknown
pcm_m_PAGT2M44_ag_spontaneous_080,naija-finetuned,drip irrigation na di method wey dem use small small water wey dey drop from plastic pipe wey get hole to water farm reduce,-inf,-inf,"[-16.66505241394043, -Infinity, -20.383899688720703, -16.15850257873535, -17.90188980102539, -17.004423141479492, -8.490301132202148, -15.126158714294434, -17.622604370117188, -10.755868911743164, -15.427766799926758, -13.173747062683105, -14.688287734985352, -15.72244930267334, -19.053220748901367, -15.00722599029541, -16.78143310546875, -17.19782257080078, -12.091599464416504, -16.002260208129883, -15.38174819946289, -12.259531021118164, -21.17291831970215, -22.836376190185547, -15.603175163269043, -15.813176155090332, -10.44178295135498, -14.776209831237793, -14.411052703857422, -11.76029109954834]","[50259, 50360, 50364, 67, 8400, 31753, 1667, 1026, 3170, 321, 88, 1371, 764, 1359, 1359, 1281, 321, 88, 368, 88, 3270, 490, 5900, 11240, 321, 88, 483, 5458, 281, 1281]",30,2.402,unknown
pcm_m_PBUT1M15_bu_spontaneous_130,naija-finetuned,plenty money experts plenty money experts dey advise make person use mobile app like qapital to track daily spendings,-inf,-inf,"[-18.839691162109375, -Infinity, -19.859094619750977, -15.374765396118164, -12.097823143005371, -0.008749127388000488, -0.004312620032578707, -Infinity, -22.6721248626709, -16.41971778869629, -8.079938888549805, -14.277139663696289, -16.191020965576172, -12.940950393676758, -16.439800262451172, -14.629934310913086, -10.066691398620605, -13.36372184753418, -15.773848533630371, -12.441109657287598, -16.843168258666992, -18.875520706176758, -10.270256996154785, -20.156494140625, -10.877081871032715]","[50259, 50360, 50364, 564, 4179, 1460, 8572, 7140, 1460, 8572, 368, 88, 18312, 652, 954, 764, 6013, 724, 411, 9505, 569, 1686, 281, 2837, 5212]",25,2.204,unknown
pcm_m_PBUT1M8_bu_spontaneous_555,naija-finetuned,if person dey save money every day e fit help am to increase hin money.,-inf,-inf,"[-16.179424285888672, -Infinity, -19.792455673217773, -15.615757942199707, -16.101633071899414, -11.528800964355469, -18.015077590942383, -14.787066459655762, -16.8521785736084, -17.20448875427246, -15.680383682250977, -11.387989044189453, -13.505091667175293, -6.316287517547607, -4.967283248901367, -8.804670333862305, -15.695174217224121, -14.875374794006348]","[50259, 50360, 50364, 351, 954, 368, 88, 3155, 1460, 633, 786, 308, 3318, 854, 669, 281, 3488, 14102]",18,1.938,unknown
pcm_m_PECS1M19_ev_spontaneous_113,naija-finetuned,di safety and security of all nigerians dey paramount di president tok.,-inf,-inf,"[-16.413372039794922, -Infinity, -24.086143493652344, -19.926111221313477, -16.938640594482422, -12.251031875610352, -17.847742080688477, -19.06317710876465, -20.842451095581055, -15.314149856567383, -18.72638702392578, -19.257688522338867, -15.74129581451416, -13.010883331298828, -20.02573013305664, -22.070940017700195, -11.203241348266602, -16.03154182434082]","[50259, 50360, 50364, 4504, 4514, 293, 3825, 295, 439, 297, 4810, 2567, 368, 88, 6220, 792, 1026, 3868]",18,1.98,unknown
pcm_m_PECS1M4_ev_spontaneous_011,naija-finetuned,"I always tell myself say if I work hard I no give up, success go still show.",-inf,-inf,"[-15.643522262573242, -Infinity, -17.498106002807617, -14.978870391845703, -16.609228134155273, -16.480926513671875, -16.12826156616211, -13.421314239501953, -13.625594139099121, -0.34673944115638733, -13.093814849853516, -17.56510353088379, -11.222175598144531, -10.102706909179688, -13.953726768493652, -13.956195831298828, -11.72334098815918, -14.374661445617676, -15.25169563293457, -17.687557220458984]","[50259, 50360, 50364, 40, 1009, 980, 2059, 584, 498, 286, 589, 1152, 286, 572, 976, 493, 11, 2245, 352, 920]",20,2.143,unknown
pcm_m_PECS1M4_ev_spontaneous_061,naija-finetuned,to dey talk time time with police fit help you gain small extra time to sell before dem check you connect.,-inf,-inf,"[-13.250295639038086, -Infinity, -16.159914016723633, -13.930235862731934, -10.696785926818848, -14.265481948852539, -12.381499290466309, -13.525419235229492, -9.943621635437012, -10.418610572814941, -11.354085922241211, -8.107661247253418, -9.967472076416016, -15.597228050231934, -11.551787376403809, -6.800253868103027, -11.884681701660156, -14.212384223937988, -7.202580451965332, -3.207662343978882, -6.16235876083374, -11.303771018981934, -14.575315475463867, -11.875494956970215]","[50259, 50360, 50364, 1353, 368, 88, 751, 565, 565, 365, 3804, 3318, 854, 291, 6052, 1359, 2857, 565, 281, 3607, 949, 1371, 1520, 291]",24,2.17,unknown
pcm_m_PECS2M1_ev_spontaneous_058,naija-finetuned,wetin you um dey do to achieve your life goals you get any plans,-inf,-inf,"[-18.40738868713379, -Infinity, -22.525270462036133, -12.885574340820312, -20.108673095703125, -10.699203491210938, -10.563787460327148, -11.500723838806152, -14.722451210021973, -11.754661560058594, -11.942771911621094, -17.15736198425293, -11.699291229248047, -17.627769470214844, -12.502889633178711, -11.814192771911621, -10.393305778503418]","[50259, 50360, 50364, 86, 38645, 291, 1105, 368, 88, 360, 281, 4584, 428, 993, 5493, 291, 483]",17,1.977,unknown
pcm_m_PECS2M1_ev_spontaneous_269,naija-finetuned,everybodi get dier ojoh culture and as dem dem dey take do tins,-inf,-inf,"[-16.970460891723633, -Infinity, -18.051109313964844, -23.817148208618164, -14.392353057861328, -15.653246879577637, -10.555684089660645, -11.483967781066895, -9.790325164794922, -11.088090896606445, -7.922146320343018, -17.78287696838379, -21.31705093383789, -8.079634666442871, -9.128448486328125, -15.130187034606934, -11.157536506652832, -7.759252548217773, -16.07158088684082, -17.645666122436523, -9.384005546569824]","[50259, 50360, 50364, 21825, 65, 30727, 483, 274, 811, 277, 73, 1445, 3713, 293, 382, 1371, 1371, 368, 88, 747, 360]",21,2.071,unknown
pcm_m_PECS2M1_ev_spontaneous_320,naija-finetuned,if god if god help me and i get beta i go change to new pesin,-inf,-inf,"[-18.645523071289062, -Infinity, -19.170839309692383, -18.143524169921875, -11.96181869506836, -14.75072956085205, -17.0958309173584, -15.001898765563965, -13.19000244140625, -13.915689468383789, -0.0010837402660399675, -11.094482421875, -19.14146614074707, -8.440482139587402, -14.633269309997559, -17.736865997314453, -19.674585342407227, -12.939704895019531]","[50259, 50360, 50364, 351, 3044, 498, 3044, 854, 385, 293, 741, 483, 9861, 741, 352, 1319, 281, 777]",18,2.008,unknown
pcm_m_PECS2M1_ev_spontaneous_360,naija-finetuned,studies eh don show say eh pipo wey de dey happy no dey get heart attack quick,-inf,-inf,"[-20.27486801147461, -Infinity, -14.458684921264648, -18.238492965698242, -18.43915367126465, -11.869997024536133, -11.498950004577637, -14.428616523742676, -19.696094512939453, -16.807029724121094, -22.251842498779297, -17.480581283569336, -11.128508567810059, -0.03663312643766403, -4.231060981750488, -9.193710327148438, -13.134257316589355, -16.708356857299805, -13.188632011413574, -12.630309104919434, -14.471540451049805, -15.911604881286621, -17.732097625732422]","[50259, 50360, 50364, 28349, 530, 7670, 500, 855, 584, 7670, 8489, 78, 321, 88, 368, 368, 88, 2055, 572, 368, 88, 483, 1917]",23,2.161,unknown
pcm_m_PECS2M1_ev_spontaneous_425,naija-finetuned,congo realistically need two big wins to spoil di party.,-inf,-inf,"[-15.973180770874023, -Infinity, -17.61506462097168, -17.938276290893555, -17.88288688659668, -20.364315032958984, -17.599733352661133, -8.129941940307617, -15.30444049835205, -21.06045913696289, -11.710474014282227, -17.807985305786133, -10.563545227050781]","[50259, 50360, 50364, 66, 25729, 40734, 643, 732, 955, 10641, 281, 18630, 1026]",13,1.772,unknown
pcm_m_PECS2M1_ev_spontaneous_488,naija-finetuned,dem call me inside office and tell me the bad the bad news.,-inf,-inf,"[-16.5119571685791, -Infinity, -22.767013549804688, -18.774532318115234, -13.453439712524414, -11.077573776245117, -15.955509185791016, -18.472957611083984, -12.986455917358398, -12.702519416809082, -0.3615592420101166, -2.933988094329834, -11.377013206481934, -10.740812301635742, -15.2506742477417]","[50259, 50360, 50364, 10730, 818, 385, 1854, 3398, 293, 980, 385, 264, 1578, 264, 1578]",15,1.91,unknown
pcm_m_PECS2M1_ev_spontaneous_571,naija-finetuned,na kalu broda win di wrestling competition um dem do for dem um community,-inf,-inf,"[-19.878976821899414, -Infinity, -14.649031639099121, -13.77281665802002, -16.930418014526367, -20.8751163482666, -15.950540542602539, -17.163719177246094, -12.2057466506958, -7.608020782470703, -18.974185943603516, -17.847366333007812, -15.063138961791992, -0.0067411623895168304, -12.194350242614746, -11.572836875915527, -15.0661039352417]","[50259, 50360, 50364, 629, 350, 4929, 2006, 2675, 1942, 1026, 19274, 6211, 1105, 1371, 360, 337, 1371]",17,1.933,unknown
pcm_m_PECT1M107_ev_spontaneous_270,naija-finetuned,i wan become govnor of edo state because i don ever dey marginalised as im dey like dis before,-inf,-inf,"[-15.815482139587402, -Infinity, -18.12160873413086, -14.443740844726562, -16.788135528564453, -19.4171199798584, -11.451356887817383, -12.829099655151367, -10.646444320678711, -12.164655685424805, -16.11736297607422, -9.844465255737305, -15.398183822631836, -13.746419906616211, -13.56785774230957, -14.845826148986816, -17.69432258605957, -13.195589065551758, -13.38683032989502, -17.905553817749023, -17.8900089263916, -15.938295364379883, -10.287089347839355, -9.930764198303223, -15.053689956665039, -12.946285247802734]","[50259, 50360, 50364, 72, 46930, 1813, 352, 85, 19048, 295, 1257, 78, 1785, 570, 741, 500, 1562, 368, 88, 16885, 2640, 382, 566, 368, 88, 411]",26,2.324,unknown
pcm_m_PECT1M113_ev_spontaneous_084,naija-finetuned,tok sey make dem investigate di national national service from two thousand and eighteen-two thousand and twenty-four ah,-inf,-inf,"[-16.81867027282715, -Infinity, -17.202083587646484, -13.912012100219727, -12.688029289245605, -9.750679016113281, -11.51530933380127, -16.035675048828125, -15.2354736328125, -15.982746124267578, -10.835116386413574, -16.571081161499023, -15.771803855895996, -18.475427627563477, -16.31730842590332, -8.965353965759277, -8.214927673339844, -12.330939292907715, -13.43929386138916, -11.500707626342773, -15.309577941894531, -14.84899616241455, -14.257728576660156, -16.104799270629883, -12.546991348266602]","[50259, 50360, 50364, 83, 453, 369, 88, 652, 1371, 15013, 1026, 4048, 4048, 2643, 490, 732, 4714, 293, 31755, 12, 20534, 4714, 293, 7699, 12]",25,2.223,unknown
pcm_m_PECT1M115_ev_spontaneous_554,naija-finetuned,family dey play biggest role in passing down our cultural traditions,-inf,-inf,"[-19.41534996032715, -Infinity, -20.492984771728516, -22.87584686279297, -11.131113052368164, -12.44681453704834, -11.814770698547363, -17.25663185119629, -18.00086784362793, -8.127473831176758, -18.708099365234375, -15.16085433959961, -11.319510459899902]","[50259, 50360, 50364, 44433, 368, 88, 862, 3880, 3090, 294, 8437, 760, 527]",13,1.864,unknown
pcm_m_PECT1M116_ev_spontaneous_173,naija-finetuned,i dey always check how we dey use water and light for app so we no go use pass our budget,-inf,-inf,"[-19.442001342773438, -Infinity, -23.71521759033203, -14.59882640838623, -6.753793239593506, -13.886490821838379, -17.814537048339844, -16.47061538696289, -18.000350952148438, -14.562859535217285, -11.501152038574219, -13.681989669799805, -15.314290046691895, -13.381699562072754, -14.316462516784668, -14.362751960754395, -13.379640579223633, -18.0983829498291, -10.882237434387207, -5.875051975250244, -13.845534324645996, -11.522090911865234, -16.52843475341797, -13.692543983459473]","[50259, 50360, 50364, 72, 368, 88, 1009, 1520, 577, 321, 368, 88, 764, 1281, 293, 1442, 337, 724, 370, 321, 572, 352, 764, 1320]",24,2.125,unknown
pcm_m_PECT1M116_ev_spontaneous_177,naija-finetuned,she dey always check the metal reading herself to confirm say monthly bill wey dem dey give her correct,-inf,-inf,"[-18.66042137145996, -Infinity, -23.16978645324707, -19.212520599365234, -5.689155578613281, -14.802507400512695, -15.57851505279541, -13.478004455566406, -13.155064582824707, -16.690467834472656, -16.00240135192871, -13.7958345413208, -7.830666542053223, -17.745027542114258, -10.017346382141113, -19.792930603027344, -17.330402374267578, -12.20071792602539, -0.003181635867804289, -15.408591270446777, -11.201552391052246, -17.465211868286133, -8.464001655578613]","[50259, 50360, 50364, 9611, 368, 88, 1009, 1520, 264, 5760, 3760, 7530, 281, 9064, 584, 12878, 2961, 321, 88, 1371, 368, 88, 976]",23,2.123,unknown
pcm_m_PECT1M119_ev_spontaneous_320,naija-finetuned,people wey dey live close suppose know when to give each other space,-inf,-inf,"[-17.608766555786133, -Infinity, -22.379966735839844, -18.28925132751465, -11.702625274658203, -15.868660926818848, -10.555548667907715, -14.319117546081543, -12.948732376098633, -17.42372703552246, -17.31369972229004, -15.469801902770996, -14.226919174194336, -12.803213119506836, -13.75288200378418, -13.00342845916748]","[50259, 50360, 50364, 21123, 321, 88, 368, 88, 1621, 1998, 7297, 458, 562, 281, 976, 1184]",16,1.961,unknown
pcm_m_PECT1M125_ev_spontaneous_111,naija-finetuned,wetin you dey do to take build strong support network,-inf,-inf,"[-19.050994873046875, -Infinity, -23.131845474243164, -18.27536392211914, -22.258583068847656, -8.135098457336426, -9.002327919006348, -12.476143836975098, -10.102801322937012, -11.503067970275879, -14.645112991333008, -16.20720863342285, -14.800348281860352]","[50259, 50360, 50364, 86, 38645, 291, 368, 88, 360, 281, 747, 1322, 2068]",13,1.83,unknown
pcm_m_PECT1M125_ev_spontaneous_447,naija-finetuned,try to understand di reason why di government nova pay,-inf,-inf,"[-17.080867767333984, -Infinity, -21.56338882446289, -17.541555404663086, -18.14082145690918, -14.032376289367676, -15.639727592468262, -0.0008592489175498486, -14.478631019592285, -17.624147415161133, -14.752635955810547, -15.878291130065918]","[50259, 50360, 50364, 83, 627, 281, 1223, 1026, 1778, 983, 1026, 2463]",12,1.802,unknown
pcm_m_PECT1M12_ev_spontaneous_057,naija-finetuned,um dis na na um big um thing for my community just like that we don get boho.,-inf,-inf,"[-13.52755355834961, -Infinity, -21.26457977294922, -17.40756607055664, -13.597349166870117, -10.892593383789062, -8.377081871032715, -7.801644325256348, -14.126758575439453, -12.50214672088623, -11.070650100708008, -11.93533992767334, -9.88232421875, -14.671037673950195, -9.69290828704834, -12.822710990905762, -13.59886360168457, -12.806913375854492, -14.06651782989502, -13.183197975158691, -14.250833511352539]","[50259, 50360, 50364, 449, 717, 1667, 1667, 1105, 955, 1105, 551, 337, 452, 1768, 445, 411, 300, 321, 500, 483, 748]",21,2.057,unknown
pcm_m_PECT1M132_ev_spontaneous_008,naija-finetuned,30bn go start on tuesday and anoda 125bn in 21 days,-inf,-inf,"[-15.127201080322266, -Infinity, -18.38865089416504, -20.557109832763672, -20.125675201416016, -16.455900192260742, -20.083086013793945, -6.950109481811523, -14.992341995239258, -19.582725524902344, -7.5661492347717285, -13.130566596984863, -17.978878021240234, -17.486570358276367, -18.542200088500977, -12.198874473571777]","[50259, 50360, 50364, 3446, 19404, 352, 722, 322, 256, 9775, 293, 364, 13449, 25276, 19404, 294]",16,2.185,unknown
pcm_m_PECT1M135_ev_spontaneous_553,naija-finetuned,dem dey thankful but dem still want make want make their identity no depend on the money wey dem dey collect from others,-inf,-inf,"[-20.526662826538086, -Infinity, -20.16233253479004, -20.738605499267578, -15.940023422241211, -13.41177749633789, -20.951753616333008, -14.09868335723877, -10.919978141784668, -13.219688415527344, -12.691923141479492, -8.139386177062988, -14.979509353637695, -15.63382339477539, -15.376696586608887, -21.625768661499023, -16.08781623840332, -17.8697566986084, -16.013164520263672, -17.437543869018555, -17.182161331176758, -13.908509254455566, -0.0004306104383431375, -15.093539237976074, -13.693370819091797, -16.364614486694336, -17.00157928466797]","[50259, 50360, 50364, 10730, 368, 88, 13611, 457, 1371, 920, 528, 652, 528, 652, 641, 6575, 572, 5672, 322, 264, 1460, 321, 88, 1371, 368, 88, 2500]",27,2.294,unknown
pcm_m_PECT1M144_ev_spontaneous_209,naija-finetuned,she dey calm conscious and dey tok till di end pranay recall,-inf,-inf,"[-17.638395309448242, -Infinity, -19.30870246887207, -16.348756790161133, -10.16914176940918, -13.663298606872559, -17.12688446044922, -20.002117156982422, -13.560602188110352, -11.796091079711914, -14.96641731262207, -21.127906799316406, -14.783167839050293, -17.708127975463867, -10.9652099609375, -14.400643348693848, -16.255271911621094]","[50259, 50360, 50364, 9611, 368, 88, 7151, 6648, 293, 368, 88, 19164, 4288, 1026, 917, 582, 282]",17,1.902,unknown
pcm_m_PECT1M14_ev_spontaneous_142,naija-finetuned,everybody get wetin dem fit discuss and wetin them no fit ehm discuss eh.,-inf,-inf,"[-16.900236129760742, -Infinity, -19.447643280029297, -21.22431755065918, -24.578737258911133, -11.505288124084473, -15.783596992492676, -14.782719612121582, -11.379273414611816, -17.828527450561523, -28.083986282348633, -8.909698486328125, -13.583586692810059, -16.00234031677246, -7.2396464347839355, -15.115605354309082, -13.327811241149902, -0.41939154267311096, -1.5259724855422974, -15.750283241271973]","[50259, 50360, 50364, 21825, 1067, 483, 6630, 259, 1371, 3318, 2248, 293, 6630, 259, 552, 572, 3318, 7670, 76, 2248]",20,2.023,unknown
pcm_m_PECT1M19_ev_spontaneous_268,naija-finetuned,we don dey buy plenty cloth and food for the baby welcome party.,-inf,-inf,"[-17.248960494995117, -Infinity, -18.764650344848633, -17.781414031982422, -15.91140365600586, -15.720478057861328, -11.698919296264648, -16.74715232849121, -13.632570266723633, -19.881689071655273, -10.854288101196289, -13.10831069946289, -9.843037605285645, -9.728062629699707, -13.180353164672852, -13.500937461853027]","[50259, 50360, 50364, 826, 500, 368, 88, 2256, 7140, 13619, 293, 1755, 337, 264, 3186, 2928]",16,1.899,unknown
pcm_m_PECT1M34_ev_spontaneous_057,naija-finetuned,i dey check the cloth wey i wear for um mirror before i um comot,-inf,-inf,"[-17.2073974609375, -Infinity, -17.69976806640625, -15.061196327209473, -3.4945077896118164, -13.750163078308105, -15.380284309387207, -13.513633728027344, -17.452598571777344, -8.430705070495605, -16.444913864135742, -7.820065021514893, -9.753901481628418, -9.698880195617676, -10.126825332641602, -11.281876564025879, -12.733099937438965, -20.86174964904785, -8.51700210571289]","[50259, 50360, 50364, 72, 368, 88, 1520, 264, 13619, 321, 88, 741, 3728, 337, 1105, 8013, 949, 741, 1105]",19,1.968,unknown
pcm_m_PECT1M35_ev_spontaneous_173,naija-finetuned,according to di nigerian police di ecmr go provide first-hand database for di police go use fight vehicular crimes.,-inf,-inf,"[-18.9531192779541, -Infinity, -24.703540802001953, -18.200031280517578, -21.500978469848633, -22.878986358642578, -16.91676902770996, -16.6264591217041, -18.802776336669922, -18.854928970336914, -17.281448364257812, -20.57854652404785, -15.095658302307129, -13.442493438720703, -17.89160919189453, -15.832313537597656, -20.98489761352539, -15.95895767211914, -12.065009117126465, -18.90804100036621, -18.065576553344727, -9.56460189819336, -13.356021881103516, -12.833580017089844, -15.7084321975708, -21.036724090576172, -13.01827621459961, -17.146656036376953, -18.799726486206055]","[50259, 50360, 50364, 8476, 3357, 281, 1026, 297, 4810, 952, 3804, 1026, 11437, 76, 81, 352, 2893, 700, 12, 5543, 8149, 337, 1026, 3804, 352, 764, 2092, 4221, 14646]",29,2.334,unknown
pcm_m_PECT1M43_ev_spontaneous_294,naija-finetuned,"To show gratitude most times no need much, na simple thank you.",-inf,-inf,"[-16.142711639404297, -Infinity, -15.615324974060059, -16.55033302307129, -16.03375816345215, -16.96228790283203, -18.07844352722168, -16.750333786010742, -10.572033882141113, -16.53234100341797, -14.22301959991455, -6.693062782287598, -14.035301208496094, -18.28963279724121, -16.87501335144043]","[50259, 50360, 50364, 13342, 855, 16935, 881, 1413, 572, 643, 709, 11, 1667, 2199, 1309]",15,1.902,unknown
pcm_m_PECT1M55_ev_spontaneous_251,naija-finetuned,cut di billing wey dey come into small size dey pay am small small,-inf,-inf,"[-15.949288368225098, -Infinity, -15.21426773071289, -17.96358871459961, -18.50018310546875, -21.11274528503418, -14.011801719665527, -16.010526657104492, -11.887863159179688, -14.918724060058594, -15.157822608947754, -14.852258682250977, -19.31284523010254, -18.375707626342773, -16.125558853149414, -19.158132553100586, -11.524616241455078, -11.50866985321045]","[50259, 50360, 50364, 6672, 1026, 35618, 321, 88, 368, 88, 808, 666, 1359, 2744, 368, 88, 1689, 669]",18,1.997,unknown
pcm_m_PECT1M68_ev_spontaneous_123,naija-finetuned,"I no go gree for dis one oo, no way o no way we die here",-inf,-inf,"[-16.796245574951172, -Infinity, -16.853622436523438, -17.99152183532715, -19.321300506591797, -11.626716613769531, -14.518689155578613, -13.880990982055664, -12.686318397521973, -17.9604434967041, -18.174278259277344, -14.530887603759766, -3.2775063514709473, -1.0671775341033936, -0.0009616755996830761, -Infinity, -7.89356803894043, -13.705635070800781, -12.985167503356934]","[50259, 50360, 50364, 40, 572, 352, 290, 701, 337, 717, 472, 32685, 11, 572, 636, 277, 572, 636, 321]",19,2.033,unknown
pcm_m_PECT1M68_ev_spontaneous_222,naija-finetuned,Dat small girl be di pride of our nation and she im go do well,-inf,-inf,"[-15.779216766357422, -Infinity, -18.53966522216797, -19.114612579345703, -19.036754608154297, -16.850488662719727, -17.58795738220215, -14.815235137939453, -10.313968658447266, -16.939029693603516, -12.427148818969727, -13.878680229187012, -20.82111167907715, -13.844974517822266, -16.094629287719727, -13.691411972045898, -10.588871002197266]","[50259, 50360, 50364, 35, 267, 1359, 2013, 312, 1026, 10936, 295, 527, 4790, 293, 750, 566, 352]",17,1.969,unknown
pcm_m_PECT2M10_ev_spontaneous_314,naija-finetuned,she waka go both schools by herself before she finally decide where to put her pikin,-inf,-inf,"[-16.922998428344727, -Infinity, -20.687971115112305, -18.688575744628906, -13.409232139587402, -18.6416072845459, -11.626718521118164, -16.073976516723633, -16.53830909729004, -13.81751823425293, -15.084321022033691, -13.286152839660645, -13.411012649536133, -16.688426971435547, -14.075632095336914, -9.388011932373047, -12.97039794921875, -22.968807220458984, -9.4745512008667]","[50259, 50360, 50364, 9611, 261, 7849, 352, 1293, 4656, 538, 7530, 949, 750, 2721, 4536, 689, 281, 829, 720]",19,2.064,unknown
pcm_m_PECT2M15_ev_spontaneous_134,naija-finetuned,i like the way my pikin wey my pikin dey play ball i go put am for football academy,-inf,-inf,"[-19.861814498901367, -Infinity, -21.530040740966797, -13.022494316101074, -14.313565254211426, -14.860121726989746, -24.17973518371582, -7.3860554695129395, -20.234451293945312, -17.500259399414062, -17.79736328125, -12.392148971557617, -21.812530517578125, -17.04819107055664, -16.513561248779297, -16.783098220825195, -17.022716522216797, -11.542133331298828, -13.063754081726074, -12.145282745361328, -13.348196029663086, -8.380964279174805, -8.08606243133545, -15.626428604125977, -10.503751754760742]","[50259, 50360, 50364, 72, 411, 264, 636, 452, 49928, 259, 321, 88, 452, 280, 1035, 259, 368, 88, 862, 2594, 741, 352, 829, 669, 337]",25,2.195,unknown
pcm_m_PECT2M20_ev_spontaneous_395,naija-finetuned,"Just as you take let pipo know your limit, try know oda pipo limit",-inf,-inf,"[-18.531387329101562, -Infinity, -22.183218002319336, -17.99252700805664, -15.781938552856445, -9.539615631103516, -20.113256454467773, -10.334898948669434, -9.691603660583496, -16.51527214050293, -14.03371810913086, -12.255987167358398, -16.357418060302734, -13.677297592163086, -16.885208129882812, -16.752553939819336, -14.631163597106934, -16.624492645263672, -16.549821853637695]","[50259, 50360, 50364, 12794, 382, 291, 747, 718, 8489, 78, 458, 428, 4948, 11, 853, 458, 277, 2675, 8489]",19,2.004,unknown
pcm_m_PECT2M22_ev_spontaneous_008,naija-finetuned,modern leaders dey allow their workers to contribute their ideas,-inf,-inf,"[-19.617534637451172, -Infinity, -20.991073608398438, -22.983985900878906, -18.22002410888672, -6.4503631591796875, -14.03817081451416, -16.125757217407227, -10.517476081848145, -13.621020317077637, -11.516472816467285, -15.732486724853516]","[50259, 50360, 50364, 42359, 3523, 368, 88, 2089, 641, 5600, 281, 10586]",12,1.802,unknown
pcm_m_PECT2M23_ev_spontaneous_041,naija-finetuned,i dey sweep floor instead of using vacuum cleaner to reduce electricity use.,-inf,-inf,"[-17.072643280029297, -Infinity, -18.777141571044922, -14.922784805297852, -12.07750129699707, -14.064208984375, -19.40884780883789, -14.182940483093262, -18.696456909179688, -12.143542289733887, -16.68899917602539, -17.533466339111328, -18.53308868408203, -12.506096839904785, -15.393574714660645, -14.875463485717773]","[50259, 50360, 50364, 72, 368, 88, 22169, 4123, 2602, 295, 1228, 14224, 16532, 281, 5407, 10356]",16,1.906,unknown
pcm_m_PECT2M24_ev_spontaneous_297,naija-finetuned,Religious places sometimes dey offer small erm caregiving caregiving support for members,-inf,-inf,"[-17.484405517578125, -Infinity, -16.095626831054688, -18.67450523376465, -21.06521987915039, -16.678192138671875, -14.034480094909668, -14.938179969787598, -13.290021896362305, -15.813338279724121, -19.0003604888916, -15.110122680664062, -18.062637329101562, -12.614489555358887, -18.691308975219727, -17.74388885498047, -16.57767105102539]","[50259, 50360, 50364, 49029, 21883, 3190, 2171, 368, 88, 2626, 1359, 25253, 1127, 15441, 1127, 15441, 1406]",17,2.01,unknown
pcm_m_PECT2M29_ev_spontaneous_211,naija-finetuned,as i dey take handle dis mata make me know say i don dey grow.,-inf,-inf,"[-16.130233764648438, -Infinity, -19.728862762451172, -17.284996032714844, -9.888041496276855, -10.689016342163086, -18.561843872070312, -14.058736801147461, -17.643417358398438, -15.692078590393066, -11.40366268157959, -12.517535209655762, -12.31428337097168, -15.12808609008789, -12.884178161621094, -14.687952995300293, -13.913036346435547, -16.205839157104492, -16.563488006591797]","[50259, 50360, 50364, 296, 741, 368, 88, 747, 4813, 717, 46106, 652, 385, 458, 584, 741, 500, 368, 88]",19,2.034,unknown
pcm_m_PECT2M34_ev_spontaneous_083,naija-finetuned,"Wait for me, make I help dis old woman cross road",-inf,-inf,"[-17.422603607177734, -Infinity, -20.34952163696289, -15.339066505432129, -10.451985359191895, -9.011946678161621, -11.756834983825684, -13.485005378723145, -15.503655433654785, -15.570038795471191, -15.314764976501465, -11.13715934753418, -16.63547706604004]","[50259, 50360, 50364, 20376, 337, 385, 11, 652, 286, 854, 717, 1331, 3059]",13,1.809,unknown
pcm_m_PECT2M34_ev_spontaneous_123,naija-finetuned,findingers dey play big role in a conflict resolution by promoting understanding and empathy reduce  ten sion and anger.,-inf,-inf,"[-12.05122184753418, -Infinity, -13.858097076416016, -16.948108673095703, -21.722124099731445, -19.426380157470703, -9.853310585021973, -13.700706481933594, -11.189190864562988, -11.568379402160645, -15.972780227661133, -9.628843307495117, -13.250822067260742, -19.41176986694336, -17.37713050842285, -12.376336097717285, -15.535897254943848, -17.445636749267578, -8.18181037902832, -23.719335556030273, -18.549524307250977, -12.065914154052734, -17.189931869506836, -12.00259780883789, -17.90995216369629, -13.250717163085938]","[50259, 50360, 50364, 69, 9245, 433, 368, 88, 862, 955, 3090, 294, 257, 6596, 8669, 538, 16383, 3701, 293, 18701, 5407, 220, 2064, 262, 313, 293]",26,2.227,unknown
pcm_m_PECT2M35_ev_spontaneous_422,naija-finetuned,go where pipo you like dey go e fit be club or church,-inf,-inf,"[-19.044477462768555, -Infinity, -18.452421188354492, -17.260316848754883, -11.78819465637207, -14.604790687561035, -12.350156784057617, -7.011809825897217, -7.303880214691162, -9.47211742401123, -13.845271110534668, -7.755841255187988, -9.318436622619629, -15.877379417419434, -13.439839363098145, -14.152284622192383]","[50259, 50360, 50364, 1571, 689, 8489, 78, 291, 411, 368, 88, 352, 308, 3318, 312, 6482]",16,1.941,unknown
pcm_m_PECT2M4_ev_spontaneous_348,naija-finetuned,you know abi you know you know sey one man food na another man poison sha,-inf,-inf,"[-18.187376022338867, -Infinity, -15.422715187072754, -7.689775466918945, -0.0026480630040168762, -0.005786809138953686, -10.848465919494629, -5.720682144165039, -15.781558990478516, -14.319537162780762, -14.627176284790039, -12.843586921691895, -13.756643295288086, -8.073123931884766, -11.384224891662598, -14.409172058105469, -13.683234214782715, -8.157379150390625]","[50259, 50360, 50364, 5616, 458, 17905, 291, 458, 291, 458, 369, 88, 472, 587, 1755, 1667, 1071, 587]",18,2.045,unknown
pcm_m_PECT2M60_ev_spontaneous_346,naija-finetuned,"Blessing fit come from your hard work, make you continue.",-inf,-inf,"[-16.18914222717285, -Infinity, -16.608638763427734, -19.428937911987305, -20.38359832763672, -19.176897048950195, -15.6343412399292, -16.28173828125, -12.082043647766113, -12.169233322143555, -15.847208976745605, -13.816413879394531, -13.121648788452148, -12.791682243347168, -14.125144004821777]","[50259, 50360, 50364, 33, 1832, 278, 3318, 808, 490, 428, 1152, 589, 11, 652, 291]",15,1.842,unknown
pcm_m_PECT2M62_ev_spontaneous_203,naija-finetuned,our pastor talk say no weapon fashioned against us go prosper and i receive am. um,-inf,-inf,"[-19.351255416870117, -Infinity, -17.915620803833008, -17.962718963623047, -15.578850746154785, -16.85726547241211, -12.75755786895752, -13.447402000427246, -14.575200080871582, -18.333711624145508, -17.008544921875, -12.619664192199707, -11.697094917297363, -13.53333854675293, -11.287015914916992, -8.8191499710083, -12.618403434753418, -9.055819511413574]","[50259, 50360, 50364, 396, 21193, 751, 584, 572, 7463, 40646, 1970, 505, 352, 14381, 293, 741, 4774, 669]",18,2.005,unknown
pcm_m_PECT2M72_ev_spontaneous_498,naija-finetuned,she manage to crawl out from under di rubble and her husband also make make am out alive,-inf,-inf,"[-17.784738540649414, -Infinity, -20.813920974731445, -18.051889419555664, -19.63435935974121, -10.694132804870605, -18.95781135559082, -11.452712059020996, -12.91461181640625, -17.54080581665039, -15.752086639404297, -18.6492862701416, -17.830461502075195, -11.754210472106934, -12.070969581604004, -16.77459716796875, -12.133081436157227, -12.690023422241211, -16.15961456298828, -14.44200611114502]","[50259, 50360, 50364, 9611, 3067, 281, 24767, 484, 490, 833, 1026, 5915, 638, 293, 720, 5213, 611, 652, 652, 669]",20,2.033,unknown
pcm_m_PECT2M72_ev_spontaneous_591,naija-finetuned,di white house tell bbc say di national security council no go comment on personnel matters,-inf,-inf,"[-17.511919021606445, -Infinity, -18.018024444580078, -18.912071228027344, -18.597816467285156, -19.78188133239746, -19.789182662963867, -17.191736221313477, -17.40950584411621, -15.058306694030762, -13.709952354431152, -14.030113220214844, -13.882121086120605, -19.634746551513672, -14.721100807189941, -10.126521110534668, -12.650626182556152, -15.525474548339844, -10.072284698486328]","[50259, 50360, 50364, 4504, 2418, 1782, 980, 272, 65, 66, 584, 1026, 4048, 3825, 9209, 572, 352, 2871, 322]",19,2.037,unknown
pcm_m_PECT2M77_ev_spontaneous_342,naija-finetuned,di um guy tok say im dey sell for traffic um because im no get job um,-inf,-inf,"[-18.154170989990234, -Infinity, -15.162909507751465, -18.386716842651367, -13.028526306152344, -16.869842529296875, -18.78268051147461, -13.425945281982422, -15.888961791992188, -14.751175880432129, -17.39240074157715, -17.671016693115234, -9.784455299377441, -17.83775520324707, -15.664666175842285, -13.819829940795898, -14.501861572265625, -11.383702278137207, -14.132614135742188]","[50259, 50360, 50364, 4504, 1105, 2146, 19164, 584, 566, 368, 88, 3607, 337, 6419, 1105, 570, 566, 572, 483]",19,2.077,unknown
pcm_m_PECT2M77_ev_spontaneous_458,naija-finetuned,those people wey pay for the school fees try o o,-inf,-inf,"[-17.409212112426758, -Infinity, -22.924556732177734, -23.98090362548828, -11.62660026550293, -13.501571655273438, -14.453956604003906, -12.323613166809082, -15.267166137695312, -11.513948440551758, -15.217704772949219, -17.141441345214844, -17.456989288330078]","[50259, 50360, 50364, 49833, 561, 321, 88, 1689, 337, 264, 1395, 13370, 853]",13,1.843,unknown
pcm_m_PECT2M79_ev_spontaneous_010,naija-finetuned,since then natasha dey on suspension but she still dey do all things,-inf,-inf,"[-14.370823860168457, -Infinity, -12.71732234954834, -14.440027236938477, -18.895479202270508, -14.630553245544434, -19.75027847290039, -19.164766311645508, -6.52034854888916, -12.325334548950195, -12.75383186340332, -21.98797035217285, -13.957484245300293, -18.515748977661133, -11.809087753295898, -13.178329467773438, -15.544238090515137, -12.814457893371582]","[50259, 50360, 50364, 82, 1236, 550, 2249, 12137, 368, 88, 322, 15771, 457, 750, 920, 368, 88, 360]",18,1.973,unknown
pcm_m_PECT2M7_ev_spontaneous_158,naija-finetuned,Di emptiness in my arm remind me of di love we bin share.,-inf,-inf,"[-16.310894012451172, -Infinity, -20.126157760620117, -18.12561798095703, -16.18911361694336, -13.875925064086914, -12.299139976501465, -9.126078605651855, -16.188579559326172, -19.255502700805664, -15.84471607208252, -14.375205039978027, -13.700661659240723, -12.626008987426758, -14.454846382141113, -20.7500057220459]","[50259, 50360, 50364, 35, 72, 41993, 294, 452, 3726, 4160, 385, 295, 1026, 959, 321, 5171]",16,1.877,unknown
pcm_m_PECT2M84_ev_spontaneous_197,naija-finetuned,for di peace and stability of south asia we strongly beg both india and and pakistan make dem hold demsef and stabilise di situation through toktok,-inf,-inf,"[-16.89100456237793, -Infinity, -19.025209426879883, -17.563480377197266, -10.949939727783203, -16.627878189086914, -13.019196510314941, -19.08773422241211, -15.375397682189941, -14.110926628112793, -13.13406753540039, -19.09992790222168, -15.41275405883789, -22.344223022460938, -21.22991180419922, -12.690842628479004, -10.261473655700684, -16.951026916503906, -17.12632942199707, -13.703632354736328, -18.137086868286133, -14.06015396118164, -13.668173789978027, -11.729499816894531, -18.897140502929688, -16.50211524963379, -16.555770874023438, -18.209516525268555, -17.187889099121094, -14.924805641174316, -18.193191528320312, -7.8085222244262695, -17.684406280517578, -19.548612594604492, -12.377760887145996]","[50259, 50360, 50364, 2994, 1026, 4336, 293, 11826, 295, 7377, 382, 654, 321, 10613, 4612, 1293, 1016, 654, 293, 293, 20843, 7559, 652, 1371, 1797, 1371, 405, 69, 293, 11652, 908, 1026, 2590, 807, 281]",35,2.524,unknown
pcm_m_PECT2M84_ev_spontaneous_214,naija-finetuned,but di trf later deny involvement saying someone wit access to dia social media account don wrongly claim role in di attack,-inf,-inf,"[-19.940719604492188, -Infinity, -17.681968688964844, -19.750741958618164, -13.308734893798828, -18.85747718811035, -19.63799476623535, -15.343514442443848, -18.421506881713867, -17.476877212524414, -17.942785263061523, -18.469568252563477, -17.760473251342773, -15.476781845092773, -17.597497940063477, -17.636117935180664, -21.23348617553711, -20.548269271850586, -16.19023895263672, -16.534976959228516, -9.384467124938965, -15.579625129699707, -18.61762237548828, -12.390474319458008, -14.626416206359863]","[50259, 50360, 50364, 5955, 1026, 504, 69, 1780, 15744, 17447, 1566, 1580, 32161, 2105, 281, 6801, 2093, 3021, 2696, 500, 2085, 356, 3932, 3090, 294]",25,2.204,unknown
pcm_m_PECT2M85_ev_spontaneous_122,naija-finetuned,you fit ask questions respectfully without challenging their authority outright,-inf,-inf,"[-17.143680572509766, -Infinity, -22.75255584716797, -15.242753028869629, -20.2070255279541, -16.75040626525879, -16.58933448791504, -17.616954803466797, -12.91097354888916, -21.82061195373535, -15.56657886505127]","[50259, 50360, 50364, 5616, 3318, 1029, 1651, 45201, 1553, 7595, 641]",11,1.744,unknown
pcm_m_PECT2M89_ev_spontaneous_333,naija-finetuned,special adviser information and strategy to president tinubu bayo onanuga say president tinugu,-inf,-inf,"[-17.64789390563965, -Infinity, -14.142271995544434, -17.308494567871094, -20.125673294067383, -19.19969940185547, -17.564970016479492, -13.569816589355469, -20.74305534362793, -19.502107620239258, -18.41656494140625, -15.421234130859375, -10.93363094329834, -11.915307998657227, -12.2843656539917, -11.868267059326172, -14.158403396606445, -16.943096160888672, -22.703750610351562, -15.241524696350098, -13.35079574584961]","[50259, 50360, 50364, 7053, 1013, 43547, 1589, 293, 5206, 281, 3868, 15935, 836, 84, 13642, 78, 322, 282, 19364, 584, 3868]",21,2.074,unknown
pcm_m_PECT2M93_ev_spontaneous_466,naija-finetuned,i dey set reminder for my deadlines um make um i finish um work on time,-inf,-inf,"[-18.884613037109375, -Infinity, -22.17979621887207, -15.970169067382812, -10.866851806640625, -16.751527786254883, -13.190185546875, -17.072433471679688, -8.283834457397461, -8.028619766235352, -15.286092758178711, -12.626954078674316, -14.382501602172852, -0.041338637471199036, -11.913690567016602, -16.782350540161133, -15.219664573669434, -10.699941635131836]","[50259, 50360, 50364, 72, 368, 88, 992, 13548, 337, 452, 37548, 1105, 652, 1105, 741, 2413, 1105, 589]",18,1.973,unknown
pcm_m_PECT2M97_ev_spontaneous_040,naija-finetuned,many pipo dey wonder wetin church dey use all di offering wey dem dey collect do,-inf,-inf,"[-18.593210220336914, -Infinity, -18.635343551635742, -14.580179214477539, -20.426170349121094, -20.491113662719727, -18.462444305419922, -17.500076293945312, -14.44007682800293, -17.39248275756836, -17.438928604125977, -17.627099990844727, -17.751548767089844, -10.939133644104004, -14.147642135620117, -16.062129974365234, -17.051652908325195, -17.375038146972656, -21.544876098632812, -12.190471649169922, -0.0024147657677531242, -13.445544242858887, -10.687911033630371, -16.129634857177734]","[50259, 50360, 50364, 76, 1325, 8489, 78, 368, 88, 2441, 6630, 259, 4128, 368, 88, 764, 439, 1026, 8745, 321, 88, 1371, 368, 88]",24,2.134,unknown
pcm_m_PECT2M98_ev_spontaneous_578,naija-finetuned,israel defense forces neva tok pimp for di mata but dem previously bin accuse hamas say dem dey use civilian celsha um as military basis,-inf,-inf,"[-16.481157302856445, -Infinity, -13.59241771697998, -18.876190185546875, -20.431808471679688, -18.88044548034668, -19.94181251525879, -12.074315071105957, -14.449058532714844, -14.190411567687988, -14.570945739746094, -18.734352111816406, -14.125768661499023, -10.378228187561035, -20.36454200744629, -16.625640869140625, -18.68059539794922, -17.076597213745117, -17.63686752319336, -17.220909118652344, -16.845529556274414, -19.243770599365234, -15.87806224822998, -17.06397819519043, -17.259096145629883, -10.944380760192871, -16.78173065185547, -14.035813331604004, -9.470121383666992, -12.522982597351074, -16.627723693847656, -12.7914457321167, -11.939352989196777]","[50259, 50360, 50364, 271, 5416, 7654, 5874, 408, 2757, 19164, 280, 8814, 337, 1026, 46106, 457, 1371, 8046, 5171, 43610, 324, 3799, 584, 1371, 368, 88, 764, 23386, 269, 1625, 1641, 1105, 382]",33,2.463,unknown
pcm_m_PHTS1M1_he_spontaneous_066,naija-finetuned,sexual consent consent na wetin we all suppose dey talk for everywhere true true,-inf,-inf,"[-18.18179702758789, -Infinity, -19.403230667114258, -18.91026496887207, -18.22905731201172, -15.769416809082031, -23.53934097290039, -10.626708030700684, -18.425222396850586, -15.844738960266113, -10.191641807556152, -17.000564575195312, -14.761573791503906, -13.189599990844727, -17.06073570251465, -12.520363807678223, -11.6832857131958, -17.876373291015625]","[50259, 50360, 50364, 405, 13418, 14546, 14546, 1667, 6630, 259, 321, 439, 7297, 368, 88, 751, 337, 5315]",18,2.002,unknown
pcm_m_PHTS1M1_he_spontaneous_235,naija-finetuned,em dem suppose to dey talk about community outreach programs wellem well for schools and churches,-inf,-inf,"[-14.916248321533203, -Infinity, -18.81965446472168, -16.758129119873047, -9.391260147094727, -13.676770210266113, -5.251135349273682, -14.125310897827148, -13.888002395629883, -17.83046531677246, -14.444414138793945, -16.943395614624023, -17.089303970336914, -17.801956176757812, -7.7727861404418945, -19.566307067871094, -13.502460479736328, -10.752516746520996, -15.438687324523926]","[50259, 50360, 50364, 443, 1371, 7297, 281, 368, 88, 751, 466, 1768, 19638, 4268, 731, 443, 731, 337, 4656]",19,2.035,unknown
pcm_m_PHTS1M1_he_spontaneous_364,naija-finetuned,my arrangement dey pack tight but i still dey make space for ways to dey chillax,-inf,-inf,"[-17.99569320678711, -Infinity, -21.519100189208984, -15.970246315002441, -16.75482940673828, -16.02326011657715, -12.25119400024414, -18.00212860107422, -18.032331466674805, -15.081341743469238, -18.968814849853516, -15.105903625488281, -12.190042495727539, -17.096317291259766, -14.457674980163574, -15.688089370727539, -14.502371788024902, -17.87648582458496, -11.62984848022461, -17.727249145507812, -17.065134048461914]","[50259, 50360, 50364, 2226, 17620, 368, 88, 2844, 4524, 457, 741, 920, 368, 88, 652, 1901, 337, 2098, 281, 368, 88]",21,2.101,unknown
pcm_m_PHTS1M2_he_spontaneous_287,naija-finetuned,to dey hear patient without judge judge um dem dey build better understanding like for inside hospital,-inf,-inf,"[-21.485336303710938, -Infinity, -19.53961753845215, -17.880260467529297, -11.819293975830078, -11.20380973815918, -15.51669692993164, -19.875385284423828, -12.139728546142578, -14.4714937210083, -18.002012252807617, -17.157835006713867, -15.969955444335938, -15.0836820602417, -19.78417205810547, -15.008328437805176, -18.47620391845703, -17.032285690307617, -13.922021865844727, -11.128028869628906]","[50259, 50360, 50364, 1353, 368, 88, 1568, 4537, 1553, 6995, 6995, 1105, 1371, 368, 88, 1322, 1101, 3701, 411, 337]",20,2.006,unknown
pcm_m_PHTS1M2_he_spontaneous_335,naija-finetuned,realreal when everybody respect each other both prayer and hospital medicine go work smooth like say na team,-inf,-inf,"[-16.993959426879883, -Infinity, -20.036569595336914, -15.298012733459473, -22.203428268432617, -10.815706253051758, -12.884078979492188, -15.132984161376953, -15.847219467163086, -15.782575607299805, -16.22288703918457, -14.100570678710938, -13.7506742477417, -16.48916244506836, -15.871171951293945, -11.004124641418457, -14.743322372436523, -18.767311096191406, -13.877795219421387, -13.50257396697998]","[50259, 50360, 50364, 9342, 9342, 562, 2201, 3104, 1184, 661, 1293, 8767, 293, 4530, 7195, 352, 589, 5508, 411, 584]",20,2.131,unknown
pcm_m_PHTT1M11_he_spontaneous_147,naija-finetuned,na from one health program my sister see help for breast cancer,-inf,-inf,"[-17.294437408447266, -Infinity, -23.110393524169922, -17.1004581451416, -10.265393257141113, -12.881025314331055, -16.21347999572754, -14.79507064819336, -10.691400527954102, -14.242712020874023, -13.284189224243164, -12.44029712677002, -10.157976150512695]","[50259, 50360, 50364, 629, 490, 472, 1585, 1461, 452, 4892, 536, 854, 337]",13,1.84,unknown
pcm_m_PHTT1M11_he_spontaneous_502,naija-finetuned,na normal thing for people to get different belief for how healing dey come.,-inf,-inf,"[-17.70458221435547, -Infinity, -18.1621150970459, -14.063919067382812, -15.461808204650879, -14.066690444946289, -11.314071655273438, -11.004903793334961, -11.53901195526123, -13.877288818359375, -13.88107681274414, -15.254613876342773, -10.830209732055664, -11.90872573852539, -17.600013732910156, -12.091384887695312, -17.563398361206055]","[50259, 50360, 50364, 629, 2710, 551, 337, 561, 281, 483, 819, 7107, 337, 577, 9745, 368, 88]",17,1.934,unknown
pcm_m_PHTT1M13_he_spontaneous_481,naija-finetuned,like true true no be all sick people believe say na everybody dey well the same way and that one sef no be bad  ten,-inf,-inf,"[-16.262908935546875, -Infinity, -17.321319580078125, -15.7512788772583, -16.159833908081055, -16.470060348510742, -13.429563522338867, -7.773876190185547, -14.37578296661377, -12.588622093200684, -11.760848045349121, -14.588624000549316, -12.252446174621582, -17.06460952758789, -16.169076919555664, -2.197629690170288, -13.69045639038086, -8.821659088134766, -10.825166702270508, -13.41468334197998, -10.021529197692871, -12.66683578491211, -18.346559524536133, -11.387733459472656, -13.439002990722656, -15.560318946838379, -5.361331462860107, -10.734475135803223, -13.095949172973633]","[50259, 50360, 50364, 4092, 2074, 2074, 572, 312, 439, 4998, 561, 1697, 584, 1667, 2201, 368, 88, 731, 264, 912, 636, 293, 300, 472, 369, 69, 572, 312, 1578]",29,2.363,unknown
pcm_m_PHTT1M15_he_spontaneous_307,naija-finetuned,pause first actually eh even just five minutes of quiet meditation dey change how i feel inside.,-inf,-inf,"[-15.637012481689453, -Infinity, -13.99828815460205, -10.278605461120605, -16.3878116607666, -15.283376693725586, -15.045421600341797, -9.615043640136719, -8.005176544189453, -10.378582954406738, -13.33543586730957, -13.503637313842773, -18.268310546875, -16.746110916137695, -11.132433891296387, -13.505918502807617, -10.897712707519531, -13.31511116027832, -9.457371711730957, -14.50052547454834]","[50259, 50360, 50364, 38831, 700, 767, 7670, 754, 445, 1732, 2077, 295, 5677, 12537, 368, 88, 1319, 577, 741, 841]",20,2.067,unknown
pcm_m_PHTT1M17_he_spontaneous_429,naija-finetuned,we bin get one community outreach on hiv matter and e help  open people eye well well.,-inf,-inf,"[-17.014236450195312, -Infinity, -20.597902297973633, -17.03231430053711, -18.990236282348633, -16.782733917236328, -11.002190589904785, -16.438819885253906, -18.630708694458008, -10.408235549926758, -11.013357162475586, -17.386476516723633, -13.161162376403809, -5.533148288726807, -5.214033603668213, -10.828459739685059, -4.416529178619385, -12.32497501373291, -12.234211921691895, -17.766178131103516, -8.687828063964844]","[50259, 50360, 50364, 826, 5171, 483, 472, 1768, 19638, 322, 276, 592, 1871, 293, 308, 854, 220, 1269, 561, 3313, 731]",21,2.071,unknown
pcm_m_PHTT1M35_he_spontaneous_364,naija-finetuned,na mindfulness make me um dey notice small things like um as water uh dey flow for my hand,-inf,-inf,"[-19.39022445678711, -Infinity, -21.514745712280273, -18.31369972229004, -12.199722290039062, -10.552881240844727, -19.11022186279297, -15.87634563446045, -13.19094467163086, -15.644556045532227, -16.907438278198242, -15.2477388381958, -17.877901077270508, -12.727458953857422, -0.021734153851866722, -9.785534858703613, -15.812650680541992, -15.667473793029785, -12.776507377624512, -14.379220962524414, -16.196197509765625, -12.378483772277832]","[50259, 50360, 50364, 629, 25655, 652, 385, 1105, 368, 88, 3449, 1359, 721, 411, 1105, 382, 1281, 2232, 368, 88, 3095, 337]",22,2.129,unknown
pcm_m_PHTT1M4_he_spontaneous_329,naija-finetuned,actually to build more rural clinics go really help people for that area,-inf,-inf,"[-19.012718200683594, -Infinity, -23.165361404418945, -16.292343139648438, -18.78241539001465, -12.9114351272583, -17.597412109375, -14.063427925109863, -15.502155303955078, -16.526227951049805, -12.311165809631348, -12.505236625671387, -13.004772186279297, -10.633199691772461, -10.75541877746582]","[50259, 50360, 50364, 578, 671, 281, 1322, 544, 11165, 27252, 352, 534, 854, 561, 337]",15,1.875,unknown
pcm_m_PHTT1M7_he_spontaneous_397,naija-finetuned,um residents  fit find ways make hospitals closer make hospital closer to enjoy better healthcare.,-inf,-inf,"[-13.541244506835938, -Infinity, -15.019525527954102, -12.897147178649902, -18.434955596923828, -7.504141330718994, -11.941934585571289, -14.3678617477417, -13.968036651611328, -0.008553417399525642, -0.09879673272371292, -0.0234704427421093, -11.629220008850098, -15.65811538696289, -15.345276832580566, -13.348668098449707, -15.512362480163574, -13.314906120300293]","[50259, 50360, 50364, 449, 9630, 220, 3318, 915, 2098, 652, 13014, 4966, 652, 4530, 4966, 281, 2103, 1101]",18,1.97,unknown
pcm_m_PHTT1M8_he_spontaneous_599,naija-finetuned,when you mix medical care and belief system better result go show for patient.,-inf,-inf,"[-16.238521575927734, -Infinity, -20.0404052734375, -16.59152603149414, -12.97182559967041, -16.943401336669922, -12.626359939575195, -10.954909324645996, -13.381900787353516, -14.261914253234863, -16.456905364990234, -12.753396034240723, -10.824686050415039, -16.72260093688965, -12.745463371276855, -9.064120292663574]","[50259, 50360, 50364, 18822, 291, 2890, 4625, 1127, 293, 7107, 1185, 1101, 1874, 352, 855, 337]",16,1.912,unknown
pcm_m_PHTT2M10_he_spontaneous_153,naija-finetuned,some families go wan pray or do ritual before treatment go start.,-inf,-inf,"[-18.686229705810547, -Infinity, -22.40798568725586, -20.387828826904297, -17.845762252807617, -12.189471244812012, -14.192215919494629, -9.503501892089844, -11.125354766845703, -7.596357822418213, -16.996103286743164, -10.269335746765137, -12.15646743774414, -10.938236236572266]","[50259, 50360, 50364, 23189, 4466, 352, 46930, 3690, 420, 360, 13792, 949, 5032, 352]",14,1.845,unknown
pcm_m_PHTT2M10_he_spontaneous_457,naija-finetuned,mindfulness dey teach me make i no miss the small-small joy um like how water dey run for my hand. um,-inf,-inf,"[-17.447864532470703, -Infinity, -19.128549575805664, -21.34868049621582, -19.978788375854492, -12.506522178649902, -14.02034854888916, -18.974098205566406, -12.302419662475586, -7.203278541564941, -10.517905235290527, -12.208093643188477, -9.909675598144531, -18.18925666809082, -15.409612655639648, -10.93881607055664, -10.95452880859375, -13.516672134399414, -15.533585548400879, -14.87691593170166, -13.942070960998535, -15.500306129455566, -14.844413757324219, -10.163688659667969, -14.632123947143555, -14.12901496887207, -12.005393981933594, -10.691375732421875, -16.745378494262695]","[50259, 50360, 50364, 13733, 26872, 368, 88, 2924, 385, 652, 741, 572, 1713, 264, 1359, 12, 10817, 336, 6258, 1105, 411, 577, 1281, 368, 88, 1190, 337, 452, 1011]",29,2.329,unknown
pcm_m_PHTT2M10_he_spontaneous_519,naija-finetuned,nurses for hospital go make sure dem checkmate new infection to dey well and no complicate things,-inf,-inf,"[-17.144662857055664, -Infinity, -21.46953582763672, -17.188936233520508, -18.763940811157227, -11.126026153564453, -11.132793426513672, -19.68804168701172, -12.649114608764648, -9.065411567687988, -14.465791702270508, -14.064172744750977, -15.24853229522705, -18.475242614746094, -15.506719589233398, -22.508682250976562, -13.31357479095459, -15.940927505493164, -14.939948081970215, -15.425443649291992, -16.160783767700195, -15.761250495910645, -17.12760353088379]","[50259, 50360, 50364, 77, 2156, 279, 337, 4530, 352, 652, 988, 1371, 1520, 13963, 777, 11764, 281, 368, 88, 731, 293, 572, 1209]",23,2.165,unknown
pcm_m_PHTT2M12_he_spontaneous_076,naija-finetuned,plenty benefit dey if person put relaxation techniques join everyday habit,-inf,-inf,"[-19.849313735961914, -Infinity, -18.77465057373047, -18.038314819335938, -20.662364959716797, -12.58022689819336, -13.901497840881348, -8.980158805847168, -8.23883056640625, -17.27093505859375, -12.503826141357422, -19.756376266479492, -14.547187805175781, -14.790010452270508]","[50259, 50360, 50364, 564, 4179, 5121, 368, 88, 498, 954, 829, 30315, 7512, 3917]",14,1.871,unknown
pcm_m_PHTT2M13_he_spontaneous_313,naija-finetuned,if dem explain reproductive health well e go help students make correct decisions for school as e way as e like pause.,-inf,-inf,"[-16.575098037719727, -Infinity, -16.79717445373535, -18.97311019897461, -16.314838409423828, -16.345458984375, -18.57537841796875, -13.762545585632324, -11.5071439743042, -12.051494598388672, -10.94139575958252, -19.406381607055664, -10.843173027038574, -13.892950057983398, -15.231392860412598, -15.79726505279541, -7.887213706970215, -10.677682876586914, -0.052010390907526016, -0.27592724561691284, -Infinity, -13.800992965698242, -10.467199325561523, -11.188053131103516]","[50259, 50360, 50364, 351, 1371, 2903, 33569, 1585, 731, 308, 352, 854, 1731, 652, 3006, 5327, 337, 1395, 382, 308, 636, 382, 308, 411]",24,2.164,unknown
pcm_m_PHTT2M18_he_spontaneous_048,naija-finetuned,um ah person wey dey um train me yarn say exercise dey as important reach to dey chop food wey good for your body,-inf,-inf,"[-13.584385871887207, -Infinity, -15.811890602111816, -14.432358741760254, -16.578977584838867, -15.629140853881836, -14.538769721984863, -10.215272903442383, -8.241981506347656, -15.688405990600586, -11.585028648376465, -16.310134887695312, -14.50936508178711, -19.27683448791504, -16.31679916381836, -17.999685287475586, -12.079998970031738, -13.261540412902832, -12.438901901245117, -17.035781860351562, -20.00067901611328, -11.908965110778809, -14.002118110656738, -15.195950508117676, -23.484500885009766, -10.402807235717773, -11.628439903259277, -14.195730209350586, -12.008209228515625, -12.743125915527344]","[50259, 50360, 50364, 449, 3716, 954, 321, 88, 368, 88, 1105, 3847, 385, 11400, 584, 5380, 368, 88, 382, 1021, 2524, 281, 368, 88, 7931, 1755, 321, 88, 665, 337]",30,2.394,unknown
pcm_m_PHTT2M23_he_spontaneous_074,naija-finetuned,bik pipo dey alway zek h m how dem dey chop to kip dia bodi in h m good shape.,-inf,-inf,"[-16.947021484375, -Infinity, -15.29014778137207, -14.64708423614502, -17.89332389831543, -22.79914093017578, -16.3894100189209, -10.808500289916992, -6.033169746398926, -15.227270126342773, -14.960832595825195, -7.0158586502075195, -14.522500991821289, -12.809298515319824, -13.951513290405273, -14.719587326049805, -12.763383865356445, -7.78570556640625, -7.685420036315918, -16.5380859375, -5.687282562255859, -8.679428100585938, -12.887672424316406, -13.695197105407715, -13.375341415405273, -13.646891593933105, -10.829849243164062, -10.391151428222656, -12.8514404296875, -13.875617980957031]","[50259, 50360, 50364, 65, 1035, 8489, 78, 368, 88, 419, 676, 710, 916, 276, 275, 577, 1371, 368, 88, 7931, 281, 350, 647, 6801, 16737, 72, 294, 276, 275, 665]",30,2.353,unknown
pcm_m_PHTT2M29_he_spontaneous_046,naija-finetuned,dem dey tell sick pipu make dem allow nurse dey give dey giv dem medicine and injection make dey fit get beta help.,-inf,-inf,"[-18.3610897064209, -Infinity, -23.703149795532227, -16.815196990966797, -9.832254409790039, -9.251791000366211, -20.556690216064453, -16.2830810546875, -19.037755966186523, -17.34607696533203, -16.284954071044922, -6.451996326446533, -19.21893882751465, -19.67610740661621, -0.0058503346517682076, -0.00038532938924618065, -Infinity, -15.9515962600708, -16.343473434448242, -12.58163833618164, -18.12657928466797, -16.32330322265625, -14.32013988494873, -11.564846992492676, -23.937828063964844, -12.379308700561523, -10.188200950622559, -17.254240036010742, -18.44732666015625, -13.509232521057129, -15.250457763671875]","[50259, 50360, 50364, 10730, 368, 88, 980, 4998, 8489, 84, 652, 1371, 2089, 14012, 368, 88, 976, 368, 88, 290, 592, 1371, 7195, 293, 22873, 652, 368, 88, 3318, 483, 9861]",31,2.425,unknown
pcm_m_PHTT2M2_he_spontaneous_076,naija-finetuned,wetin i mean be say before before i dey fear injection but now i know say e dey help person.,-inf,-inf,"[-17.190574645996094, -Infinity, -23.486146926879883, -17.064125061035156, -23.048635482788086, -11.962382316589355, -14.078938484191895, -8.18945598602295, -10.87740707397461, -10.477898597717285, -16.68758773803711, -13.938214302062988, -11.191241264343262, -14.190766334533691, -19.063369750976562, -20.771686553955078, -14.98990535736084, -11.502197265625, -12.250810623168945, -15.220029830932617, -17.84417724609375, -9.004768371582031, -13.438685417175293, -9.322229385375977, -13.251273155212402]","[50259, 50360, 50364, 86, 38645, 741, 914, 312, 584, 949, 949, 741, 368, 88, 4240, 22873, 457, 586, 741, 458, 584, 308, 368, 88, 854]",25,2.193,unknown
pcm_m_PHTT2M3_he_spontaneous_455,naija-finetuned,wetin i dey try talk be say make school dey talk about sti about spi testing health class.,-inf,-inf,"[-13.852201461791992, -Infinity, -22.94023323059082, -17.84989356994629, -21.004745483398438, -9.758062362670898, -7.380383491516113, -16.87723159790039, -10.842564582824707, -13.640423774719238, -13.724274635314941, -9.752364158630371, -17.500185012817383, -15.220797538757324, -15.781487464904785, -18.572128295898438, -17.90684700012207, -0.001277822069823742, -0.0004233417857903987, -0.0009726322605274618, -12.054018020629883, -14.628947257995605, -15.097949028015137, -15.230545043945312, -13.313035011291504]","[50259, 50360, 50364, 86, 38645, 741, 368, 88, 853, 751, 312, 584, 652, 1395, 368, 88, 751, 466, 342, 72, 466, 637, 72, 4997, 1585]",25,2.227,unknown
pcm_m_PHTT2M5_he_spontaneous_268,naija-finetuned,to join medical treatment and patients' beliefs dey help to bring good result good result for patients.,-inf,-inf,"[-17.43210220336914, -Infinity, -18.32584571838379, -16.67006492614746, -17.90924072265625, -13.104469299316406, -9.697103500366211, -8.351605415344238, -11.630756378173828, -14.321931838989258, -20.0165958404541, -9.883570671081543, -15.15729808807373, -12.500448226928711, -11.880699157714844, -14.267866134643555, -9.594581604003906, -14.813666343688965, -13.338451385498047, -15.795469284057617, -10.12608814239502]","[50259, 50360, 50364, 1353, 3917, 4625, 5032, 293, 4209, 6, 13585, 368, 88, 854, 281, 1565, 665, 1874, 665, 1874, 337]",21,2.101,unknown
pcm_m_PHTT2M5_he_spontaneous_544,naija-finetuned,for steady protection and protection wey no hard to maintain you fit comot your hormonal iuds hormonal  iuds anytime.,-inf,-inf,"[-15.318785667419434, -Infinity, -17.663206100463867, -17.782146453857422, -17.916061401367188, -14.610034942626953, -17.437623977661133, -19.476512908935547, -14.002653121948242, -14.813233375549316, -15.130824089050293, -17.022781372070312, -13.439557075500488, -17.59676170349121, -16.41512107849121, -17.221101760864258, -15.722774505615234, -18.875308990478516, -12.911775588989258, -22.245868682861328, -16.678091049194336, -20.937782287597656, -6.948517799377441, -15.798670768737793, -21.32097816467285, -12.692954063415527, -12.901981353759766, -18.59437370300293]","[50259, 50360, 50364, 2994, 13211, 6334, 293, 6334, 321, 88, 572, 1152, 281, 6909, 291, 3318, 395, 310, 428, 11876, 21523, 741, 32083, 11876, 21523, 220, 741, 32083]",28,2.266,unknown
pcm_m_PHTT2M6_he_spontaneous_211,naija-finetuned,true-true if respect dey both sides faith and medicine go work well together.,-inf,-inf,"[-17.490890502929688, -Infinity, -16.194679260253906, -0.040743447840213776, -0.0001597276859683916, -Infinity, -14.448400497436523, -15.333539009094238, -15.784407615661621, -6.387127876281738, -10.37794017791748, -12.072551727294922, -10.001749038696289, -17.048114776611328, -15.394062042236328, -12.917008399963379, -19.735240936279297, -8.834124565124512, -11.438504219055176, -11.625775337219238]","[50259, 50360, 50364, 6903, 622, 12, 6903, 622, 498, 3104, 368, 88, 1293, 4881, 4522, 293, 7195, 352, 589, 731]",20,2.19,unknown
pcm_m_PHTT2M6_he_spontaneous_356,naija-finetuned,that clinic don wise up dem dey share free pos brochure now na better level.,-inf,-inf,"[-15.810774803161621, -Infinity, -18.155010223388672, -17.437461853027344, -20.55038070678711, -8.755980491638184, -15.889399528503418, -17.35002326965332, -16.689167022705078, -11.852119445800781, -15.462103843688965, -10.826688766479492, -20.297203063964844, -16.597848892211914, -17.9669132232666, -16.04213523864746, -15.09727954864502, -11.157065391540527, -13.285126686096191]","[50259, 50360, 50364, 6780, 14947, 500, 10829, 493, 1371, 368, 88, 2073, 1737, 1366, 48147, 540, 586, 1667, 1101]",19,2.035,unknown
pcm_m_PHTT2M8_he_spontaneous_441,naija-finetuned,some people don believe say na medicine and prayer alone na im fit cure dem you sha know ba,-inf,-inf,"[-17.911972045898438, -Infinity, -21.056438446044922, -13.385496139526367, -11.641834259033203, -14.472063064575195, -13.762880325317383, -13.250466346740723, -11.320449829101562, -15.80279541015625, -9.132611274719238, -14.168149948120117, -13.80278205871582, -14.514108657836914, -7.343425750732422, -13.209267616271973, -14.116697311401367, -17.81641960144043, -9.501955032348633, -19.89837646484375]","[50259, 50360, 50364, 23189, 561, 500, 1697, 584, 1667, 7195, 293, 8767, 3312, 1667, 566, 3318, 13698, 1371, 291, 3230]",20,2.036,unknown
pcm_m_PM4M1_ev_read_169,naija-finetuned,Person need to shine eye to know di pipo wey im dey follow stay,-inf,-inf,"[-17.658239364624023, -Infinity, -18.11322784423828, -20.4007568359375, -17.296266555786133, -15.09679889678955, -0.0011938833631575108, -15.723260879516602, -16.66634750366211, -11.042630195617676, -22.92821502685547, -9.63125991821289, -19.781368255615234, -17.16412353515625, -10.281198501586914, -0.7261591553688049, -13.481932640075684, -7.693212032318115, -14.7990083694458]","[50259, 50360, 50364, 47, 3953, 643, 281, 12207, 3313, 281, 458, 1026, 8489, 78, 321, 88, 566, 368, 88]",19,2.002,unknown
pcm_m_PM4M1_ev_read_182,naija-finetuned,Use better anti virus for your gadget to fit comot virus,-inf,-inf,"[-15.663034439086914, -Infinity, -17.38494300842285, -15.420463562011719, -17.248279571533203, -16.97343635559082, -16.916135787963867, -16.99784278869629, -7.441596508026123, -11.944339752197266, -16.926128387451172, -13.657313346862793, -20.274553298950195, -18.797710418701172]","[50259, 50360, 50364, 52, 405, 1101, 6061, 5752, 337, 428, 38090, 281, 3318, 395]",14,1.868,unknown
pcm_m_PM4M1_ev_read_265,naija-finetuned,The first thing na to sabi sey everybody no dey di same,-inf,-inf,"[-15.94743824005127, -Infinity, -17.50853729248047, -19.612003326416016, -15.125968933105469, -15.294550895690918, -21.468761444091797, -10.411998748779297, -19.781536102294922, -14.176541328430176, -11.753217697143555, -13.188941955566406, -16.59730339050293, -13.860032081604004, -14.84517765045166, -13.260934829711914]","[50259, 50360, 50364, 2278, 700, 551, 1667, 281, 5560, 72, 369, 88, 2201, 572, 368, 88]",16,1.998,unknown
pcm_m_PM4M1_ev_read_327,naija-finetuned,Social media help well-well during di Endsars and Black Lives Matter movement.,-inf,-inf,"[-17.509565353393555, -Infinity, -19.547069549560547, -14.202582359313965, -19.79346466064453, -16.898427963256836, -16.72787094116211, -16.34485626220703, -15.834879875183105, -12.78677749633789, -16.89948844909668, -13.673460006713867, -12.266743659973145, -11.710453987121582, -17.78933334350586, -17.09396743774414, -17.551069259643555, -17.8201847076416, -19.218902587890625]","[50259, 50360, 50364, 6455, 1013, 3021, 854, 731, 12, 6326, 1830, 1026, 6967, 82, 685, 293, 4076, 25791, 20285]",19,1.969,unknown
pcm_m_PM4M1_ev_read_569,naija-finetuned,To save and invest de make persin fit gather plenty money,-inf,-inf,"[-18.18687629699707, -Infinity, -20.981534957885742, -12.890436172485352, -17.314424514770508, -13.751151084899902, -17.494712829589844, -19.438167572021484, -13.12771987915039, -17.743635177612305, -16.24178695678711, -17.53825569152832, -17.829809188842773]","[50259, 50360, 50364, 13342, 3155, 293, 1963, 368, 652, 868, 259, 3318, 5448]",13,1.834,unknown
pcm_m_PM4M2_ev_read_073,naija-finetuned,You wan dey loyal no mean say you no get your own life to live.,-inf,-inf,"[-15.327857971191406, -Infinity, -17.29033088684082, -17.095256805419922, -19.078765869140625, -8.838712692260742, -12.1929292678833, -18.616506576538086, -13.189635276794434, -16.867734909057617, -14.978690147399902, -6.566184997558594, -14.660446166992188, -13.911491394042969, -12.00336742401123, -15.06790542602539, -10.329033851623535, -11.18761920928955]","[50259, 50360, 50364, 3223, 46930, 368, 88, 12682, 572, 914, 584, 291, 572, 483, 428, 1065, 993, 281]",18,1.997,unknown
pcm_m_PM4M2_ev_read_107,naija-finetuned,"We go dey go meeting, make dem dey hear our voice.",-inf,-inf,"[-17.60812759399414, -Infinity, -17.51774787902832, -17.105594635009766, -0.01006834302097559, -11.427827835083008, -13.977056503295898, -11.859916687011719, -17.525781631469727, -14.474743843078613, -16.969865798950195, -19.90114974975586, -15.661355018615723, -16.625717163085938, -14.888550758361816, -14.469128608703613]","[50259, 50360, 50364, 4360, 352, 368, 88, 352, 3440, 11, 652, 1371, 368, 88, 1568, 527]",16,1.87,unknown
pcm_m_PM4M2_ev_read_196,naija-finetuned,"If your friend come, make you try treat am well.",-inf,-inf,"[-16.175336837768555, -Infinity, -16.816448211669922, -19.974000930786133, -12.006567001342773, -17.983854293823242, -13.971991539001465, -11.984774589538574, -13.75402545928955, -11.779959678649902, -14.75299072265625, -18.049577713012695, -18.218767166137695]","[50259, 50360, 50364, 8031, 428, 1277, 808, 11, 652, 291, 853, 2387, 669]",13,1.775,unknown
pcm_m_PM4M2_ev_read_229,naija-finetuned,Checking on friends de make bond stronger and e de make person feel like sey e belong.,-inf,-inf,"[-15.540101051330566, -Infinity, -19.498394012451172, -14.407143592834473, -22.138286590576172, -14.22504711151123, -9.914908409118652, -12.331214904785156, -9.754568099975586, -17.782976150512695, -19.69438362121582, -13.227495193481445, -12.852958679199219, -8.382357597351074, -12.253243446350098, -10.622588157653809, -14.378499984741211, -10.918685913085938, -17.393922805786133, -17.076351165771484, -17.625059127807617]","[50259, 50360, 50364, 15683, 25723, 322, 1855, 368, 652, 6086, 7249, 293, 308, 368, 652, 954, 841, 411, 369, 88, 308]",21,2.166,unknown
pcm_m_PM4M2_ev_read_318,naija-finetuned,I gats check in with myself regularly to ensure I dey on track.,-inf,-inf,"[-17.692598342895508, -Infinity, -19.177349090576172, -17.46984100341797, -18.724077224731445, -22.455461502075195, -16.333253860473633, -11.385387420654297, -12.813150405883789, -16.232398986816406, -21.362417221069336, -9.817458152770996, -20.644681930541992, -10.68874740600586, -13.315207481384277, -16.665754318237305, -17.937551498413086]","[50259, 50360, 50364, 40, 290, 1720, 1520, 294, 365, 2059, 11672, 281, 5586, 286, 368, 88, 322]",17,1.961,unknown
pcm_m_PM4M2_ev_read_349,naija-finetuned,"Empathy dey nurture compassion, e dey help us grow together as a community.",-inf,-inf,"[-16.66912078857422, -Infinity, -20.960163116455078, -15.909682273864746, -18.501440048217773, -18.96311378479004, -10.925641059875488, -12.886513710021973, -18.615705490112305, -18.565248489379883, -17.12580680847168, -9.001368522644043, -15.786020278930664, -13.691682815551758, -14.031290054321289, -10.87753963470459, -14.723748207092285, -13.002455711364746, -6.309298515319824, -14.625192642211914]","[50259, 50360, 50364, 36, 2455, 9527, 368, 88, 41451, 12601, 11, 308, 368, 88, 854, 505, 1852, 1214, 382, 257]",20,2.057,unknown
pcm_m_PM4M2_ev_read_435,naija-finetuned,I don become confident after the day I watch dat woman for news.,-inf,-inf,"[-17.660568237304688, -Infinity, -14.009735107421875, -17.02225112915039, -13.995004653930664, -17.512874603271484, -19.16379737854004, -14.72062873840332, -13.940793991088867, -14.068374633789062, -14.849028587341309, -12.87622356414795, -15.346097946166992, -17.298599243164062, -13.625243186950684]","[50259, 50360, 50364, 40, 500, 1813, 6679, 934, 264, 786, 286, 1159, 1137, 3059, 337]",15,1.867,unknown
pcm_m_PM4M2_ev_read_450,naija-finetuned,I happy very well wen dey tell me say I go follow go UK. I go see beautiful sights.,-inf,-inf,"[-16.906972885131836, -Infinity, -17.130830764770508, -13.565492630004883, -15.900199890136719, -13.90880298614502, -16.005069732666016, -18.623109817504883, -12.312779426574707, -14.03247356414795, -18.615924835205078, -13.2517671585083, -14.435159683227539, -11.44495964050293, -10.426728248596191, -18.44217300415039, -14.0658540725708, -19.6566162109375, -13.813514709472656, -15.018925666809082, -18.95125961303711, -16.003854751586914, -19.1251277923584]","[50259, 50360, 50364, 40, 2055, 588, 731, 11472, 368, 88, 980, 385, 584, 286, 352, 1524, 352, 7051, 13, 286, 352, 536, 2238]",23,2.092,unknown
pcm_m_PM4M2_ev_read_453,naija-finetuned,Chika tell me say she meet Jean Claude Van Dam wen she go France.,-inf,-inf,"[-19.72224235534668, -Infinity, -16.188310623168945, -20.42218780517578, -19.15043067932129, -15.56647777557373, -6.145237922668457, -15.376662254333496, -15.003461837768555, -20.445697784423828, -13.23043155670166, -16.955732345581055, -16.192779541015625, -17.095748901367188, -20.837160110473633, -16.68816375732422, -17.044391632080078, -16.687744140625]","[50259, 50360, 50364, 6546, 5439, 980, 385, 584, 750, 1677, 13854, 12947, 2303, 8979, 5885, 11472, 750, 352]",18,2.002,unknown
pcm_m_PM4M2_ev_read_573,naija-finetuned,My friend give me ticket to final show wey dey happen for Asaba.,-inf,-inf,"[-18.764951705932617, -Infinity, -18.277660369873047, -17.563440322875977, -18.715002059936523, -14.860794067382812, -8.674099922180176, -15.489579200744629, -11.737815856933594, -19.719057083129883, -13.81726360321045, -15.098061561584473, -16.059417724609375, -15.853066444396973, -13.788689613342285, -12.688974380493164, -14.877144813537598, -18.281286239624023]","[50259, 50360, 50364, 8506, 1277, 976, 385, 10550, 281, 2572, 855, 321, 88, 368, 88, 1051, 337, 1018]",18,1.965,unknown
pcm_m_PM4M3_ev_read_063,naija-finetuned,Community engagement na di best way wey we fit take sabi wetin dey happen for di local communities,-inf,-inf,"[-16.370832443237305, -Infinity, -15.237859725952148, -18.881208419799805, -20.02461814880371, -17.656930923461914, -13.007864952087402, -14.128043174743652, -13.446455955505371, -13.188752174377441, -8.943462371826172, -14.461006164550781, -7.096856594085693, -25.9726619720459, -18.640220642089844, -21.609670639038086, -17.159616470336914, -18.50601577758789, -17.606281280517578, -16.812847137451172, -16.4639892578125, -14.506942749023438, -12.656883239746094, -17.35005760192871]","[50259, 50360, 50364, 39206, 45105, 8742, 1667, 1026, 1151, 636, 321, 88, 321, 3318, 747, 5560, 72, 6630, 259, 368, 88, 1051, 337, 1026]",24,2.158,unknown
pcm_m_PM4M3_ev_read_073,naija-finetuned,I dey think say preservance and determination be di key to overcoming adversity.,-inf,-inf,"[-17.381275177001953, -Infinity, -21.446449279785156, -14.722888946533203, -9.723276138305664, -13.457514762878418, -16.393461227416992, -16.406539916992188, -18.784557342529297, -19.400251388549805, -16.353151321411133, -22.86161231994629, -12.000435829162598, -14.158463478088379, -20.393327713012695, -14.635954856872559, -17.56254005432129]","[50259, 50360, 50364, 40, 368, 88, 519, 584, 45905, 719, 293, 18432, 312, 1026, 2141, 281, 38047]",17,1.958,unknown
pcm_m_PM4M3_ev_read_098,naija-finetuned,When we dey go through hard times we fit depend on friends and family,-inf,-inf,"[-18.104570388793945, -Infinity, -18.553268432617188, -19.55256462097168, -8.694449424743652, -12.29834270477295, -12.88185977935791, -16.034883499145508, -13.330787658691406, -14.113255500793457, -19.287052154541016, -12.065088272094727, -13.611078262329102, -17.626235961914062, -12.003057479858398, -16.675424575805664]","[50259, 50360, 50364, 11645, 321, 368, 88, 352, 807, 1152, 1413, 321, 3318, 5672, 322, 1855]",16,1.96,unknown
pcm_m_PM4M3_ev_read_135,naija-finetuned,Wetin you think about di impact of beauty standards on mental health?,-inf,-inf,"[-18.06999969482422, -Infinity, -22.3533878326416, -19.048994064331055, -21.798015594482422, -12.53033447265625, -13.796218872070312, -9.816177368164062, -12.438064575195312, -19.854843139648438, -6.275488376617432, -13.50339412689209, -16.128995895385742, -14.764214515686035, -16.750038146972656]","[50259, 50360, 50364, 54, 38645, 291, 519, 466, 1026, 2712, 295, 6643, 7787, 322, 4973]",15,1.873,unknown
pcm_m_PM4M3_ev_read_172,naija-finetuned,"Wetin you dey do to support ethical fashion brand, you get any favourites?",-inf,-inf,"[-18.54669761657715, -Infinity, -22.029926300048828, -19.186935424804688, -22.712615966796875, -10.93864917755127, -8.816810607910156, -12.722966194152832, -13.712055206298828, -13.75165843963623, -17.201045989990234, -20.648277282714844, -18.09476089477539, -18.37879180908203, -11.256264686584473, -12.011425971984863, -11.6281099319458, -19.056640625, -21.244213104248047]","[50259, 50360, 50364, 54, 38645, 291, 368, 88, 360, 281, 1406, 18890, 6700, 3360, 11, 291, 483, 604, 8182]",19,1.993,unknown
pcm_m_PM4M3_ev_read_234,naija-finetuned,"Wetin you know about di risk of excessive drinking, you get any knowledge?",-inf,-inf,"[-17.2702579498291, -Infinity, -22.86460304260254, -17.5683536529541, -19.14458465576172, -11.88706111907959, -17.50440216064453, -12.03227710723877, -6.964417457580566, -18.875988006591797, -12.316208839416504, -16.756549835205078, -19.422880172729492, -12.442317962646484, -10.17055606842041, -15.271849632263184, -18.15637969970703]","[50259, 50360, 50364, 54, 38645, 291, 458, 466, 1026, 3148, 295, 22704, 7583, 11, 291, 483, 604]",17,1.931,unknown
pcm_m_PM4M3_ev_read_270,naija-finetuned,Vaccination dey play a crucial role in preventing infectious diseases and protecting public health.,-inf,-inf,"[-15.946017265319824, -Infinity, -14.17712688446045, -16.97966957092285, -20.313152313232422, -21.12557601928711, -15.375514030456543, -17.859983444213867, -12.562894821166992, -14.625160217285156, -19.40961265563965, -21.52359962463379, -16.812671661376953, -20.312997817993164, -18.35518455505371, -21.90667152404785, -12.315225601196289, -18.755334854125977, -16.06271743774414]","[50259, 50360, 50364, 53, 8476, 2486, 368, 88, 862, 257, 11462, 3090, 294, 19965, 26780, 11044, 293, 12316, 1908]",19,1.963,unknown
pcm_m_PM4M3_ev_read_276,naija-finetuned,Wetin you think about di importance of community and support groups in di recovery?,-inf,-inf,"[-18.033845901489258, -Infinity, -21.87060546875, -19.332578659057617, -22.28169822692871, -15.001425743103027, -15.76686954498291, -11.37535285949707, -8.255149841308594, -16.925661087036133, -12.313935279846191, -14.44257640838623, -10.812898635864258, -15.754380226135254, -12.16443157196045, -14.944506645202637, -16.593782424926758]","[50259, 50360, 50364, 54, 38645, 291, 519, 466, 1026, 7379, 295, 1768, 293, 1406, 3935, 294, 1026]",17,1.936,unknown
pcm_m_PM4M3_ev_read_288,naija-finetuned,Understanding addiction as a chronic disease dey help reduce stigma and promote effective treatment.,-inf,-inf,"[-16.12316131591797, -Infinity, -16.00259780883789, -15.704113006591797, -22.90654182434082, -15.587010383605957, -19.300064086914062, -14.550435066223145, -12.131814956665039, -19.660879135131836, -20.014503479003906, -11.31324291229248, -17.563919067382812, -17.12510108947754, -14.969345092773438, -21.132247924804688, -13.77493953704834, -17.738584518432617, -16.375261306762695]","[50259, 50360, 50364, 52, 20535, 8618, 16835, 382, 257, 14493, 4752, 368, 88, 854, 5407, 27880, 293, 9773, 4942]",19,1.973,unknown
pcm_m_PM4M3_ev_read_469,naija-finetuned,Weekend plan dey run through di entire weekend till everybody resume their work.,-inf,-inf,"[-16.115440368652344, -Infinity, -17.36714744567871, -13.84252643585205, -16.157888412475586, -17.370872497558594, -11.68855094909668, -7.822176933288574, -13.629680633544922, -17.88995933532715, -14.150506019592285, -18.126312255859375, -15.84262752532959, -17.10178565979004, -12.985645294189453, -18.313730239868164, -14.99660587310791, -15.43764591217041]","[50259, 50360, 50364, 4360, 916, 521, 1393, 368, 88, 1190, 807, 1026, 2302, 6711, 4288, 2201, 15358, 641]",18,1.969,unknown
pcm_m_PM4M3_ev_read_507,naija-finetuned,"After work or gym person go need to baff, dem wear cloth wey dey light",-inf,-inf,"[-17.402097702026367, -Infinity, -20.43956184387207, -19.744991302490234, -16.73007583618164, -11.444537162780762, -16.626251220703125, -15.063358306884766, -9.295820236206055, -20.784547805786133, -6.376189708709717, -12.614485740661621, -18.74676513671875, -11.966130256652832, -9.162866592407227, -19.344099044799805, -15.419421195983887, -15.17747974395752, -14.970754623413086, -16.834819793701172]","[50259, 50360, 50364, 24288, 589, 420, 9222, 954, 352, 643, 281, 272, 2518, 11, 1371, 3728, 13619, 321, 88, 368]",20,2.033,unknown
pcm_m_PM4M3_ev_read_520,naija-finetuned,Reflecting fit help person fit know how to take interact with im colleague for work,-inf,-inf,"[-16.33219337463379, -Infinity, -17.921287536621094, -20.734647750854492, -17.642011642456055, -20.603296279907227, -15.654923439025879, -0.007250661961734295, -13.814266204833984, -14.940134048461914, -13.813410758972168, -14.22264289855957, -14.608478546142578, -11.69082260131836, -13.534518241882324, -16.282960891723633, -10.940110206604004, -17.719287872314453, -16.300756454467773]","[50259, 50360, 50364, 49, 5666, 1809, 278, 3318, 854, 954, 3318, 458, 577, 281, 747, 4648, 365, 566, 13532]",19,2.034,unknown
pcm_m_PM4M3_ev_read_521,naija-finetuned,When person come from work di first thing na to comot cloth wey im take go work,-inf,-inf,"[-16.66954231262207, -Infinity, -17.098018646240234, -17.599058151245117, -13.37669849395752, -9.424628257751465, -14.130757331848145, -12.261979103088379, -9.942184448242188, -14.000933647155762, -14.874828338623047, -19.890949249267578, -10.810422897338867, -12.840337753295898, -20.297395706176758, -19.604215621948242, -12.943609237670898, -15.246004104614258, -14.666309356689453, -12.44958782196045]","[50259, 50360, 50364, 11645, 954, 808, 490, 589, 1026, 700, 551, 1667, 281, 395, 310, 13619, 321, 88, 566, 747]",20,2.033,unknown
pcm_m_PM4M3_ev_read_545,naija-finetuned,"Dis evening, I go waka around small, enjoy di fresh air.",-inf,-inf,"[-16.34194564819336, -Infinity, -22.03746795654297, -20.143720626831055, -20.61744499206543, -11.941534996032715, -20.016281127929688, -13.284855842590332, -14.317455291748047, -20.857452392578125, -17.03257179260254, -15.656740188598633, -11.877290725708008, -18.362316131591797, -17.632591247558594, -20.687515258789062]","[50259, 50360, 50364, 38742, 5634, 11, 286, 352, 261, 7849, 926, 1359, 11, 2103, 1026, 4451]",16,1.913,unknown
pcm_m_PM4M3_ev_read_582,naija-finetuned,"Broda good morning, our nebor wey dey pregnant don born o.",-inf,-inf,"[-14.447282791137695, -Infinity, -17.07464027404785, -14.23705768585205, -13.958525657653809, -17.583539962768555, -13.775404930114746, -13.608110427856445, -11.592660903930664, -15.722488403320312, -17.750761032104492, -17.081993103027344, -15.909656524658203, -13.439330101013184, -8.008487701416016, -14.18278980255127, -15.608718872070312, -15.32331371307373, -19.15635108947754]","[50259, 50360, 50364, 33, 340, 2675, 665, 2446, 11, 527, 408, 3918, 321, 88, 368, 88, 10435, 500, 4232]",19,1.968,unknown
pcm_m_PP1M2_ev_read_075,naija-finetuned,My daughter house rent dey important pass anything else now,-inf,-inf,"[-17.359745025634766, -Infinity, -19.647409439086914, -20.00173568725586, -17.198715209960938, -17.66803550720215, -16.49048614501953, -14.908585548400879, -13.178642272949219, -17.907114028930664, -14.070782661437988, -15.096765518188477]","[50259, 50360, 50364, 8506, 4653, 1782, 6214, 368, 88, 1021, 1320, 1340]",12,1.774,unknown
pcm_m_PP1M2_ev_read_127,naija-finetuned,Mama abeg tell your daughter make she no touch my purse again,-inf,-inf,"[-16.438596725463867, -Infinity, -15.679340362548828, -20.11269187927246, -19.48131561279297, -14.653522491455078, -14.021541595458984, -14.047585487365723, -16.095542907714844, -15.601746559143066, -12.659989356994629, -14.938098907470703, -14.47011947631836, -19.57132911682129, -15.636759757995605]","[50259, 50360, 50364, 44, 2404, 410, 1146, 980, 428, 4653, 652, 750, 572, 2557, 452]",15,1.875,unknown
pcm_m_PP1M2_ev_read_168,naija-finetuned,i no know wetin i do dat man e carry dirty water for me as i dey walk for street.,-inf,-inf,"[-17.017375946044922, -Infinity, -19.24605941772461, -16.99713134765625, -20.250194549560547, -13.563446998596191, -14.25117015838623, -13.790249824523926, -12.632027626037598, -9.618907928466797, -14.515204429626465, -16.21940040588379, -13.817181587219238, -13.534311294555664, -20.845064163208008, -17.781753540039062, -14.06290340423584, -11.25583267211914, -18.001262664794922, -10.564361572265625, -11.952232360839844, -15.012202262878418, -12.217982292175293, -10.875839233398438]","[50259, 50360, 50364, 72, 572, 458, 6630, 259, 741, 360, 1137, 587, 308, 3985, 9360, 1281, 337, 385, 382, 741, 368, 88, 1792, 337]",24,2.16,unknown
pcm_m_PP1M2_ev_read_374,naija-finetuned,E get some children I wan give dis rice to,-inf,-inf,"[-15.833645820617676, -Infinity, -18.859872817993164, -16.676198959350586, -11.218828201293945, -13.25800609588623, -16.956396102905273, -13.488649368286133, -16.304676055908203, -13.29124641418457, -12.91384506225586]","[50259, 50360, 50364, 36, 483, 512, 2227, 286, 46930, 976, 717]",11,1.782,unknown
pcm_m_PP1M2_ev_read_430,naija-finetuned,My mama go shout for me if I leave television on wen I no dey watch am,-inf,-inf,"[-17.960155487060547, -Infinity, -19.83651351928711, -18.102462768554688, -17.596664428710938, -15.125445365905762, -18.84456443786621, -17.912405014038086, -11.016824722290039, -10.77695083618164, -12.847556114196777, -17.067216873168945, -20.313610076904297, -15.834486961364746, -18.127593994140625, -13.620954513549805, -16.719127655029297, -19.29986000061035, -16.6641902923584]","[50259, 50360, 50364, 8506, 18775, 352, 8043, 337, 385, 498, 286, 1856, 8815, 322, 11472, 286, 572, 368, 88]",19,2.01,unknown
pcm_m_PP1M2_ev_read_441,naija-finetuned,I catch my pikin for where she dey wait water but I no get strength to beat am,-inf,-inf,"[-17.477632522583008, -Infinity, -22.62552833557129, -14.127752304077148, -23.40627670288086, -13.227485656738281, -17.436059951782227, -15.063522338867188, -13.037274360656738, -15.906954765319824, -12.528566360473633, -15.098366737365723, -13.436763763427734, -15.82960319519043, -18.42083168029785, -13.658414840698242, -12.798935890197754, -14.187789916992188, -8.064990997314453, -21.453950881958008, -18.172842025756836]","[50259, 50360, 50364, 40, 3745, 452, 49928, 259, 337, 689, 750, 368, 88, 1699, 1281, 457, 286, 572, 483, 3800, 281]",21,2.099,unknown
pcm_m_PP1M2_ev_read_477,naija-finetuned,I wan type everything first before I photocopy dem,-inf,-inf,"[-17.53420066833496, -Infinity, -18.295814514160156, -14.71405029296875, -17.099523544311523, -17.209184646606445, -15.441539764404297, -9.985976219177246, -18.539670944213867, -20.95832633972168, -18.57489585876465, -17.63654136657715]","[50259, 50360, 50364, 40, 46930, 2010, 1203, 700, 949, 286, 2409, 905]",12,1.81,unknown
pcm_m_PP1M2_ev_read_486,naija-finetuned,Abeg no vex but dis thing I dey check dey important,-inf,-inf,"[-16.91947364807129, -Infinity, -20.391462326049805, -18.545156478881836, -15.072099685668945, -13.407620429992676, -16.409364700317383, -16.754222869873047, -17.20688819885254, -14.814826965332031, -14.379545211791992, -16.833066940307617, -10.939552307128906, -0.011760780587792397, -0.0014210374793037772, -Infinity, -19.93293571472168]","[50259, 50360, 50364, 32, 650, 70, 572, 1241, 87, 457, 717, 551, 286, 368, 88, 1520, 368]",17,1.939,unknown
pcm_m_PP1M2_ev_read_533,naija-finetuned,If you like no add money to wetin you get already another person fit buy am,-inf,-inf,"[-15.862018585205078, -Infinity, -19.149919509887695, -15.201662063598633, -10.660097122192383, -14.446805953979492, -11.751090049743652, -16.35342788696289, -18.37800407409668, -10.764581680297852, -13.823333740234375, -15.768051147460938, -9.12946605682373, -13.439412117004395, -13.758774757385254, -14.496150016784668, -14.632040023803711, -20.28165054321289]","[50259, 50360, 50364, 8031, 291, 411, 572, 909, 1460, 281, 6630, 259, 291, 483, 1217, 1071, 954, 3318]",18,2.069,unknown
pcm_m_PP1M2_ev_read_557,naija-finetuned,I no know where I go carry dis woman room key keep now,-inf,-inf,"[-17.73769187927246, -Infinity, -19.841588973999023, -16.561798095703125, -14.583697319030762, -14.53325080871582, -12.459671020507812, -15.182328224182129, -12.86784839630127, -14.110835075378418, -16.40299415588379, -17.222454071044922, -15.285167694091797, -17.041362762451172]","[50259, 50360, 50364, 40, 572, 458, 689, 286, 352, 3985, 717, 3059, 1808, 2141]",14,1.843,unknown
pcm_m_PP1M2_ev_read_584,naija-finetuned,We wan go receive our monthly vaccination from the vet doctor,-inf,-inf,"[-17.481178283691406, -Infinity, -19.079729080200195, -20.477367401123047, -16.595455169677734, -16.750381469726562, -13.774954795837402, -12.319113731384277, -15.82000732421875, -9.066629409790039, -13.129484176635742, -13.69064998626709]","[50259, 50360, 50364, 4360, 46930, 352, 4774, 527, 12878, 16498, 490, 264]",12,1.783,unknown
pcm_m_PP1M2_ev_read_600,naija-finetuned,"If you dey manage your stress well, you no go die early.",-inf,-inf,"[-17.863496780395508, -Infinity, -20.835315704345703, -18.288143157958984, -13.250643730163574, -16.217744827270508, -15.813027381896973, -18.93842315673828, -12.50175952911377, -19.411638259887695, -15.389339447021484, -14.070154190063477, -14.18853759765625, -13.06491470336914, -13.836169242858887, -19.78126335144043]","[50259, 50360, 50364, 8031, 291, 368, 88, 3067, 428, 4244, 731, 11, 291, 572, 352, 978]",16,1.98,unknown
pcm_m_PP2M1_ev_read_035,naija-finetuned,Na through mass media pipo dey fit talk wetin dem feel on-top mata.,-inf,-inf,"[-17.560760498046875, -Infinity, -16.681474685668945, -19.626075744628906, -14.1666841506958, -21.919593811035156, -16.452125549316406, -16.05548858642578, -16.764265060424805, -10.656594276428223, -14.706184387207031, -20.203351974487305, -15.03172492980957, -18.16683006286621, -13.304248809814453, -16.13160514831543, -20.70913314819336, -9.655779838562012, -17.530059814453125, -21.29690170288086]","[50259, 50360, 50364, 33824, 807, 2758, 3021, 8489, 78, 368, 88, 3318, 751, 6630, 259, 1371, 841, 322, 12, 19337]",20,2.01,unknown
pcm_m_PP2M1_ev_read_262,naija-finetuned,"During New Year, we dey play card games and enjoy local snacks together.",-inf,-inf,"[-19.29638671875, -Infinity, -18.21503257751465, -20.76742172241211, -20.425994873046875, -16.815568923950195, -20.65986442565918, -15.1610107421875, -13.906584739685059, -14.938488006591797, -14.6005220413208, -14.875876426696777, -17.98493766784668, -16.40706443786621, -14.156393051147461, -17.3634033203125, -14.02049446105957, -17.375185012817383]","[50259, 50360, 50364, 35, 1345, 1873, 10289, 11, 321, 368, 88, 862, 2920, 2813, 293, 2103, 2654, 16160]",18,2.019,unknown
pcm_m_PP2M1_ev_read_366,naija-finetuned,"Make we hear dis song, e dey tell us sey greed no good.",-inf,-inf,"[-16.947162628173828, -Infinity, -17.533878326416016, -20.964841842651367, -14.907270431518555, -15.645402908325195, -10.75503921508789, -19.457029342651367, -17.062910079956055, -12.86950397491455, -15.938660621643066, -14.269844055175781, -23.152385711669922, -14.51854419708252, -14.688478469848633, -12.876473426818848, -16.58265495300293, -12.000096321105957]","[50259, 50360, 50364, 35650, 321, 1568, 717, 2153, 11, 308, 368, 88, 980, 505, 369, 88, 29230, 572]",18,1.983,unknown
pcm_m_PP2M1_ev_read_463,naija-finetuned,cultural tradition de help di mental health as e dey make pipo feel like sey dem belong somewhere,-inf,-inf,"[-17.878559112548828, -Infinity, -21.11160659790039, -17.480981826782227, -18.825780868530273, -10.945329666137695, -9.878321647644043, -12.506142616271973, -17.84410285949707, -18.065444946289062, -14.597864151000977, -10.081501960754395, -12.569819450378418, -19.875804901123047, -11.380485534667969, -19.158227920532227, -14.078360557556152, -19.937719345092773, -14.305459976196289, -14.22024154663086, -20.115238189697266, -12.737945556640625]","[50259, 50360, 50364, 50155, 6994, 368, 854, 1026, 4973, 1585, 382, 308, 368, 88, 652, 8489, 78, 841, 411, 369, 88, 1371]",22,2.143,unknown
pcm_m_PP2M1_ev_read_479,naija-finetuned,Culture dey affect how pipo take dey express and interpret emotion,-inf,-inf,"[-18.12807273864746, -Infinity, -20.107336044311523, -15.644007682800293, -18.56254005432129, -16.500629425048828, -12.720441818237305, -23.175907135009766, -16.148847579956055, -18.01797103881836, -13.64004898071289, -11.17023754119873, -13.250616073608398, -14.990948677062988, -16.286224365234375, -11.205717086791992]","[50259, 50360, 50364, 34, 8389, 368, 88, 3345, 577, 8489, 78, 747, 368, 88, 5109, 293]",16,1.949,unknown
pcm_m_PP2M1_ev_read_575,naija-finetuned,Those people wey pay for the school fees try oo,-inf,-inf,"[-17.41738510131836, -Infinity, -18.92876625061035, -22.030567169189453, -11.504700660705566, -11.45024299621582, -12.401540756225586, -10.337711334228516, -12.04544734954834, -9.461411476135254, -12.640249252319336, -19.131916046142578]","[50259, 50360, 50364, 45413, 561, 321, 88, 1689, 337, 264, 1395, 13370]",12,1.817,unknown
pcm_m_PP3M1_ev_read_384,naija-finetuned,Some pipo de use social media to showcase dem skills and find jobs,-inf,-inf,"[-19.198301315307617, -Infinity, -23.143142700195312, -21.190444946289062, -18.02686309814453, -14.505946159362793, -15.907247543334961, -11.252023696899414, -11.772006034851074, -13.756572723388672, -13.599440574645996, -20.221237182617188, -16.058792114257812, -12.438323020935059, -13.17267894744873]","[50259, 50360, 50364, 24882, 8489, 78, 368, 764, 2093, 3021, 281, 20388, 1371, 3942, 293]",15,1.918,unknown
pcm_m_PP3M1_ev_read_434,naija-finetuned,The cost of food sometimes dey de affected by di season of di year,-inf,-inf,"[-16.85614585876465, -Infinity, -21.806554794311523, -13.726881980895996, -12.817667007446289, -9.568942070007324, -13.978671073913574, -9.530055046081543, -8.410400390625, -15.12660026550293, -4.7098541259765625, -14.829092979431152, -8.253920555114746, -0.05502989515662193, -8.318100929260254, -13.138157844543457]","[50259, 50360, 50364, 2278, 2063, 295, 1755, 2171, 368, 88, 368, 8028, 538, 1026, 3196, 295]",16,1.943,unknown
pcm_m_PP3M1_ev_read_555,naija-finetuned,Establish your own personal space when you dey follow person live,-inf,-inf,"[-16.9847354888916, -Infinity, -19.66213035583496, -17.871213912963867, -19.614694595336914, -18.067419052124023, -12.191991806030273, -17.516366958618164, -15.815851211547852, -16.785648345947266, -12.457892417907715, -11.20029354095459, -12.006568908691406, -14.029126167297363, -18.29755973815918]","[50259, 50360, 50364, 29545, 455, 1933, 428, 1065, 2973, 1901, 562, 291, 368, 88, 1524]",15,1.88,unknown
pcm_m_PP3M1_ev_read_573,naija-finetuned,because say domestic workers dey work for private nobody really value their service.,-inf,-inf,"[-15.608692169189453, -Infinity, -16.031404495239258, -14.220364570617676, -9.50774097442627, -19.253957748413086, -9.379022598266602, -10.758814811706543, -16.473405838012695, -13.918402671813965, -12.755086898803711, -16.660120010375977, -17.08561134338379, -14.50418472290039, -12.260748863220215, -11.688304901123047]","[50259, 50360, 50364, 17566, 584, 10939, 5600, 368, 88, 589, 337, 4551, 5079, 534, 2158, 641]",16,1.944,unknown
pcm_m_PP3M1_ev_read_591,naija-finetuned,Hustlers dey de very hardworking and dem dey sabi adapt well to situations,-inf,-inf,"[-17.125247955322266, -Infinity, -17.81599998474121, -18.16350555419922, -19.44664764404297, -19.826725006103516, -8.36083698272705, -14.625876426696777, -13.201188087463379, -15.156426429748535, -16.375232696533203, -19.282838821411133, -13.320330619812012, -16.28505516052246, -19.531261444091797, -14.995657920837402, -16.78382682800293, -11.151323318481445, -18.02515983581543, -9.319286346435547]","[50259, 50360, 50364, 39, 381, 11977, 368, 88, 368, 588, 1152, 22475, 293, 1371, 368, 88, 5560, 72, 6231, 731]",20,2.047,unknown
pcm_m_PS1M3_ev_read_439,naija-finetuned,I no know why people dey think say we dey work for government dey special.,-inf,-inf,"[-18.350967407226562, -Infinity, -19.98839569091797, -15.279722213745117, -8.697715759277344, -11.63300609588623, -16.44297218322754, -13.58864688873291, -10.815191268920898, -11.324081420898438, -10.046764373779297, -15.911279678344727, -10.439085960388184, -12.064677238464355, -15.598444938659668, -14.541298866271973, -14.579462051391602, -18.173643112182617, -14.170096397399902, -19.218795776367188]","[50259, 50360, 50364, 40, 572, 458, 983, 561, 368, 88, 519, 584, 321, 368, 88, 589, 337, 2463, 368, 88]",20,2.136,unknown
pcm_m_PS1M4_ev_read_481,naija-finetuned,See eh road full everywhere we go fit follow dat road wey lead to suya bus stop,-inf,-inf,"[-18.295228958129883, -Infinity, -13.874176979064941, -19.191612243652344, -13.1865816116333, -14.911739349365234, -12.007533073425293, -15.653594970703125, -11.32892894744873, -13.031339645385742, -19.095211029052734, -12.211172103881836, -16.438196182250977, -15.563634872436523, -13.43833065032959, -10.906005859375, -17.36165428161621, -13.3479642868042, -15.24018383026123, -20.31212615966797]","[50259, 50360, 50364, 26869, 7670, 3060, 1577, 5315, 321, 352, 3318, 1524, 1137, 3060, 321, 88, 1477, 281, 459, 3016]",20,2.106,unknown
pcm_m_PS1M4_ev_read_528,naija-finetuned,"E be like sey rain wan fall, abeg make una bring I the cloth.",-inf,-inf,"[-18.673694610595703, -Infinity, -20.735628128051758, -14.699686050415039, -18.37527084350586, -14.11201286315918, -15.894877433776855, -14.962764739990234, -19.922279357910156, -19.42959213256836, -19.469112396240234, -8.44211196899414, -15.566628456115723, -17.128061294555664, -12.168007850646973, -16.327430725097656, -16.401416778564453, -10.788297653198242, -14.687588691711426]","[50259, 50360, 50364, 36, 312, 411, 369, 88, 4830, 46930, 2100, 11, 410, 1146, 652, 2002, 1565, 286, 264]",19,2.011,unknown
pcm_m_PS2M1_ev_read_327,naija-finetuned,resilience and support be di major things person go need to live long on earth,-inf,-inf,"[-18.135160446166992, -Infinity, -20.407167434692383, -18.719324111938477, -18.222429275512695, -23.076610565185547, -14.280779838562012, -13.414164543151855, -15.044811248779297, -14.777377128601074, -18.579591751098633, -16.9074649810791, -7.377171516418457, -7.905374526977539, -14.345346450805664, -10.938687324523926, -15.08781909942627, -14.038921356201172]","[50259, 50360, 50364, 495, 388, 1182, 293, 1406, 312, 1026, 2563, 721, 954, 352, 643, 281, 1621, 938]",18,1.979,unknown
pcm_m_PT1M1_ev_read_291,naija-finetuned,You go gree join pipo wey dey clean street for free?,-inf,-inf,"[-17.999555587768555, -Infinity, -16.564802169799805, -21.60954475402832, -11.657330513000488, -15.725953102111816, -21.006244659423828, -16.60068702697754, -20.970542907714844, -16.441434860229492, -15.038182258605957, -11.67581558227539, -8.681316375732422, -17.191492080688477, -15.88061237335205, -15.098554611206055, -13.812631607055664]","[50259, 50360, 50364, 3223, 352, 290, 701, 3917, 8489, 78, 321, 88, 368, 88, 2541, 4838, 337]",17,1.916,unknown
pcm_m_PT1M2_ev_read_288,naija-finetuned,Na rice and stew I de cook wen I de expect visitors for house.,-inf,-inf,"[-16.83713150024414, -Infinity, -19.86774253845215, -16.568851470947266, -18.830568313598633, -16.78339195251465, -15.627100944519043, -13.192461013793945, -6.940084457397461, -14.319986343383789, -14.154633522033691, -12.522104263305664, -13.501726150512695, -18.92397117614746, -19.50337028503418, -17.437524795532227]","[50259, 50360, 50364, 33824, 5090, 293, 22654, 286, 368, 2543, 11472, 286, 368, 2066, 14315, 337]",16,1.906,unknown
pcm_m_PT1M2_ev_read_411,naija-finetuned,Eating on the go dey help me save time but e no dey healthy.,-inf,-inf,"[-15.740612030029297, -Infinity, -18.415456771850586, -15.875838279724121, -16.498138427734375, -15.53289794921875, -15.189240455627441, -10.627484321594238, -11.50100326538086, -15.346405029296875, -15.378005027770996, -15.644571304321289, -16.413225173950195, -17.909221649169922, -15.599166870117188, -11.26479721069336, -14.532525062561035, -18.26674461364746, -18.187541961669922]","[50259, 50360, 50364, 36, 990, 322, 264, 352, 368, 88, 854, 385, 3155, 565, 457, 308, 572, 368, 88]",19,2.009,unknown
pcm_m_PT1M2_ev_read_438,naija-finetuned,morning exercise dey help keep my body kaka kaka and my energy level go con dey kapi.,-inf,-inf,"[-14.89304256439209, -Infinity, -18.222219467163086, -15.912056922912598, -21.447572708129883, -14.754441261291504, -9.88185977935791, -14.562859535217285, -15.052409172058105, -14.827287673950195, -14.585020065307617, -15.737439155578613, -12.78818130493164, -14.131173133850098, -13.875351905822754, -18.139524459838867, -13.568497657775879, -13.856796264648438, -14.861007690429688, -16.638456344604492, -15.626372337341309, -12.520928382873535, -19.320526123046875, -19.171953201293945, -14.875312805175781]","[50259, 50360, 50364, 40220, 773, 5380, 368, 88, 854, 1066, 452, 1772, 350, 7849, 350, 7849, 293, 452, 2281, 1496, 352, 416, 368, 88, 13816]",25,2.202,unknown
pcm_m_PT1M3_ev_read_119,naija-finetuned,E dey hard to speak up when you dey fear for your safety.,-inf,-inf,"[-16.874309539794922, -Infinity, -18.64093017578125, -22.50811767578125, -10.56270980834961, -15.26827335357666, -18.096364974975586, -9.629172325134277, -17.626195907592773, -15.450026512145996, -16.461288452148438, -11.900609970092773, -13.958498001098633, -16.75127601623535, -13.269710540771484, -14.900055885314941, -17.875003814697266]","[50259, 50360, 50364, 36, 368, 88, 1152, 281, 1710, 493, 562, 291, 368, 88, 4240, 337, 428]",17,1.907,unknown
pcm_m_PT1M3_ev_read_136,naija-finetuned,"I go try vote for di next election wey dey come, I promise.",-inf,-inf,"[-17.502988815307617, -Infinity, -19.101943969726562, -15.095540046691895, -11.938126564025879, -17.42397117614746, -12.036516189575195, -13.794570922851562, -13.815881729125977, -20.906282424926758, -18.06443214416504, -14.814681053161621, -17.582700729370117, -21.246097564697266, -18.29044532775879, -13.782171249389648, -15.641633033752441, -12.000052452087402]","[50259, 50360, 50364, 40, 352, 853, 4740, 337, 1026, 958, 6618, 321, 88, 368, 88, 808, 11, 286]",18,1.947,unknown
pcm_m_PT1M3_ev_read_291,naija-finetuned,Consider di skills wey you get to offer first before you volunteer,-inf,-inf,"[-16.629613876342773, -Infinity, -23.503822326660156, -20.2987060546875, -22.98591423034668, -14.625240325927734, -18.228031158447266, -11.8788480758667, -16.658527374267578, -12.003066062927246, -15.87647819519043, -12.550301551818848, -17.157575607299805, -11.73457145690918, -15.668761253356934]","[50259, 50360, 50364, 34, 35879, 1026, 3942, 321, 88, 291, 483, 281, 2626, 700, 949]",15,1.905,unknown
pcm_m_PT1M3_ev_read_450,naija-finetuned,You never hear sey individuals suppose dey file personal tax income return every year.,-inf,-inf,"[-17.391565322875977, -Infinity, -19.618633270263672, -15.509134292602539, -21.836185455322266, -19.568279266357422, -11.596881866455078, -13.971144676208496, -24.054729461669922, -17.174617767333984, -16.917091369628906, -12.829147338867188, -15.535100936889648, -17.86777114868164, -18.361112594604492, -16.129098892211914, -17.24243927001953, -15.312597274780273]","[50259, 50360, 50364, 3223, 1128, 1568, 369, 88, 5346, 7297, 368, 88, 3991, 2973, 3366, 5742, 2736, 633]",18,1.973,unknown
pcm_m_PT1M3_ev_read_542,naija-finetuned,Schooling years na time to learn and prepare for di future.,-inf,-inf,"[-18.125030517578125, -Infinity, -19.13877296447754, -12.837910652160645, -19.370485305786133, -15.877958297729492, -15.937768936157227, -13.1934175491333, -14.313814163208008, -4.825160026550293, -17.442169189453125, -13.37431526184082, -15.568366050720215, -10.65005111694336, -16.81253433227539]","[50259, 50360, 50364, 50, 21856, 278, 924, 1667, 565, 281, 1466, 293, 5940, 337, 1026]",15,1.879,unknown
pcm_m_PT1M3_ev_read_563,naija-finetuned,"I get friends wey dey play keyboard and nobody teach dem, na just their hard work keep dem.",-inf,-inf,"[-17.39449119567871, -Infinity, -18.862354278564453, -15.068598747253418, -12.236666679382324, -17.7243709564209, -14.63779354095459, -16.8439998626709, -15.73015022277832, -16.449527740478516, -17.774982452392578, -18.831005096435547, -13.868443489074707, -17.709693908691406, -19.859521865844727, -20.407909393310547, -12.654691696166992, -18.924962997436523, -15.471997261047363, -15.90771770477295, -16.613170623779297, -15.509298324584961, -14.50063419342041]","[50259, 50360, 50364, 40, 483, 1855, 321, 88, 368, 88, 862, 10186, 293, 5079, 2924, 1371, 11, 1667, 445, 641, 1152, 589, 1066]",23,2.179,unknown
pcm_m_PT1M4_ev_read_001,naija-finetuned,Using folders for documents dey help me find things quickly when I need them.,-inf,-inf,"[-15.445711135864258, -Infinity, -19.82511329650879, -21.218963623046875, -17.42726707458496, -20.829864501953125, -13.691094398498535, -19.444862365722656, -11.063680648803711, -15.977097511291504, -17.1325740814209, -18.08091163635254, -15.11573314666748, -15.901628494262695, -17.31329345703125, -11.095703125, -10.076851844787598, -14.188145637512207]","[50259, 50360, 50364, 29211, 278, 31082, 337, 8512, 368, 88, 854, 385, 915, 721, 2661, 562, 286, 643]",18,1.942,unknown
pcm_m_PT1M4_ev_read_011,naija-finetuned,"Once di children come back for evening, dem go dey do their homework",-inf,-inf,"[-17.44493865966797, -Infinity, -16.10987091064453, -20.566322326660156, -8.653341293334961, -17.59731101989746, -16.313722610473633, -11.674850463867188, -11.045252799987793, -20.209495544433594, -9.194079399108887, -14.35111141204834, -8.313492774963379, -6.665544033050537, -14.091936111450195, -13.355813980102539]","[50259, 50360, 50364, 47062, 1026, 2227, 808, 646, 337, 5634, 11, 1371, 352, 368, 88, 360]",16,1.94,unknown
pcm_m_PT1M4_ev_read_072,naija-finetuned,I just dey check where I fit save moni from dis list.,-inf,-inf,"[-17.15396499633789, -Infinity, -19.45796012878418, -14.346979141235352, -13.188000679016113, -13.701665878295898, -11.946785926818848, -16.768098831176758, -16.78973388671875, -10.869283676147461, -18.62826919555664, -17.887624740600586, -16.67177391052246, -15.07552433013916, -13.271307945251465, -15.750049591064453]","[50259, 50360, 50364, 40, 445, 368, 88, 1520, 689, 286, 3318, 3155, 1108, 72, 490, 717]",16,1.875,unknown
pcm_m_PT1M4_ev_read_094,naija-finetuned,I dey check on my elderly family members regularly to ensure say dem dey okay.,-inf,-inf,"[-17.800880432128906, -Infinity, -20.109092712402344, -16.156824111938477, -17.75102996826172, -15.126160621643066, -17.502567291259766, -17.533607482910156, -15.219401359558105, -15.85777759552002, -19.125476837158203, -16.31700325012207, -19.535287857055664, -9.402460098266602, -21.001401901245117, -16.438718795776367, -20.491111755371094, -20.379484176635742, -20.281269073486328]","[50259, 50360, 50364, 40, 368, 88, 1520, 322, 452, 19682, 1605, 2679, 11672, 281, 5586, 584, 1371, 368, 88]",19,2.008,unknown
pcm_m_PT1M4_ev_read_403,naija-finetuned,I hear sey na my pikin dey lead for di rendition dey go do.,-inf,-inf,"[-17.32526969909668, -Infinity, -19.59844207763672, -21.48444366455078, -17.8456974029541, -17.375600814819336, -13.399072647094727, -20.656286239624023, -13.9138822555542, -19.692171096801758, -13.606666564941406, -11.00289535522461, -15.684006690979004, -16.61216163635254, -16.192413330078125, -5.2212042808532715, -20.844436645507812, -20.636816024780273, -11.375346183776855, -14.91176700592041, -19.18752098083496]","[50259, 50360, 50364, 40, 1568, 369, 88, 1667, 452, 49928, 259, 368, 88, 1477, 337, 1026, 6125, 849, 368, 88, 352]",21,2.107,unknown
pcm_m_PT1M4_ev_read_466,naija-finetuned,To get shared experience with oda pipo we need to spend time with dem through hobbies and oda things,-inf,-inf,"[-18.422683715820312, -Infinity, -18.684389114379883, -19.29654884338379, -13.33154010772705, -15.091026306152344, -19.81525421142578, -14.947347640991211, -15.967630386352539, -17.388593673706055, -17.91129493713379, -14.182082176208496, -8.436335563659668, -15.814031600952148, -7.496304035186768, -15.880821228027344, -16.00676918029785, -15.284526824951172, -17.065210342407227, -14.48495101928711, -23.672327041625977, -13.428712844848633, -10.009879112243652]","[50259, 50360, 50364, 13342, 483, 5507, 1752, 365, 277, 2675, 8489, 78, 321, 643, 281, 3496, 565, 365, 1371, 807, 35750, 293, 277]",23,2.165,unknown
pcm_m_PT1M4_ev_read_589,naija-finetuned,"Na my first time for aeroplane be dis, wetin I enjoy pass be di sky view.",-inf,-inf,"[-16.317853927612305, -Infinity, -17.799428939819336, -20.331039428710938, -14.00129222869873, -15.78194522857666, -19.659639358520508, -18.976945877075195, -17.452550888061523, -18.175275802612305, -18.102970123291016, -16.14131736755371, -22.10947036743164, -12.449325561523438, -15.42966079711914, -15.255841255187988, -8.478825569152832, -15.477624893188477, -12.445838928222656, -11.129183769226074, -13.014046669006348, -21.156347274780273]","[50259, 50360, 50364, 33824, 452, 700, 565, 337, 11207, 33224, 1929, 312, 717, 11, 6630, 259, 286, 2103, 1320, 312, 1026, 5443]",22,2.077,unknown
pcm_m_PT2M1_ev_read_343,naija-finetuned,Evening classes dey flexible as person wey dey work fit still go school,-inf,-inf,"[-15.437237739562988, -Infinity, -16.916475296020508, -19.881607055664062, -13.958970069885254, -15.982083320617676, -14.58462142944336, -15.35718822479248, -19.085256576538086, -17.157615661621094, -16.34512710571289, -11.6213960647583, -15.829095840454102, -8.81606674194336, -16.596025466918945, -11.127960205078125, -15.907422065734863, -16.47075080871582]","[50259, 50360, 50364, 25931, 278, 5359, 368, 88, 11358, 382, 954, 321, 88, 368, 88, 589, 3318, 920]",18,2.005,unknown
pcm_m_PT2M1_ev_read_345,naija-finetuned,Some career-oriented courses dey need certificate and experience to practice.,-inf,-inf,"[-17.93118667602539, -Infinity, -16.149215698242188, -20.680519104003906, -12.737133026123047, -18.845720291137695, -17.517257690429688, -18.252910614013672, -14.672496795654297, -18.875755310058594, -16.813201904296875, -18.37578010559082, -12.420777320861816, -13.06814956665039, -14.250066757202148]","[50259, 50360, 50364, 24882, 3988, 12, 27414, 7712, 368, 88, 643, 15953, 293, 1752, 281]",15,1.843,unknown
pcm_m_PT2M2_ev_read_516,naija-finetuned,"As student no dey read again, na expo dem take dey write exams.",-inf,-inf,"[-17.56857681274414, -Infinity, -21.19024085998535, -19.946748733520508, -14.238977432250977, -14.039523124694824, -13.533378601074219, -15.149636268615723, -20.939254760742188, -12.74797248840332, -16.9066162109375, -11.010259628295898, -20.28323745727539, -15.291361808776855, -17.42230224609375, -9.688438415527344, -12.428373336791992, -13.23731517791748, -19.734411239624023]","[50259, 50360, 50364, 10884, 3107, 572, 368, 88, 1401, 797, 11, 1667, 1278, 78, 1371, 747, 368, 88, 2464]",19,1.969,unknown
pcm_m_PT2M3_ev_read_181,naija-finetuned,I join community cleanup every time wey I volunteer to make di area beta.,-inf,-inf,"[-17.507980346679688, -Infinity, -15.674416542053223, -15.668554306030273, -15.666328430175781, -13.73157024383545, -21.35684585571289, -17.81329345703125, -15.189985275268555, -10.808450698852539, -15.193058013916016, -11.81611442565918, -17.568254470825195, -13.563262939453125, -15.341596603393555, -18.022300720214844, -19.21881866455078]","[50259, 50360, 50364, 40, 3917, 1768, 40991, 633, 565, 321, 88, 286, 13835, 281, 652, 1026, 1859]",17,1.972,unknown
pcm_m_PT2M3_ev_read_459,naija-finetuned,toilet wey you dey wash every day no go ever smell bad.,-inf,-inf,"[-15.630423545837402, -Infinity, -11.285316467285156, -16.160688400268555, -17.500675201416016, -17.300678253173828, -11.006790161132812, -0.03741887956857681, -11.657886505126953, -16.26371955871582, -13.752348899841309, -17.448495864868164, -11.695767402648926, -16.68313980102539, -11.353185653686523, -16.427921295166016, -14.808426856994629, -17.000228881835938]","[50259, 50360, 50364, 1353, 388, 302, 321, 88, 291, 368, 88, 5675, 633, 786, 572, 352, 1562, 4316]",18,1.938,unknown
pcm_m_PT3M1_ev_read_070,naija-finetuned,E dey cause pesin beta trouble and wahala for di community.,-inf,-inf,"[-16.236127853393555, -Infinity, -18.283138275146484, -17.055917739868164, -15.853126525878906, -12.501742362976074, -18.845726013183594, -19.50689125061035, -15.876030921936035, -21.12696075439453, -23.902400970458984, -11.438315391540527, -18.858734130859375, -17.272472381591797, -11.579903602600098, -16.437541961669922]","[50259, 50360, 50364, 36, 368, 88, 3082, 9262, 259, 9861, 5253, 293, 31979, 5159, 337, 1026]",16,1.872,unknown
pcm_m_PT3M1_ev_read_144,naija-finetuned,I go just compromise make my family members resolve dis conflict.,-inf,-inf,"[-16.568431854248047, -Infinity, -19.3726806640625, -14.428977966308594, -13.865184783935547, -15.250916481018066, -21.943500518798828, -14.470980644226074, -13.936232566833496, -17.26833152770996, -15.759284019470215, -16.35233497619629, -18.40631675720215]","[50259, 50360, 50364, 40, 352, 445, 18577, 652, 452, 1605, 2679, 14151, 717]",13,1.776,unknown
pcm_m_PT3M1_ev_read_333,naija-finetuned,I wan go hangouts with my friends for our usual spot.,-inf,-inf,"[-17.47004508972168, -Infinity, -19.798776626586914, -17.037845611572266, -17.378307342529297, -14.101341247558594, -19.844682693481445, -19.94878578186035, -5.3829755783081055, -7.1290740966796875, -16.807357788085938, -10.41552448272705, -16.22168731689453, -20.484766006469727]","[50259, 50360, 50364, 40, 46930, 352, 3967, 7711, 365, 452, 1855, 337, 527, 7713]",14,1.81,unknown
pcm_m_PT3M1_ev_read_380,naija-finetuned,"Life too precious, I no fit think of taking my life again",-inf,-inf,"[-18.558626174926758, -Infinity, -17.71088981628418, -18.6357479095459, -15.162918090820312, -22.21341323852539, -13.441487312316895, -9.3448486328125, -13.254947662353516, -16.212156295776367, -13.573713302612305, -8.88701343536377, -15.1267728805542, -14.047122955322266]","[50259, 50360, 50364, 25900, 886, 12406, 11, 286, 572, 3318, 519, 295, 1940, 452]",14,1.872,unknown
pcm_m_PT3M1_ev_read_403,naija-finetuned,"You just save my life, person like you dey come once in century",-inf,-inf,"[-16.328832626342773, -Infinity, -16.497730255126953, -15.31412410736084, -14.599080085754395, -14.925997734069824, -14.014251708984375, -13.187849998474121, -11.068194389343262, -10.216371536254883, -10.260775566101074, -9.587647438049316, -17.002153396606445, -12.33611011505127, -10.538789749145508, -12.410354614257812]","[50259, 50360, 50364, 3223, 445, 3155, 452, 993, 11, 954, 411, 291, 368, 88, 808, 1564]",16,1.934,unknown
pcm_m_PT3M1_ev_read_411,naija-finetuned,"If na watch you come watch performance, applaud di effort of di performers",-inf,-inf,"[-16.767704010009766, -Infinity, -16.05506706237793, -17.83673667907715, -13.429854393005371, -0.0007643162389285862, -9.767521858215332, -11.414423942565918, -13.510537147521973, -16.767322540283203, -12.13914680480957, -17.459136962890625, -0.0023759964387863874, -13.798379898071289, -12.024367332458496]","[50259, 50360, 50364, 8031, 1667, 1159, 291, 808, 1159, 3389, 11, 9644, 1026, 4630, 295]",15,1.941,unknown
pcm_m_PT3M1_ev_read_446,naija-finetuned,Traveling fit make us understand pipo by ourselves instead of wetin we hear,-inf,-inf,"[-15.027314186096191, -Infinity, -15.991034507751465, -18.85270118713379, -19.973634719848633, -22.726945877075195, -12.689547538757324, -13.258655548095703, -17.81728172302246, -15.351375579833984, -14.901346206665039, -15.03332805633545, -11.690316200256348, -16.47607421875, -19.212074279785156, -11.063488006591797, -18.042583465576172, -15.023417472839355]","[50259, 50360, 50364, 51, 33085, 278, 3318, 652, 505, 1223, 8489, 78, 538, 4175, 2602, 295, 6630, 259]",18,2.001,unknown
pcm_m_PT3M2_ev_read_027,naija-finetuned,"If you notice sey wire don cut, call electrician.",-inf,-inf,"[-17.118301391601562, -Infinity, -18.239681243896484, -16.83903694152832, -16.03176498413086, -16.309537887573242, -12.47052001953125, -13.466670036315918, -18.954038619995117, -14.173819541931152, -15.055614471435547, -14.879210472106934, -16.795881271362305, -22.000011444091797]","[50259, 50360, 50364, 8031, 291, 3449, 369, 88, 6234, 500, 1723, 11, 818, 5210]",14,1.841,unknown
pcm_m_PT3M2_ev_read_075,naija-finetuned,"Use generator with sense, no dey on am anyhow unless e dey important",-inf,-inf,"[-13.63923454284668, -Infinity, -17.40030288696289, -17.614208221435547, -17.447385787963867, -19.16923713684082, -14.31969165802002, -19.222103118896484, -13.047646522521973, -13.27001953125, -15.627801895141602, -19.876352310180664, -10.89699935913086, -12.913159370422363, -17.9392147064209, -19.025270462036133, -14.032013893127441, -15.369266510009766]","[50259, 50360, 50364, 52, 405, 19265, 365, 2020, 11, 572, 368, 88, 322, 669, 44995, 5969, 308, 368]",18,1.971,unknown
pcm_m_PT3M2_ev_read_141,naija-finetuned,close friends fit shake hand and yarn but strangers go just nod and waka.,-inf,-inf,"[-16.37747573852539, -Infinity, -16.483226776123047, -22.313575744628906, -18.470674514770508, -12.482209205627441, -16.659090042114258, -14.722736358642578, -13.677409172058105, -13.695793151855469, -20.2847957611084, -14.220842361450195, -14.661700248718262, -13.9730806350708, -12.483097076416016, -18.235740661621094, -10.602301597595215, -10.12585735321045]","[50259, 50360, 50364, 3474, 541, 1855, 3318, 10283, 1011, 293, 11400, 457, 22724, 352, 445, 15224, 293, 261]",18,1.971,unknown
