sample_id,model_id,hypothesis_text,avg_logprob,min_logprob,token_logprobs,token_ids,n_tokens,inference_time_s,accent_background
pcm_f_PAGS1F7_ag_spontaneous_122,whisper-large-v3, Always they get remaining phao food ready in case he finish.,-inf,-inf,"[-11.926959037780762, -Infinity, -17.572641372680664, -17.025758743286133, -12.383856773376465, -15.260311126708984, -13.627803802490234, -19.665102005004883, -18.554277420043945, -18.723045349121094, -11.55612850189209, -12.819154739379883, -15.965123176574707, -12.197087287902832]","[50259, 50360, 50364, 11270, 436, 483, 8877, 903, 25548, 1755, 1919, 294, 1389, 415]",14,6.81,unknown
pcm_f_PAGT1F10_ag_spontaneous_237,whisper-large-v3, Papa the sharp in cutlass every three days with one round flat flat file.,-inf,-inf,"[-13.19084644317627, -Infinity, -11.69196891784668, -13.127893447875977, -8.783397674560547, -15.602834701538086, -9.773299217224121, -15.45263957977295, -19.59661102294922, -11.96539306640625, -11.748869895935059, -19.110809326171875, -12.661320686340332, -12.122159004211426, -14.660298347473145, -14.165864944458008, -15.351985931396484]","[50259, 50360, 50364, 21102, 264, 8199, 294, 1723, 14549, 633, 1045, 1708, 365, 472, 3098, 4962, 4962]",17,5.73,unknown
pcm_f_PAGT1F12_ag_spontaneous_033,whisper-large-v3, The village elders gathered under the Iroko tree to begin the ring-calling rituals.,-inf,-inf,"[-13.275934219360352, -Infinity, -16.21027183532715, -16.543577194213867, -16.86152458190918, -17.783607482910156, -14.865281105041504, -13.455607414245605, -16.30722427368164, -15.887965202331543, -16.9232234954834, -19.454511642456055, -15.774689674377441, -8.024569511413574, -14.414456367492676, -16.23770523071289, -13.549150466918945, -9.418065071105957, -14.406326293945312, -17.188873291015625]","[50259, 50360, 50364, 440, 7288, 22737, 13032, 833, 264, 286, 340, 4093, 4230, 281, 1841, 264, 4875, 12, 66, 24021]",20,6.154,unknown
pcm_f_PAGT1F12_ag_spontaneous_198,whisper-large-v3, We plan how we go water our farm based on rain we fought for the past three years.,-inf,-inf,"[-13.472344398498535, -Infinity, -18.734594345092773, -9.266003608703613, -11.292957305908203, -10.932411193847656, -10.090354919433594, -15.407085418701172, -14.325922012329102, -8.69338607788086, -11.726534843444824, -10.946913719177246, -10.456619262695312, -13.521428108215332, -11.870199203491211, -20.56651496887207, -13.110419273376465, -13.128897666931152, -14.200549125671387, -15.79896354675293]","[50259, 50360, 50364, 492, 1393, 577, 321, 352, 1281, 527, 5421, 2361, 322, 4830, 321, 11391, 337, 264, 1791, 1045]",20,6.583,unknown
pcm_f_PAGT1F12_ag_spontaneous_336,whisper-large-v3, One animal with more than too many for one place signals the quick start and it is spread fast.,-inf,-inf,"[-13.402194023132324, -Infinity, -13.834938049316406, -12.002182006835938, -11.05435562133789, -10.877473831176758, -10.88817310333252, -10.386059761047363, -13.978856086730957, -14.690116882324219, -12.241206169128418, -10.949610710144043, -11.086435317993164, -17.588624954223633, -9.059027671813965, -14.387322425842285, -11.769888877868652, -13.45172119140625, -10.762205123901367, -13.9373197555542, -16.69947624206543]","[50259, 50360, 50364, 1485, 5496, 365, 544, 813, 886, 867, 337, 472, 1081, 12354, 264, 1702, 722, 293, 309, 307, 3974]",21,6.428,unknown
pcm_f_PAGT1F13_ag_spontaneous_324,whisper-large-v3," Breeze way dry corn, dey blow corn, bi say weather go hot well, a sky done dark for early mormor.",-inf,-inf,"[-12.921320915222168, -Infinity, -13.609580993652344, -17.361265182495117, -14.699408531188965, -9.74935245513916, -10.231184005737305, -20.612468719482422, -9.206354141235352, -14.519652366638184, -12.061185836791992, -11.784650802612305, -16.82478141784668, -4.50859260559082, -12.348332405090332, -15.676527976989746, -8.850321769714355, -13.366744995117188, -11.95632266998291, -18.579538345336914, -6.0140838623046875, -10.895604133605957, -17.957500457763672, -15.512540817260742, -15.030319213867188, -13.273712158203125, -13.676098823547363, -9.365209579467773, -18.253602981567383]","[50259, 50360, 50364, 49188, 1381, 636, 4016, 9046, 11, 368, 88, 6327, 9046, 11, 3228, 584, 5503, 352, 2368, 731, 11, 257, 5443, 1096, 2877, 337, 2440, 275, 687]",29,8.298,unknown
pcm_f_PAGT1F17_ag_spontaneous_120,whisper-large-v3, Some song they talk directly to soil. They ask him to breed and make it agree to grow.,-inf,-inf,"[-12.499752044677734, -Infinity, -16.542728424072266, -16.178237915039062, -15.441704750061035, -9.765911102294922, -13.336591720581055, -15.413470268249512, -12.323822021484375, -18.295705795288086, -8.10334587097168, -14.534347534179688, -13.391578674316406, -9.211751937866211, -7.380141735076904, -10.566591262817383, -9.881454467773438, -14.628235816955566, -12.315512657165527, -17.202701568603516, -12.28342342376709]","[50259, 50360, 50364, 2188, 2153, 436, 751, 3838, 281, 6704, 13, 814, 1029, 796, 281, 18971, 293, 652, 309, 3986, 281]",21,6.708,unknown
pcm_f_PAGT1F18_ag_spontaneous_083,whisper-large-v3," Hiderepe Shunye Hun, the boy who went he know the work for rice farm.",-inf,-inf,"[-14.935246467590332, -Infinity, -14.4096040725708, -7.393060684204102, -10.916301727294922, -10.432202339172363, -11.317063331604004, -7.631072521209717, -9.712883949279785, -13.000569343566895, -10.278718948364258, -5.209278583526611, -11.268128395080566, -13.374578475952148, -9.715618133544922, -12.179265975952148, -10.477849960327148, -14.460387229919434, -3.7685329914093018, -14.38407039642334, -10.970271110534668, -15.982902526855469]","[50259, 50360, 50364, 389, 327, 323, 494, 1160, 409, 1200, 11648, 11, 264, 3237, 567, 1437, 415, 458, 264, 589, 337, 5090]",22,6.743,unknown
pcm_f_PAGT1F26_ag_spontaneous_300,whisper-large-v3, my brother don't start they use tiny tubes where they connected to our drum to the water the soil slowly,-inf,-inf,"[-13.889592170715332, -Infinity, -13.657112121582031, -15.912118911743164, -16.04041862487793, -10.50553035736084, -13.245382308959961, -13.070209503173828, -12.378151893615723, -12.641597747802734, -17.53000259399414, -16.78902816772461, -12.769185066223145, -12.852757453918457, -16.593460083007812, -0.36198970675468445, -10.504401206970215, -17.595247268676758, -6.757460117340088, -10.661498069763184, -16.35834503173828, -8.760787010192871]","[50259, 50360, 50364, 452, 3708, 500, 380, 722, 436, 764, 5870, 21458, 689, 436, 4582, 281, 527, 10206, 281, 264, 1281, 264]",22,7.378,unknown
pcm_f_PAGT1F30_ag_spontaneous_333,whisper-large-v3, The youth group do fresh songs specially for this compost season.,-inf,-inf,"[-12.309833526611328, -Infinity, -16.764488220214844, -10.186219215393066, -13.550241470336914, -14.583192825317383, -14.57993221282959, -14.205450057983398, -16.02802848815918, -12.153656959533691, -11.540011405944824, -10.541698455810547, -13.376246452331543]","[50259, 50360, 50364, 440, 7503, 1594, 360, 4451, 5781, 22549, 337, 341, 20203]",13,4.961,unknown
pcm_f_PAGT1F78_ag_spontaneous_017,whisper-large-v3," For the book, we write animal checkups. We don't jot down any good things we observe for the animal body.",-inf,-inf,"[-13.508191108703613, -Infinity, -15.322815895080566, -14.744453430175781, -8.272053718566895, -14.591164588928223, -4.935972213745117, -13.866048812866211, -16.872785568237305, -16.923803329467773, -16.075714111328125, -16.367473602294922, -15.93803596496582, -14.5174560546875, -15.25147819519043, -16.53567123413086, -16.298404693603516, -16.315471649169922, -12.5327730178833, -15.546387672424316, -14.727277755737305, -13.315496444702148, -18.782691955566406, -10.544901847839355, -13.281749725341797, -17.099763870239258]","[50259, 50360, 50364, 1171, 264, 1446, 11, 321, 2464, 5496, 1520, 7528, 13, 492, 500, 380, 27873, 760, 604, 665, 721, 321, 11441, 337, 264, 5496]",26,7.882,unknown
pcm_f_PAGT1F78_ag_spontaneous_376,whisper-large-v3," Papa Diana say if we dey quick hold dey grass, e no go plenty, and e go dey hold water.",-inf,-inf,"[-12.763650894165039, -Infinity, -12.567041397094727, -13.724987983703613, -15.053207397460938, -8.842123031616211, -12.389477729797363, -8.728514671325684, -8.141090393066406, -7.69616174697876, -15.42492961883545, -15.613897323608398, -6.816133975982666, -10.769367218017578, -15.0869140625, -9.629467010498047, -12.636109352111816, -12.445472717285156, -11.939665794372559, -17.43566131591797, -3.6193902492523193, -11.209785461425781, -14.504849433898926, -9.882220268249512, -11.97722053527832, -13.583989143371582, -17.161176681518555]","[50259, 50360, 50364, 21102, 21470, 584, 498, 321, 368, 88, 1702, 1797, 368, 88, 8054, 11, 308, 572, 352, 7140, 11, 293, 308, 352, 368, 88, 1797]",27,7.935,unknown
pcm_f_PAGT1M12_ag_spontaneous_497,whisper-large-v3, Fowl go benefit if you put shade net where go control sun and protect them from heavy rain.,-inf,-inf,"[-11.40740966796875, -Infinity, -14.593493461608887, -11.994755744934082, -16.47776222229004, -13.562241554260254, -13.077465057373047, -15.959565162658691, -15.651201248168945, -14.353840827941895, -11.93050479888916, -16.093505859375, -16.997501373291016, -15.433736801147461, -12.324114799499512, -12.972793579101562, -11.9216890335083, -9.94629192352295, -17.088409423828125, -15.036076545715332, -10.695982933044434, -15.48288345336914]","[50259, 50360, 50364, 479, 305, 75, 352, 5121, 498, 291, 829, 11466, 2533, 689, 352, 1969, 3295, 293, 2371, 552, 490, 4676]",22,7.179,unknown
pcm_f_PAGT2F22_ag_spontaneous_296,whisper-large-v3, Then stop to plant tomato and move to pepper because heat they spoil tomato fast.,-inf,-inf,"[-13.983073234558105, -Infinity, -18.03447914123535, -15.619044303894043, -14.970120429992676, -10.123472213745117, -16.988239288330078, -12.598258972167969, -12.724228858947754, -15.960485458374023, -8.86840534210205, -12.59463882446289, -14.037023544311523, -15.03386116027832, -14.087159156799316, -17.628511428833008, -13.53995418548584]","[50259, 50360, 50364, 1396, 1590, 281, 3709, 9288, 293, 1286, 281, 8532, 570, 3738, 436, 18630, 9288]",17,6.182,unknown
pcm_f_PAGT2F49_ag_spontaneous_293,whisper-large-v3, Now maize and soya beans with a use make the soy gets prestige for next round.,-inf,-inf,"[-11.20020866394043, -Infinity, -20.868873596191406, -14.529541969299316, -16.04366111755371, -15.908036231994629, -9.895689010620117, -12.74465274810791, -14.67393684387207, -14.604826927185059, -8.348017692565918, -7.683049201965332, -12.925431251525879, -11.40966796875, -8.039019584655762, -18.712055206298828, -16.695398330688477, -20.766815185546875, -10.438387870788574, -11.255775451660156]","[50259, 50360, 50364, 823, 463, 1125, 293, 370, 3016, 12010, 365, 257, 764, 652, 264, 8812, 2170, 42531, 337, 958]",20,6.827,unknown
pcm_f_PBUT1F12_bu_spontaneous_229,whisper-large-v3, New parents they always try to they focus on how them go take save money for children education.,-inf,-inf,"[-12.355411529541016, -Infinity, -15.24658203125, -17.147815704345703, -18.730497360229492, -6.908820629119873, -10.61342716217041, -11.010699272155762, -9.44117259979248, -10.484716415405273, -17.015811920166016, -13.838698387145996, -12.489678382873535, -12.875786781311035, -17.063955307006836, -15.973443984985352, -16.219083786010742, -15.890658378601074, -8.92845344543457, -13.96992301940918]","[50259, 50360, 50364, 1873, 3152, 436, 1009, 853, 281, 436, 1879, 322, 577, 552, 352, 747, 3155, 1460, 337, 2227]",20,7.307,unknown
pcm_f_PBUT2F11_bu_spontaneous_410,whisper-large-v3," Some people know two feet drop their share steady for the retirement money where everybody they join hands say,",-inf,-inf,"[-12.753816604614258, -Infinity, -14.027595520019531, -12.808128356933594, -8.019789695739746, -14.245370864868164, -13.413755416870117, -11.245443344116211, -16.837448120117188, -13.30749797821045, -17.632488250732422, -19.71145248413086, -12.81360149383545, -10.139093399047852, -20.793106079101562, -16.25931167602539, -17.848102569580078, -17.300935745239258, -9.631034851074219, -15.532171249389648, -17.148895263671875]","[50259, 50360, 50364, 2188, 561, 458, 732, 3521, 3270, 641, 2073, 13211, 337, 264, 15189, 1460, 689, 2201, 436, 3917, 2377]",21,7.361,unknown
pcm_f_PBUT2F12_bu_spontaneous_545,whisper-large-v3, the maintenance fee where my online bank account they come out every month don't start to the pile,-inf,-inf,"[-14.32606315612793, -Infinity, -19.809972763061523, -8.097286224365234, -14.1261625289917, -17.48749542236328, -17.282970428466797, -11.962844848632812, -11.610679626464844, -15.475258827209473, -10.90567684173584, -11.626946449279785, -15.40896224975586, -13.574437141418457, -20.125455856323242, -16.209848403930664, -10.798126220703125, -12.042648315429688, -15.619290351867676, -10.983591079711914]","[50259, 50360, 50364, 264, 11258, 12054, 689, 452, 2950, 3765, 2696, 436, 808, 484, 633, 1618, 500, 380, 722, 281]",20,7.023,unknown
pcm_f_PBUT2F6_bu_spontaneous_055,whisper-large-v3," The price of medicine don't high well, well. And it do worry many families for America.",-inf,-inf,"[-15.683490753173828, -Infinity, -20.46030044555664, -12.317727088928223, -10.652548789978027, -14.264242172241211, -14.640874862670898, -13.933080673217773, -14.306102752685547, -11.360629081726074, -6.96400785446167, -13.266524314880371, -12.482004165649414, -8.430793762207031, -15.467788696289062, -11.667191505432129, -17.307708740234375, -15.097522735595703, -13.81856632232666, -18.71187973022461, -13.072654724121094]","[50259, 50360, 50364, 440, 3218, 295, 7195, 500, 380, 1090, 731, 11, 731, 13, 400, 309, 360, 3292, 867, 4466, 337]",21,7.082,unknown
pcm_f_PECS1F12_ev_spontaneous_580,whisper-large-v3," Things say traffic and crowds, they make them hard for people to find time and space to exercise.",-inf,-inf,"[-13.242019653320312, -Infinity, -15.516528129577637, -17.528995513916016, -15.823114395141602, -16.432697296142578, -8.758983612060547, -17.431175231933594, -7.259064197540283, -13.928373336791992, -14.254490852355957, -9.56401538848877, -14.753271102905273, -13.09475326538086, -12.885743141174316, -6.624022483825684, -16.738679885864258, -13.614956855773926, -11.681446075439453, -14.305171966552734, -12.39338207244873]","[50259, 50360, 50364, 9514, 584, 6419, 293, 26070, 11, 436, 652, 552, 1152, 337, 561, 281, 915, 565, 293, 1901, 281]",21,7.194,unknown
pcm_f_PECS1F16_ev_spontaneous_193,whisper-large-v3, Sophia no know what she did to herself. Just see how fat she did.,-inf,-inf,"[-12.849252700805664, -Infinity, -15.419771194458008, -18.544702529907227, -12.409616470336914, -11.324854850769043, -11.65497875213623, -8.203228950500488, -12.194883346557617, -10.615900039672852, -13.790746688842773, -7.679661273956299, -16.508255004882812, -10.385662078857422, -13.41469955444336, -14.796479225158691, -10.250954627990723]","[50259, 50360, 50364, 35152, 572, 458, 437, 750, 630, 281, 7530, 13, 1449, 536, 577, 4046, 750]",17,6.622,unknown
pcm_f_PECS1F18_ev_spontaneous_246,whisper-large-v3," Taking breaks, they help me recharge while I take care for others.",-inf,-inf,"[-11.768864631652832, -Infinity, -15.760571479797363, -16.622135162353516, -16.278629302978516, -11.316136360168457, -16.40047264099121, -13.512118339538574, -13.431693077087402, -11.788418769836426, -16.38040542602539, -11.018153190612793, -16.83148193359375, -16.140636444091797, -11.578989028930664]","[50259, 50360, 50364, 17837, 9857, 11, 436, 854, 385, 31366, 1339, 286, 747, 1127, 337]",15,6.22,unknown
pcm_f_PECS1F18_ev_spontaneous_375,whisper-large-v3, Which families fit settled admission office to fit give their peking admission while others will lose?,-inf,-inf,"[-12.659257888793945, -Infinity, -9.984012603759766, -12.357499122619629, -12.51931381225586, -14.1660737991333, -14.07894229888916, -15.400390625, -13.299622535705566, -8.683368682861328, -13.241109848022461, -15.683530807495117, -11.003984451293945, -15.443526268005371, -18.49188804626465, -13.32735824584961, -14.458264350891113, -12.05844497680664, -14.038125991821289]","[50259, 50360, 50364, 3013, 4466, 3318, 14819, 24668, 3398, 281, 3318, 976, 641, 520, 5092, 24668, 1339, 2357, 486]",19,6.886,unknown
pcm_f_PECS1F22_ev_spontaneous_456,whisper-large-v3, knowledge no get age as long as you get interest you will feel then,-inf,-inf,"[-11.087834358215332, -Infinity, -14.484026908874512, -9.743250846862793, -9.882177352905273, -13.098889350891113, -11.445990562438965, -8.76430606842041, -13.607782363891602, -11.56793212890625, -0.08660853654146194, -6.103939056396484, -14.696967124938965, -8.833123207092285, -11.66919231414795]","[50259, 50360, 50364, 3601, 572, 483, 3205, 382, 938, 382, 291, 483, 1179, 291, 486]",15,6.505,unknown
pcm_f_PECS1F23_ev_spontaneous_079,whisper-large-v3, Is it important to teach our Pekin Dem about our family lineage and values?,-inf,-inf,"[-15.009300231933594, -Infinity, -15.591582298278809, -13.722145080566406, -12.504059791564941, -15.42952823638916, -8.716394424438477, -16.40871238708496, -16.910409927368164, -10.209518432617188, -13.41130256652832, -18.255924224853516, -19.856992721557617, -14.433300018310547, -11.821903228759766, -10.097508430480957, -20.050119400024414, -12.299857139587402]","[50259, 50360, 50364, 1119, 309, 1021, 281, 2924, 527, 430, 916, 259, 4686, 466, 527, 1605, 38257, 293]",18,6.433,unknown
pcm_f_PECS1F24_ev_spontaneous_042,whisper-large-v3, We then collaborate with local businesses to sponsor our fundraising events.,-inf,-inf,"[-12.067578315734863, -Infinity, -16.511980056762695, -14.000927925109863, -15.032418251037598, -21.98666000366211, -12.07705020904541, -16.643407821655273, -16.095355987548828, -20.903560638427734, -18.534013748168945, -13.948612213134766, -14.910701751708984]","[50259, 50360, 50364, 492, 550, 18338, 365, 2654, 6011, 281, 16198, 527, 32643]",13,5.308,unknown
pcm_f_PECS1F25_ev_spontaneous_128,whisper-large-v3," Sometimes, if depression don't too much, person get mental problem or even enter depression.",-inf,-inf,"[-14.158459663391113, -Infinity, -18.653358459472656, -12.158491134643555, -3.724498987197876, -19.71906280517578, -17.55919075012207, -18.156347274780273, -16.21074676513672, -14.66923713684082, -14.682415008544922, -15.062793731689453, -16.786684036254883, -16.287092208862305, -11.313644409179688, -15.221117973327637, -15.469033241271973, -14.792716979980469, -19.98444366455078]","[50259, 50360, 50364, 4803, 11, 498, 10799, 500, 380, 886, 709, 11, 954, 483, 4973, 1154, 420, 754, 3242]",19,6.992,unknown
pcm_f_PECS1F25_ev_spontaneous_395,whisper-large-v3, Don't put your money for one basket. Get different channels. Where you dey put yo money?,-inf,-inf,"[-10.642877578735352, -Infinity, -13.45965576171875, -13.793481826782227, -17.357351303100586, -10.597299575805664, -9.005960464477539, -11.010251998901367, -9.078300476074219, -12.183953285217285, -17.56610870361328, -11.199556350708008, -12.12923526763916, -14.63966178894043, -16.366830825805664, -9.415310859680176, -19.03600311279297, -6.639786243438721, -10.928899765014648, -10.626832008361816, -11.931452751159668, -11.958478927612305]","[50259, 50360, 50364, 1468, 380, 829, 428, 1460, 337, 472, 8390, 13, 3240, 819, 9235, 13, 2305, 291, 368, 88, 829, 5290]",22,7.419,unknown
pcm_f_PECS1F27_ev_spontaneous_293,whisper-large-v3, We go cook plenty food to celebrate the new arrival. Chop and drink.,-inf,-inf,"[-11.418707847595215, -Infinity, -17.137786865234375, -16.12041473388672, -12.160270690917969, -14.277342796325684, -18.319921493530273, -14.60341739654541, -13.382779121398926, -18.6702938079834, -10.209562301635742, -16.92473030090332, -17.64459228515625, -11.320727348327637, -14.898431777954102, -11.360871315002441]","[50259, 50360, 50364, 492, 352, 2543, 7140, 1755, 281, 8098, 264, 777, 18365, 13, 25615, 293]",16,6.136,unknown
pcm_f_PECS1F28_ev_spontaneous_267,whisper-large-v3," My guy had a halo. I don't see, say, the sickness don't free you.",-inf,-inf,"[-12.779572486877441, -Infinity, -11.340987205505371, -13.926568984985352, -12.933966636657715, -10.55667495727539, -9.276193618774414, -17.43798065185547, -12.817373275756836, -9.323912620544434, -11.377836227416992, -14.796088218688965, -12.597673416137695, -13.833771705627441, -16.094512939453125, -4.134474277496338, -16.344648361206055, -19.316638946533203, -16.251480102539062, -15.310202598571777, -15.742597579956055]","[50259, 50360, 50364, 1222, 2146, 632, 257, 46268, 13, 286, 500, 380, 536, 11, 584, 11, 264, 25611, 500, 380, 1737]",21,7.031,unknown
pcm_f_PECS1F29_ev_spontaneous_245,whisper-large-v3, Quick meals. They are fast and convenient but may not be healthy.,-inf,-inf,"[-13.448680877685547, -Infinity, -12.04401969909668, -9.022444725036621, -12.540610313415527, -12.910187721252441, -12.003705024719238, -3.6686761379241943, -15.194531440734863, -9.646218299865723, -22.250062942504883, -13.805645942687988, -16.551836013793945, -13.903885841369629, -16.84809112548828]","[50259, 50360, 50364, 12101, 12832, 13, 814, 366, 2370, 293, 10851, 457, 815, 406, 312]",15,6.012,unknown
pcm_f_PECS1F30_ev_spontaneous_199,whisper-large-v3, You fit explain how your ancestors experience. Take effect how them they do traditional marriage. Traditional marriage for your village.,-inf,-inf,"[-10.682652473449707, -Infinity, -14.608012199401855, -12.40045166015625, -16.00753402709961, -18.681304931640625, -15.003376960754395, -11.973241806030273, -18.295822143554688, -10.577524185180664, -4.896892547607422, -17.82124137878418, -18.35195541381836, -16.43782615661621, -14.299927711486816, -16.56416893005371, -14.20419979095459, -6.633166313171387, -0.0003693613689392805, -8.501090049743652, -21.001386642456055, -12.813702583312988, -10.04028606414795, -14.339591026306152]","[50259, 50360, 50364, 509, 3318, 2903, 577, 428, 18069, 1752, 13, 3664, 1802, 577, 552, 436, 360, 5164, 7194, 13, 46738, 7194, 337, 428]",24,8.281,unknown
pcm_f_PECS1F30_ev_spontaneous_387,whisper-large-v3," I know no waiting you want, make I do, but I promise, say I, cause they save small, small.",-inf,-inf,"[-14.691950798034668, -Infinity, -17.18039321899414, -11.127820014953613, -15.284214973449707, -14.494841575622559, -16.421932220458984, -9.979588508605957, -16.37748146057129, -12.71978759765625, -17.308971405029297, -10.65149211883545, -15.562780380249023, -14.687588691711426, -13.872269630432129, -9.879597663879395, -17.161989212036133, -0.029655758291482925, -13.353713035583496, -10.745048522949219, -12.302079200744629, -14.952371597290039, -13.326892852783203, -16.2814884185791, -9.846933364868164, -15.508453369140625]","[50259, 50360, 50364, 286, 458, 572, 3806, 291, 528, 11, 652, 286, 360, 11, 457, 286, 6228, 11, 584, 286, 11, 3082, 436, 3155, 1359, 11]",26,8.529,unknown
pcm_f_PECS1F35_ev_spontaneous_358,whisper-large-v3, I love my mama and papa. They love me too.,-inf,-inf,"[-14.66458511352539, -Infinity, -18.649404525756836, -12.40039348602295, -15.804220199584961, -9.098505020141602, -17.833690643310547, -13.445261001586914, -20.412647247314453, -12.62541389465332, -16.471233367919922, -15.46984577178955, -13.949872016906738]","[50259, 50360, 50364, 286, 959, 452, 18775, 293, 31015, 13, 814, 959, 385]",13,5.643,unknown
pcm_f_PECS1F35_ev_spontaneous_582,whisper-large-v3," Abel, if you tell me how the Yoruba Cultural Preservation Society, they work.",-inf,-inf,"[-11.18254280090332, -Infinity, -16.35673713684082, -15.12397575378418, -16.65928077697754, -9.242385864257812, -13.127243995666504, -9.613306045532227, -15.198257446289062, -11.791423797607422, -13.921791076660156, -19.16275405883789, -12.7296142578125, -15.86959457397461, -21.31285285949707, -14.795262336730957, -16.871126174926758, -19.13360595703125, -20.02274513244629, -2.5395660400390625, -11.113212585449219]","[50259, 50360, 50364, 2847, 338, 11, 498, 291, 980, 385, 577, 264, 398, 284, 12584, 31450, 2718, 6864, 13742, 11, 436]",21,7.125,unknown
pcm_f_PECS1F36_ev_spontaneous_316,whisper-large-v3, You fit tell me how you fit assess the resources for financial assistance.,-inf,-inf,"[-12.64140510559082, -Infinity, -16.14662742614746, -14.158946990966797, -13.865384101867676, -13.594205856323242, -15.865212440490723, -11.218198776245117, -11.901496887207031, -14.36115837097168, -17.774431228637695, -7.8253912925720215, -14.395011901855469, -7.079209804534912, -12.065732955932617]","[50259, 50360, 50364, 509, 3318, 980, 385, 577, 291, 3318, 5877, 264, 3593, 337, 4669]",15,5.786,unknown
pcm_f_PECS1F38_ev_spontaneous_085,whisper-large-v3," Per single day, per single day safe. If them use Obonge antivirus and software, will they updated?",-inf,-inf,"[-11.14554500579834, -Infinity, -18.159456253051758, -2.5752358436584473, -9.21351432800293, -6.758392810821533, -10.086991310119629, -13.090240478515625, -17.000205993652344, -16.375818252563477, -16.099876403808594, -12.128412246704102, -11.693425178527832, -15.857672691345215, -12.349328994750977, -14.247708320617676, -16.18840980529785, -17.66355323791504, -8.899893760681152, -16.671476364135742, -17.387746810913086, -11.585973739624023, -18.442373275756836, -11.499815940856934, -12.68177604675293, -13.115039825439453]","[50259, 50360, 50364, 3026, 2167, 786, 11, 680, 2167, 786, 3273, 13, 759, 552, 764, 4075, 266, 432, 2511, 592, 9619, 293, 4722, 11, 486, 436]",26,8.155,unknown
pcm_f_PECS1F38_ev_spontaneous_319,whisper-large-v3," We do accommodate people for Niger, but you don't know when too much breaks.",-inf,-inf,"[-12.418874740600586, -Infinity, -15.123120307922363, -12.81685733795166, -12.584039688110352, -17.521528244018555, -8.82475471496582, -8.157659530639648, -16.62647247314453, -8.73592472076416, -15.725200653076172, -9.883195877075195, -11.3828125, -11.86051082611084, -14.9385986328125, -9.034679412841797, -7.187972068786621, -13.346261024475098]","[50259, 50360, 50364, 492, 360, 21410, 561, 337, 21489, 11, 457, 291, 500, 380, 458, 562, 886, 709]",18,6.603,unknown
pcm_f_PECS1F39_ev_spontaneous_093,whisper-large-v3," They catch our senior pastor's son, wear him the thief.",-inf,-inf,"[-12.51610279083252, -Infinity, -13.631257057189941, -14.35773754119873, -15.584091186523438, -13.226698875427246, -17.8140926361084, -15.094009399414062, -11.20088005065918, -16.61452293395996, -3.606842517852783, -15.824464797973633, -14.976994514465332, -10.231195449829102]","[50259, 50360, 50364, 814, 3745, 527, 7965, 21193, 311, 1872, 11, 3728, 796, 264]",14,5.74,unknown
pcm_f_PECS1F39_ev_spontaneous_253,whisper-large-v3, PASTORS SUPPOSED TO HELP SETTLE MATA'AWE DAY FOR THEIR COMMUNITY.,-inf,-inf,"[-15.561107635498047, -Infinity, -11.530627250671387, -11.66895580291748, -14.41174030303955, -16.59760284423828, -11.174742698669434, -15.472783088684082, -14.136143684387207, -15.244036674499512, -16.501880645751953, -6.021462917327881, -16.251708984375, -9.314163208007812, -13.215826988220215, -14.97241497039795, -6.748547554016113, -8.60516357421875, -12.581771850585938, -9.330268859863281, -4.840494155883789, -11.509950637817383, -17.77147102355957, -15.164766311645508, -11.057036399841309, -16.53196907043457, -16.753557205200195, -13.5552978515625, -14.650504112243652]","[50259, 50360, 50364, 430, 20398, 2483, 50, 9872, 17755, 4367, 4731, 8232, 38856, 47, 318, 4850, 51, 2634, 5904, 32, 6, 32, 37937, 27665, 15174, 5663, 7740, 36041, 3979]",29,9.255,unknown
pcm_f_PECS1F39_ev_spontaneous_292,whisper-large-v3, Judge supposed try they concentrate for their neighbors and keep the noise level down.,-inf,-inf,"[-14.813030242919922, -Infinity, -15.355768203735352, -15.754433631896973, -13.785308837890625, -12.97552490234375, -3.5807945728302, -16.56772232055664, -11.553210258483887, -11.694280624389648, -14.195545196533203, -11.927655220031738, -17.278217315673828, -10.39328384399414, -14.649165153503418, -16.070955276489258]","[50259, 50360, 50364, 19476, 3442, 853, 436, 18089, 337, 641, 12512, 293, 1066, 264, 5658, 1496]",16,6.888,unknown
pcm_f_PECS1F40_ev_spontaneous_018,whisper-large-v3, You feel be art student or science student for high school.,-inf,-inf,"[-13.26538372039795, -Infinity, -13.207435607910156, -12.559623718261719, -15.20582389831543, -12.411181449890137, -10.628168106079102, -0.08937355130910873, -6.855759143829346, -12.721081733703613, -11.864739418029785, -8.885397911071777, -12.705521583557129]","[50259, 50360, 50364, 509, 841, 312, 1523, 3107, 420, 3497, 3107, 337, 1090]",13,5.392,unknown
pcm_f_PECS1F40_ev_spontaneous_227,whisper-large-v3, Plenty people they see debates saying that the chance where people get to influence government.,-inf,-inf,"[-14.824603080749512, -Infinity, -20.254634857177734, -18.098371505737305, -21.461345672607422, -13.162440299987793, -12.543395042419434, -15.254886627197266, -19.509035110473633, -15.415688514709473, -7.85108757019043, -11.875045776367188, -19.562891006469727, -18.12523078918457, -17.593917846679688, -16.722061157226562, -13.235123634338379, -20.94907569885254]","[50259, 50360, 50364, 2149, 4179, 561, 436, 536, 24203, 1566, 300, 264, 2931, 689, 561, 483, 281, 6503]",18,6.937,unknown
pcm_f_PECS1F40_ev_spontaneous_359,whisper-large-v3," Light no dey stay for this area, na generator we dey use every time.",-inf,-inf,"[-14.006572723388672, -Infinity, -12.065156936645508, -18.081117630004883, -11.044425010681152, -10.679386138916016, -10.204608917236328, -13.048428535461426, -10.442110061645508, -10.110020637512207, -13.352736473083496, -3.429792881011963, -12.86699390411377, -20.26750373840332, -10.816494941711426, -9.825664520263672, -11.515395164489746, -15.74652099609375, -14.815311431884766]","[50259, 50360, 50364, 8279, 572, 368, 88, 1754, 337, 341, 1859, 11, 1667, 19265, 321, 368, 88, 764, 633]",19,6.695,unknown
pcm_f_PECS1F41_ev_spontaneous_189,whisper-large-v3," He get one girl where my teacher flog, unto say she dey talk when wi dey sing national anthem.",-inf,-inf,"[-13.263683319091797, -Infinity, -15.244247436523438, -13.572799682617188, -11.551224708557129, -11.978425979614258, -13.197768211364746, -15.125483512878418, -20.08882713317871, -14.61772346496582, -11.835166931152344, -17.106733322143555, -6.07230281829834, -16.687715530395508, -15.180375099182129, -13.5545072555542, -13.466588020324707, -14.307368278503418, -17.323211669921875, -17.34343719482422, -21.660118103027344, -13.992825508117676, -20.326889038085938, -15.02103328704834, -13.252653121948242]","[50259, 50360, 50364, 634, 483, 472, 2013, 689, 452, 5027, 932, 664, 11, 16521, 584, 750, 368, 88, 751, 562, 26393, 368, 88, 1522, 4048]",25,8.205,unknown
pcm_f_PECS1F41_ev_spontaneous_500,whisper-large-v3," Mama, they cook every evening while Papa, they make sure the lights don't finish.",-inf,-inf,"[-12.19744873046875, -Infinity, -14.760538101196289, -16.25935935974121, -5.767266750335693, -11.854012489318848, -15.107770919799805, -14.29663372039795, -14.729512214660645, -11.219695091247559, -18.165937423706055, -9.754135131835938, -3.5071945190429688, -12.688544273376465, -10.911600112915039, -15.626997947692871, -13.550630569458008, -13.830327987670898, -15.738238334655762]","[50259, 50360, 50364, 17775, 11, 436, 2543, 633, 5634, 1339, 21102, 11, 436, 652, 988, 264, 5811, 500, 380]",19,6.882,unknown
pcm_f_PECS1F41_ev_spontaneous_589,whisper-large-v3," Come out hand for phone, focus on the task where they at hand.",-inf,-inf,"[-12.56075382232666, -Infinity, -14.753153800964355, -16.129793167114258, -12.025931358337402, -13.661629676818848, -9.237881660461426, -14.41395092010498, -10.085671424865723, -12.53653621673584, -8.105127334594727, -4.063266754150391, -13.544875144958496, -16.38884925842285, -13.5370454788208, -14.163413047790527]","[50259, 50360, 50364, 2492, 484, 1011, 337, 2593, 11, 1879, 322, 264, 5633, 689, 436, 412]",16,5.986,unknown
pcm_f_PECS1F44_ev_spontaneous_559,whisper-large-v3, Media get the power to influence how people think for society.,-inf,-inf,"[-12.398824691772461, -Infinity, -20.399328231811523, -17.299379348754883, -13.916152000427246, -11.379829406738281, -13.391450881958008, -9.130813598632812, -12.815194129943848, -11.095409393310547, -10.815520286560059, -13.503755569458008, -11.675573348999023]","[50259, 50360, 50364, 14741, 483, 264, 1347, 281, 6503, 577, 561, 519, 337]",13,5.986,unknown
pcm_f_PECS1F47_ev_spontaneous_156,whisper-large-v3," If you want to build an inclusive community, love and kindness are the way.",-inf,-inf,"[-13.410113334655762, -Infinity, -15.546244621276855, -13.958871841430664, -11.481130599975586, -15.03050708770752, -15.354573249816895, -14.529885292053223, -10.365032196044922, -13.14602279663086, -14.142256736755371, -12.865869522094727, -11.406987190246582, -10.357487678527832, -16.812280654907227, -13.462103843688965, -11.723540306091309]","[50259, 50360, 50364, 759, 291, 528, 281, 1322, 364, 13429, 1768, 11, 959, 293, 18171, 366, 264]",17,6.643,unknown
pcm_f_PECS1F49_ev_spontaneous_398,whisper-large-v3," Students don't consume all the lecture because, because then they do protests.",-inf,-inf,"[-15.352799415588379, -Infinity, -19.753829956054688, -15.037203788757324, -15.396743774414062, -14.710529327392578, -12.782819747924805, -11.008042335510254, -6.8612189292907715, -18.813663482666016, -9.317482948303223, -4.457417011260986, -13.561868667602539, -13.953948020935059, -12.047616004943848, -13.857063293457031]","[50259, 50360, 50364, 17244, 500, 380, 14732, 439, 264, 7991, 570, 11, 570, 550, 436, 360]",16,6.005,unknown
pcm_f_PECS1F50_ev_spontaneous_175,whisper-large-v3, The main use of tax now to help the community or government run essential service.,-inf,-inf,"[-12.98237419128418, -Infinity, -14.847855567932129, -14.283138275146484, -14.423998832702637, -10.424554824829102, -11.644461631774902, -17.174039840698242, -17.73640251159668, -12.321866035461426, -14.289253234863281, -7.567943096160889, -17.142581939697266, -12.088334083557129, -12.999205589294434, -13.145085334777832, -13.595309257507324]","[50259, 50360, 50364, 440, 2135, 764, 295, 3366, 586, 281, 854, 264, 1768, 420, 2463, 1190, 7115]",17,6.45,unknown
pcm_f_PECS1F51_ev_spontaneous_056,whisper-large-v3, Discuss how to share bills so everybody stay comfortable and agree well.,-inf,-inf,"[-15.096972465515137, -Infinity, -18.31675910949707, -18.158416748046875, -20.735761642456055, -13.243082046508789, -7.754042625427246, -14.497912406921387, -14.130804061889648, -12.143757820129395, -15.001340866088867, -11.999957084655762, -16.646209716796875, -8.072111129760742, -14.960573196411133]","[50259, 50360, 50364, 4208, 2169, 577, 281, 2073, 12433, 370, 2201, 1754, 4619, 293, 3986]",15,5.809,unknown
pcm_f_PECS1F51_ev_spontaneous_281,whisper-large-v3," The key is to be clear, concise, and communicate to everyone.",-inf,-inf,"[-11.92045783996582, -Infinity, -12.178384780883789, -11.236434936523438, -12.272624969482422, -7.493776321411133, -6.747753620147705, -12.692025184631348, -15.26046085357666, -13.785500526428223, -8.72796630859375, -8.376877784729004, -12.786616325378418, -16.632869720458984, -11.380128860473633]","[50259, 50360, 50364, 440, 2141, 307, 281, 312, 1850, 11, 44882, 11, 293, 7890, 281]",15,6.673,unknown
pcm_f_PECS1F51_ev_spontaneous_332,whisper-large-v3," If we they buy things together, make we keep received so nobody go suspect.",-inf,-inf,"[-14.032130241394043, -Infinity, -13.114653587341309, -13.539392471313477, -11.601494789123535, -11.484292030334473, -15.046006202697754, -14.336711883544922, -14.297774314880371, -9.502548217773438, -13.471222877502441, -11.678316116333008, -15.929288864135742, -17.53265953063965, -9.900545120239258, -16.418439865112305, -15.515974044799805]","[50259, 50360, 50364, 759, 321, 436, 2256, 721, 1214, 11, 652, 321, 1066, 4613, 370, 5079, 352]",17,6.46,unknown
pcm_f_PECS1F51_ev_spontaneous_360,whisper-large-v3, make them sabi how to agree for each know for each no one person good they agree all the time,-inf,-inf,"[-12.640815734863281, -Infinity, -12.656608581542969, -14.597993850708008, -12.096096992492676, -14.196797370910645, -13.816858291625977, -10.343621253967285, -10.432612419128418, -14.304098129272461, -0.004049079492688179, -0.0028032076079398394, -Infinity, -13.223918914794922, -14.572432518005371, -12.29294490814209, -11.896736145019531, -21.0953311920166, -15.312847137451172, -10.875404357910156, -20.470319747924805, -10.34403133392334]","[50259, 50360, 50364, 652, 552, 5560, 72, 577, 281, 3986, 337, 1184, 458, 337, 1184, 572, 472, 954, 665, 436, 3986, 439]",22,7.995,unknown
pcm_f_PECS1F52_ev_spontaneous_333,whisper-large-v3, Now this is my fitness group. They encourage me to do exercise.,-inf,-inf,"[-14.75708293914795, -Infinity, -15.785381317138672, -14.646662712097168, -12.982705116271973, -12.6387939453125, -11.384000778198242, -18.15423011779785, -14.424643516540527, -10.56562614440918, -9.049031257629395, -14.811101913452148, -11.503288269042969, -9.488646507263184, -11.873023986816406]","[50259, 50360, 50364, 823, 341, 307, 452, 15303, 1594, 13, 814, 5373, 385, 281, 360]",15,6.034,unknown
pcm_f_PECS1F53_ev_spontaneous_359,whisper-large-v3, frequent job change female person they lose finance if the job where they expect no come,-inf,-inf,"[-14.801939010620117, -Infinity, -17.000473022460938, -10.004634857177734, -13.843628883361816, -16.3618106842041, -21.2067928314209, -16.99716567993164, -13.501659393310547, -20.407136917114258, -21.441747665405273, -11.488710403442383, -1.8114936351776123, -16.415828704833984, -13.673173904418945, -9.718938827514648, -15.31866455078125]","[50259, 50360, 50364, 18004, 1691, 1319, 6556, 954, 436, 3624, 10719, 498, 264, 1691, 689, 436, 2066]",17,6.905,unknown
pcm_f_PECS1F53_ev_spontaneous_425,whisper-large-v3, Is there a risk to the desire when you never find another job with them?,-inf,-inf,"[-11.634685516357422, -Infinity, -13.066566467285156, -14.218576431274414, -8.48266887664795, -6.093564987182617, -7.260415077209473, -5.909377098083496, -9.520760536193848, -14.709149360656738, -13.67732048034668, -8.240175247192383, -15.91213321685791, -13.000910758972168, -9.04410171508789, -14.484781265258789, -12.082414627075195]","[50259, 50360, 50364, 1119, 456, 257, 3148, 281, 264, 7516, 562, 291, 1128, 915, 1071, 1691, 365]",17,6.483,unknown
pcm_f_PECS1F53_ev_spontaneous_536,whisper-large-v3, i don't detry tell you say i define persuading honeys for my company,-inf,-inf,"[-13.357477188110352, -Infinity, -14.983168601989746, -7.470681190490723, -15.21445369720459, -6.732363700866699, -14.239453315734863, -14.687289237976074, -10.664285659790039, -9.280076026916504, -10.090868949890137, -16.1292724609375, -12.870017051696777, -22.536815643310547, -20.28616714477539, -15.380284309387207, -15.019471168518066, -8.81056022644043]","[50259, 50360, 50364, 741, 500, 380, 1141, 627, 980, 291, 584, 741, 6964, 16336, 8166, 43212, 749, 337]",18,6.903,unknown
pcm_f_PECS1F54_ev_spontaneous_043,whisper-large-v3, Entertainment fit make the kingdom get bad behavior because entertainment shall be influenced.,-inf,-inf,"[-13.379892349243164, -Infinity, -16.45377540588379, -13.876455307006836, -15.619438171386719, -10.629365921020508, -10.438573837280273, -17.020687103271484, -16.02423858642578, -18.020017623901367, -13.203306198120117, -15.250443458557129, -17.498741149902344, -17.117910385131836, -16.90751075744629]","[50259, 50360, 50364, 25758, 3318, 652, 264, 10231, 483, 1578, 5223, 570, 12393, 4393, 312]",15,5.803,unknown
pcm_f_PECS1F55_ev_spontaneous_287,whisper-large-v3, I hear say they don't block that our usual route. Now to go find another one.,-inf,-inf,"[-13.455278396606445, -Infinity, -13.767223358154297, -8.33337688446045, -16.234588623046875, -15.825675964355469, -11.676397323608398, -11.725824356079102, -11.494708061218262, -17.607826232910156, -12.688838958740234, -12.377859115600586, -15.223472595214844, -16.89792251586914, -12.918966293334961, -15.556655883789062, -10.456310272216797, -11.699777603149414, -13.924650192260742, -14.665643692016602]","[50259, 50360, 50364, 286, 1568, 584, 436, 500, 380, 3461, 300, 527, 7713, 7955, 13, 823, 281, 352, 915, 1071]",20,6.876,unknown
pcm_f_PECS1F55_ev_spontaneous_401,whisper-large-v3, Now mass media help us create awareness about the free medical outreach. Where will they do?,-inf,-inf,"[-11.591559410095215, -Infinity, -16.285310745239258, -12.701581954956055, -16.116127014160156, -16.53183364868164, -15.61153507232666, -14.347890853881836, -10.726269721984863, -12.712209701538086, -13.089231491088867, -13.882383346557617, -9.949061393737793, -12.638903617858887, -17.33049774169922, -9.556070327758789, -16.54400062561035, -11.900593757629395, -11.57420825958252]","[50259, 50360, 50364, 823, 2758, 3021, 854, 505, 1884, 8888, 466, 264, 1737, 4625, 19638, 13, 2305, 486, 436]",19,7.086,unknown
pcm_f_PECS1F55_ev_spontaneous_519,whisper-large-v3, Traveling will make you meet new friends. Them way fit help you.,-inf,-inf,"[-10.492396354675293, -Infinity, -14.71938419342041, -15.15943717956543, -15.603933334350586, -8.441929817199707, -13.721809387207031, -13.261781692504883, -13.774779319763184, -14.150531768798828, -9.125876426696777, -5.337515354156494, -14.773331642150879, -15.083415031433105, -14.394299507141113, -13.123170852661133]","[50259, 50360, 50364, 20610, 278, 486, 652, 291, 1677, 777, 1855, 13, 37354, 636, 3318, 854]",16,6.214,unknown
pcm_f_PECS1F56_ev_spontaneous_164,whisper-large-v3," We feel great friends with their guy name, always we know them as from house.",-inf,-inf,"[-11.628120422363281, -Infinity, -11.9410400390625, -10.840747833251953, -13.88211441040039, -10.517135620117188, -9.662918090820312, -12.546673774719238, -13.983345985412598, -14.521184921264648, -10.672475814819336, -10.138040542602539, -14.077197074890137, -10.976959228515625, -12.933524131774902, -12.203475952148438, -12.632072448730469, -10.799975395202637]","[50259, 50360, 50364, 492, 841, 869, 1855, 365, 641, 2146, 1315, 11, 1009, 321, 458, 552, 382, 490]",18,6.863,unknown
pcm_f_PECS1F56_ev_spontaneous_238,whisper-large-v3, Happy New Year. This year will go better for us.,-inf,-inf,"[-11.556207656860352, -Infinity, -18.057117462158203, -7.128030776977539, -9.630070686340332, -9.12560749053955, -8.350616455078125, -16.965970993041992, -14.697657585144043, -17.219572067260742, -18.75145721435547, -14.824102401733398, -11.332770347595215]","[50259, 50360, 50364, 8277, 1873, 10289, 13, 639, 1064, 486, 352, 1101, 337]",13,5.362,unknown
pcm_f_PECS1F56_ev_spontaneous_279,whisper-large-v3, We don't enter Holy Ghost. My mind don't declare.,-inf,-inf,"[-12.269713401794434, -Infinity, -18.92299461364746, -13.061129570007324, -13.896244049072266, -15.261460304260254, -14.000308990478516, -11.599599838256836, -12.55612850189209, -6.969509124755859, -19.001867294311523, -11.445438385009766, -13.324240684509277, -15.570060729980469]","[50259, 50360, 50364, 492, 500, 380, 3242, 6295, 16323, 13, 1222, 1575, 500, 380]",14,7.957,unknown
pcm_f_PECS1F59_ev_spontaneous_594,whisper-large-v3, I will try to see things from another person's perspective before I judge.,-inf,-inf,"[-15.698970794677734, -Infinity, -20.367876052856445, -12.625752449035645, -16.43153190612793, -18.376569747924805, -12.316475868225098, -15.598758697509766, -13.724313735961914, -15.14720344543457, -16.876102447509766, -17.681657791137695, -16.595558166503906, -20.95479965209961, -13.137517929077148, -7.6612982749938965]","[50259, 50360, 50364, 286, 486, 853, 281, 536, 721, 490, 1071, 954, 311, 4585, 949, 286]",16,6.228,unknown
pcm_f_PECS1F5_ev_spontaneous_334,whisper-large-v3, We want to go play football for mama in GD's car house. You want to join?,-inf,-inf,"[-11.63248348236084, -Infinity, -17.346847534179688, -16.184894561767578, -14.418965339660645, -10.846627235412598, -12.585870742797852, -14.53261661529541, -15.356494903564453, -11.325571060180664, -16.13482093811035, -11.200382232666016, -14.635316848754883, -17.169557571411133, -13.39504623413086, -17.56896209716797, -17.530168533325195, -13.694526672363281, -16.641164779663086, -16.453248977661133, -13.78955364227295]","[50259, 50360, 50364, 492, 528, 281, 352, 862, 7346, 337, 18775, 294, 460, 35, 311, 1032, 1782, 13, 509, 528, 281]",21,7.318,unknown
pcm_f_PECS1F70_ev_spontaneous_129,whisper-large-v3," Should a youth's calendar where she fits see youths? Youths plan study, rest, and research.",-inf,-inf,"[-12.809130668640137, -Infinity, -13.39894962310791, -15.07215404510498, -8.43191909790039, -11.331263542175293, -7.6088128089904785, -14.653973579406738, -11.015117645263672, -9.391942024230957, -12.477739334106445, -10.356257438659668, -4.857363700866699, -0.8495221138000488, -9.480045318603516, -17.008056640625, -10.182699203491211, -13.882058143615723, -12.332762718200684, -11.276861190795898, -3.914177656173706, -3.9798498153686523, -11.54937744140625]","[50259, 50360, 50364, 6454, 257, 7503, 311, 12183, 689, 750, 9001, 536, 7503, 82, 30, 24312, 82, 1393, 2979, 11, 1472, 11, 293]",23,7.756,unknown
pcm_f_PECS1F71_ev_spontaneous_013,whisper-large-v3, I reduce how I use hot water may I not overspend for the month.,-inf,-inf,"[-13.100449562072754, -Infinity, -13.882274627685547, -0.0299480389803648, -5.729730606079102, -7.932812690734863, -10.409041404724121, -11.114606857299805, -12.468732833862305, -12.858073234558105, -12.714174270629883, -13.281929016113281, -21.688793182373047, -7.065494060516357, -18.088594436645508, -15.301814079284668, -8.006508827209473, -9.699392318725586]","[50259, 50360, 50364, 286, 5407, 577, 286, 764, 2368, 1281, 815, 286, 406, 670, 4952, 521, 337, 264]",18,6.888,unknown
pcm_f_PECS1F71_ev_spontaneous_490,whisper-large-v3, um i joined it i joined the committee even the work done already true,-inf,-inf,"[-13.302522659301758, -Infinity, -16.950824737548828, -8.820367813110352, -0.01887047104537487, -0.009500529617071152, -Infinity, -10.381656646728516, -16.005199432373047, -0.7677323222160339, -14.975433349609375, -14.195178985595703, -11.127336502075195, -8.256007194519043, -9.831025123596191]","[50259, 50360, 50364, 1105, 741, 6869, 309, 741, 6869, 264, 7482, 754, 264, 589, 1096]",15,6.026,unknown
pcm_f_PECS1F73_ev_spontaneous_122,whisper-large-v3, She bring extra clothes make she fit wear something with it free when meeting finish.,-inf,-inf,"[-12.395341873168945, -Infinity, -14.852724075317383, -13.611213684082031, -11.992453575134277, -13.195442199707031, -11.49075984954834, -9.387336730957031, -11.308565139770508, -12.691712379455566, -8.065115928649902, -11.356456756591797, -5.129512786865234, -7.089637756347656, -12.63671588897705, -10.811043739318848, -15.45716381072998]","[50259, 50360, 50364, 1240, 1565, 2857, 5534, 652, 750, 3318, 3728, 746, 365, 309, 1737, 562, 3440]",17,6.683,unknown
pcm_f_PECS1F73_ev_spontaneous_440,whisper-large-v3," I don't even wear better clothes, but I still use my smile. I take welcome there.",-inf,-inf,"[-13.42550277709961, -Infinity, -19.463136672973633, -8.347236633300781, -10.402201652526855, -14.677356719970703, -14.786497116088867, -12.42061710357666, -12.136058807373047, -15.340821266174316, -10.182929992675781, -11.596753120422363, -8.963732719421387, -11.5972318649292, -12.967817306518555, -12.356245994567871, -14.13510799407959, -8.197367668151855, -9.906765937805176, -13.891401290893555, -13.409808158874512]","[50259, 50360, 50364, 286, 500, 380, 754, 3728, 1101, 5534, 11, 457, 286, 920, 764, 452, 7563, 13, 286, 747, 2928]",21,7.12,unknown
pcm_f_PECS1F75_ev_spontaneous_512,whisper-large-v3, I know waiting be their plan but it no go work because we go go on strike tomorrow.,-inf,-inf,"[-13.715285301208496, -Infinity, -13.35834789276123, -9.183338165283203, -15.030284881591797, -18.163284301757812, -7.877307891845703, -13.649001121520996, -16.733675003051758, -12.188546180725098, -12.237513542175293, -12.118690490722656, -9.014666557312012, -12.677315711975098, -14.26208209991455, -10.918367385864258, -17.3995361328125, -14.000449180603027, -12.255796432495117, -17.476716995239258]","[50259, 50360, 50364, 286, 458, 3806, 312, 641, 1393, 457, 309, 572, 352, 589, 570, 321, 352, 352, 322, 9302]",20,7.126,unknown
pcm_f_PECS1F76_ev_spontaneous_076,whisper-large-v3, Think whether you want to save the friendship or just leave it.,-inf,-inf,"[-13.08869457244873, -Infinity, -11.038070678710938, -12.955425262451172, -12.59622859954834, -9.549763679504395, -12.116289138793945, -11.973888397216797, -13.265788078308105, -5.78107213973999, -13.57242202758789, -9.100473403930664, -7.4795708656311035, -12.554841041564941]","[50259, 50360, 50364, 6557, 1968, 291, 528, 281, 3155, 264, 13216, 420, 445, 1856]",14,6.021,unknown
pcm_f_PECS1F79_ev_spontaneous_443,whisper-large-v3, She talks say traditional wrestling na symbol strength for her tribes.,-inf,-inf,"[-13.055826187133789, -Infinity, -12.449990272521973, -14.382242202758789, -19.121768951416016, -13.361798286437988, -13.702943801879883, -13.187549591064453, -12.466497421264648, -17.47616958618164, -14.510520935058594, -10.415828704833984, -9.874176979064941]","[50259, 50360, 50364, 1240, 6686, 584, 5164, 19274, 1667, 5986, 3800, 337, 720]",13,5.583,unknown
pcm_f_PECS1F79_ev_spontaneous_532,whisper-large-v3," Now why every state for this Obudu Naija, they respect Kula not Wela?",-inf,-inf,"[-14.77988338470459, -Infinity, -15.856338500976562, -14.302031517028809, -12.694867134094238, -11.062621116638184, -15.72170352935791, -15.565394401550293, -15.523931503295898, -11.105629920959473, -12.787330627441406, -11.004579544067383, -19.458740234375, -18.359691619873047, -7.256577014923096, -17.870481491088867, -14.328685760498047, -7.144672393798828, -9.373173713684082, -12.730066299438477, -8.19392204284668]","[50259, 50360, 50364, 823, 983, 633, 1785, 337, 341, 4075, 532, 84, 50205, 2938, 11, 436, 3104, 591, 3780, 406, 343]",21,7.752,unknown
pcm_f_PECS1F79_ev_spontaneous_603,whisper-large-v3," The great feat be when person lose person, person lose, person with them lost.",-inf,-inf,"[-13.314931869506836, -Infinity, -14.053093910217285, -11.032012939453125, -14.056005477905273, -16.984127044677734, -12.95224666595459, -14.23183822631836, -2.6101603507995605, -18.8361759185791, -15.857024192810059, -0.046545784920454025, -0.001743940869346261, -Infinity, -5.681055545806885, -14.446316719055176, -12.593254089355469, -16.144054412841797]","[50259, 50360, 50364, 440, 869, 15425, 312, 562, 954, 3624, 954, 11, 954, 3624, 11, 954, 365, 552]",18,6.646,unknown
pcm_f_PECS1F7_ev_spontaneous_083,whisper-large-v3," We make our time spent together, and so we build the friendship.",-inf,-inf,"[-12.280235290527344, -Infinity, -12.260602951049805, -15.559700965881348, -11.17335319519043, -11.721412658691406, -11.561881065368652, -14.666316032409668, -4.852533340454102, -3.261101007461548, -10.020631790161133, -12.019862174987793, -11.578821182250977, -14.122138977050781, -11.591314315795898]","[50259, 50360, 50364, 492, 652, 527, 565, 4418, 1214, 11, 293, 370, 321, 1322, 264]",15,5.994,unknown
pcm_f_PECS1F7_ev_spontaneous_240,whisper-large-v3, Getting enough sleep is essential for our bodies to repair and recharge.,-inf,-inf,"[-14.119220733642578, -Infinity, -16.988059997558594, -15.910324096679688, -12.031424522399902, -18.467790603637695, -12.466253280639648, -15.290534019470215, -7.759974002838135, -12.520645141601562, -18.06802749633789, -9.067255020141602, -17.55211639404297, -10.700018882751465]","[50259, 50360, 50364, 13674, 1547, 2817, 307, 7115, 337, 527, 7510, 281, 10535, 293]",14,6.203,unknown
pcm_f_PECS1F7_ev_spontaneous_264,whisper-large-v3," Sometimes when we don't get access to the basic health care facilities, it affects our health.",-inf,-inf,"[-11.645988464355469, -Infinity, -19.393001556396484, -16.261873245239258, -16.50340461730957, -10.400067329406738, -17.75430679321289, -16.14562225341797, -12.82252311706543, -15.032885551452637, -10.095293998718262, -14.388408660888672, -14.458303451538086, -12.709931373596191, -16.381568908691406, -12.586204528808594, -10.689502716064453, -14.784908294677734, -15.495790481567383, -12.846091270446777]","[50259, 50360, 50364, 4803, 562, 321, 500, 380, 483, 2105, 281, 264, 3875, 1585, 1127, 9406, 11, 309, 11807, 527]",20,7.282,unknown
pcm_f_PECS1F7_ev_spontaneous_270,whisper-large-v3," You get a condition when a person is dead. You don't need to drink, for example, when the person is sick.",-inf,-inf,"[-12.514860153198242, -Infinity, -13.226541519165039, -14.015990257263184, -11.996681213378906, -0.438324898481369, -13.603610038757324, -9.899142265319824, -6.916844367980957, -11.150397300720215, -10.746001243591309, -15.379036903381348, -12.754807472229004, -16.138635635375977, -12.718121528625488, -15.565299987792969, -13.488265991210938, -8.88361644744873, -17.503976821899414, -0.13541877269744873, -6.355207920074463, -14.886322021484375, -13.192289352416992, -12.812410354614258, -11.567949295043945, -16.170564651489258, -12.13347339630127]","[50259, 50360, 50364, 509, 483, 257, 4188, 562, 257, 954, 307, 3116, 13, 509, 500, 380, 643, 281, 2822, 11, 337, 1365, 11, 562, 264, 954, 307]",27,8.377,unknown
pcm_f_PECS1F9_ev_spontaneous_099,whisper-large-v3," Setting my alarm, they remind me to wake up and start my day.",-inf,-inf,"[-15.603726387023926, -Infinity, -19.052122116088867, -15.310752868652344, -11.076067924499512, -14.517400741577148, -12.875835418701172, -13.002129554748535, -18.184673309326172, -11.564560890197754, -7.637031078338623, -15.642923355102539, -10.689614295959473, -16.000288009643555, -14.848118782043457, -13.185565948486328]","[50259, 50360, 50364, 21063, 452, 14183, 11, 436, 4160, 385, 281, 6634, 493, 293, 722, 452]",16,6.225,unknown
pcm_f_PECS1F9_ev_spontaneous_543,whisper-large-v3, Volunteer will provide opportunities for networking and making new friends.,-inf,-inf,"[-12.155685424804688, -Infinity, -11.82734203338623, -16.524824142456055, -16.289159774780273, -14.43012523651123, -17.492340087890625, -15.20478343963623, -9.284286499023438, -16.789188385009766, -10.941214561462402, -15.262002944946289, -16.133129119873047]","[50259, 50360, 50364, 46698, 260, 486, 2893, 4786, 337, 17985, 293, 1455, 777]",13,5.807,unknown
pcm_f_PECS1F9_ev_spontaneous_553,whisper-large-v3," Volunteering, they help people develop their emotional intelligence and empathy.",-inf,-inf,"[-13.682615280151367, -Infinity, -13.81738567352295, -14.286211013793945, -20.689367294311523, -10.942220687866211, -10.73827075958252, -15.797982215881348, -15.24924373626709, -17.142108917236328, -14.450571060180664, -13.113779067993164, -15.816784858703613, -10.192084312438965]","[50259, 50360, 50364, 46698, 1794, 11, 436, 854, 561, 1499, 641, 6863, 7599, 293]",14,5.593,unknown
pcm_f_PECT1F105_ev_spontaneous_277,whisper-large-v3," Meanwhile, Labour Party say them goal reform one-point based immigration system and end long-term brilliance on overseas workers.",-inf,-inf,"[-14.023117065429688, -Infinity, -15.686470985412598, -14.657256126403809, -5.129427909851074, -9.53144645690918, -14.620229721069336, -15.444305419921875, -11.988052368164062, -14.292645454406738, -17.352949142456055, -12.45545482635498, -7.712306976318359, -18.033273696899414, -13.318676948547363, -20.430400848388672, -12.951615333557129, -12.107995986938477, -14.81716251373291, -12.732033729553223, -15.190971374511719, -15.8634672164917, -18.08311653137207, -19.314437866210938, -10.190600395202637, -15.946130752563477]","[50259, 50360, 50364, 13879, 11, 23361, 8552, 584, 552, 3387, 8290, 472, 12, 6053, 2361, 13554, 1185, 293, 917, 938, 12, 7039, 8695, 6276, 322, 16274]",26,8.226,unknown
pcm_f_PECT1F111_ev_spontaneous_415,whisper-large-v3, We'll be managing Managing Partner of Long Corridor Wedding Base for Abuja.,-inf,-inf,"[-11.62343978881836, -Infinity, -17.820154190063477, -15.659446716308594, -12.476016998291016, -19.14199447631836, -15.140938758850098, -14.224087715148926, -13.06173324584961, -16.22024917602539, -20.119245529174805, -17.690513610839844, -14.561039924621582, -19.923070907592773, -14.362099647521973, -14.713005065917969, -19.63477325439453, -18.07240867614746, -10.433340072631836, -12.849515914916992]","[50259, 50360, 50364, 492, 603, 312, 11642, 2458, 3568, 32736, 295, 8282, 3925, 8558, 284, 9589, 3584, 21054, 337, 26874]",20,6.905,unknown
pcm_f_PECT1F116_ev_spontaneous_380,whisper-large-v3," As buildings for Bangkok know they engineered for powerful earthquakes, the structural damage feed their significance.",-inf,-inf,"[-16.44458770751953, -Infinity, -19.363740921020508, -13.986724853515625, -13.275110244750977, -12.976164817810059, -19.85714340209961, -17.251014709472656, -15.59534740447998, -18.182273864746094, -13.812406539916992, -18.609556198120117, -21.95815086364746, -13.814346313476562, -8.450489044189453, -19.353904724121094, -19.969663619995117, -17.32662010192871, -17.844057083129883]","[50259, 50360, 50364, 1018, 7446, 337, 43055, 458, 436, 38648, 337, 4005, 34048, 11, 264, 15067, 4344, 3154, 641]",19,7.334,unknown
pcm_f_PECT1F125_ev_spontaneous_044,whisper-large-v3," If you stop, should you stop to the go club for some time, you could forget a goal.",-inf,-inf,"[-13.42930793762207, -Infinity, -14.555244445800781, -10.391599655151367, -3.3847596645355225, -7.315598011016846, -10.282550811767578, -7.169310092926025, -10.113533020019531, -12.381560325622559, -8.634342193603516, -13.78530216217041, -15.353456497192383, -15.750635147094727, -9.5032958984375, -17.222389221191406, -18.2865047454834, -13.000506401062012, -8.307031631469727, -5.850138187408447, -16.802413940429688, -16.086185455322266]","[50259, 50360, 50364, 759, 291, 1590, 11, 820, 291, 1590, 281, 264, 352, 6482, 337, 512, 565, 11, 291, 727, 2870, 257]",22,7.556,unknown
pcm_f_PECT1F12_ev_spontaneous_449,whisper-large-v3," They trained me to respect things with people they do for protection, even though I'm not really a believer.",-inf,-inf,"[-12.380053520202637, -Infinity, -18.934282302856445, -10.157832145690918, -15.514331817626953, -10.563565254211426, -6.035738945007324, -7.192811965942383, -10.825728416442871, -11.744406700134277, -11.446264266967773, -12.209726333618164, -12.535759925842285, -9.861130714416504, -18.237133026123047, -5.484358310699463, -10.386053085327148, -11.366044998168945, -11.482540130615234, -14.100576400756836, -14.056368827819824, -13.161152839660645, -12.918437957763672]","[50259, 50360, 50364, 814, 8895, 385, 281, 3104, 721, 365, 561, 436, 360, 337, 6334, 11, 754, 1673, 286, 478, 406, 534, 257]",23,7.768,unknown
pcm_f_PECT1F130_ev_spontaneous_571,whisper-large-v3," To manage stress, keep office work for office. Spend time with family and loved ones.",-inf,-inf,"[-13.310111045837402, -Infinity, -16.990461349487305, -11.718108177185059, -14.491972923278809, -13.721954345703125, -4.337194442749023, -14.850457191467285, -0.0035513683687895536, -10.361906051635742, -13.83521842956543, -22.344030380249023, -9.410655975341797, -16.31292152404785, -19.508712768554688, -14.565705299377441, -13.34394645690918, -15.970724105834961, -6.854513168334961, -16.073562622070312]","[50259, 50360, 50364, 1407, 3067, 4244, 11, 1066, 3398, 589, 337, 3398, 13, 1738, 521, 565, 365, 1605, 293, 4333]",20,6.9,unknown
pcm_f_PECT1F142_ev_spontaneous_481,whisper-large-v3," Telegram Day is particularly popular for Russia, Ukraine and former Soviet Union states.",-inf,-inf,"[-10.831521987915039, -Infinity, -11.277592658996582, -13.766739845275879, -17.057710647583008, -17.920743942260742, -10.550209045410156, -14.345795631408691, -13.385300636291504, -11.387738227844238, -15.597444534301758, -10.555484771728516, -12.403575897216797, -8.83780288696289, -13.573899269104004, -14.355525970458984, -15.091575622558594]","[50259, 50360, 50364, 14889, 1342, 5226, 307, 4098, 3743, 337, 6797, 11, 14081, 293, 5819, 11348, 8133]",17,6.652,unknown
pcm_f_PECT1F148_ev_spontaneous_386,whisper-large-v3," Manjio Mbinde employed as a data engineer for Trucar, one digital retailing website for new and used cars, according to his social media profiles.",-inf,-inf,"[-14.430647850036621, -Infinity, -15.553528785705566, -10.58259105682373, -11.953474998474121, -15.670001983642578, -12.583383560180664, -19.48827362060547, -22.081552505493164, -19.86286735534668, -15.03195571899414, -12.10828685760498, -12.700200080871582, -15.597067832946777, -9.574172973632812, -16.636911392211914, -18.65744400024414, -7.764410972595215, -17.69010353088379, -16.689088821411133, -19.566505432128906, -18.97029685974121, -20.260055541992188, -14.219460487365723, -16.297489166259766, -10.632206916809082, -16.188032150268555, -22.437652587890625, -8.235481262207031, -18.00057029724121, -17.656492233276367, -16.556283950805664, -17.66127586364746, -19.273672103881836]","[50259, 50360, 50364, 2458, 73, 1004, 376, 65, 8274, 20115, 382, 257, 1412, 11403, 337, 21388, 6166, 11, 472, 4562, 10800, 278, 3144, 337, 777, 293, 1143, 5163, 11, 4650, 281, 702, 2093, 3021]",34,10.131,unknown
pcm_f_PECT1F14_ev_spontaneous_557,whisper-large-v3, networking day importance you day important you fit fine job through people where you savvy,-inf,-inf,"[-9.979297637939453, -Infinity, -17.319217681884766, -16.503536224365234, -0.3687111735343933, -0.7012847065925598, -0.0230441652238369, -15.48183536529541, -13.926612854003906, -12.250284194946289, -17.099267959594727, -17.844438552856445, -17.23880386352539, -16.78227424621582, -17.53089141845703, -11.288702964782715]","[50259, 50360, 50364, 17985, 786, 7379, 291, 786, 1021, 291, 3318, 2489, 1691, 807, 561, 689]",16,6.223,unknown
pcm_f_PECT1F150_ev_spontaneous_351,whisper-large-v3," And you can see a word there near those words, if it means A or maybe D or so on.",-inf,-inf,"[-13.673928260803223, -Infinity, -16.799869537353516, -13.830817222595215, -8.60155963897705, -14.024946212768555, -13.793617248535156, -11.566725730895996, -9.454126358032227, -15.032424926757812, -14.229813575744629, -14.0286865234375, -13.82361888885498, -12.530200958251953, -9.05090045928955, -11.66675853729248, -14.544380187988281, -9.31564712524414, -0.14065590500831604, -14.488633155822754, -17.485912322998047, -9.9157133102417, -14.420536994934082]","[50259, 50360, 50364, 400, 291, 393, 536, 257, 1349, 456, 2651, 729, 2283, 11, 498, 309, 1355, 316, 420, 1310, 413, 420, 370]",23,7.522,unknown
pcm_f_PECT1F151_ev_spontaneous_576,whisper-large-v3, Then we release them from house arrest a year ago and then tell them to make them leave Romania.,-inf,-inf,"[-13.422807693481445, -Infinity, -14.515291213989258, -12.202421188354492, -11.081596374511719, -11.552159309387207, -14.456439971923828, -8.857218742370605, -14.762328147888184, -20.894384384155273, -9.140185356140137, -17.42571258544922, -16.934947967529297, -9.380583763122559, -9.01723575592041, -10.010197639465332, -0.2332213819026947, -4.2948317527771, -14.89206600189209, -13.170912742614746, -14.34483814239502]","[50259, 50360, 50364, 1396, 321, 4374, 552, 490, 1782, 7823, 257, 1064, 2057, 293, 550, 980, 552, 281, 652, 552, 1856]",21,7.52,unknown
pcm_f_PECT1F152_ev_spontaneous_104,whisper-large-v3, Trump and Zelensky don't agree to finalize as soon as possible one critical mineral deal now waiting the joint statement talk.,-inf,-inf,"[-12.0748291015625, -Infinity, -14.538411140441895, -15.954802513122559, -17.540666580200195, -17.18230438232422, -18.504554748535156, -17.02664566040039, -14.66111946105957, -16.577268600463867, -15.93059253692627, -10.874918937683105, -13.096078872680664, -18.658246994018555, -10.563819885253906, -13.915841102600098, -12.811158180236816, -13.76526165008545, -11.84977912902832, -14.350790977478027, -17.44269371032715, -13.942758560180664, -15.702571868896484, -16.507190704345703, -10.820569038391113, -16.2863712310791, -18.62554931640625]","[50259, 50360, 50364, 3899, 293, 20952, 694, 4133, 500, 380, 3986, 281, 2572, 1125, 382, 2321, 382, 1944, 472, 4924, 21630, 2028, 586, 3806, 264, 7225, 5629]",27,9.047,unknown
pcm_f_PECT1F153_ev_spontaneous_083,whisper-large-v3, Nigerians now go fit apply for visas go the United Arab Emirates UAE from 15 July 2024.,-inf,-inf,"[-17.77322769165039, -Infinity, -15.636809349060059, -14.759480476379395, -15.088719367980957, -12.42164134979248, -7.3805012702941895, -17.142284393310547, -14.084046363830566, -10.921497344970703, -19.24135971069336, -17.11363410949707, -15.45528793334961, -21.235002517700195, -18.04593276977539, -22.450273513793945, -19.031686782836914, -18.475666046142578, -14.214058876037598, -14.131511688232422, -13.38734245300293, -14.241008758544922]","[50259, 50360, 50364, 21489, 2567, 586, 352, 3318, 3079, 337, 45922, 352, 264, 2824, 8625, 38426, 1024, 32765, 36, 490, 2119, 7370]",22,7.532,unknown
pcm_f_PECT1F157_ev_spontaneous_182,whisper-large-v3, i faith create a vision but to visualize my goals and aspirations,-inf,-inf,"[-13.61322021484375, -Infinity, -16.088489532470703, -10.253277778625488, -15.955692291259766, -14.679787635803223, -10.833418846130371, -7.733718395233154, -12.625455856323242, -14.125545501708984, -21.20395851135254, -10.752213478088379, -14.151800155639648]","[50259, 50360, 50364, 741, 4522, 1884, 257, 5201, 457, 281, 23273, 452, 5493]",13,5.792,unknown
pcm_f_PECT1F160_ev_spontaneous_325,whisper-large-v3," When person win relay race and other sports, it they make person feel like say him don't achieve something.",-inf,-inf,"[-14.23104190826416, -Infinity, -12.97579574584961, -12.859135627746582, -17.776535034179688, -14.90532112121582, -13.032288551330566, -13.012442588806152, -8.62810230255127, -14.265610694885254, -13.963597297668457, -8.888607025146484, -8.709355354309082, -11.54570198059082, -12.751269340515137, -12.779760360717773, -12.498498916625977, -11.940827369689941, -14.123981475830078, -13.829696655273438, -14.842528343200684, -13.754085540771484, -17.19025993347168]","[50259, 50360, 50364, 1133, 954, 1942, 24214, 4569, 293, 661, 6573, 11, 309, 436, 652, 954, 841, 411, 584, 796, 500, 380, 4584]",23,7.985,unknown
pcm_f_PECT1F161_ev_spontaneous_521,whisper-large-v3," At the time, I surround myself with friends where they support me.",-inf,-inf,"[-12.209174156188965, -Infinity, -15.196788787841797, -14.278326034545898, -10.41502571105957, -13.716386795043945, -11.81333065032959, -12.314249038696289, -19.553186416625977, -13.951956748962402, -13.626233100891113, -18.332359313964844, -14.87747859954834, -13.58193302154541, -15.172005653381348]","[50259, 50360, 50364, 1711, 264, 565, 11, 286, 6262, 2059, 365, 1855, 689, 436, 1406]",15,5.806,unknown
pcm_f_PECT1F166_ev_spontaneous_114,whisper-large-v3, Kogi's central senator don't condemn the actions of the Nigerian Senate with suspender.,-inf,-inf,"[-13.723133087158203, -Infinity, -12.542293548583984, -12.321395874023438, -18.0056095123291, -10.129961013793945, -16.533357620239258, -17.951717376708984, -15.726759910583496, -16.952489852905273, -18.36396598815918, -0.02963874489068985, -17.786453247070312, -15.57884693145752, -12.338534355163574, -17.713037490844727, -16.60556411743164, -17.35627555847168, -11.949722290039062, -16.728309631347656]","[50259, 50360, 50364, 591, 27202, 311, 5777, 24664, 500, 380, 30733, 264, 5909, 295, 264, 21489, 952, 9867, 365, 6535]",20,7.34,unknown
pcm_f_PECT1F166_ev_spontaneous_188,whisper-large-v3," But, waiting be this new common currency we equip as the purpose, how it go work? And waiting be the need for RAM?",-inf,-inf,"[-11.677906036376953, -Infinity, -13.570244789123535, -13.109642028808594, -8.173970222473145, -17.05340576171875, -11.13550090789795, -13.661605834960938, -11.510414123535156, -11.430710792541504, -13.204557418823242, -5.031200408935547, -11.015402793884277, -10.68228530883789, -11.494743347167969, -15.988142013549805, -10.245037078857422, -12.337824821472168, -11.15850830078125, -15.24767780303955, -14.870124816894531, -12.60302448272705, -15.55298137664795, -16.54977035522461, -11.945052146911621, -7.744756698608398, -15.787997245788574, -11.27891731262207]","[50259, 50360, 50364, 583, 11, 3806, 312, 341, 777, 2689, 13346, 321, 5037, 382, 264, 4334, 11, 577, 309, 352, 589, 30, 400, 3806, 312, 264, 643, 337]",28,8.854,unknown
pcm_f_PECT1F168_ev_spontaneous_312,whisper-large-v3," a master's degree in business administration from the University of Liverpool, United Kingdom.",-inf,-inf,"[-14.557443618774414, -Infinity, -19.765804290771484, -12.324460983276367, -15.808961868286133, -13.71069622039795, -16.84184455871582, -9.32956314086914, -15.55056381225586, -15.723029136657715, -10.504112243652344, -7.298788070678711, -10.037416458129883, -11.36298656463623, -18.884056091308594, -2.889158010482788, -14.068886756896973]","[50259, 50360, 50364, 257, 4505, 311, 4314, 294, 1606, 7236, 490, 264, 3535, 295, 32473, 11, 2824]",17,6.437,unknown
pcm_f_PECT1F191_ev_spontaneous_277,whisper-large-v3," If we go police, we go Nkawahala.",-inf,-inf,"[-14.023667335510254, -Infinity, -16.652257919311523, -14.730827331542969, -4.039562225341797, -7.837737083435059, -16.23455238342285, -4.572842597961426, -13.76148509979248, -17.692081451416016, -16.569149017333984, -13.598114013671875, -16.206933975219727, -15.21949577331543]","[50259, 50360, 50364, 759, 321, 352, 3804, 11, 321, 352, 426, 74, 1607, 545]",14,5.784,unknown
pcm_f_PECT1F192_ev_spontaneous_544,whisper-large-v3," These kind parties don't follow meeting people, don't they do, before? And they're not so popular in Utoku.",-inf,-inf,"[-11.938645362854004, -Infinity, -15.726522445678711, -12.10158634185791, -14.193564414978027, -15.93908977508545, -11.367258071899414, -16.520042419433594, -13.830904006958008, -14.588824272155762, -14.908947944641113, -7.149216175079346, -7.668896675109863, -11.330440521240234, -7.44742488861084, -12.615585327148438, -11.1818208694458, -12.431751251220703, -11.445053100585938, -15.443816184997559, -12.074158668518066, -15.48548698425293, -12.56690502166748, -9.502498626708984, -15.231668472290039, -10.891520500183105, -15.03840446472168]","[50259, 50360, 50364, 1981, 733, 8265, 500, 380, 1524, 3440, 561, 11, 500, 380, 436, 360, 11, 949, 30, 400, 436, 434, 406, 370, 3743, 294, 12555]",27,8.809,unknown
pcm_f_PECT1F20_ev_spontaneous_264,whisper-large-v3, Now you get a total different government.,-inf,-inf,"[-13.872708320617676, -Infinity, -15.843733787536621, -13.005233764648438, -12.58796215057373, -13.048864364624023, -13.546086311340332, -14.216455459594727, -16.038169860839844]","[50259, 50360, 50364, 823, 291, 483, 257, 3217, 819]",9,4.691,unknown
pcm_f_PECT1F22_ev_spontaneous_016,whisper-large-v3," We go go change plan, make you get your own time.",-inf,-inf,"[-13.646254539489746, -Infinity, -16.005552291870117, -15.568828582763672, -18.119626998901367, -15.33467960357666, -16.595130920410156, -21.37506866455078, -13.312541007995605, -19.50080108642578, -17.93755531311035, -19.062671661376953, -18.873422622680664, -20.86726951599121]","[50259, 50360, 50364, 492, 352, 352, 1319, 1393, 11, 652, 291, 483, 428, 1065]",14,5.985,unknown
pcm_f_PECT1F26_ev_spontaneous_541,whisper-large-v3," Then they take turn to pick music, make houseworks with everybody.",-inf,-inf,"[-11.510554313659668, -Infinity, -15.207701683044434, -12.086309432983398, -11.893351554870605, -9.433692932128906, -16.23265838623047, -7.477019309997559, -12.087074279785156, -12.455745697021484, -7.349777698516846, -11.599522590637207, -15.814709663391113, -18.364395141601562, -12.980817794799805]","[50259, 50360, 50364, 1396, 436, 747, 1261, 281, 1888, 1318, 11, 652, 1782, 18357, 365]",15,6.215,unknown
pcm_f_PECT1F28_ev_spontaneous_472,whisper-large-v3, I don't start today wash clothes for cold water to shop less light.,-inf,-inf,"[-14.174386024475098, -Infinity, -18.671648025512695, -10.721436500549316, -11.805706024169922, -11.695727348327637, -16.64931869506836, -11.05392837524414, -11.65251350402832, -12.857359886169434, -6.667234420776367, -13.286825180053711, -15.610136032104492, -12.491802215576172, -14.338533401489258, -13.591639518737793]","[50259, 50360, 50364, 286, 500, 380, 722, 965, 5675, 5534, 337, 3554, 1281, 281, 3945, 1570]",16,6.224,unknown
pcm_f_PECT1F2_ev_spontaneous_209,whisper-large-v3, Life is not best teacher. Every day we learn by doing we must learn.,-inf,-inf,"[-13.156716346740723, -Infinity, -12.982197761535645, -12.403236389160156, -9.714583396911621, -11.28554630279541, -15.663270950317383, -9.696266174316406, -8.296488761901855, -15.525569915771484, -12.058561325073242, -9.83777904510498, -11.174041748046875, -11.56400203704834, -10.852668762207031, -9.778196334838867, -14.756282806396484]","[50259, 50360, 50364, 7720, 307, 406, 1151, 5027, 13, 2048, 786, 321, 1466, 538, 884, 321, 1633]",17,6.437,unknown
pcm_f_PECT1F2_ev_spontaneous_584,whisper-large-v3," If Kinsley don't do that community service, they say make him do. Ego enter serious while I'm eating papa.",-inf,-inf,"[-14.000292778015137, -Infinity, -16.15439796447754, -15.342470169067383, -8.744626998901367, -18.705446243286133, -16.701297760009766, -12.426796913146973, -13.058948516845703, -12.603944778442383, -3.979890823364258, -15.258886337280273, -15.404680252075195, -3.2425413131713867, -9.273200988769531, -13.308589935302734, -14.305580139160156, -12.004077911376953, -14.412825584411621, -5.327118396759033, -14.363605499267578, -13.64069652557373, -14.263544082641602, -15.532872200012207, -12.715651512145996, -9.92544937133789, -13.852330207824707, -16.354665756225586]","[50259, 50360, 50364, 759, 591, 1292, 3420, 500, 380, 360, 300, 1768, 2643, 11, 436, 584, 652, 796, 360, 13, 462, 1571, 3242, 3156, 1339, 286, 478, 3936]",28,8.833,unknown
pcm_f_PECT1F3_ev_spontaneous_457,whisper-large-v3, I don't carry my sister with me depressed go for therapy.,-inf,-inf,"[-13.429954528808594, -Infinity, -19.589529037475586, -9.286842346191406, -14.98203182220459, -15.944355010986328, -12.240531921386719, -6.304947853088379, -14.520814895629883, -9.33279037475586, -14.25593376159668, -17.84212875366211, -11.00078010559082, -10.02713680267334]","[50259, 50360, 50364, 286, 500, 380, 3985, 452, 4892, 365, 385, 18713, 352, 337]",14,6.22,unknown
pcm_f_PECT1F40_ev_spontaneous_478,whisper-large-v3, And I try to exercise regularly and meditate to calm my mind.,-inf,-inf,"[-16.18012809753418, -Infinity, -16.813180923461914, -17.062637329101562, -14.0941162109375, -19.664520263671875, -10.27707290649414, -14.506521224975586, -17.157493591308594, -16.164684295654297, -22.65633201599121, -19.343767166137695, -17.34394073486328, -18.015775680541992]","[50259, 50360, 50364, 400, 286, 853, 281, 5380, 11672, 293, 29989, 281, 7151, 452]",14,5.782,unknown
pcm_f_PECT1F45_ev_spontaneous_106,whisper-large-v3, I like the way he dey look at me. He dey give me butterfly.,-inf,-inf,"[-13.526653289794922, -Infinity, -19.56995391845703, -11.438501358032227, -10.81364631652832, -4.892582416534424, -13.76586627960205, -9.31812858581543, -13.34978199005127, -11.975564002990723, -15.827895164489746, -17.491308212280273, -10.816977500915527, -19.6251163482666, -15.852652549743652, -12.68852424621582, -15.941457748413086, -14.877030372619629, -12.135453224182129]","[50259, 50360, 50364, 286, 411, 264, 636, 415, 368, 88, 574, 412, 385, 13, 634, 368, 88, 976, 385]",19,6.867,unknown
pcm_f_PECT1F47_ev_spontaneous_566,whisper-large-v3, Chuka abeg ono om temi se nafo unafan yu machi li juju.,-inf,-inf,"[-9.702695846557617, -Infinity, -11.434268951416016, -14.020907402038574, -14.629740715026855, -14.105908393859863, -12.939623832702637, -11.695408821105957, -8.600112915039062, -11.606640815734863, -13.016508102416992, -11.879002571105957, -9.880264282226562, -3.0118443965911865, -14.269660949707031, -4.250109672546387, -10.793514251708984, -13.517326354980469, -8.019031524658203, -12.953643798828125, -11.859113693237305, -10.115838050842285, -12.346415519714355, -15.711155891418457]","[50259, 50360, 50364, 761, 13599, 410, 1146, 322, 78, 3406, 1383, 72, 369, 1667, 16931, 517, 2792, 282, 288, 84, 2246, 72, 375, 3649]",24,7.75,unknown
pcm_f_PECT1F51_ev_spontaneous_016,whisper-large-v3," I dey tell and say beauty no be just about looks, na about good character.",-inf,-inf,"[-12.827713966369629, -Infinity, -19.347379684448242, -10.023343086242676, -11.58788013458252, -14.031550407409668, -14.803234100341797, -10.878205299377441, -14.943923950195312, -16.916950225830078, -13.515374183654785, -16.368555068969727, -11.007711410522461, -10.132620811462402, -16.121593475341797, -9.444375991821289, -11.524474143981934, -14.185530662536621, -13.583770751953125]","[50259, 50360, 50364, 286, 368, 88, 980, 293, 584, 6643, 572, 312, 445, 466, 1542, 11, 1667, 466, 665]",19,6.881,unknown
pcm_f_PECT1F56_ev_spontaneous_126,whisper-large-v3, We go do meeting every week make we dey check how dey plan ni dey go.,-inf,-inf,"[-12.943346977233887, -Infinity, -15.99943733215332, -14.190374374389648, -13.044812202453613, -15.032792091369629, -11.323240280151367, -11.890169143676758, -14.118983268737793, -9.531923294067383, -11.490409851074219, -10.509204864501953, -12.202492713928223, -21.42352294921875, -13.480016708374023, -3.0017452239990234, -6.887353420257568, -23.343904495239258, -16.06321144104004, -13.523519515991211, -17.398971557617188]","[50259, 50360, 50364, 492, 352, 360, 3440, 633, 1243, 652, 321, 368, 88, 1520, 577, 368, 88, 1393, 3867, 368, 88]",21,7.322,unknown
pcm_f_PECT1F56_ev_spontaneous_184,whisper-large-v3, The sounds when they shout they make the cool body especially when birds and crickets begin cry for nights.,-inf,-inf,"[-11.146282196044922, -Infinity, -13.18936538696289, -9.050568580627441, -9.325942993164062, -9.287873268127441, -9.186240196228027, -13.039029121398926, -11.276263236999512, -12.772161483764648, -10.500475883483887, -12.010408401489258, -10.208337783813477, -14.668304443359375, -12.04295539855957, -20.938051223754883, -10.501428604125977, -8.326788902282715, -21.17327117919922, -15.548937797546387, -16.30277442932129, -11.918779373168945]","[50259, 50360, 50364, 440, 3263, 562, 436, 8043, 436, 652, 264, 1627, 1772, 2318, 562, 9009, 293, 941, 38748, 1841, 3305, 337]",22,7.958,unknown
pcm_f_PECT1F6_ev_spontaneous_021,whisper-large-v3," I did plan my morning well, but leave afternoon for things where I no plan for or make I rest.",-inf,-inf,"[-13.390262603759766, -Infinity, -15.469802856445312, -9.55547046661377, -13.127801895141602, -11.04889965057373, -10.943211555480957, -12.84934139251709, -9.046446800231934, -9.326970100402832, -10.072646141052246, -12.819487571716309, -15.198991775512695, -12.04130744934082, -13.640852928161621, -12.188220977783203, -8.017983436584473, -7.5106072425842285, -14.135110855102539, -8.112367630004883, -10.945752143859863, -13.973533630371094, -8.219898223876953]","[50259, 50360, 50364, 286, 630, 1393, 452, 2446, 731, 11, 457, 1856, 6499, 337, 721, 689, 286, 572, 1393, 337, 420, 652, 286]",23,7.745,unknown
pcm_f_PECT1F8_ev_spontaneous_527,whisper-large-v3, To respect who senior me but still drop better advice. They help me play civil service politics service politics well.,-inf,-inf,"[-12.890521049499512, -Infinity, -11.410725593566895, -11.944047927856445, -15.683444023132324, -10.179262161254883, -15.250670433044434, -13.952463150024414, -9.32742977142334, -15.86925220489502, -17.056180953979492, -16.274944305419922, -15.934906005859375, -11.68962287902832, -13.94309139251709, -12.15011978149414, -14.520540237426758, -10.018796920776367, -7.652101516723633, -13.941086769104004, -13.72113037109375, -14.986865997314453, -14.553267478942871]","[50259, 50360, 50364, 1407, 3104, 567, 7965, 385, 457, 920, 3270, 1101, 5192, 13, 814, 854, 385, 862, 5605, 2643, 7341, 2643, 7341]",23,8.169,unknown
pcm_f_PECT1P1_ev_spontaneous_409,whisper-large-v3, Dem ad say dem go put down buildings we don weak.,-inf,-inf,"[-12.608206748962402, -Infinity, -17.281635284423828, -2.8592429161071777, -12.37472915649414, -12.123775482177734, -8.148294448852539, -12.8112211227417, -12.241787910461426, -7.0465779304504395, -15.560742378234863, -9.80331039428711, -13.7664155960083]","[50259, 50360, 50364, 4686, 614, 584, 1371, 352, 829, 760, 7446, 321, 500]",13,5.785,unknown
pcm_f_PECT2F14_ev_spontaneous_131,whisper-large-v3, People hear the kopu kore outside their house.,-inf,-inf,"[-15.021273612976074, -Infinity, -15.397733688354492, -8.830477714538574, -15.00554370880127, -11.020918846130371, -16.3829288482666, -10.766623497009277, -13.230212211608887, -21.004167556762695, -12.694416046142578, -13.275270462036133]","[50259, 50360, 50364, 3432, 1568, 264, 28920, 84, 350, 418, 2380, 641]",12,5.135,unknown
pcm_f_PECT2F15_ev_spontaneous_139,whisper-large-v3, People been dey worry about street animal. So some people volunteer to give those animal where dem go dey sleep.,-inf,-inf,"[-14.637048721313477, -Infinity, -15.308096885681152, -19.821216583251953, -13.83126449584961, -11.56613826751709, -15.762136459350586, -16.77052879333496, -14.807758331298828, -17.33138656616211, -17.473100662231445, -12.602036476135254, -15.235461235046387, -13.975774765014648, -14.105236053466797, -15.868205070495605, -11.689208984375, -13.365516662597656, -12.40647029876709, -17.56527328491211, -14.581225395202637, -21.28133201599121, -12.050108909606934, -13.647494316101074, -15.3184232711792]","[50259, 50360, 50364, 3432, 668, 368, 88, 3292, 466, 4838, 5496, 13, 407, 512, 561, 13835, 281, 976, 729, 5496, 689, 1371, 352, 368, 88]",25,8.184,unknown
pcm_f_PECT2F15_ev_spontaneous_235,whisper-large-v3," I've been explained say I no fit borrow the money, but I share advice on how to manage emergency spending.",-inf,-inf,"[-14.186747550964355, -Infinity, -16.275930404663086, -10.116573333740234, -14.701186180114746, -13.5855073928833, -15.208932876586914, -11.954063415527344, -10.221474647521973, -11.55390739440918, -19.82686424255371, -17.915983200073242, -11.379937171936035, -15.694199562072754, -10.72642707824707, -14.673778533935547, -12.564383506774902, -17.81344223022461, -18.126110076904297, -14.845643043518066, -14.503999710083008, -13.639691352844238, -16.625892639160156, -13.332449913024902]","[50259, 50360, 50364, 286, 600, 668, 8825, 584, 286, 572, 3318, 11172, 264, 1460, 11, 457, 286, 2073, 5192, 322, 577, 281, 3067, 7473]",24,7.752,unknown
pcm_f_PECT2F20_ev_spontaneous_293,whisper-large-v3," My neighbor, you don't know where you heard the news last night.",-inf,-inf,"[-11.441376686096191, -Infinity, -12.609003067016602, -10.04581356048584, -12.946844100952148, -11.439144134521484, -8.299100875854492, -10.884525299072266, -14.60134220123291, -10.001465797424316, -16.40753936767578, -16.438072204589844, -16.657760620117188, -13.687935829162598, -15.944343566894531, -13.492526054382324]","[50259, 50360, 50364, 1222, 5987, 11, 291, 500, 380, 458, 689, 291, 2198, 264, 2583, 1036]",16,6.211,unknown
pcm_f_PECT2F24_ev_spontaneous_621,whisper-large-v3," Port Minister Zizi Kodwa toxic him this sudden, say yet another life done they, done they cause short sake of violent crime.",-inf,-inf,"[-14.88369369506836, -Infinity, -14.851540565490723, -17.19772720336914, -15.096943855285645, -17.148714065551758, -19.117067337036133, -12.3201904296875, -13.069486618041992, -15.876307487487793, -16.709701538085938, -12.511015892028809, -8.024999618530273, -17.50877571105957, -6.943012714385986, -14.648490905761719, -14.589103698730469, -12.349193572998047, -14.087560653686523, -0.009594518691301346, -0.001258534612134099, -Infinity, -13.580938339233398, -9.522059440612793, -14.251914024353027, -16.11492156982422, -17.454587936401367, -13.180013656616211, -13.765810012817383]","[50259, 50360, 50364, 6733, 6506, 1176, 24300, 591, 378, 4151, 12786, 796, 341, 3990, 11, 584, 1939, 1071, 993, 1096, 436, 11, 1096, 436, 3082, 2099, 9717, 295, 11867]",29,8.837,unknown
pcm_f_PECT2F26_ev_spontaneous_445,whisper-large-v3, Introduce the pet to new people and environment and build trust with the pet.,-inf,-inf,"[-15.092303276062012, -Infinity, -13.758390426635742, -12.844598770141602, -16.208396911621094, -5.757082939147949, -15.274638175964355, -10.491889953613281, -8.02365779876709, -14.757752418518066, -8.430458068847656, -15.212811470031738, -9.380495071411133, -15.026439666748047, -16.34369659423828, -10.98952865600586, -10.632063865661621]","[50259, 50360, 50364, 27193, 384, 264, 3817, 281, 777, 561, 293, 2823, 293, 1322, 3361, 365, 264]",17,6.445,unknown
pcm_f_PECT2F32_ev_spontaneous_035,whisper-large-v3," My family, they have tradition of having dinner together every Sunday evening.",-inf,-inf,"[-15.850784301757812, -Infinity, -15.947504997253418, -16.126808166503906, -16.500699996948242, -12.440704345703125, -13.813668251037598, -9.938234329223633, -19.177383422851562, -13.001260757446289, -14.92520809173584, -16.925559997558594, -17.255693435668945, -9.854066848754883, -12.806243896484375]","[50259, 50360, 50364, 1222, 1605, 11, 436, 362, 6994, 295, 1419, 6148, 1214, 633, 7776]",15,6.022,unknown
pcm_f_PECT2F41_ev_spontaneous_437,whisper-large-v3," when we celebrate Christmas or other religious holiday, they make us connect with our spiritual side.",-inf,-inf,"[-13.39668083190918, -Infinity, -16.27665901184082, -14.352681159973145, -10.180266380310059, -15.222518920898438, -13.379244804382324, -9.855487823486328, -13.69899845123291, -15.648063659667969, -18.204336166381836, -11.628376007080078, -13.827106475830078, -13.48770809173584, -8.512931823730469, -16.307043075561523, -13.220437049865723, -13.753741264343262, -13.78200912475586]","[50259, 50360, 50364, 562, 321, 8098, 5272, 420, 661, 7185, 9960, 11, 436, 652, 505, 1745, 365, 527, 6960]",19,6.887,unknown
pcm_f_PECT2F58_ev_spontaneous_201,whisper-large-v3," When we look at the money we spend on transports over PPE and CDS,",-inf,-inf,"[-14.359118461608887, -Infinity, -17.88580894470215, -18.533151626586914, -10.198452949523926, -16.45677947998047, -12.930086135864258, -12.551316261291504, -13.381246566772461, -12.248208999633789, -14.91329574584961, -7.005978584289551, -13.820552825927734, -5.984546184539795, -13.499043464660645, -19.174833297729492, -7.224965572357178, -10.789520263671875]","[50259, 50360, 50364, 1133, 321, 574, 412, 264, 1460, 321, 3496, 322, 5495, 82, 670, 38589, 293, 6743]",18,6.667,unknown
pcm_f_PECT2F69_ev_spontaneous_252,whisper-large-v3, I know they fail to repay my electricity bills.,-inf,-inf,"[-15.267021179199219, -Infinity, -17.980873107910156, -10.48568058013916, -13.423295021057129, -2.251697063446045, -18.950754165649414, -13.800679206848145, -17.343358993530273, -13.235002517700195, -14.33199691772461]","[50259, 50360, 50364, 286, 458, 436, 3061, 281, 27522, 452, 10356]",11,5.373,unknown
pcm_f_PHTS1F1_he_spontaneous_490,whisper-large-v3, To understand person belief through truth will make communication and trust strong.,-inf,-inf,"[-13.51340389251709, -Infinity, -11.240705490112305, -12.571236610412598, -14.491240501403809, -14.85525894165039, -14.299184799194336, -12.195549964904785, -11.650774955749512, -12.156578063964844, -12.336847305297852, -15.2454195022583, -7.801539421081543, -13.225689888000488]","[50259, 50360, 50364, 1407, 1223, 954, 7107, 807, 3494, 486, 652, 6101, 293, 3361]",14,6.257,unknown
pcm_f_PHTS1F7_he_spontaneous_063,whisper-large-v3, To talk through Nongwakako Health Centre fit make people know they go for check-up like before.,-inf,-inf,"[-12.74934196472168, -Infinity, -15.333717346191406, -10.98995304107666, -15.304150581359863, -13.325769424438477, -18.789583206176758, -10.345979690551758, -11.1771240234375, -15.67590618133545, -14.46086597442627, -16.18433380126953, -18.54853630065918, -15.036559104919434, -12.254359245300293, -13.451534271240234, -14.443881034851074, -12.698060035705566, -12.850154876708984, -14.830677032470703, -13.894655227661133, -10.144379615783691, -17.423091888427734, -12.635856628417969]","[50259, 50360, 50364, 1407, 751, 807, 426, 556, 86, 514, 18501, 5912, 20764, 3318, 652, 561, 458, 436, 352, 337, 1520, 12, 1010, 411]",24,7.983,unknown
pcm_f_PHTT1F11_he_spontaneous_555,whisper-large-v3," If person sick, this times go turn big wahala to get help.",-inf,-inf,"[-12.64756965637207, -Infinity, -13.48894214630127, -11.499855041503906, -13.260520935058594, -11.262813568115234, -4.833992004394531, -10.582396507263184, -14.080659866333008, -10.381884574890137, -15.452942848205566, -10.276704788208008, -18.14271354675293, -20.87792205810547, -8.954862594604492, -13.162824630737305]","[50259, 50360, 50364, 759, 954, 4998, 11, 341, 1413, 352, 1261, 955, 31979, 5159, 281, 483]",16,6.244,unknown
pcm_f_PHTT1F12_he_spontaneous_549,whisper-large-v3, Time to time I did chop yogurt it get probiotic inside the ginger my immune system.,-inf,-inf,"[-12.436023712158203, -Infinity, -14.824637413024902, -13.13983154296875, -9.83804988861084, -11.654461860656738, -10.251177787780762, -9.835420608520508, -14.716445922851562, -13.642306327819824, -11.118576049804688, -11.003962516784668, -14.978338241577148, -16.137699127197266, -10.642069816589355, -12.331305503845215, -16.419462203979492, -9.5941801071167, -16.520240783691406]","[50259, 50360, 50364, 6161, 281, 565, 286, 630, 7931, 20997, 309, 483, 45710, 299, 1854, 264, 14966, 452, 11992]",19,7.102,unknown
pcm_f_PHTT1F14_he_spontaneous_399,whisper-large-v3," Native medicine, they follow spiritual belief. And hospital, they are just how they handle patients. Handle patients based on...",-inf,-inf,"[-12.130533218383789, -Infinity, -13.118334770202637, -10.328896522521973, -17.10516929626465, -6.908512115478516, -13.109315872192383, -15.764946937561035, -14.96295166015625, -15.655423164367676, -5.03888463973999, -12.801677703857422, -14.17644214630127, -9.199371337890625, -7.210350513458252, -10.397648811340332, -13.3262939453125, -16.675575256347656, -12.065808296203613, -5.624683856964111, -20.031986236572266, -12.87692928314209, -18.24678611755371, -19.566213607788086, -6.8091254234313965, -8.02811336517334]","[50259, 50360, 50364, 15093, 7195, 11, 436, 1524, 6960, 7107, 13, 400, 4530, 11, 436, 366, 445, 577, 436, 4813, 4209, 13, 8854, 306, 4209, 2361]",26,9.494,unknown
pcm_f_PHTT1F16_he_spontaneous_104,whisper-large-v3, A detox says some families feed one prey or do some rituals before they go through any procedure.,-inf,-inf,"[-12.778581619262695, -Infinity, -13.58974552154541, -11.486910820007324, -17.720592498779297, -11.07376766204834, -4.292792320251465, -15.823541641235352, -16.351091384887695, -9.95816421508789, -18.157089233398438, -10.712137222290039, -12.145011901855469, -10.181899070739746, -18.45941734313965, -10.835782051086426, -12.230772018432617, -14.176088333129883, -12.572751998901367, -12.670048713684082]","[50259, 50360, 50364, 316, 34904, 1619, 512, 4466, 3154, 472, 21107, 420, 360, 512, 29082, 949, 436, 352, 807, 604]",20,7.094,unknown
pcm_f_PHTT1F17_he_spontaneous_320,whisper-large-v3, Many many Yama Yama disease then fit no catch person if it just foot mind they drink medicine before the sickness plenty.,-inf,-inf,"[-13.155637741088867, -Infinity, -12.742202758789062, -16.56869125366211, -12.748030662536621, -19.187667846679688, -15.012975692749023, -10.532554626464844, -13.107028007507324, -16.970584869384766, -12.05247974395752, -13.23297119140625, -13.278918266296387, -14.434493064880371, -16.1767578125, -11.754964828491211, -8.924969673156738, -10.1072359085083, -16.363359451293945, -12.973505020141602, -10.069331169128418, -12.649024963378906, -17.674001693725586, -12.090361595153809, -10.1187105178833, -16.8868465423584]","[50259, 50360, 50364, 5126, 867, 398, 2404, 398, 2404, 4752, 550, 3318, 572, 3745, 954, 498, 309, 445, 2671, 1575, 436, 2822, 7195, 949, 264, 25611]",26,8.399,unknown
pcm_f_PHTT1F18_he_spontaneous_435,whisper-large-v3, When you tell a woman good words and they help her to give picking berries goes off for her.,-inf,-inf,"[-9.60728645324707, -Infinity, -14.115588188171387, -11.857563972473145, -12.44255256652832, -12.803698539733887, -12.718478202819824, -14.956059455871582, -9.353550910949707, -15.725711822509766, -4.261702537536621, -7.698846340179443, -9.583778381347656, -3.9217469692230225, -9.480610847473145, -8.452433586120605, -15.048881530761719, -19.81028175354004, -16.99777603149414, -13.50517463684082, -12.61229133605957]","[50259, 50360, 50364, 1133, 291, 980, 257, 3059, 665, 2283, 293, 436, 854, 720, 281, 976, 8867, 29898, 1709, 766, 337]",21,7.956,unknown
pcm_f_PHTT1F18_he_spontaneous_593,whisper-large-v3," As I focus for every step when I wake up, it helps me calm down and rest.",-inf,-inf,"[-10.958558082580566, -Infinity, -12.041702270507812, -14.949524879455566, -9.66390609741211, -3.104403018951416, -7.503264904022217, -13.172353744506836, -12.735551834106445, -12.364885330200195, -7.715300559997559, -14.959067344665527, -14.97730827331543, -10.58517837524414, -12.91259765625, -17.566390991210938, -13.935100555419922, -11.47446346282959, -11.628185272216797, -10.17143440246582]","[50259, 50360, 50364, 1018, 286, 1879, 337, 633, 1823, 562, 286, 6634, 493, 11, 309, 3665, 385, 7151, 760, 293]",20,7.311,unknown
pcm_f_PHTT1F18_he_spontaneous_598,whisper-large-v3," As I learned more about how to rest, it helped me change how I live my day.",-inf,-inf,"[-12.982429504394531, -Infinity, -15.909392356872559, -18.90826416015625, -11.626462936401367, -15.716245651245117, -16.844131469726562, -12.758208274841309, -10.339502334594727, -10.547571182250977, -8.009450912475586, -11.754263877868652, -12.73932933807373, -15.729462623596191, -13.533672332763672, -11.727461814880371, -13.189708709716797, -13.478995323181152, -15.09534740447998, -11.682666778564453]","[50259, 50360, 50364, 1018, 286, 3264, 544, 466, 577, 281, 1472, 11, 309, 4254, 385, 1319, 577, 286, 1621, 452]",20,7.309,unknown
pcm_f_PHTT1F19_he_spontaneous_219,whisper-large-v3, I no go lie to take injection bin. Injection bin dey fear until I come no say it dey cure fast.,-inf,-inf,"[-13.6904935836792, -Infinity, -14.103347778320312, -9.539859771728516, -9.808517456054688, -10.854214668273926, -14.061982154846191, -7.829217433929443, -10.832106590270996, -3.3607804775238037, -17.45695686340332, -14.252408981323242, -13.165318489074707, -15.825065612792969, -13.652666091918945, -15.022801399230957, -12.383589744567871, -13.679137229919434, -13.201167106628418, -14.054890632629395, -13.469810485839844, -13.731526374816895, -13.19251537322998, -17.125638961791992, -13.450943946838379, -15.134955406188965, -13.92629623413086, -17.53386688232422]","[50259, 50360, 50364, 286, 572, 352, 4544, 281, 747, 22873, 5171, 13, 682, 1020, 313, 5171, 368, 88, 4240, 1826, 286, 808, 572, 584, 309, 368, 88, 13698]",28,8.631,unknown
pcm_f_PHTT1F21_he_spontaneous_395,whisper-large-v3, Some people believe village medicine works sharp sharp if they make them go find other ways to take care of themselves.,-inf,-inf,"[-12.611040115356445, -Infinity, -16.10564613342285, -11.448519706726074, -9.122193336486816, -13.807716369628906, -14.542232513427734, -14.819003105163574, -12.755807876586914, -15.270941734313965, -14.815351486206055, -10.91148567199707, -10.375028610229492, -11.491692543029785, -9.888223648071289, -10.750449180603027, -11.350157737731934, -2.5510413646698, -13.535563468933105, -7.633786678314209, -14.144184112548828, -14.990443229675293, -13.303104400634766]","[50259, 50360, 50364, 2188, 561, 1697, 7288, 7195, 1985, 8199, 8199, 498, 436, 652, 552, 352, 915, 661, 2098, 281, 747, 1127, 295]",23,7.962,unknown
pcm_f_PHTT1F23_he_spontaneous_256,whisper-large-v3, Some families like to pray before they do anything.,-inf,-inf,"[-12.404664039611816, -Infinity, -13.98863697052002, -17.244382858276367, -16.34427833557129, -8.208015441894531, -6.780091762542725, -6.790314197540283, -11.484910011291504, -8.002384185791016, -11.581830024719238]","[50259, 50360, 50364, 2188, 4466, 411, 281, 3690, 949, 436, 360]",11,5.154,unknown
pcm_f_PHTT1F23_he_spontaneous_352,whisper-large-v3," If nurse no day, day for local clinic, nobody go fit give better treatment.",-inf,-inf,"[-15.136554718017578, -Infinity, -14.16086196899414, -13.84834098815918, -15.833572387695312, -8.97142219543457, -14.44023323059082, -11.226436614990234, -14.378815650939941, -12.821948051452637, -14.444254875183105, -15.314988136291504, -13.12929630279541, -20.05038833618164, -14.4865083694458, -14.064223289489746, -16.974884033203125, -15.314474105834961]","[50259, 50360, 50364, 759, 14012, 572, 786, 11, 786, 337, 2654, 14947, 11, 5079, 352, 3318, 976, 1101]",18,6.679,unknown
pcm_f_PHTT1F23_he_spontaneous_449,whisper-large-v3, Dem organize class last week where dem take teach everybody on top menstruation when no dey quick quick stop. Plenty be learn from ah.,-inf,-inf,"[-12.193912506103516, -Infinity, -17.349029541015625, -15.42292594909668, -18.42466926574707, -14.038710594177246, -19.051450729370117, -13.898904800415039, -16.138227462768555, -12.498590469360352, -14.222370147705078, -12.204512596130371, -16.560394287109375, -18.473583221435547, -15.56969928741455, -17.41924476623535, -14.020673751831055, -14.770408630371094, -11.575150489807129, -13.689245223999023, -12.260984420776367, -15.576109886169434, -19.006511688232422, -22.809324264526367, -10.399031639099121, -17.51736831665039, -22.949901580810547, -11.243881225585938, -15.644745826721191, -13.02536392211914]","[50259, 50360, 50364, 4686, 13859, 1508, 1036, 1243, 689, 1371, 747, 2924, 2201, 322, 1192, 38827, 399, 562, 572, 368, 88, 1702, 1702, 1590, 13, 2149, 4179, 312, 1466, 490]",30,9.518,unknown
pcm_f_PHTT1F23_he_spontaneous_452,whisper-large-v3," For school them know they ever teach too long this menstruation matter, but need begin am.",-inf,-inf,"[-10.874058723449707, -Infinity, -12.96738338470459, -14.737451553344727, -13.157483100891113, -14.57066822052002, -13.339397430419922, -11.58459186553955, -14.489416122436523, -10.216535568237305, -13.533284187316895, -18.33493423461914, -12.924112319946289, -18.454565048217773, -15.767095565795898, -16.02642822265625, -11.033076286315918, -11.48949146270752, -15.754958152770996, -15.331890106201172]","[50259, 50360, 50364, 1171, 1395, 552, 458, 436, 1562, 2924, 886, 938, 341, 38827, 399, 1871, 11, 457, 643, 1841]",20,7.114,unknown
pcm_f_PHTT1F24_he_spontaneous_364,whisper-large-v3," If it makes strong bacteria when medicine no fit kill for your belly, if you they shall use antibiotics too much, it bad.",-inf,-inf,"[-15.264193534851074, -Infinity, -15.562088966369629, -12.281447410583496, -13.633346557617188, -13.684195518493652, -14.029452323913574, -14.52682113647461, -12.528657913208008, -15.609953880310059, -13.877657890319824, -16.865406036376953, -17.443115234375, -11.410244941711426, -11.994302749633789, -18.678438186645508, -3.379274368286133, -11.963958740234375, -9.750850677490234, -15.263669967651367, -18.379188537597656, -17.687639236450195, -14.7373046875, -7.059999465942383, -11.365924835205078, -3.371879816055298, -15.000266075134277]","[50259, 50360, 50364, 759, 309, 1669, 2068, 11763, 562, 7195, 572, 3318, 1961, 337, 428, 11696, 11, 498, 291, 436, 4393, 764, 26922, 886, 709, 11, 309]",27,9.72,unknown
pcm_f_PHTT1F24_he_spontaneous_417,whisper-large-v3," Doctors and scientists, they play a big role when health wahala show, especially where spiritual belief they important. Them go need prayer, joy medicine.",-inf,-inf,"[-15.890705108642578, -Infinity, -16.027421951293945, -18.2490291595459, -11.505624771118164, -18.288406372070312, -10.388731956481934, -15.626509666442871, -11.377748489379883, -12.052631378173828, -11.501143455505371, -11.096136093139648, -16.62832260131836, -14.695883750915527, -19.165889739990234, -19.721132278442383, -15.829866409301758, -9.195127487182617, -15.572734832763672, -12.894471168518066, -17.12469482421875, -17.742704391479492, -9.965903282165527, -15.705873489379883, -12.782517433166504, -19.679777145385742, -13.210070610046387, -14.488887786865234, -16.206649780273438, -4.4967875480651855, -18.37708854675293]","[50259, 50360, 50364, 39090, 293, 7708, 11, 436, 862, 257, 955, 3090, 562, 1585, 31979, 5159, 855, 11, 2318, 689, 6960, 7107, 436, 1021, 13, 37354, 352, 643, 8767, 11, 6258]",31,9.706,unknown
pcm_f_PHTT1F25_he_spontaneous_193,whisper-large-v3," The truth we say, village health. Say village health center, now they get plenty doctor plus hospital thing we them need.",-inf,-inf,"[-14.373318672180176, -Infinity, -13.009819030761719, -13.646217346191406, -11.941278457641602, -4.7003912925720215, -13.930769920349121, -1.572646141052246, -7.674746990203857, -12.582645416259766, -11.51538372039795, -15.686487197875977, -14.46692943572998, -13.95897102355957, -16.9706974029541, -11.13984489440918, -15.220158576965332, -12.657479286193848, -13.639058113098145, -15.190494537353516, -11.697766304016113, -15.026010513305664, -17.018310546875, -16.814849853515625, -12.374975204467773, -14.987711906433105]","[50259, 50360, 50364, 440, 3494, 321, 584, 11, 7288, 1585, 13, 6463, 7288, 1585, 3056, 11, 586, 436, 483, 7140, 4631, 1804, 4530, 551, 321, 552]",26,8.377,unknown
pcm_f_PHTT1F26_he_spontaneous_244,whisper-large-v3," Hormone and IUD, they stay for many, many years. This one will make you avoid everyday medicine. Medicines.",-inf,-inf,"[-12.658327102661133, -Infinity, -15.527461051940918, -9.20909595489502, -14.546882629394531, -17.336536407470703, -8.3704833984375, -8.091841697692871, -17.744935989379883, -7.384873867034912, -14.506810188293457, -16.731849670410156, -11.689613342285156, -9.943353652954102, -3.90274715423584, -15.843794822692871, -15.495267868041992, -10.679252624511719, -16.207189559936523, -13.064659118652344, -17.38346290588379, -13.389817237854004, -13.594358444213867, -18.00504493713379, -18.574129104614258, -16.282699584960938, -0.03983510285615921, -4.085978984832764]","[50259, 50360, 50364, 389, 687, 546, 293, 286, 9438, 11, 436, 1754, 337, 867, 11, 867, 924, 13, 639, 472, 486, 652, 291, 5042, 7429, 7195, 13, 11555]",28,8.586,unknown
pcm_f_PHTT1F27_he_spontaneous_030,whisper-large-v3, I did stop like seeing a red light just to hear bear the yarn sometimes. It did train my mind to the present.,-inf,-inf,"[-12.826520919799805, -Infinity, -14.903271675109863, -6.698105335235596, -12.029343605041504, -15.383316993713379, -13.130823135375977, -17.1870059967041, -11.518941879272461, -15.13624382019043, -14.374992370605469, -8.621489524841309, -9.920415878295898, -10.954961776733398, -15.63365650177002, -10.52172565460205, -16.816200256347656, -12.148407936096191, -9.672626495361328, -15.222208976745605, -16.719541549682617, -19.116443634033203, -10.093262672424316, -15.775307655334473, -12.035146713256836, -10.502153396606445]","[50259, 50360, 50364, 286, 630, 1590, 411, 2577, 257, 2182, 1442, 445, 281, 1568, 6155, 264, 11400, 2171, 13, 467, 630, 3847, 452, 1575, 281, 264]",26,9.007,unknown
pcm_f_PHTT1F28_he_spontaneous_018,whisper-large-v3, understand what's in a patient's belief through to if he helped build better communication and trust,-inf,-inf,"[-12.654973983764648, -Infinity, -13.69442367553711, -16.03135871887207, -12.118868827819824, -13.62009048461914, -13.00624942779541, -11.927937507629395, -13.152788162231445, -13.146987915039062, -11.484173774719238, -15.139750480651855, -9.686506271362305, -12.630579948425293, -14.660300254821777, -18.378517150878906, -16.551197052001953, -14.902565002441406, -16.977725982666016]","[50259, 50360, 50364, 1223, 437, 311, 294, 257, 4537, 311, 7107, 807, 281, 498, 415, 4254, 1322, 1101, 6101]",19,7.066,unknown
pcm_f_PHTT1F28_he_spontaneous_044,whisper-large-v3," So they chop more fruits and vegetables. Really, they help support your body immune system more well.",-inf,-inf,"[-15.207942008972168, -Infinity, -12.730113983154297, -15.821525573730469, -13.018360137939453, -17.050874710083008, -9.114535331726074, -15.945624351501465, -9.791202545166016, -16.720739364624023, -16.650333404541016, -16.113924026489258, -9.882338523864746, -14.316232681274414, -15.272339820861816, -12.463424682617188, -15.501002311706543, -13.648801803588867, -16.64307975769043, -16.883665084838867, -12.986434936523438]","[50259, 50360, 50364, 407, 436, 7931, 544, 12148, 293, 9320, 13, 4083, 11, 436, 854, 1406, 428, 1772, 11992, 1185, 544]",21,7.308,unknown
pcm_f_PHTT1F28_he_spontaneous_421,whisper-large-v3, Patients must not see money with them go pay for pocket fittings to get quick and affordable health care.,-inf,-inf,"[-16.596433639526367, -Infinity, -14.150503158569336, -17.1496639251709, -18.382570266723633, -14.850852966308594, -11.707993507385254, -14.76894474029541, -11.01075267791748, -10.200538635253906, -8.141562461853027, -12.707182884216309, -9.69711971282959, -20.328250885009766, -15.117176055908203, -21.282958984375, -16.37443733215332, -11.7276029586792, -14.720263481140137, -15.28432846069336, -11.315787315368652, -15.941102981567383, -13.571355819702148]","[50259, 50360, 50364, 4379, 2448, 1633, 406, 536, 1460, 365, 552, 352, 1689, 337, 8963, 48876, 1109, 281, 483, 1702, 293, 12028, 1585]",23,7.747,unknown
pcm_f_PHTT1F29_he_spontaneous_029,whisper-large-v3, Yusabi say one thing they coming if person stay focus true true for only in own oxygen where he they take in and out.,-inf,-inf,"[-11.78476619720459, -Infinity, -17.95796012878418, -9.971835136413574, -13.921289443969727, -18.105770111083984, -10.616168022155762, -13.067933082580566, -14.320343971252441, -11.805667877197266, -18.33879852294922, -14.02645206451416, -14.986364364624023, -15.105552673339844, -13.962944030761719, -17.094099044799805, -16.20534324645996, -16.306068420410156, -15.104732513427734, -10.51942253112793, -14.112906455993652, -17.418886184692383, -18.000415802001953, -11.62670612335205, -16.256649017333984, -15.003046035766602, -11.23679256439209, -13.938150405883789]","[50259, 50360, 50364, 398, 301, 18884, 584, 472, 551, 436, 1348, 498, 954, 1754, 1879, 2074, 2074, 337, 787, 294, 1065, 9169, 689, 415, 436, 747, 294, 293]",28,9.513,unknown
pcm_f_PHTT1F31_he_spontaneous_164,whisper-large-v3," If you want to use Koi, there is a small touch you need to put down to hold control of how Bele wants to enter.",-inf,-inf,"[-14.557682991027832, -Infinity, -14.072281837463379, -13.69560718536377, -9.669642448425293, -11.976974487304688, -17.0999698638916, -7.898096561431885, -9.580769538879395, -17.754135131835938, -9.279608726501465, -11.899064064025879, -10.42122745513916, -7.090185165405273, -14.3975830078125, -11.072762489318848, -9.064291000366211, -13.126428604125977, -0.2381008118391037, -8.164899826049805, -9.050411224365234, -5.674497127532959, -13.108881950378418, -12.359257698059082, -13.75129222869873, -10.68899917602539, -15.523433685302734, -17.52614402770996, -16.586814880371094, -10.507786750793457]","[50259, 50360, 50364, 759, 291, 528, 281, 764, 591, 4869, 11, 456, 307, 257, 1359, 2557, 291, 643, 281, 829, 760, 281, 1797, 1969, 295, 577, 879, 306, 2738, 281]",30,9.064,unknown
pcm_f_PHTT1F32_he_spontaneous_123,whisper-large-v3, everything be drug if you do look well and well and the record shop now clean with you default,-inf,-inf,"[-10.7472505569458, -Infinity, -13.699028015136719, -11.720321655273438, -12.82569408416748, -12.788476943969727, -12.263992309570312, -9.691025733947754, -10.607379913330078, -9.619892120361328, -9.395976066589355, -6.899012088775635, -11.505838394165039, -9.842147827148438, -7.434993267059326, -16.483623504638672, -17.462730407714844, -12.693774223327637, -13.085620880126953, -9.357205390930176]","[50259, 50360, 50364, 1203, 312, 4110, 498, 291, 360, 574, 731, 293, 731, 293, 264, 2136, 3945, 586, 2541, 365]",20,8.201,unknown
pcm_f_PHTT1F32_he_spontaneous_409,whisper-large-v3," Hold on, to combine medicine where you know and waiting you believe together, they make sick person get better results.",-inf,-inf,"[-11.832036018371582, -Infinity, -14.781744003295898, -13.034011840820312, -14.625368118286133, -7.324108600616455, -9.921042442321777, -16.708580017089844, -15.557502746582031, -10.436418533325195, -8.113969802856445, -11.563226699829102, -11.152887344360352, -17.238035202026367, -9.751053810119629, -15.070304870605469, -13.214346885681152, -8.517329216003418, -12.29665756225586, -9.637954711914062, -15.288836479187012, -14.734420776367188, -13.707418441772461, -13.597905158996582]","[50259, 50360, 50364, 6962, 322, 11, 281, 10432, 7195, 689, 291, 458, 293, 3806, 291, 1697, 1214, 11, 436, 652, 4998, 954, 483, 1101]",24,8.25,unknown
pcm_f_PHTT1F35_he_spontaneous_059,whisper-large-v3, You supposed do check up every time. Make you feel no waiting they do you. And now you feel take quick well.,-inf,-inf,"[-13.091301918029785, -Infinity, -17.273517608642578, -12.417411804199219, -15.681954383850098, -13.258296966552734, -13.470391273498535, -13.502373695373535, -16.348230361938477, -14.866943359375, -11.680139541625977, -17.016080856323242, -11.050882339477539, -13.417646408081055, -13.564461708068848, -18.127084732055664, -14.052363395690918, -15.82065200805664, -9.355037689208984, -10.819743156433105, -16.64094352722168, -13.22797966003418, -10.70256233215332, -12.266927719116211, -15.021173477172852, -16.801984786987305]","[50259, 50360, 50364, 509, 3442, 360, 1520, 493, 633, 565, 13, 4387, 291, 841, 572, 3806, 436, 360, 291, 13, 400, 586, 291, 841, 747, 1702]",26,8.411,unknown
pcm_f_PHTT1F35_he_spontaneous_345,whisper-large-v3, many many things they to gain once person starts they make sure see in nature better things everyday things every day,-inf,-inf,"[-13.643083572387695, -Infinity, -17.03527069091797, -12.797770500183105, -16.515625, -17.15782928466797, -12.405070304870605, -10.99549388885498, -17.854228973388672, -16.032651901245117, -18.62812042236328, -15.577659606933594, -4.036365509033203, -10.913907051086426, -10.00965404510498, -13.883768081665039, -12.407304763793945, -15.158075332641602, -15.973633766174316, -15.926791191101074, -14.444718360900879, -10.425995826721191]","[50259, 50360, 50364, 867, 867, 721, 436, 281, 6052, 1564, 954, 3719, 436, 652, 988, 536, 294, 3687, 1101, 721, 7429, 721]",22,9.296,unknown
pcm_f_PHTT1F36_he_spontaneous_434,whisper-large-v3, Some people go on fast and pray before them take medicine.,-inf,-inf,"[-12.162178993225098, -Infinity, -13.27630615234375, -14.303641319274902, -15.083600997924805, -15.082433700561523, -14.945887565612793, -16.31684112548828, -9.976386070251465, -15.19161319732666, -14.54638385772705, -14.551515579223633, -14.603006362915039]","[50259, 50360, 50364, 2188, 561, 352, 322, 2370, 293, 3690, 949, 552, 747]",13,5.368,unknown
pcm_f_PHTT1F37_he_spontaneous_316,whisper-large-v3," You suppose, um, Savvy said chores don't get solid training to detect sickness early. Make the feet help you fast.",-inf,-inf,"[-13.886646270751953, -Infinity, -11.714927673339844, -13.027894020080566, -14.115726470947266, -10.148014068603516, -14.463688850402832, -5.9177775382995605, -14.66973876953125, -20.334016799926758, -18.875267028808594, -21.41063690185547, -16.163013458251953, -15.798422813415527, -15.551165580749512, -16.515071868896484, -19.286067962646484, -11.637391090393066, -20.358890533447266, -17.319318771362305, -16.02288818359375, -10.798301696777344, -15.3668794631958, -15.62505054473877, -16.982032775878906, -16.136350631713867, -15.031356811523438]","[50259, 50360, 50364, 509, 7297, 11, 1105, 11, 12346, 11869, 848, 39551, 500, 380, 483, 5100, 3097, 281, 5531, 25611, 2440, 13, 4387, 264, 3521, 854, 291]",27,8.424,unknown
pcm_f_PHTT1F38_he_spontaneous_071,whisper-large-v3, ah make you try new method on how your picking will suck your breast go um make them make them chop well,-inf,-inf,"[-14.535017967224121, -Infinity, -21.361265182495117, -17.05870246887207, -12.542547225952148, -12.111738204956055, -16.841581344604492, -15.81329345703125, -18.62605094909668, -11.934203147888184, -9.453938484191895, -10.93767261505127, -20.657217025756836, -13.000518798828125, -15.201273918151855, -12.013513565063477, -14.825350761413574, -12.88603687286377, -10.673077583312988, -11.012089729309082, -14.757542610168457, -14.022135734558105, -12.820514678955078]","[50259, 50360, 50364, 3716, 652, 291, 853, 777, 3170, 322, 577, 428, 8867, 486, 9967, 428, 9934, 352, 1105, 652, 552, 652, 552]",23,7.748,unknown
pcm_f_PHTT1F38_he_spontaneous_222,whisper-large-v3, My cousin begin learn about Gloria after she go community health talk.,-inf,-inf,"[-15.216218948364258, -Infinity, -15.15543270111084, -15.823705673217773, -18.009685516357422, -13.18293571472168, -16.62480354309082, -14.006040573120117, -17.512365341186523, -13.516538619995117, -10.531301498413086, -10.302170753479004, -11.655458450317383, -14.69043254852295]","[50259, 50360, 50364, 1222, 16207, 1841, 1466, 466, 34288, 934, 750, 352, 1768, 1585]",14,6.013,unknown
pcm_f_PHTT1F39_he_spontaneous_360,whisper-large-v3," Oats they have steady milk, not true-true based on body.",-inf,-inf,"[-11.245674133300781, -Infinity, -13.037936210632324, -13.884029388427734, -16.955846786499023, -15.455595970153809, -11.845001220703125, -13.996074676513672, -11.075030326843262, -1.4457440376281738, -16.257192611694336, -16.312633514404297, -5.463441371917725, -18.114337921142578, -17.360122680664062, -12.747608184814453, -13.960972785949707]","[50259, 50360, 50364, 422, 1720, 436, 362, 13211, 5392, 11, 406, 2074, 12, 6903, 622, 2361, 322]",17,6.438,unknown
pcm_f_PHTT1F40_he_spontaneous_094,whisper-large-v3," You know, say for outreach, then they do plenty, plenty free checkup and tests.",-inf,-inf,"[-11.836098670959473, -Infinity, -11.398183822631836, -12.764363288879395, -16.31817626953125, -11.89966869354248, -14.921910285949707, -11.037893295288086, -23.331466674804688, -10.93798542022705, -14.284225463867188, -13.563494682312012, -14.282691955566406, -18.1633358001709, -7.257214546203613, -18.958362579345703, -14.175161361694336, -11.787281036376953, -17.871549606323242, -11.653100967407227]","[50259, 50360, 50364, 509, 458, 11, 584, 337, 19638, 11, 550, 436, 360, 7140, 11, 7140, 1737, 1520, 1010, 293]",20,7.312,unknown
pcm_f_PHTT1F40_he_spontaneous_418,whisper-large-v3," If doctor, if doctor service person believe well, he gonna help them treat better. And sometimes hospital go change how they work.",-inf,-inf,"[-14.929924964904785, -Infinity, -12.194146156311035, -5.320250988006592, -0.10878203064203262, -3.462749481201172, -13.194452285766602, -15.804616928100586, -17.861799240112305, -17.021244049072266, -15.85491943359375, -13.910331726074219, -13.342560768127441, -17.06276512145996, -16.574424743652344, -17.593917846679688, -15.4649658203125, -18.320642471313477, -18.739334106445312, -8.62047004699707, -15.47768497467041, -16.424209594726562, -9.446616172790527, -14.103249549865723, -14.471972465515137, -18.858247756958008, -17.625028610229492]","[50259, 50360, 50364, 759, 4631, 11, 498, 4631, 2643, 954, 1697, 731, 11, 415, 799, 854, 552, 2387, 1101, 13, 400, 2171, 4530, 352, 1319, 577, 436]",27,8.632,unknown
pcm_f_PHTT1F40_he_spontaneous_546,whisper-large-v3, Doctors are not supposed to be asked respectful questions about waiting concerning people's spiritual needs.,-inf,-inf,"[-14.016517639160156, -Infinity, -15.741201400756836, -12.696887016296387, -10.384781837463379, -10.860288619995117, -11.026930809020996, -4.421820163726807, -14.180692672729492, -12.24709415435791, -13.450078964233398, -10.30060863494873, -9.582818984985352, -17.269739151000977, -16.57181739807129, -13.32795238494873, -11.844867706298828, -14.153769493103027]","[50259, 50360, 50364, 39090, 366, 406, 3442, 281, 312, 2351, 26205, 1651, 466, 3806, 18087, 561, 311, 6960]",18,6.663,unknown
pcm_f_PHTT1F41_he_spontaneous_164,whisper-large-v3," Correct head care, they respect both person freedom and spiritual belief inside spiritual tradition. And this one, they lead to different kind of treatment plan.",-inf,-inf,"[-13.885672569274902, -Infinity, -15.566829681396484, -13.433959007263184, -14.984664916992188, -11.725944519042969, -8.003521919250488, -13.27905559539795, -17.01873779296875, -15.321022987365723, -14.098115921020508, -12.882810592651367, -7.771443843841553, -0.002841128269210458, -15.939126014709473, -14.881312370300293, -16.336793899536133, -18.51211166381836, -12.317987442016602, -16.205385208129883, -10.63044548034668, -16.188461303710938, -11.000495910644531, -16.721437454223633, -19.024276733398438, -14.500243186950684, -13.500612258911133, -14.018455505371094, -10.309898376464844, -13.568233489990234]","[50259, 50360, 50364, 12753, 1378, 1127, 11, 436, 3104, 1293, 954, 5645, 293, 6960, 7107, 1854, 6960, 6994, 13, 400, 341, 472, 11, 436, 1477, 281, 819, 733, 295, 5032]",30,9.06,unknown
pcm_f_PHTT1F41_he_spontaneous_313,whisper-large-v3," To listen to a patient without judging them, they help build a better understanding for hospital.",-inf,-inf,"[-13.30356216430664, -Infinity, -19.849668502807617, -15.227303504943848, -15.246914863586426, -8.336380004882812, -10.192163467407227, -15.811904907226562, -10.546390533447266, -15.452256202697754, -11.58035659790039, -4.276739120483398, -12.763108253479004, -14.470659255981445, -16.09510612487793, -12.234502792358398, -11.775582313537598, -12.043010711669922, -10.431829452514648]","[50259, 50360, 50364, 1407, 2140, 281, 257, 4537, 1553, 23587, 552, 11, 436, 854, 1322, 257, 1101, 3701, 337]",19,6.871,unknown
pcm_f_PHTT1F43_he_spontaneous_159,whisper-large-v3," You see, when staff explain treatments with simple talk and respect, it really helps.",-inf,-inf,"[-11.340928077697754, -Infinity, -12.093893051147461, -14.623465538024902, -14.788501739501953, -9.538597106933594, -11.650043487548828, -17.272815704345703, -15.387552261352539, -17.2085018157959, -9.696438789367676, -13.136223793029785, -16.586318969726562, -10.446508407592773, -16.59093475341797, -10.514517784118652, -9.77535629272461, -14.666945457458496]","[50259, 50360, 50364, 509, 536, 11, 562, 3525, 2903, 15795, 365, 2199, 751, 293, 3104, 11, 309, 534]",18,6.436,unknown
pcm_f_PHTT1F43_he_spontaneous_298,whisper-large-v3," Our clinic them, they always give free information on top family planning method them and it they help well well.",-inf,-inf,"[-16.289165496826172, -Infinity, -14.120244979858398, -17.907142639160156, -20.063352584838867, -17.687767028808594, -13.750597953796387, -17.742307662963867, -15.751108169555664, -17.05013084411621, -16.467140197753906, -13.536972045898438, -13.78477668762207, -17.972896575927734, -17.6968994140625, -18.738649368286133, -17.280244827270508, -8.54922103881836, -14.626439094543457, -15.705452919006348, -12.809588432312012, -17.54581642150879, -19.193696975708008]","[50259, 50360, 50364, 2621, 14947, 552, 11, 436, 1009, 976, 1737, 1589, 322, 1192, 1605, 5038, 3170, 552, 293, 309, 436, 854, 731]",23,8.603,unknown
pcm_f_PHTT1F44_he_spontaneous_324,whisper-large-v3," Actually, it helps when staff they use simple and respectful words to yarn about treatment.",-inf,-inf,"[-11.448551177978516, -Infinity, -12.455883979797363, -14.854101181030273, -6.5143914222717285, -11.914621353149414, -9.932124137878418, -11.020651817321777, -16.6947021484375, -13.514291763305664, -12.105110168457031, -14.627579689025879, -7.514333724975586, -13.67684555053711, -13.81961441040039, -9.422490119934082, -18.916593551635742, -13.12434196472168]","[50259, 50360, 50364, 5135, 11, 309, 3665, 562, 3525, 436, 764, 2199, 293, 26205, 2283, 281, 11400, 466]",18,6.628,unknown
pcm_f_PHTT1F49_he_spontaneous_294,whisper-large-v3," To listen to patients without judging them, they help build better understanding for the",-inf,-inf,"[-13.005730628967285, -Infinity, -19.990495681762695, -15.713948249816895, -16.75518226623535, -12.158398628234863, -14.910931587219238, -11.651238441467285, -18.57167625427246, -14.308828353881836, -5.1638312339782715, -10.486228942871094, -16.076393127441406, -16.2148380279541, -8.605643272399902, -11.779452323913574]","[50259, 50360, 50364, 1407, 2140, 281, 4209, 1553, 23587, 552, 11, 436, 854, 1322, 1101, 3701]",16,6.635,unknown
pcm_f_PHTT1F49_he_spontaneous_375,whisper-large-v3," A good. When staff F person know how treatment matter, they be no be parameter.",-inf,-inf,"[-12.455170631408691, -Infinity, -11.079360008239746, -5.890169620513916, -12.937167167663574, -6.6934733390808105, -12.280096054077148, -16.09207534790039, -12.54296875, -14.732260704040527, -10.47818374633789, -10.433895111083984, -15.312990188598633, -14.190940856933594, -1.9338808059692383, -11.153485298156738, -8.574678421020508, -11.33598804473877, -13.979077339172363]","[50259, 50360, 50364, 316, 665, 13, 1133, 3525, 479, 954, 458, 577, 5032, 1871, 11, 436, 312, 572, 312]",19,7.079,unknown
pcm_f_PHTT1F52_he_spontaneous_077,whisper-large-v3," For some areas, people they use old healing ways and if they go, they go with spiritual backup and medicine.",-inf,-inf,"[-14.081185340881348, -Infinity, -13.836403846740723, -12.841134071350098, -6.300196170806885, -14.805364608764648, -9.69735336303711, -10.701662063598633, -10.54421329498291, -11.864361763000488, -14.497962951660156, -11.375967979431152, -16.45781135559082, -10.99199104309082, -11.27975082397461, -0.008006620220839977, -0.015056299045681953, -Infinity, -14.331185340881348, -12.376923561096191, -9.098803520202637, -14.312520027160645, -17.79044532775879, -11.243940353393555]","[50259, 50360, 50364, 1171, 512, 3179, 11, 561, 436, 764, 1331, 9745, 2098, 293, 498, 436, 352, 11, 436, 352, 365, 6960, 14807, 293]",24,7.757,unknown
pcm_f_PHTT1F54_he_spontaneous_317,whisper-large-v3," better care for a woman before she come picking. They may go to the mama and the picking body, they can pay well, well.",-inf,-inf,"[-11.295303344726562, -Infinity, -20.35724639892578, -15.765295028686523, -14.003297805786133, -11.756401062011719, -11.814830780029297, -12.831881523132324, -8.663212776184082, -6.550666809082031, -15.571086883544922, -20.063161849975586, -9.758352279663086, -15.287586212158203, -15.583209991455078, -13.671616554260254, -10.899459838867188, -0.08087440580129623, -18.709064483642578, -11.779597282409668, -10.245176315307617, -19.317306518554688, -18.464269638061523, -10.732063293457031, -10.347471237182617, -12.817659378051758, -10.954025268554688, -17.64585304260254, -22.89065933227539]","[50259, 50360, 50364, 1101, 1127, 337, 257, 3059, 949, 750, 808, 8867, 13, 814, 815, 352, 281, 264, 18775, 293, 264, 8867, 1772, 11, 436, 393, 1689, 731, 11]",29,9.508,unknown
pcm_f_PHTT1F55_he_spontaneous_340,whisper-large-v3, Our local outreach program really helped me understand STI testing well.,-inf,-inf,"[-10.199227333068848, -Infinity, -19.59137535095215, -16.096797943115234, -18.600242614746094, -17.523807525634766, -15.533551216125488, -9.724163055419922, -15.205863952636719, -16.773218154907227, -14.661938667297363, -13.698689460754395, -11.607108116149902, -12.758365631103516]","[50259, 50360, 50364, 2621, 2654, 19638, 1461, 534, 4254, 385, 1223, 4904, 40, 4997]",14,6.032,unknown
pcm_f_PHTT1F56_he_spontaneous_600,whisper-large-v3," I tell you true, if we respect ourselves, ego help us for our faith and medicine will work together well, well.",-inf,-inf,"[-15.842215538024902, -Infinity, -18.046680450439453, -8.20605754852295, -13.390460968017578, -10.507588386535645, -15.93874740600586, -10.001869201660156, -13.852160453796387, -8.292113304138184, -16.57746124267578, -15.823782920837402, -11.063478469848633, -16.89946746826172, -14.126500129699707, -12.69579029083252, -13.558089256286621, -9.776050567626953, -15.789294242858887, -15.067727088928223, -19.111454010009766, -9.270495414733887, -11.384305000305176, -16.250825881958008, -10.961499214172363, -13.165939331054688]","[50259, 50360, 50364, 286, 980, 291, 2074, 11, 498, 321, 3104, 4175, 11, 14495, 854, 505, 337, 527, 4522, 293, 7195, 486, 589, 1214, 731, 11]",26,8.67,unknown
pcm_f_PHTT1F57_he_spontaneous_410,whisper-large-v3, Health center don't give free paper. We talk about ovarian cancer. That one good though.,-inf,-inf,"[-13.15512752532959, -Infinity, -14.106354713439941, -13.760856628417969, -13.916492462158203, -11.700444221496582, -14.643696784973145, -9.44637680053711, -11.453621864318848, -15.081780433654785, -12.533055305480957, -15.269434928894043, -20.375764846801758, -18.813364028930664, -13.409024238586426, -18.146345138549805, -17.43811798095703, -18.171945571899414, -8.872838973999023, -14.67199993133545, -13.592166900634766, -16.38397216796875]","[50259, 50360, 50364, 5912, 3056, 500, 380, 976, 1737, 3035, 13, 492, 751, 466, 277, 8517, 952, 5592, 13, 663, 472, 665]",22,7.568,unknown
pcm_f_PHTT1F63_he_spontaneous_255,whisper-large-v3, KnowBeEverything with Vincent talks online about health with Dr. Goa Greenwich.,-inf,-inf,"[-11.833662033081055, -Infinity, -10.980769157409668, -13.439587593078613, -19.11507225036621, -17.65797996520996, -11.018204689025879, -20.179264068603516, -14.759021759033203, -13.667780876159668, -11.92487907409668, -15.341352462768555, -8.226977348327637, -12.059016227722168, -5.873263835906982, -14.250847816467285, -12.00517749786377, -14.198832511901855]","[50259, 50360, 50364, 10265, 6524, 44099, 365, 28003, 6686, 2950, 466, 1585, 365, 2491, 13, 1037, 64, 6969]",18,6.876,unknown
pcm_f_PHTT1F64_he_spontaneous_138,whisper-large-v3," To hear patients make you not judge them, they help them. They help hospital understand them better, not be lie.",-inf,-inf,"[-13.755861282348633, -Infinity, -15.240753173828125, -11.459561347961426, -13.731505393981934, -16.65768814086914, -10.463231086730957, -9.880838394165039, -9.024291038513184, -16.53339958190918, -10.482159614562988, -8.557196617126465, -2.9653353691101074, -8.893095016479492, -13.385787963867188, -10.325698852539062, -14.385387420654297, -13.350881576538086, -15.655767440795898, -14.674705505371094, -14.08620548248291, -11.154001235961914, -11.858713150024414, -11.437314987182617, -12.76361083984375]","[50259, 50360, 50364, 1407, 1568, 4209, 652, 291, 406, 6995, 552, 11, 436, 854, 552, 13, 814, 854, 4530, 1223, 552, 1101, 11, 406, 312]",25,7.941,unknown
pcm_f_PHTT1F65_he_spontaneous_143,whisper-large-v3, Gonoria is a topic we suppose to talk about with open mind and honesty.,-inf,-inf,"[-11.37371826171875, -Infinity, -13.156867980957031, -17.647260665893555, -17.150146484375, -9.914236068725586, -10.4878511428833, -14.42552375793457, -9.903328895568848, -19.608501434326172, -9.484429359436035, -14.62734317779541, -12.304315567016602, -9.825379371643066, -14.001901626586914, -15.746374130249023, -10.573140144348145]","[50259, 50360, 50364, 47403, 8172, 307, 257, 4829, 321, 7297, 281, 751, 466, 365, 1269, 1575, 293]",17,6.623,unknown
pcm_f_PHTT1F67_he_spontaneous_522,whisper-large-v3, Doctors and nurses supposedly ask questions about person's beliefs with full respect.,-inf,-inf,"[-16.15008544921875, -Infinity, -17.54727554321289, -16.756580352783203, -10.579707145690918, -18.1722354888916, -17.029346466064453, -13.197513580322266, -13.714241981506348, -14.607890129089355, -15.548114776611328, -14.821100234985352, -17.091163635253906, -10.127374649047852, -15.393828392028809]","[50259, 50360, 50364, 39090, 293, 17446, 20581, 1029, 1651, 466, 954, 311, 13585, 365, 1577]",15,6.183,unknown
pcm_f_PHTT1F7_he_spontaneous_036,whisper-large-v3, families go and pray fast pray fast or do sacrifice before them and operate their person,-inf,-inf,"[-11.745992660522461, -Infinity, -15.246272087097168, -18.49230194091797, -13.166915893554688, -5.913095951080322, -13.33220386505127, -10.911423683166504, -10.632052421569824, -12.823723793029785, -9.753381729125977, -10.695820808410645, -12.83695125579834, -10.766861915588379, -9.701120376586914, -10.684063911437988, -17.60821533203125]","[50259, 50360, 50364, 4466, 352, 293, 3690, 2370, 3690, 2370, 420, 360, 11521, 949, 552, 293, 9651]",17,7.068,unknown
pcm_f_PHTT1F7_he_spontaneous_159,whisper-large-v3, Can doctors and scientists be get say for health matter for some community that won't save the delay normal treatment?,-inf,-inf,"[-12.480795860290527, -Infinity, -18.901840209960938, -15.118185997009277, -16.418968200683594, -8.297354698181152, -11.955421447753906, -11.093523979187012, -12.885184288024902, -13.328988075256348, -0.035491880029439926, -13.163418769836426, -15.91492748260498, -8.913479804992676, -12.261916160583496, -17.248220443725586, -9.752120971679688, -13.4276762008667, -14.647065162658691, -16.97011375427246, -10.127185821533203, -16.126680374145508, -16.839052200317383]","[50259, 50360, 50364, 1664, 8778, 293, 7708, 312, 483, 584, 337, 1585, 1871, 337, 512, 1768, 300, 1582, 380, 3155, 264, 8577, 2710]",23,7.72,unknown
pcm_f_PHTT1F7_he_spontaneous_321,whisper-large-v3," To listen to soft music after work, they really help calm my stress. They cool my head like night breeze.",-inf,-inf,"[-12.018221855163574, -Infinity, -17.3747501373291, -13.557950973510742, -10.97606372833252, -10.043411254882812, -16.951345443725586, -14.081027030944824, -13.762608528137207, -13.712201118469238, -11.131546020507812, -13.657353401184082, -15.503571510314941, -17.01016616821289, -16.07533073425293, -14.446826934814453, -17.763046264648438, -12.127350807189941, -15.830562591552734, -14.926748275756836, -9.093194007873535, -15.01910400390625, -11.630260467529297, -12.83968448638916]","[50259, 50360, 50364, 1407, 2140, 281, 2787, 1318, 934, 589, 11, 436, 534, 854, 7151, 452, 4244, 13, 814, 1627, 452, 1378, 411, 1818]",24,7.951,unknown
pcm_f_PHTT1F8_he_spontaneous_083,whisper-large-v3," Chuchu, people know they talk about delivery preparation for picking an important matter.",-inf,-inf,"[-13.13613510131836, -Infinity, -17.741539001464844, -11.891336441040039, -17.819700241088867, -14.057930946350098, -6.071315765380859, -14.061753273010254, -15.871481895446777, -10.81197738647461, -16.392086029052734, -12.602879524230957, -8.736067771911621, -15.697198867797852, -10.320676803588867, -14.9613618850708, -12.115185737609863, -15.164365768432617]","[50259, 50360, 50364, 761, 625, 84, 11, 561, 458, 436, 751, 466, 8982, 13081, 337, 8867, 364, 1021]",18,6.879,unknown
pcm_f_PHTT1F8_he_spontaneous_450,whisper-large-v3, Understanding a patient's believer truly should help improve how we talk and trust each other well.,-inf,-inf,"[-15.723255157470703, -Infinity, -17.86052131652832, -20.93009376525879, -11.357405662536621, -18.267770767211914, -10.368865013122559, -23.394315719604492, -16.88483428955078, -16.938722610473633, -17.312721252441406, -14.469369888305664, -12.692452430725098, -11.157659530639648, -17.75116539001465, -13.375441551208496, -15.10836124420166, -14.235894203186035, -17.13469123840332]","[50259, 50360, 50364, 36858, 257, 4537, 311, 23892, 4908, 820, 854, 3470, 577, 321, 751, 293, 3361, 1184, 661]",19,6.883,unknown
pcm_f_PHTT1F9_he_spontaneous_031,whisper-large-v3," Health Wahala, they make press career and worker like movie, but we need spirit backup plus medicine.",-inf,-inf,"[-11.383315086364746, -Infinity, -15.23534870147705, -11.21209716796875, -14.887016296386719, -18.524742126464844, -7.227967262268066, -11.154921531677246, -11.749101638793945, -15.003564834594727, -14.386141777038574, -12.485496520996094, -17.50956153869629, -13.877896308898926, -16.171619415283203, -10.939379692077637, -10.446419715881348, -13.676748275756836, -14.699651718139648, -18.170780181884766, -18.364917755126953, -15.471817016601562]","[50259, 50360, 50364, 5912, 24598, 5159, 11, 436, 652, 1886, 3988, 293, 11346, 411, 3169, 11, 457, 321, 643, 3797, 14807, 1804]",22,7.557,unknown
pcm_f_PHTT2F10_he_spontaneous_125,whisper-large-v3, Some think they're peaceful if you focus only on how they breathe.,-inf,-inf,"[-12.254592895507812, -Infinity, -15.267646789550781, -16.090299606323242, -16.05034637451172, -10.704131126403809, -14.430968284606934, -17.400657653808594, -11.784409523010254, -9.141352653503418, -16.28203773498535, -11.589097023010254, -14.335165977478027, -11.347933769226074, -12.109195709228516]","[50259, 50360, 50364, 2188, 519, 436, 434, 13962, 498, 291, 1879, 787, 322, 577, 436]",15,6.027,unknown
pcm_f_PHTT2F12_he_spontaneous_302,whisper-large-v3," My cousin attend one community health talk. Since then, she study do STI test.",-inf,-inf,"[-14.701257705688477, -Infinity, -15.36821174621582, -13.621942520141602, -18.593242645263672, -16.881452560424805, -12.847251892089844, -14.028186798095703, -18.03834342956543, -17.44068717956543, -6.642489433288574, -13.658775329589844, -11.362062454223633, -2.874178171157837, -13.091976165771484, -15.926823616027832, -12.162935256958008, -11.320455551147461, -16.071760177612305]","[50259, 50360, 50364, 1222, 16207, 6888, 472, 1768, 1585, 751, 13, 4162, 550, 11, 750, 2979, 360, 4904, 40]",19,7.99,unknown
pcm_f_PHTT2F14_he_spontaneous_177,whisper-large-v3," True, true, when you carry your picking well, go help well. Go help make you fit the breastfeed always, especially when you not go hospital like me.",-inf,-inf,"[-12.713691711425781, -Infinity, -18.009668350219727, -13.880515098571777, -12.996511459350586, -14.505173683166504, -10.419971466064453, -11.554549217224121, -10.94151496887207, -16.1883602142334, -13.209118843078613, -18.529699325561523, -15.188637733459473, -7.089676380157471, -6.38930082321167, -14.050298690795898, -17.437671661376953, -10.126017570495605, -18.98832893371582, -16.363624572753906, -15.540853500366211, -16.123205184936523, -4.2640790939331055, -14.751702308654785, -20.8244686126709, -25.531692504882812, -18.594011306762695, -8.571371078491211, -15.807368278503418, -17.438533782958984, -15.079178810119629, -14.23307991027832, -8.701966285705566, -16.568105697631836, -14.257009506225586]","[50259, 50360, 50364, 13587, 11, 2074, 11, 562, 291, 3985, 428, 8867, 731, 11, 352, 854, 731, 13, 1037, 854, 652, 291, 3318, 264, 9934, 37036, 1009, 11, 2318, 562, 291, 406, 352, 4530, 411]",35,10.628,unknown
pcm_f_PHTT2F14_he_spontaneous_382,whisper-large-v3, parents they advised make them ginger people to find way to see professional for their mental wahala make everywhere good for their mind mind,-inf,-inf,"[-13.088558197021484, -Infinity, -16.94091033935547, -14.083426475524902, -10.007678985595703, -17.299102783203125, -16.532316207885742, -14.451412200927734, -17.875967025756836, -13.902076721191406, -0.004702935926616192, -13.690884590148926, -14.87966537475586, -10.69051742553711, -16.31448745727539, -17.27651596069336, -10.099842071533203, -15.014664649963379, -13.593045234680176, -22.6251220703125, -21.191835403442383, -15.000248908996582, -19.34517478942871, -14.095005989074707, -12.194717407226562, -11.502172470092773]","[50259, 50360, 50364, 3152, 436, 26269, 652, 552, 14966, 561, 281, 915, 636, 281, 536, 4843, 337, 641, 4973, 31979, 5159, 652, 5315, 665, 337, 641]",26,8.401,unknown
pcm_f_PHTT2F15_he_spontaneous_340,whisper-large-v3," If you choose IUD, you fit commotum anytime. Um, but as Ide inside, Ide blocked by left for long. True, true. Um.",-inf,-inf,"[-14.271418571472168, -Infinity, -16.264572143554688, -10.79421329498291, -9.915022850036621, -13.721853256225586, -8.958569526672363, -14.759390830993652, -6.678953647613525, -15.644441604614258, -18.223276138305664, -15.897192001342773, -15.295650482177734, -9.833484649658203, -17.832609176635742, -14.038297653198242, -14.51203441619873, -7.662636756896973, -12.557265281677246, -10.253036499023438, -5.208125591278076, -12.821450233459473, -18.21950340270996, -7.869396209716797, -8.832365036010742, -12.434343338012695, -15.853836059570312, -17.818574905395508, -16.840208053588867, -15.604039192199707, -16.47064781188965, -17.720434188842773, -17.233806610107422, -13.433465957641602, -16.22300910949707, -11.36458683013916]","[50259, 50360, 50364, 759, 291, 2826, 286, 9438, 11, 291, 3318, 800, 310, 449, 13038, 13, 3301, 11, 457, 382, 286, 1479, 1854, 11, 286, 1479, 15470, 538, 1411, 337, 938, 13, 13587, 11, 2074, 13]",36,10.988,unknown
pcm_f_PHTT2F15_he_spontaneous_574,whisper-large-v3," Ah, sometimes I would just lie down and focus on my breathing. Now so I did take relax and clear my head.",-inf,-inf,"[-11.86716365814209, -Infinity, -16.50906753540039, -11.690342903137207, -11.380104064941406, -12.878504753112793, -11.480932235717773, -14.220888137817383, -7.828866481781006, -11.428304672241211, -13.074308395385742, -12.421741485595703, -15.926445007324219, -12.089394569396973, -12.304574012756348, -16.410335540771484, -9.16964340209961, -16.473838806152344, -8.512372970581055, -9.109435081481934, -15.139537811279297, -11.55243968963623, -17.315338134765625, -13.259990692138672, -16.396169662475586, -13.715933799743652]","[50259, 50360, 50364, 2438, 11, 2171, 286, 576, 445, 4544, 760, 293, 1879, 322, 452, 9570, 13, 823, 370, 286, 630, 747, 5789, 293, 1850, 452]",26,8.573,unknown
pcm_f_PHTT2F16_he_spontaneous_264,whisper-large-v3," The game with the worker, if you feed John-Am for your daily life is too much, no be joke.",-inf,-inf,"[-11.03056526184082, -Infinity, -12.349896430969238, -4.112236499786377, -10.755127906799316, -11.496383666992188, -9.449211120605469, -18.363155364990234, -10.884018898010254, -11.68433952331543, -9.414227485656738, -13.160880088806152, -14.735342025756836, -10.19002628326416, -19.112340927124023, -13.813774108886719, -14.407294273376465, -18.67221450805664, -16.78172492980957, -10.621167182922363, -12.090152740478516, -12.233537673950195, -12.049924850463867, -14.405531883239746, -14.229270935058594]","[50259, 50360, 50364, 440, 1216, 365, 264, 11346, 11, 498, 291, 3154, 2619, 12, 16833, 337, 428, 5212, 993, 307, 886, 709, 11, 572, 312]",25,8.151,unknown
pcm_f_PHTT2F16_he_spontaneous_485,whisper-large-v3," You supposed rest, supposed rest. Well, they drink enough water. Make your feet manage the symptoms. Get better quick.",-inf,-inf,"[-12.95862865447998, -Infinity, -16.099925994873047, -10.175975799560547, -0.01737304963171482, -0.0005590544897131622, -Infinity, -17.388141632080078, -18.97760009765625, -15.115411758422852, -19.931089401245117, -12.75032901763916, -16.34395980834961, -16.593942642211914, -17.28570556640625, -16.06664276123047, -13.29265308380127, -21.579341888427734, -3.1732161045074463, -16.8126220703125, -20.89371109008789, -19.026351928710938, -17.24539566040039, -8.939628601074219, -20.627378463745117, -16.224082946777344]","[50259, 50360, 50364, 509, 3442, 1472, 11, 3442, 1472, 13, 1042, 11, 436, 2822, 1547, 1281, 13, 4387, 428, 3521, 3067, 264, 8332, 13, 3240, 1101]",26,8.387,unknown
pcm_f_PHTT2F17_he_spontaneous_557,whisper-large-v3, You know now I sent health outreach for Shamai town and they give me free malaria test.,-inf,-inf,"[-12.607948303222656, -Infinity, -16.543498992919922, -13.046613693237305, -11.402082443237305, -10.824052810668945, -14.136157989501953, -12.18072509765625, -13.539560317993164, -14.724310874938965, -12.758942604064941, -16.231552124023438, -16.258386611938477, -16.57197380065918, -11.805992126464844, -12.534086227416992, -16.807392120361328, -15.246292114257812, -12.3644437789917, -16.56634521484375]","[50259, 50360, 50364, 509, 458, 586, 286, 2279, 1585, 19638, 337, 42912, 1301, 3954, 293, 436, 976, 385, 1737, 45182]",20,7.08,unknown
pcm_f_PHTT2F23_he_spontaneous_103,whisper-large-v3," You see, my Dr. Yancey, meditation is one big way to stay well for long.",-inf,-inf,"[-13.184392929077148, -Infinity, -13.500720024108887, -14.992607116699219, -11.62853717803955, -9.297451972961426, -12.021085739135742, -14.239526748657227, -10.340100288391113, -14.486181259155273, -18.585432052612305, -14.905756950378418, -13.304286003112793, -20.557981491088867, -14.782848358154297, -13.564303398132324, -12.171834945678711, -14.219759941101074, -11.594157218933105, -15.559285163879395, -7.05000114440918, -14.763350486755371]","[50259, 50360, 50364, 509, 536, 11, 452, 2491, 13, 398, 719, 88, 11, 12537, 307, 472, 955, 636, 281, 1754, 731, 337]",22,8.189,unknown
pcm_f_PHTT2F23_he_spontaneous_193,whisper-large-v3, Ayu dizna wahala wewi for de yan about Smokle and Chuchu.,-inf,-inf,"[-12.407913208007812, -Infinity, -11.176908493041992, -12.238520622253418, -8.272138595581055, -16.447763442993164, -15.487489700317383, -14.031054496765137, -16.616592407226562, -9.569866180419922, -12.678234100341797, -10.25242805480957, -12.961874008178711, -16.077165603637695, -13.366329193115234, -15.137714385986328, -13.323555946350098, -12.915647506713867, -16.39547348022461, -12.471452713012695, -17.298625946044922]","[50259, 50360, 50364, 9081, 84, 12098, 629, 31979, 5159, 321, 6253, 337, 368, 17700, 466, 3915, 453, 306, 293, 761, 625]",21,7.544,unknown
pcm_f_PHTT2F27_he_spontaneous_044,whisper-large-v3," No lie, if I just feel waiting day my mind without judging arm, it will help clear my head small.",-inf,-inf,"[-14.021249771118164, -Infinity, -16.573486328125, -12.661009788513184, -15.918063163757324, -9.960809707641602, -10.430521011352539, -7.050153732299805, -12.201781272888184, -15.574101448059082, -17.93907356262207, -13.487954139709473, -10.874024391174316, -11.50936508178711, -11.055419921875, -17.734363555908203, -15.068831443786621, -10.572720527648926, -10.753036499023438, -13.691153526306152, -11.161088943481445, -13.602904319763184, -13.422877311706543, -16.041044235229492]","[50259, 50360, 50364, 883, 4544, 11, 498, 286, 445, 841, 3806, 786, 452, 1575, 1553, 23587, 3726, 11, 309, 486, 854, 1850, 452, 1378]",24,8.218,unknown
pcm_f_PHTT2F35_he_spontaneous_221,whisper-large-v3, you sabi some people rely on top both um faith and our medicine to feel true true healed,-inf,-inf,"[-12.589381217956543, -Infinity, -12.708525657653809, -12.946252822875977, -21.906309127807617, -19.250450134277344, -17.812541961669922, -12.256855964660645, -17.572298049926758, -2.6271018981933594, -16.345125198364258, -19.21902084350586, -7.618703365325928, -17.020524978637695, -13.687545776367188, -19.43325424194336, -18.628768920898438, -7.525354862213135, -12.301957130432129, -10.61246109008789]","[50259, 50360, 50364, 291, 5560, 72, 512, 561, 10687, 322, 1192, 1293, 1105, 4522, 293, 527, 7195, 281, 841, 2074]",20,6.886,unknown
pcm_f_PHTT2F7_he_spontaneous_091,whisper-large-v3, Patients suppose they ask for cost estimate before surgery to get quick and affordable health care.,-inf,-inf,"[-15.902664184570312, -Infinity, -12.502923011779785, -19.15799331665039, -20.38140296936035, -16.982345581054688, -11.136113166809082, -13.18821907043457, -7.75867223739624, -16.306852340698242, -19.07478141784668, -16.063217163085938, -17.335668563842773, -11.26672077178955, -13.988980293273926, -15.435864448547363, -11.37704849243164, -17.478904724121094, -13.415186882019043]","[50259, 50360, 50364, 4379, 2448, 7297, 436, 1029, 337, 2063, 12539, 949, 7930, 281, 483, 1702, 293, 12028, 1585]",19,6.883,unknown
pcm_f_PHTT2F8_he_spontaneous_052,whisper-large-v3, know the two drinks we drink if you want make your body day healthy,-inf,-inf,"[-14.778867721557617, -Infinity, -15.827230453491211, -15.454428672790527, -11.604415893554688, -15.751852035522461, -17.496801376342773, -8.125744819641113, -15.38176441192627, -12.727842330932617, -9.125419616699219, -14.794650077819824, -12.654717445373535, -10.086389541625977, -11.952303886413574]","[50259, 50360, 50364, 458, 264, 732, 12142, 321, 2822, 498, 291, 528, 652, 428, 1772]",15,6.224,unknown
pcm_f_PHTT2F8_he_spontaneous_175,whisper-large-v3," People still as in, still eh, they will never say B.S.T.I. testing.",-inf,-inf,"[-14.978935241699219, -Infinity, -11.252716064453125, -14.64497184753418, -0.5666444897651672, -9.358978271484375, -7.5718865394592285, -0.5997152924537659, -8.157909393310547, -9.954011917114258, -9.191222190856934, -8.419190406799316, -8.864480018615723, -13.361461639404297, -13.15642261505127, -13.405805587768555, -15.17094612121582, -19.739870071411133, -12.349013328552246, -11.041533470153809, -12.94033145904541, -15.11563777923584, -11.85074234008789]","[50259, 50360, 50364, 3432, 920, 382, 294, 11, 920, 7670, 11, 436, 486, 1128, 584, 363, 13, 50, 13, 51, 13, 40, 13]",23,7.739,unknown
pcm_f_PHTT2F8_he_spontaneous_528,whisper-large-v3," If doctor or nurse hear patient well without judging them, understanding go better as in for hospital.",-inf,-inf,"[-15.449054718017578, -Infinity, -12.968573570251465, -12.268561363220215, -11.796587944030762, -11.540538787841797, -16.195650100708008, -16.572975158691406, -16.358150482177734, -12.87890911102295, -14.206893920898438, -18.3813533782959, -6.021016597747803, -10.44108772277832, -15.829289436340332, -11.269558906555176, -13.29139518737793, -10.334857940673828, -11.538074493408203, -11.239130973815918]","[50259, 50360, 50364, 759, 4631, 420, 14012, 1568, 4537, 731, 1553, 23587, 552, 11, 3701, 352, 1101, 382, 294, 337]",20,7.305,unknown
pcm_f_PHTT2F9_he_spontaneous_116,whisper-large-v3, It get plenty better if correct food dey part of the things we you dey do every day.,-inf,-inf,"[-11.775812149047852, -Infinity, -17.418153762817383, -14.13390064239502, -12.11218547821045, -13.713863372802734, -12.587288856506348, -10.814817428588867, -15.767868041992188, -16.237083435058594, -10.86291217803955, -14.150202751159668, -16.17852783203125, -12.505453109741211, -8.746838569641113, -15.24670124053955, -18.531734466552734, -10.501770973205566, -12.021876335144043, -14.190768241882324, -14.097192764282227, -14.252218246459961]","[50259, 50360, 50364, 467, 483, 7140, 1101, 498, 3006, 1755, 368, 88, 644, 295, 264, 721, 321, 291, 368, 88, 360, 633]",22,7.514,unknown
pcm_f_PM4F1_ev_read_005,whisper-large-v3, We pit-switch the eco-friendly appliances and machines to reduce carbon footprint.,-inf,-inf,"[-15.741727828979492, -Infinity, -14.873405456542969, -16.992321014404297, -18.822542190551758, -8.429901123046875, -15.357789993286133, -18.806777954101562, -24.25829315185547, -17.016101837158203, -10.517959594726562, -18.191219329833984, -20.233631134033203, -15.19604778289795, -16.900516510009766, -12.539620399475098, -15.457151412963867, -14.591876983642578]","[50259, 50360, 50364, 492, 10147, 12, 25884, 1549, 264, 30226, 12, 22864, 35480, 293, 8379, 281, 5407, 5954]",18,6.434,unknown
pcm_f_PM4F1_ev_read_149,whisper-large-v3," Carry gifts, go to the party, no go empty handed if it be cash gift or material gift.",-inf,-inf,"[-13.175594329833984, -Infinity, -14.316041946411133, -16.374095916748047, -16.087297439575195, -11.992375373840332, -13.403270721435547, -9.185397148132324, -11.698186874389648, -13.017635345458984, -13.21901798248291, -15.036493301391602, -13.381674766540527, -15.723775863647461, -18.639055252075195, -16.032032012939453, -14.695820808410645, -13.405054092407227, -13.253167152404785, -0.012218625284731388, -9.424662590026855, -16.97138786315918]","[50259, 50360, 50364, 44168, 11449, 11, 352, 281, 264, 3595, 11, 572, 352, 6707, 16013, 498, 309, 312, 6388, 5306, 420, 2527]",22,7.509,unknown
pcm_f_PM4F1_ev_read_192,whisper-large-v3, The advice of SMOKE will know all our security mainfaces in case something happens.,-inf,-inf,"[-12.863208770751953, -Infinity, -15.044719696044922, -10.26287841796875, -12.134113311767578, -14.216773986816406, -13.884039878845215, -15.35054874420166, -21.325040817260742, -13.639784812927246, -15.493453025817871, -10.489457130432129, -13.800579071044922, -21.56317138671875, -15.98535442352295, -16.847688674926758, -18.575817108154297, -11.500299453735352, -14.887373924255371, -14.691496849060059]","[50259, 50360, 50364, 440, 5192, 295, 13115, 46, 8522, 486, 458, 439, 527, 3825, 2135, 69, 2116, 294, 1389, 746]",20,6.849,unknown
pcm_f_PM4F1_ev_read_245,whisper-large-v3, He get one man way wind carry him rope commot for our estate.,-inf,-inf,"[-12.187296867370605, -Infinity, -14.043725967407227, -13.058236122131348, -10.376052856445312, -10.36679744720459, -12.904797554016113, -11.295458793640137, -12.355914115905762, -10.158358573913574, -14.070582389831543, -15.942368507385254, -18.03253746032715, -16.16843605041504, -10.34282398223877, -12.78561782836914]","[50259, 50360, 50364, 634, 483, 472, 587, 636, 2468, 3985, 796, 13540, 800, 310, 337, 527]",16,5.989,unknown
pcm_f_PM4F1_ev_read_252,whisper-large-v3, My children know they hear well. This one go church without me and rain beat him well.,-inf,-inf,"[-12.231098175048828, -Infinity, -15.163050651550293, -11.406704902648926, -15.1116361618042, -11.438940048217773, -9.66944408416748, -16.591901779174805, -7.694404602050781, -7.470182418823242, -12.960332870483398, -14.568455696105957, -14.117744445800781, -17.2119197845459, -11.217057228088379, -8.1051025390625, -5.878232955932617, -14.894010543823242, -15.767154693603516, -14.36803150177002]","[50259, 50360, 50364, 1222, 2227, 458, 436, 1568, 731, 13, 639, 472, 352, 4128, 1553, 385, 293, 4830, 4224, 796]",20,7.274,unknown
pcm_f_PM4F1_ev_read_292,whisper-large-v3, We get mile away they sell prohibitions for outside gates.,-inf,-inf,"[-12.029991149902344, -Infinity, -11.882814407348633, -13.842377662658691, -10.04623031616211, -16.15857696533203, -12.673748016357422, -18.983274459838867, -12.77088737487793, -17.91008186340332, -17.406024932861328, -9.923869132995605, -13.428030967712402]","[50259, 50360, 50364, 492, 483, 12620, 1314, 436, 3607, 16015, 2451, 337, 2380]",13,5.776,unknown
pcm_f_PM4F1_ev_read_319,whisper-large-v3," Farmers need to make government support them, make them fit to produce more food.",-inf,-inf,"[-15.363760948181152, -Infinity, -15.043741226196289, -9.995330810546875, -16.62919807434082, -11.269826889038086, -5.4091386795043945, -5.920516490936279, -16.919795989990234, -9.964469909667969, -0.14899088442325592, -6.975842475891113, -12.038061141967773, -13.126813888549805, -15.198031425476074, -11.75461196899414, -15.149837493896484, -12.735804557800293]","[50259, 50360, 50364, 19991, 433, 643, 281, 652, 2463, 1406, 552, 11, 652, 552, 3318, 281, 5258, 544]",18,6.65,unknown
pcm_f_PM4F1_ev_read_420,whisper-large-v3, The main issue with organic food we say is the cost past processed food.,-inf,-inf,"[-14.35389518737793, -Infinity, -14.982218742370605, -12.664129257202148, -16.30645751953125, -15.890486717224121, -7.657626628875732, -19.659521102905273, -12.260066986083984, -8.413992881774902, -13.790228843688965, -8.03225326538086, -3.922171115875244, -14.920886039733887, -13.841208457946777, -15.78558349609375]","[50259, 50360, 50364, 440, 2135, 2734, 365, 10220, 1755, 321, 584, 307, 264, 2063, 1791, 18846]",16,6.232,unknown
pcm_f_PM4F1_ev_read_523,whisper-large-v3, No over rely on people too much. Them feet stain your white.,-inf,-inf,"[-12.243168830871582, -Infinity, -15.268933296203613, -13.789472579956055, -12.608221054077148, -19.652172088623047, -15.392315864562988, -13.097620010375977, -13.776273727416992, -13.44089412689209, -7.236505508422852, -17.91387176513672, -8.610739707946777, -15.696284294128418, -13.679428100585938]","[50259, 50360, 50364, 883, 670, 10687, 322, 561, 886, 709, 13, 37354, 3521, 16441, 428]",15,6.467,unknown
pcm_f_PM4F3_ev_read_033,whisper-large-v3," She be the friend where I tell you, say, I like.",-inf,-inf,"[-12.904273986816406, -Infinity, -21.369035720825195, -14.425318717956543, -11.145722389221191, -12.188515663146973, -19.078842163085938, -15.657233238220215, -6.157526016235352, -11.656654357910156, -12.33605670928955, -15.375463485717773, -16.875789642333984, -5.810075759887695, -8.25088119506836]","[50259, 50360, 50364, 1240, 312, 264, 1277, 689, 286, 980, 291, 11, 584, 11, 286]",15,6.02,unknown
pcm_f_PM4F3_ev_read_043,whisper-large-v3," Your mother be my sister. If I no side with her, who I will side with?",-inf,-inf,"[-9.241789817810059, -Infinity, -14.756243705749512, -12.861224174499512, -10.286275863647461, -12.020925521850586, -15.969804763793945, -16.194250106811523, -11.841917037963867, -16.441848754882812, -10.565436363220215, -14.534422874450684, -15.837696075439453, -10.931119918823242, -13.712952613830566, -10.09214973449707, -12.940420150756836, -11.781328201293945, -11.712348937988281, -15.814518928527832]","[50259, 50360, 50364, 2260, 2895, 312, 452, 4892, 13, 759, 286, 572, 1252, 365, 720, 11, 567, 286, 486, 1252]",20,7.091,unknown
pcm_f_PM4F3_ev_read_093,whisper-large-v3," You fit carry the matter, go meet lawyer, so that you fit get redress.",-inf,-inf,"[-11.611772537231445, -Infinity, -14.106781959533691, -15.161486625671387, -15.537525177001953, -15.88219165802002, -12.289053916931152, -17.970062255859375, -10.507569313049316, -14.302434921264648, -16.287620544433594, -22.187700271606445, -9.363252639770508, -15.891785621643066, -13.812734603881836, -16.190488815307617, -16.865829467773438, -16.164819717407227, -13.062980651855469]","[50259, 50360, 50364, 509, 3318, 3985, 264, 1871, 11, 352, 1677, 11613, 11, 370, 300, 291, 3318, 483, 2182]",19,6.655,unknown
pcm_f_PM4F3_ev_read_146,whisper-large-v3, Assess waiting the person they ask for and if you dare capable to carry him.,-inf,-inf,"[-12.922966003417969, -Infinity, -11.797001838684082, -16.298765182495117, -17.614341735839844, -15.201212882995605, -11.299291610717773, -15.379674911499023, -10.84162425994873, -12.419197082519531, -11.358814239501953, -9.42895221710205, -9.547706604003906, -9.756321907043457, -13.322588920593262, -16.38128089904785, -8.1414155960083, -17.193445205688477]","[50259, 50360, 50364, 6281, 442, 3806, 264, 954, 436, 1029, 337, 293, 498, 291, 8955, 8189, 281, 3985]",18,6.656,unknown
pcm_f_PM4F3_ev_read_181,whisper-large-v3, I want to help Susan edit something. I will come back now.,-inf,-inf,"[-13.207978248596191, -Infinity, -16.704126358032227, -11.128342628479004, -14.002285957336426, -4.682548522949219, -15.630596160888672, -17.558748245239258, -17.779476165771484, -15.03979206085205, -9.323271751403809, -13.595181465148926, -14.883111953735352, -15.426552772521973, -16.29997444152832]","[50259, 50360, 50364, 286, 528, 281, 854, 15160, 8129, 746, 13, 286, 486, 808, 646]",15,6.001,unknown
pcm_f_PM4F3_ev_read_342,whisper-large-v3," How far, my guy? I did check on you well, well today.",-inf,-inf,"[-11.114651679992676, -Infinity, -16.325233459472656, -16.10992431640625, -15.830909729003906, -3.56302547454834, -13.500458717346191, -16.241247177124023, -13.94115924835205, -11.12871265411377, -17.375961303710938, -16.009765625, -11.989773750305176, -12.688401222229004, -14.409283638000488, -4.429515361785889, -15.44107437133789]","[50259, 50360, 50364, 1012, 1400, 11, 452, 2146, 30, 286, 630, 1520, 322, 291, 731, 11, 731]",17,6.424,unknown
pcm_f_PM4F3_ev_read_388,whisper-large-v3," My babe, they give me assurance, say, he no go cheat on me.",-inf,-inf,"[-14.5501070022583, -Infinity, -14.888957023620605, -12.38630485534668, -15.885787963867188, -12.06395149230957, -12.703821182250977, -13.728022575378418, -9.486444473266602, -20.252885818481445, -13.58411979675293, -15.226073265075684, -12.154726028442383, -18.593975067138672, -13.687904357910156, -16.06273078918457, -19.058961868286133, -15.059356689453125]","[50259, 50360, 50364, 1222, 24655, 11, 436, 976, 385, 32189, 11, 584, 11, 415, 572, 352, 17470, 322]",18,6.639,unknown
pcm_f_PM4F3_ev_read_418,whisper-large-v3, A person's feet manage stress and emotion when he knows himself.,-inf,-inf,"[-8.836069107055664, -Infinity, -10.869142532348633, -13.450774192810059, -16.249696731567383, -13.925721168518066, -19.127931594848633, -17.781381607055664, -16.69264793395996, -11.82050609588623, -13.346006393432617, -14.086893081665039, -12.06735610961914, -15.638910293579102]","[50259, 50360, 50364, 316, 954, 311, 3521, 3067, 4244, 293, 8913, 562, 415, 3255]",14,5.56,unknown
pcm_f_PM4F3_ev_read_449,whisper-large-v3, Socialize with different people so that you go there easy to fit get human feelings.,-inf,-inf,"[-14.735549926757812, -Infinity, -21.120649337768555, -17.29753303527832, -21.69072914123535, -11.470826148986816, -16.940052032470703, -10.214616775512695, -13.514995574951172, -11.631209373474121, -12.583172798156738, -15.064644813537598, -11.749309539794922, -13.26546573638916, -9.937983512878418, -14.58891773223877, -15.4171781539917, -15.299583435058594]","[50259, 50360, 50364, 9909, 1125, 365, 819, 561, 370, 300, 291, 352, 456, 1858, 281, 3318, 483, 1952]",18,6.661,unknown
pcm_f_PM4F3_ev_read_492,whisper-large-v3," Na traditional moves, this guy, they display so if it win.",-inf,-inf,"[-13.42585563659668, -Infinity, -15.72950267791748, -12.303849220275879, -16.84343910217285, -13.802831649780273, -1.03312349319458, -4.801244258880615, -15.758683204650879, -2.8324310779571533, -7.969541072845459, -18.555688858032227, -12.628153800964355, -11.913397789001465, -13.625916481018066]","[50259, 50360, 50364, 6056, 5164, 6067, 11, 341, 2146, 11, 436, 4674, 370, 498, 309]",15,5.98,unknown
pcm_f_PM4F3_ev_read_497,whisper-large-v3," Now my style to dance without planning, it dey give me joy well, well.",-inf,-inf,"[-14.041606903076172, -Infinity, -14.035139083862305, -14.318388938903809, -12.065201759338379, -15.844978332519531, -12.427327156066895, -14.853885650634766, -14.175679206848145, -15.861909866333008, -12.036120414733887, -11.646881103515625, -12.876134872436523, -12.599419593811035, -17.036014556884766, -14.60433292388916, -18.56339454650879, -11.412549018859863, -12.618009567260742]","[50259, 50360, 50364, 823, 452, 3758, 281, 4489, 1553, 5038, 11, 309, 368, 88, 976, 385, 6258, 731, 11]",19,6.857,unknown
pcm_f_PM4F3_ev_read_538,whisper-large-v3," On a small, small contribution, joined together, go help on a achieve big team.",-inf,-inf,"[-12.191987037658691, -Infinity, -17.089982986450195, -14.973333358764648, -10.375415802001953, -11.600203514099121, -0.2331404685974121, -13.556987762451172, -20.997278213500977, -0.3120866119861603, -13.04515552520752, -13.783910751342773, -6.374473571777344, -13.208714485168457, -11.087044715881348, -12.272506713867188, -13.576835632324219, -17.68387794494629, -14.28099250793457]","[50259, 50360, 50364, 1282, 257, 1359, 11, 1359, 13150, 11, 6869, 1214, 11, 352, 854, 322, 257, 4584, 955]",19,6.654,unknown
pcm_f_PP1F1_ev_read_275,whisper-large-v3, Them announce say them close the bridge for repair so traffic there heavy.,-inf,-inf,"[-13.285292625427246, -Infinity, -14.43990421295166, -3.163449764251709, -15.2015962600708, -14.133094787597656, -15.228398323059082, -16.59989356994629, -9.211045265197754, -17.915790557861328, -11.929132461547852, -15.172945022583008, -12.6113862991333, -13.942766189575195, -14.130098342895508]","[50259, 50360, 50364, 37354, 7478, 584, 552, 1998, 264, 7283, 337, 10535, 370, 6419, 456]",15,6.236,unknown
pcm_f_PP1F1_ev_read_290,whisper-large-v3, Pessy fits like down flat for bed as soon as him wake up.,-inf,-inf,"[-9.240480422973633, -Infinity, -16.19861602783203, -11.996950149536133, -15.73737621307373, -13.14445972442627, -15.869114875793457, -12.881650924682617, -17.242137908935547, -17.47709083557129, -14.59504508972168, -17.096393585205078, -11.671995162963867, -16.823711395263672, -14.974802017211914, -15.174026489257812, -16.938737869262695]","[50259, 50360, 50364, 430, 442, 88, 9001, 411, 760, 4962, 337, 2901, 382, 2321, 382, 796, 6634]",17,6.245,unknown
pcm_f_PP1F1_ev_read_317,whisper-large-v3," I deturn my body from side to side, losing my back and my neck.",-inf,-inf,"[-15.092206954956055, -Infinity, -13.305426597595215, -12.86740779876709, -17.453853607177734, -20.474746704101562, -9.441165924072266, -15.753856658935547, -15.43777084350586, -16.05679702758789, -13.590621948242188, -15.814787864685059, -10.564271926879883, -16.6013240814209, -0.011618213728070259, -10.06332015991211, -9.393208503723145, -11.914389610290527]","[50259, 50360, 50364, 286, 1141, 925, 452, 1772, 490, 1252, 281, 1252, 11, 7027, 452, 646, 293, 452]",18,6.672,unknown
pcm_f_PP1F1_ev_read_565,whisper-large-v3, Obite mi se int go try carry in children go see in mama grave.,-inf,-inf,"[-11.370862007141113, -Infinity, -12.806609153747559, -17.29317855834961, -13.852041244506836, -9.10438346862793, -12.50136661529541, -12.224519729614258, -13.232348442077637, -9.867846488952637, -14.805087089538574, -7.387228012084961, -15.745494842529297, -14.863115310668945, -15.929829597473145, -11.09904956817627, -13.893917083740234]","[50259, 50360, 50364, 4075, 642, 2752, 369, 560, 352, 853, 3985, 294, 2227, 352, 536, 294, 18775]",17,6.676,unknown
pcm_f_PP1F1_ev_read_575,whisper-large-v3, I go respect my papa take over in shrine when I die.,-inf,-inf,"[-13.72073745727539, -Infinity, -15.026321411132812, -10.788459777832031, -14.097002983093262, -17.241884231567383, -10.981491088867188, -18.36606788635254, -16.051511764526367, -14.228652954101562, -12.589648246765137, -18.96269989013672, -12.19466495513916, -7.43979024887085]","[50259, 50360, 50364, 286, 352, 3104, 452, 31015, 747, 670, 294, 37812, 562, 286]",14,5.79,unknown
pcm_f_PP1F1_ev_read_597,whisper-large-v3," I won't buy gifts for my sister, so I want to save for her.",-inf,-inf,"[-13.345308303833008, -Infinity, -21.117822647094727, -11.534089088439941, -15.48341178894043, -15.943199157714844, -14.799877166748047, -16.102210998535156, -9.426822662353516, -11.363000869750977, -16.24995994567871, -13.289862632751465, -12.250115394592285, -13.914140701293945, -12.606093406677246, -11.588774681091309, -14.953692436218262, -11.138870239257812]","[50259, 50360, 50364, 286, 1582, 380, 2256, 11449, 337, 452, 4892, 11, 370, 286, 528, 281, 3155, 337]",18,6.439,unknown
pcm_f_PP1F2_ev_read_083,whisper-large-v3, People still have been given the chance because no part of their religion has worked for them.,-inf,-inf,"[-12.13638687133789, -Infinity, -11.337943077087402, -15.200443267822266, -10.434622764587402, -11.83342170715332, -16.150115966796875, -11.301566123962402, -3.5923547744750977, -9.753640174865723, -11.598892211914062, -11.807183265686035, -13.293566703796387, -8.792086601257324, -9.068703651428223, -18.804180145263672, -15.424349784851074, -15.220767974853516, -10.469106674194336]","[50259, 50360, 50364, 3432, 920, 362, 668, 2212, 264, 2931, 570, 572, 644, 295, 641, 7561, 575, 2732, 337]",19,7.517,unknown
pcm_f_PP1F2_ev_read_306,whisper-large-v3," Now the things my pastor teach, they make me to be a better person.",-inf,-inf,"[-13.430235862731934, -Infinity, -14.528167724609375, -13.732922554016113, -11.077549934387207, -11.4660062789917, -7.8173980712890625, -12.736679077148438, -6.351675033569336, -11.878250122070312, -12.676460266113281, -9.61634349822998, -11.788385391235352, -12.095914840698242, -13.564271926879883, -12.001564979553223, -15.635093688964844]","[50259, 50360, 50364, 823, 264, 721, 452, 21193, 2924, 11, 436, 652, 385, 281, 312, 257, 1101]",17,6.655,unknown
pcm_f_PP1F3_ev_read_137,whisper-large-v3," Traditional healers know they do tests before treatment, but before you take conventional medicine, you go do tests.",-inf,-inf,"[-18.088253021240234, -Infinity, -23.134464263916016, -18.399791717529297, -15.98851203918457, -18.17329216003418, -13.052241325378418, -13.3770112991333, -14.304034233093262, -17.54892921447754, -8.25236988067627, -18.15764045715332, -7.815247535705566, -15.189220428466797, -15.850872993469238, -8.69449520111084, -14.774474143981934, -19.93830108642578, -17.753814697265625, -10.577018737792969, -12.318650245666504, -15.247084617614746, -15.590256690979004]","[50259, 50360, 50364, 46738, 10526, 433, 458, 436, 360, 6921, 949, 5032, 11, 457, 949, 291, 747, 16011, 7195, 11, 291, 352, 360]",23,7.98,unknown
pcm_f_PP1F3_ev_read_341,whisper-large-v3," If the talk not talk, we fi kai wa ala come know as we go take sharp shape your mouth talka.",-inf,-inf,"[-12.913247108459473, -Infinity, -11.697970390319824, -12.083894729614258, -9.943263053894043, -13.783763885498047, -12.798593521118164, -10.763195037841797, -8.976775169372559, -16.465042114257812, -10.59847354888916, -7.94442081451416, -10.003844261169434, -12.644563674926758, -14.15695571899414, -11.824261665344238, -14.501437187194824, -14.407681465148926, -14.223830223083496, -12.292030334472656, -12.63869571685791, -15.543203353881836, -18.0136775970459, -14.817790985107422, -14.818647384643555, -16.898319244384766, -13.19436264038086]","[50259, 50360, 50364, 759, 264, 751, 406, 751, 11, 321, 15848, 350, 1301, 5406, 419, 64, 808, 458, 382, 321, 352, 747, 8199, 3909, 428, 4525, 751]",27,8.604,unknown
pcm_f_PP1F3_ev_read_512,whisper-large-v3," We must prepare ourselves and communities for the changes weather pattern, especially the extreme like heavy rainfall and heat waves.",-inf,-inf,"[-13.807499885559082, -Infinity, -11.895431518554688, -13.711209297180176, -14.700873374938965, -16.696367263793945, -16.068511962890625, -10.490938186645508, -15.345492362976074, -9.012648582458496, -10.247770309448242, -16.163738250732422, -15.786656379699707, -18.227121353149414, -11.25969409942627, -14.510680198669434, -9.660407066345215, -16.264345169067383, -12.173340797424316, -8.98342514038086, -16.20316505432129, -7.787234783172607, -13.90384578704834]","[50259, 50360, 50364, 492, 1633, 5940, 4175, 293, 4456, 337, 264, 2962, 5503, 5102, 11, 2318, 264, 8084, 411, 4676, 29382, 293, 3738]",23,7.728,unknown
pcm_f_PP1F3_ev_read_514,whisper-large-v3," We must prioritize the health and well-being of our community members by providing access to medical care, food and shelter.",-inf,-inf,"[-13.989069938659668, -Infinity, -13.476569175720215, -14.971464157104492, -16.806655883789062, -22.848480224609375, -7.196107387542725, -11.93921947479248, -16.46916961669922, -14.877208709716797, -14.254769325256348, -20.520191192626953, -10.751260757446289, -12.608943939208984, -17.449234008789062, -14.595388412475586, -13.188722610473633, -12.523815155029297, -11.507182121276855, -10.644804954528809, -12.095281600952148, -14.412524223327637, -11.255030632019043, -15.006709098815918, -10.812150955200195]","[50259, 50360, 50364, 492, 1633, 25164, 264, 1585, 293, 731, 12, 13054, 295, 527, 1768, 2679, 538, 6530, 2105, 281, 4625, 1127, 11, 1755, 293]",25,8.172,unknown
pcm_f_PP1F3_ev_read_600,whisper-large-v3, cost-conditioner go contact me about the volunteer work for the cultural festival,-inf,-inf,"[-9.761613845825195, -Infinity, -16.339828491210938, -17.973743438720703, -7.103058815002441, -18.742826461791992, -19.748035430908203, -16.870403289794922, -9.269250869750977, -16.301223754882812, -14.793347358703613, -13.883539199829102, -9.625839233398438, -17.721837997436523, -15.993759155273438, -11.364460945129395, -9.974080085754395]","[50259, 50360, 50364, 2063, 12, 18882, 849, 260, 352, 3385, 385, 466, 264, 13835, 589, 337, 264]",17,6.673,unknown
pcm_f_PP2F1_ev_read_036,whisper-large-v3," Ay dey come, men kay go buy medicine, my head dey pain me.",-inf,-inf,"[-12.915923118591309, -Infinity, -18.1097354888916, -13.614334106445312, -11.186224937438965, -14.760163307189941, -8.101007461547852, -9.420852661132812, -14.763686180114746, -15.358034133911133, -14.020503044128418, -11.6577730178833, -15.481636047363281, -3.6705870628356934, -19.812532424926758, -12.80981159210205, -9.451608657836914, -12.54422378540039, -17.408044815063477]","[50259, 50360, 50364, 9081, 368, 88, 808, 11, 1706, 12446, 352, 2256, 7195, 11, 452, 1378, 368, 88, 1822]",19,6.671,unknown
pcm_f_PP2F1_ev_read_055,whisper-large-v3, Make you find person where you feel talk to if they pleasure they too much.,-inf,-inf,"[-11.455931663513184, -Infinity, -15.65697956085205, -15.755288124084473, -6.794831275939941, -13.08325481414795, -14.291824340820312, -15.702983856201172, -10.463421821594238, -14.527844429016113, -14.012284278869629, -10.473978996276855, -12.879936218261719, -14.598101615905762, -20.99636459350586, -12.553980827331543, -13.929808616638184]","[50259, 50360, 50364, 4387, 291, 915, 954, 689, 291, 841, 751, 281, 498, 436, 6834, 436, 886]",17,6.675,unknown
pcm_f_PP2F1_ev_read_107,whisper-large-v3," Na small thing dey vex me, na why I no one talk.",-inf,-inf,"[-11.854741096496582, -Infinity, -14.425971984863281, -11.719274520874023, -15.925044059753418, -15.179277420043945, -17.622028350830078, -11.01853084564209, -12.665545463562012, -12.90012264251709, -11.552399635314941, -6.303189754486084, -4.552179336547852, -11.652738571166992, -10.671581268310547, -12.564401626586914, -14.846941947937012]","[50259, 50360, 50364, 6056, 1359, 551, 368, 88, 1241, 87, 385, 11, 1667, 983, 286, 572, 472]",17,6.677,unknown
pcm_f_PP2F1_ev_read_149,whisper-large-v3, I teach my sister how she could use needle and thread stitch her cloth.,-inf,-inf,"[-14.256549835205078, -Infinity, -18.500112533569336, -12.246354103088379, -11.302578926086426, -11.466204643249512, -14.688891410827637, -12.109308242797852, -11.200766563415527, -13.553739547729492, -13.835295677185059, -13.38335132598877, -7.724483966827393, -11.62310791015625, -16.518695831298828, -12.460808753967285]","[50259, 50360, 50364, 286, 2924, 452, 4892, 577, 750, 727, 764, 11037, 293, 7207, 5635, 720]",16,6.232,unknown
pcm_f_PP2F1_ev_read_206,whisper-large-v3, It go better if we make announcement on how people go they take care of their mental health.,-inf,-inf,"[-12.253254890441895, -Infinity, -16.869014739990234, -10.748188018798828, -11.445206642150879, -13.676206588745117, -13.040597915649414, -11.496906280517578, -13.170096397399902, -16.461894989013672, -9.889095306396484, -10.506179809570312, -14.30649185180664, -14.65875244140625, -9.886920928955078, -12.706949234008789, -13.588675498962402, -11.909869194030762, -13.415346145629883, -12.524749755859375]","[50259, 50360, 50364, 467, 352, 1101, 498, 321, 652, 12847, 322, 577, 561, 352, 436, 747, 1127, 295, 641, 4973]",20,7.525,unknown
pcm_f_PP2F1_ev_read_259,whisper-large-v3, I just stay surprised as I dare they take this thing so. She they take am well.,-inf,-inf,"[-14.136106491088867, -Infinity, -11.402016639709473, -12.02223014831543, -11.06496810913086, -12.080711364746094, -15.364065170288086, -11.170208930969238, -10.798101425170898, -16.01161766052246, -10.299585342407227, -13.60963249206543, -11.462611198425293, -14.746265411376953, -11.28325366973877, -12.414637565612793, -11.318426132202148, -12.415570259094238, -13.625109672546387, -16.587677001953125]","[50259, 50360, 50364, 286, 445, 1754, 6100, 382, 286, 8955, 436, 747, 341, 551, 370, 13, 1240, 436, 747, 669]",20,7.081,unknown
pcm_f_PP2F1_ev_read_369,whisper-large-v3, Now only parents go understand this kind of happiness with this speaking day gift.,-inf,-inf,"[-12.41273307800293, -Infinity, -14.28786849975586, -14.338805198669434, -14.386735916137695, -16.22698974609375, -16.15445327758789, -16.427637100219727, -11.842168807983398, -12.790199279785156, -12.117595672607422, -10.028308868408203, -10.78679084777832, -12.755924224853516, -15.01363754272461, -15.475728034973145]","[50259, 50360, 50364, 823, 787, 3152, 352, 1223, 341, 733, 295, 8324, 365, 341, 4124, 786]",16,6.199,unknown
pcm_f_PP2F1_ev_read_512,whisper-large-v3, I think we understand see everybody get different way. Them they do things.,-inf,-inf,"[-9.703609466552734, -Infinity, -15.738624572753906, -10.097700119018555, -9.924154281616211, -9.909830093383789, -12.362434387207031, -11.444007873535156, -14.724098205566406, -10.667047500610352, -10.944421768188477, -10.097269058227539, -11.350278854370117, -14.451140403747559, -7.42622184753418, -13.056015968322754]","[50259, 50360, 50364, 286, 519, 321, 1223, 536, 2201, 483, 819, 636, 13, 37354, 436, 360]",16,6.412,unknown
pcm_f_PP2F1_ev_read_598,whisper-large-v3, You suppose they tell your friends how them feet protect environment.,-inf,-inf,"[-13.149468421936035, -Infinity, -17.03847885131836, -12.203085899353027, -17.426300048828125, -12.429458618164062, -11.151717185974121, -7.691714763641357, -9.677123069763184, -14.640793800354004, -10.331706047058105, -13.712921142578125, -16.067665100097656]","[50259, 50360, 50364, 509, 7297, 436, 980, 428, 1855, 577, 552, 3521, 2371]",13,5.55,unknown
pcm_f_PP3F1_ev_read_035,whisper-large-v3," Nature works and staying immature, they encourage healthy living.",-inf,-inf,"[-10.021772384643555, -Infinity, -15.860686302185059, -15.847905158996582, -15.501818656921387, -8.610296249389648, -15.750941276550293, -19.972209930419922, -9.626982688903809, -15.018353462219238, -16.69335174560547, -14.364617347717285]","[50259, 50360, 50364, 20159, 1985, 293, 7939, 49539, 11, 436, 5373, 4627]",12,5.552,unknown
pcm_f_PP3F1_ev_read_112,whisper-large-v3," You go come the street party later, I be you no go come.",-inf,-inf,"[-11.636331558227539, -Infinity, -13.607431411743164, -11.262529373168945, -13.349486351013184, -13.630084991455078, -9.330641746520996, -14.957368850708008, -14.339076042175293, -12.714247703552246, -5.57249116897583, -10.112080574035645, -13.002591133117676, -11.689127922058105, -13.688547134399414, -12.827788352966309]","[50259, 50360, 50364, 509, 352, 808, 264, 4838, 3595, 1780, 11, 286, 312, 291, 572, 352]",16,5.994,unknown
pcm_f_PP3F1_ev_read_171,whisper-large-v3, We dey wear fine wrap ago our new yam festival.,-inf,-inf,"[-11.415251731872559, -Infinity, -14.622318267822266, -8.117980003356934, -11.560012817382812, -12.590651512145996, -11.828289985656738, -14.68751049041748, -17.493324279785156, -13.707467079162598, -17.467309951782227, -12.132972717285156, -11.750575065612793, -18.31572914123535]","[50259, 50360, 50364, 492, 368, 88, 3728, 2489, 7019, 2057, 527, 777, 288, 335]",14,6.204,unknown
pcm_f_PP3F1_ev_read_252,whisper-large-v3," If you did right, make sure say you wear your seatbelt.",-inf,-inf,"[-13.540971755981445, -Infinity, -14.094654083251953, -13.310264587402344, -9.522276878356934, -14.46445369720459, -16.266738891601562, -4.291721820831299, -13.513452529907227, -13.189265251159668, -14.309418678283691, -14.847524642944336, -14.379135131835938, -12.638704299926758, -15.60663890838623]","[50259, 50360, 50364, 759, 291, 630, 558, 11, 652, 988, 584, 291, 3728, 428, 6121]",15,5.777,unknown
pcm_f_PP3F1_ev_read_336,whisper-large-v3," In this age, it is important for a person to take advantage of the online space.",-inf,-inf,"[-13.576895713806152, -Infinity, -18.555274963378906, -12.367431640625, -10.404397964477539, -14.058415412902832, -11.824315071105957, -14.609904289245605, -15.867542266845703, -17.937820434570312, -13.814386367797852, -14.063339233398438, -19.290016174316406, -10.251596450805664, -16.848173141479492, -14.210371017456055, -14.914433479309082, -11.626179695129395, -12.437702178955078]","[50259, 50360, 50364, 682, 341, 3205, 11, 309, 307, 1021, 337, 257, 954, 281, 747, 5002, 295, 264, 2950]",19,6.653,unknown
pcm_f_PP3F1_ev_read_509,whisper-large-v3," As price of food they increase, I thereby only the ones where my money rich.",-inf,-inf,"[-13.045706748962402, -Infinity, -21.153303146362305, -16.568012237548828, -11.659942626953125, -14.89924144744873, -17.625974655151367, -6.894209861755371, -14.053818702697754, -9.254114151000977, -12.166594505310059, -20.001028060913086, -12.093352317810059, -10.068517684936523, -16.28676986694336, -13.71406364440918, -13.050539016723633, -14.760388374328613]","[50259, 50360, 50364, 1018, 3218, 295, 1755, 436, 3488, 11, 286, 28281, 787, 264, 2306, 689, 452, 1460]",18,6.671,unknown
pcm_f_PP3F1_ev_read_594,whisper-large-v3," If we really love somebody, is there good to let them know?",-inf,-inf,"[-15.678333282470703, -Infinity, -20.431541442871094, -16.167327880859375, -12.539509773254395, -13.456979751586914, -15.429377555847168, -16.28215789794922, -11.333390235900879, -12.001111030578613, -15.251240730285645, -16.006187438964844, -10.81351375579834, -14.000981330871582, -15.127891540527344]","[50259, 50360, 50364, 759, 321, 534, 959, 2618, 11, 307, 456, 665, 281, 718, 552]",15,6.019,unknown
pcm_f_PS1F1_ev_read_120,whisper-large-v3, To buy foodstuffs for our house is one big responsibility they give me.,-inf,-inf,"[-13.624144554138184, -Infinity, -13.35161018371582, -14.668631553649902, -18.739587783813477, -11.12818431854248, -17.602462768554688, -18.88542938232422, -12.359058380126953, -8.378984451293945, -16.61754035949707, -15.594649314880371, -13.326809883117676, -16.33393096923828, -18.411968231201172, -13.585980415344238, -18.227066040039062]","[50259, 50360, 50364, 1407, 2256, 1755, 372, 28296, 337, 527, 1782, 307, 472, 955, 6357, 436, 976]",17,6.669,unknown
pcm_f_PS1F1_ev_read_224,whisper-large-v3, Make sure say you the polite way you the address the issue.,-inf,-inf,"[-13.796268463134766, -Infinity, -12.634756088256836, -16.054994583129883, -12.97033977508545, -15.505431175231934, -9.109038352966309, -6.099173545837402, -16.46059226989746, -15.456971168518066, -9.628009796142578, -11.503999710083008, -17.50411605834961, -11.800111770629883]","[50259, 50360, 50364, 4387, 988, 584, 291, 264, 25171, 636, 291, 264, 2985, 264]",14,5.583,unknown
pcm_f_PS1F1_ev_read_394,whisper-large-v3, Not be every matter need serious approach. You fit use joke tell the person.,-inf,-inf,"[-12.90795612335205, -Infinity, -16.587553024291992, -13.474445343017578, -9.441987037658691, -15.201216697692871, -15.303560256958008, -12.73526668548584, -17.08049774169922, -13.630845069885254, -7.049897193908691, -12.1415376663208, -16.03260612487793, -16.233741760253906, -17.363061904907227, -12.006997108459473, -13.714280128479004]","[50259, 50360, 50364, 1726, 312, 633, 1871, 643, 3156, 3109, 13, 509, 3318, 764, 7647, 980, 264]",17,6.665,unknown
pcm_f_PS1F1_ev_read_472,whisper-large-v3," Today, check up on friends regularly gonna make you know who you gonna trust.",-inf,-inf,"[-13.503361701965332, -Infinity, -14.209721565246582, -15.458902359008789, -8.756650924682617, -16.760990142822266, -13.793932914733887, -9.502715110778809, -15.569851875305176, -17.951595306396484, -9.661808967590332, -13.88790225982666, -0.008283189497888088, -9.469740867614746, -11.660628318786621, -9.475135803222656, -15.633173942565918]","[50259, 50360, 50364, 2692, 11, 1520, 493, 322, 1855, 11672, 799, 652, 291, 458, 567, 291, 799]",17,6.652,unknown
pcm_f_PS1F1_ev_read_546,whisper-large-v3, I don't think about the lifestyle we are supposed to change this year.,-inf,-inf,"[-15.884650230407715, -Infinity, -20.189777374267578, -9.76085376739502, -13.482807159423828, -16.51374053955078, -15.794456481933594, -9.407197952270508, -12.977757453918457, -20.273223876953125, -13.999346733093262, -14.083043098449707, -18.392723083496094, -15.406586647033691, -16.545379638671875, -15.005205154418945]","[50259, 50360, 50364, 286, 500, 380, 519, 466, 264, 11716, 321, 366, 3442, 281, 1319, 341]",16,6.63,unknown
pcm_f_PS1F3_ev_read_036,whisper-large-v3," Sin culture, they should want me origin, where it come from.",-inf,-inf,"[-10.514847755432129, -Infinity, -11.252175331115723, -8.343376159667969, -13.065756797790527, -9.326642036437988, -8.497864723205566, -12.15965747833252, -14.029711723327637, -11.826447486877441, -13.519192695617676, -11.686528205871582, -15.098512649536133, -13.005107879638672, -16.660537719726562]","[50259, 50360, 50364, 11187, 3713, 11, 436, 820, 528, 385, 4957, 11, 689, 309, 808]",15,5.76,unknown
pcm_f_PS1F3_ev_read_442,whisper-large-v3," Problem be say, she threw the drink anywhere with anybody.",-inf,-inf,"[-13.848968505859375, -Infinity, -13.177092552185059, -16.20060157775879, -10.556997299194336, -9.636697769165039, -8.341370582580566, -13.705869674682617, -14.930926322937012, -9.646965980529785, -17.426013946533203, -11.963815689086914, -13.590237617492676]","[50259, 50360, 50364, 11676, 312, 584, 11, 750, 11918, 264, 2822, 4992, 365]",13,5.762,unknown
pcm_f_PS1F3_ev_read_465,whisper-large-v3," Oh boy, now so I catch my sister for club, but she no drink anyhow, Shaq.",-inf,-inf,"[-13.200226783752441, -Infinity, -14.65831184387207, -13.03523063659668, -12.998445510864258, -5.570866584777832, -14.621930122375488, -13.411304473876953, -12.850385665893555, -17.09079360961914, -13.492799758911133, -16.757251739501953, -9.007411003112793, -19.87543296813965, -13.821085929870605, -16.532257080078125, -14.852764129638672, -13.745248794555664, -10.340825080871582, -17.170358657836914, -3.293637752532959, -12.312885284423828]","[50259, 50360, 50364, 876, 3237, 11, 586, 370, 286, 3745, 452, 4892, 337, 6482, 11, 457, 750, 572, 2822, 44995, 11, 14944]",22,7.504,unknown
pcm_f_PS2F1_ev_read_118,whisper-large-v3, Their furious music and dance do their protests like Felakuti for Nigeria.,-inf,-inf,"[-14.588098526000977, -Infinity, -16.65180015563965, -14.54748821258545, -18.497451782226562, -13.425804138183594, -11.36276626586914, -14.337215423583984, -12.194244384765625, -11.7066011428833, -19.13691520690918, -17.377429962158203, -14.158900260925293, -18.653255462646484, -19.388874053955078, -11.502630233764648]","[50259, 50360, 50364, 6710, 33470, 1318, 293, 4489, 360, 641, 20174, 411, 13298, 514, 29161, 337]",16,6.649,unknown
pcm_f_PS2F2_ev_read_026,whisper-large-v3," Now past experience reflection, they help me make better decisions now.",-inf,-inf,"[-14.458126068115234, -Infinity, -15.439230918884277, -13.939000129699707, -15.86770248413086, -16.170988082885742, -20.93625831604004, -12.251669883728027, -14.626470565795898, -17.453834533691406, -14.190539360046387, -15.847711563110352, -15.65944766998291, -16.46085548400879]","[50259, 50360, 50364, 823, 1791, 1752, 12914, 11, 436, 854, 385, 652, 1101, 5327]",14,5.797,unknown
pcm_f_PS2F2_ev_read_313,whisper-large-v3," My sister, the work hand, she tell me say, how good not to be a billionaire.",-inf,-inf,"[-13.300204277038574, -Infinity, -14.23496150970459, -13.415149688720703, -12.13437557220459, -5.597166061401367, -11.40184497833252, -16.893413543701172, -14.533398628234863, -12.625529289245605, -2.888155460357666, -13.369823455810547, -13.545209884643555, -16.5928897857666, -4.804370880126953, -15.063593864440918, -16.719568252563477, -13.721491813659668, -11.120917320251465, -14.977583885192871, -13.298355102539062]","[50259, 50360, 50364, 1222, 4892, 11, 264, 589, 1011, 11, 750, 980, 385, 584, 11, 577, 665, 406, 281, 312, 257]",21,7.331,unknown
pcm_f_PT1F1_ev_read_494,whisper-large-v3, I don't get job for that company I tell you about.,-inf,-inf,"[-13.253511428833008, -Infinity, -20.886091232299805, -10.693942070007324, -12.743023872375488, -13.007134437561035, -13.197492599487305, -11.918007850646973, -11.088878631591797, -11.381324768066406, -17.19269561767578, -11.658878326416016, -12.962310791015625, -9.068982124328613]","[50259, 50360, 50364, 286, 500, 380, 483, 1691, 337, 300, 2237, 286, 980, 291]",14,5.824,unknown
pcm_f_PT1F1_ev_read_563,whisper-large-v3," To capture candid moments, they help families remember childhood beauty.",-inf,-inf,"[-13.624794006347656, -Infinity, -12.107244491577148, -14.99163818359375, -12.159845352172852, -17.301973342895508, -19.06083869934082, -11.597189903259277, -12.189887046813965, -17.54374122619629, -14.438044548034668, -15.69072437286377, -14.52588939666748]","[50259, 50360, 50364, 1407, 7983, 6268, 6065, 11, 436, 854, 4466, 1604, 9278]",13,6.044,unknown
pcm_f_PT1F2_ev_read_256,whisper-large-v3, I demerit it on the word of God and how I fit apply in my life.,-inf,-inf,"[-13.713483810424805, -Infinity, -18.34284019470215, -17.379859924316406, -10.524837493896484, -17.784305572509766, -19.032686233520508, -13.174936294555664, -12.313469886779785, -9.886466026306152, -17.04720115661621, -11.503173828125, -12.015007019042969, -12.637246131896973, -12.464454650878906, -4.479113578796387, -18.781831741333008, -21.25013542175293, -9.5802001953125, -13.02668571472168]","[50259, 50360, 50364, 286, 368, 936, 270, 309, 322, 264, 1349, 295, 1265, 293, 577, 286, 3318, 3079, 294, 452]",20,6.902,unknown
pcm_f_PT1F2_ev_read_280,whisper-large-v3, My morning log will complete without reflecting on God's grace in my life.,-inf,-inf,"[-11.232165336608887, -Infinity, -11.245723724365234, -16.039119720458984, -17.42281723022461, -17.711400985717773, -16.762800216674805, -17.97048568725586, -16.222251892089844, -19.925861358642578, -12.7294921875, -15.626849174499512, -18.219579696655273, -18.859758377075195, -11.221572875976562, -11.472681045532227]","[50259, 50360, 50364, 1222, 2446, 3565, 486, 3566, 1553, 23543, 322, 1265, 311, 10042, 294, 452]",16,6.013,unknown
pcm_f_PT1F2_ev_read_448,whisper-large-v3, I just start my day with some yoga to help me wake up.,-inf,-inf,"[-13.736285209655762, -Infinity, -15.190814971923828, -12.002080917358398, -16.687824249267578, -15.158479690551758, -10.817461013793945, -16.051311492919922, -10.446664810180664, -15.939253807067871, -19.797693252563477, -8.608278274536133, -15.844780921936035, -12.919876098632812, -13.827908515930176]","[50259, 50360, 50364, 286, 445, 722, 452, 786, 365, 512, 15128, 281, 854, 385, 6634]",15,5.994,unknown
pcm_f_PT1F2_ev_read_499,whisper-large-v3," I'd sweep and arrange the kitchen before I leave house, so no wahala.",-inf,-inf,"[-13.85714054107666, -Infinity, -12.680316925048828, -10.884167671203613, -13.473398208618164, -18.174713134765625, -13.876687049865723, -18.418930053710938, -9.884699821472168, -18.370643615722656, -11.03477668762207, -10.341598510742188, -13.154146194458008, -17.62017059326172, -4.414724826812744, -18.004608154296875, -12.428125381469727, -17.201263427734375]","[50259, 50360, 50364, 286, 1116, 22169, 293, 9424, 264, 6525, 949, 286, 1856, 1782, 11, 370, 572, 31979]",18,6.607,unknown
pcm_f_PT1F2_ev_read_583,whisper-large-v3," If elders plant three, now we go sit under the shed.",-inf,-inf,"[-12.428732872009277, -Infinity, -15.1521577835083, -12.051485061645508, -16.65875816345215, -14.532489776611328, -12.19721508026123, -9.22496509552002, -13.484213829040527, -14.573554039001465, -15.956158638000488, -12.675466537475586, -14.744743347167969, -10.460741996765137]","[50259, 50360, 50364, 759, 22737, 3709, 1045, 11, 586, 321, 352, 1394, 833, 264]",14,5.751,unknown
pcm_f_PT1F3_ev_read_423,whisper-large-v3, NANATURAL CLEANING PRODUCTS WE DO USE WHEN WE OVERREDUCE WASTE,-inf,-inf,"[-12.229233741760254, -Infinity, -11.808874130249023, -14.834681510925293, -10.938305854797363, -14.362018585205078, -15.562596321105957, -15.22008991241455, -12.926947593688965, -13.248115539550781, -17.298107147216797, -15.166196823120117, -18.423236846923828, -11.604602813720703, -13.544107437133789, -12.508465766906738, -12.39405632019043, -9.380413055419922, -15.818727493286133, -11.069711685180664, -7.498104095458984, -11.316551208496094, -18.228900909423828, -17.43412208557129, -18.06259536743164, -13.385809898376465, -13.885130882263184, -14.96701717376709]","[50259, 50360, 50364, 426, 1770, 2218, 7932, 3427, 383, 2634, 1770, 3017, 15008, 35, 23967, 7327, 15813, 10699, 2546, 36, 8183, 2195, 15813, 46090, 3850, 35, 52, 4969]",28,8.809,unknown
pcm_f_PT1F3_ev_read_482,whisper-large-v3, You fit use gas cooker instead of electric stove to save light.,-inf,-inf,"[-13.384702682495117, -Infinity, -12.83240032196045, -12.682655334472656, -14.691454887390137, -11.602553367614746, -15.628204345703125, -16.4545841217041, -16.844518661499023, -10.470514297485352, -12.79463005065918, -14.655966758728027, -9.111942291259766, -14.668496131896973]","[50259, 50360, 50364, 509, 3318, 764, 4211, 31476, 2602, 295, 5210, 19263, 281, 3155]",14,5.579,unknown
pcm_f_PT1F4_ev_read_147,whisper-large-v3, I don't deserve money where I go use build new house for my papa.,-inf,-inf,"[-13.168098449707031, -Infinity, -17.13727569580078, -9.2496337890625, -14.440896987915039, -14.700812339782715, -16.01485824584961, -15.300149917602539, -10.91523265838623, -11.49851131439209, -14.290053367614746, -14.094535827636719, -14.566898345947266, -12.8773832321167, -14.082387924194336, -11.868426322937012, -11.910432815551758]","[50259, 50360, 50364, 286, 500, 380, 9948, 1460, 689, 286, 352, 764, 1322, 777, 1782, 337, 452]",17,6.666,unknown
pcm_f_PT1F4_ev_read_417,whisper-large-v3," These things, still they shock me. Say some people they turn to cats, go scratch people for a dream.",-inf,-inf,"[-11.383929252624512, -Infinity, -13.245865821838379, -13.986717224121094, -12.73752212524414, -9.084325790405273, -13.500870704650879, -9.781079292297363, -16.8347110748291, -11.698019027709961, -11.066093444824219, -14.049393653869629, -10.356339454650879, -13.314916610717773, -10.890732765197754, -12.993427276611328, -5.19460391998291, -11.844780921936035, -9.12901496887207, -12.818963050842285, -18.063720703125, -15.912613868713379, -13.669534683227539, -11.226164817810059]","[50259, 50360, 50364, 1981, 721, 11, 920, 436, 5588, 385, 13, 6463, 512, 561, 436, 1261, 281, 11111, 11, 352, 8459, 561, 337, 257]",24,8.214,unknown
pcm_f_PT1F4_ev_read_434,whisper-large-v3, Will you please handle the situation where someone did accuse another person of using juju?,-inf,-inf,"[-10.517634391784668, -Infinity, -12.134973526000977, -13.120428085327148, -11.097784996032715, -15.753366470336914, -15.180147171020508, -6.548898220062256, -9.809610366821289, -13.843476295471191, -7.448655128479004, -15.574320793151855, -14.569967269897461, -14.999201774597168, -14.180330276489258, -14.139683723449707, -11.419239044189453, -10.783377647399902]","[50259, 50360, 50364, 3099, 291, 1767, 4813, 264, 2590, 689, 1580, 630, 43610, 1071, 954, 295, 1228, 3649]",18,6.902,unknown
pcm_f_PT1F4_ev_read_534,whisper-large-v3, I fit Balanzam by recognizing the humanity and imperfection for the role model and focus on the positive qualities.,-inf,-inf,"[-14.716748237609863, -Infinity, -12.273089408874512, -20.062862396240234, -15.066512107849121, -11.766373634338379, -20.577159881591797, -18.980161666870117, -14.879851341247559, -19.362321853637695, -5.902609825134277, -19.682933807373047, -7.725922107696533, -20.01308822631836, -18.298498153686523, -12.582792282104492, -11.05280590057373, -16.820724487304688, -17.800247192382812, -12.622413635253906, -14.104419708251953, -13.314743995666504, -9.197820663452148, -13.61784553527832]","[50259, 50360, 50364, 286, 3318, 13140, 3910, 335, 538, 18538, 264, 10243, 293, 26714, 313, 337, 264, 3090, 2316, 293, 1879, 322, 264, 3353]",24,8.198,unknown
pcm_f_PT1F4_ev_read_542,whisper-large-v3," Our feet look up to local success stories by reading their stories, listening to their challenges and learn from them.",-inf,-inf,"[-11.43404483795166, -Infinity, -15.424623489379883, -16.991804122924805, -17.32867431640625, -9.05240249633789, -15.064834594726562, -10.160967826843262, -17.254741668701172, -17.997222900390625, -7.446749210357666, -15.704707145690918, -12.972481727600098, -11.18881893157959, -15.908801078796387, -11.631063461303711, -16.28766632080078, -9.578507423400879, -11.339546203613281, -18.923519134521484, -12.313523292541504, -15.289935111999512, -12.8300199508667]","[50259, 50360, 50364, 2621, 3521, 574, 493, 281, 2654, 2245, 3676, 538, 3760, 641, 3676, 11, 4764, 281, 641, 4759, 293, 1466, 490]",23,7.759,unknown
pcm_f_PT2F1_ev_read_146,whisper-large-v3," And they make sure say I chop food, we get all the nutrients.",-inf,-inf,"[-13.635744094848633, -Infinity, -15.336187362670898, -12.291871070861816, -3.8658711910247803, -11.558815956115723, -11.32221508026123, -14.234046936035156, -6.525595664978027, -16.784549713134766, -16.408763885498047, -10.442596435546875, -10.698270797729492, -15.347929000854492, -11.299190521240234, -10.596982955932617]","[50259, 50360, 50364, 400, 436, 652, 988, 584, 286, 7931, 1755, 11, 321, 483, 439, 264]",16,6.01,unknown
pcm_f_PT2F1_ev_read_256,whisper-large-v3," My quiet time, now when I did read my book, I just did think a lot.",-inf,-inf,"[-12.704645156860352, -Infinity, -16.409561157226562, -12.764961242675781, -15.630088806152344, -12.114374160766602, -10.08285903930664, -9.707408905029297, -12.38522720336914, -10.6947603225708, -15.91596794128418, -14.661276817321777, -10.996598243713379, -16.43372344970703, -9.320880889892578, -10.949196815490723, -11.249398231506348, -16.553571701049805, -15.282498359680176, -12.892048835754395]","[50259, 50360, 50364, 1222, 5677, 565, 11, 586, 562, 286, 630, 1401, 452, 1446, 11, 286, 445, 630, 519, 257]",20,6.864,unknown
pcm_f_PT2F1_ev_read_267,whisper-large-v3," My sister, I just sit down. They think of all the good, good things they do.",-inf,-inf,"[-13.415026664733887, -Infinity, -12.46150016784668, -8.525357246398926, -14.566204071044922, -9.749004364013672, -12.8425874710083, -9.546221733093262, -12.865468978881836, -14.515035629272461, -11.210014343261719, -14.614545822143555, -14.603150367736816, -11.53492259979248, -10.503960609436035, -10.12694263458252, -11.809403419494629, -3.854142189025879, -15.091888427734375, -13.562499046325684, -9.861409187316895]","[50259, 50360, 50364, 1222, 4892, 11, 286, 445, 1394, 760, 13, 814, 519, 295, 439, 264, 665, 11, 665, 721, 436]",21,7.297,unknown
pcm_f_PT2F1_ev_read_307,whisper-large-v3, Now the sound of the gunshot wake me. Now I don't dey get headache.,-inf,-inf,"[-14.556998252868652, -Infinity, -16.554122924804688, -12.756654739379883, -0.13897255063056946, -12.164873123168945, -10.801153182983398, -13.060768127441406, -15.394405364990234, -18.341934204101562, -16.93886947631836, -12.3802490234375, -11.126418113708496, -15.548910140991211, -8.670308113098145, -14.11979866027832, -11.926057815551758, -9.833574295043945, -14.025891304016113, -14.312604904174805]","[50259, 50360, 50364, 823, 264, 1626, 295, 264, 3874, 18402, 6634, 385, 13, 823, 286, 500, 380, 368, 88, 483]",20,6.873,unknown
pcm_f_PT2F1_ev_read_331,whisper-large-v3," Uncle, good afternoon. You no good as you forget us were here.",-inf,-inf,"[-11.825970649719238, -Infinity, -14.752009391784668, -17.483821868896484, -2.037970542907715, -9.400079727172852, -14.902009963989258, -10.898218154907227, -9.978312492370605, -10.664496421813965, -14.401721000671387, -3.5999152660369873, -8.520139694213867, -16.032133102416992, -14.200111389160156, -13.793872833251953]","[50259, 50360, 50364, 12347, 11, 665, 6499, 13, 509, 572, 665, 382, 291, 2870, 505, 645]",16,6.21,unknown
pcm_f_PT2F1_ev_read_389,whisper-large-v3," I wake up with joy. It be like say, today go better past yesterday.",-inf,-inf,"[-13.541988372802734, -Infinity, -18.9254150390625, -9.69962215423584, -16.83057403564453, -11.665572166442871, -12.089651107788086, -16.283157348632812, -11.290948867797852, -13.102584838867188, -12.844221115112305, -12.98475170135498, -13.570883750915527, -9.577722549438477, -14.262032508850098, -16.865192413330078, -16.09074592590332, -15.045755386352539]","[50259, 50360, 50364, 286, 6634, 493, 365, 6258, 13, 467, 312, 411, 584, 11, 965, 352, 1101, 1791]",18,6.426,unknown
pcm_f_PT2F1_ev_read_483,whisper-large-v3, I did check all my WhatsApp messages before I sleep for night.,-inf,-inf,"[-15.140191078186035, -Infinity, -16.526174545288086, -11.166217803955078, -16.505571365356445, -13.960981369018555, -11.422253608703613, -13.141853332519531, -19.516080856323242, -18.040674209594727, -9.323076248168945, -10.849784851074219, -14.00799560546875, -11.703673362731934]","[50259, 50360, 50364, 286, 630, 1520, 439, 452, 30513, 7897, 949, 286, 2817, 337]",14,5.98,unknown
pcm_f_PT2F1_ev_read_571,whisper-large-v3," I don't tell you not to save money. I go use the one I save, pay my school fees.",-inf,-inf,"[-13.497349739074707, -Infinity, -20.465591430664062, -9.574979782104492, -13.512085914611816, -12.540825843811035, -12.171857833862305, -8.313270568847656, -12.892242431640625, -7.314048767089844, -14.670794486999512, -14.213659286499023, -9.319754600524902, -9.065692901611328, -14.178827285766602, -13.922289848327637, -14.108609199523926, -12.303290367126465, -9.318422317504883, -18.002946853637695, -14.032142639160156, -15.844803810119629, -14.121758460998535, -13.594724655151367]","[50259, 50360, 50364, 286, 500, 380, 980, 291, 406, 281, 3155, 1460, 13, 286, 352, 764, 264, 472, 286, 3155, 11, 1689, 452, 1395]",24,8.378,unknown
pcm_f_PT2F2_ev_read_183,whisper-large-v3, Where can we direct people to show love to themselves?,-inf,-inf,"[-9.714431762695312, -Infinity, -17.843215942382812, -13.864381790161133, -11.854162216186523, -11.079126358032227, -9.260220527648926, -12.235284805297852, -0.19084489345550537, -15.248541831970215, -15.014010429382324, -9.733308792114258]","[50259, 50360, 50364, 2305, 393, 321, 2047, 561, 281, 855, 959, 281]",12,5.12,unknown
pcm_f_PT2F2_ev_read_205,whisper-large-v3, Try this approach even if it is small as it will go far for them.,-inf,-inf,"[-14.509459495544434, -Infinity, -10.960749626159668, -14.470776557922363, -9.584632873535156, -17.009756088256836, -13.086040496826172, -13.300369262695312, -8.114180564880371, -8.33674144744873, -13.431342124938965, -12.18544864654541, -14.419034004211426, -14.502471923828125, -15.612393379211426, -14.340092658996582, -12.148273468017578]","[50259, 50360, 50364, 6526, 341, 3109, 754, 498, 309, 307, 1359, 382, 309, 486, 352, 1400, 337]",17,6.419,unknown
pcm_f_PT2F2_ev_read_274,whisper-large-v3, Let's go open for you Yakata with better career opportunities.,-inf,-inf,"[-11.027655601501465, -Infinity, -12.440656661987305, -12.655864715576172, -11.512341499328613, -11.530091285705566, -13.985513687133789, -14.690693855285645, -12.146317481994629, -17.771747589111328, -17.20729637145996, -14.667520523071289, -14.373984336853027, -14.540414810180664]","[50259, 50360, 50364, 961, 311, 352, 1269, 337, 291, 31484, 3274, 365, 1101, 3988]",14,5.996,unknown
pcm_f_PT2F2_ev_read_427,whisper-large-v3, Now your budget will determine whether you will de-chop your rice with turkey.,-inf,-inf,"[-13.310807228088379, -Infinity, -14.758452415466309, -11.77353572845459, -12.67237377166748, -14.613554954528809, -8.766436576843262, -10.244564056396484, -10.865730285644531, -12.553998947143555, -16.312170028686523, -17.598590850830078, -7.759795188903809, -18.394990921020508, -17.156511306762695, -5.015066623687744, -8.960721015930176, -12.412962913513184]","[50259, 50360, 50364, 823, 428, 4706, 486, 6997, 1968, 291, 486, 368, 12, 339, 404, 428, 5090, 365]",18,6.662,unknown
pcm_f_PT2F2_ev_read_474,whisper-large-v3," If you de-plan your future, monthly planning will help you achieve your financial dreams.",-inf,-inf,"[-12.210893630981445, -Infinity, -11.037162780761719, -12.960457801818848, -14.440022468566895, -14.52890396118164, -13.491578102111816, -17.493038177490234, -9.387429237365723, -13.19679069519043, -6.3978776931762695, -19.93904685974121, -16.90184783935547, -13.10283088684082, -15.193422317504883, -14.964234352111816, -14.496060371398926, -14.124494552612305, -11.854345321655273]","[50259, 50360, 50364, 759, 291, 368, 12, 16554, 428, 2027, 11, 12878, 5038, 486, 854, 291, 4584, 428, 4669]",19,6.659,unknown
pcm_f_PT2F3_ev_read_137,whisper-large-v3, That your picky mean business so she don't open saloon already.,-inf,-inf,"[-14.363385200500488, -Infinity, -14.249037742614746, -15.018791198730469, -15.005084991455078, -14.964505195617676, -15.399707794189453, -18.42331314086914, -16.613563537597656, -13.939908027648926, -14.801047325134277, -20.174232482910156, -16.15350914001465, -16.206796646118164, -16.41558265686035]","[50259, 50360, 50364, 663, 428, 41099, 914, 1606, 370, 750, 500, 380, 1269, 1845, 4106]",15,6.02,unknown
pcm_f_PT2F3_ev_read_458,whisper-large-v3," You never hear say age in a process. You know feet stop them, but your feet make them beautiful.",-inf,-inf,"[-12.911673545837402, -Infinity, -16.186037063598633, -11.614158630371094, -13.999934196472168, -14.40788459777832, -13.715166091918945, -16.828575134277344, -11.259088516235352, -14.993996620178223, -17.44462013244629, -8.698110580444336, -16.29813575744629, -12.98593807220459, -16.631118774414062, -16.376705169677734, -12.825647354125977, -17.375104904174805, -14.511870384216309, -12.815454483032227, -17.62574005126953, -16.5809383392334, -16.44475746154785]","[50259, 50360, 50364, 509, 1128, 1568, 584, 3205, 294, 257, 1399, 13, 509, 458, 3521, 1590, 552, 11, 457, 428, 3521, 652, 552]",23,7.554,unknown
pcm_f_PT3F2_ev_read_062,whisper-large-v3, regular appointment with the vet doctor fit be another way to fit bond with pet,-inf,-inf,"[-13.364168167114258, -Infinity, -18.893457412719727, -13.664718627929688, -15.037858009338379, -10.827343940734863, -9.395028114318848, -16.73979377746582, -19.8138370513916, -16.25105094909668, -13.813136100769043, -16.4808292388916, -14.925664901733398, -8.253360748291016, -12.00609302520752, -12.119428634643555]","[50259, 50360, 50364, 3890, 13653, 365, 264, 12423, 4631, 3318, 312, 1071, 636, 281, 3318, 6086]",16,6.678,unknown
pcm_f_PT3F2_ev_read_305,whisper-large-v3, I define way where I go take make this emotional connection deep.,-inf,-inf,"[-14.505925178527832, -Infinity, -15.286715507507324, -4.0335516929626465, -17.43570327758789, -14.121636390686035, -10.952853202819824, -10.272782325744629, -14.973553657531738, -16.837404251098633, -15.43864631652832, -11.050727844238281, -14.389872550964355, -14.447721481323242]","[50259, 50360, 50364, 286, 6964, 636, 689, 286, 352, 747, 652, 341, 6863, 4984]",14,5.803,unknown
pcm_f_PT3F2_ev_read_452,whisper-large-v3, Editing say decorations and lights they add for the festive atmosphere.,-inf,-inf,"[-15.980879783630371, -Infinity, -10.341243743896484, -13.850878715515137, -18.9483642578125, -18.02735137939453, -18.793886184692383, -12.636761665344238, -16.820823669433594, -11.69674015045166, -16.501893997192383, -13.737974166870117, -10.97198486328125, -17.1607666015625]","[50259, 50360, 50364, 3977, 1748, 584, 32367, 293, 5811, 436, 909, 337, 264, 42729]",14,6.233,unknown
pcm_f_PT3F2_ev_read_501,whisper-large-v3, I dey happy say my papa wan put gate for our house.,-inf,-inf,"[-12.237086296081543, -Infinity, -15.623044967651367, -10.324758529663086, -10.385953903198242, -7.560585975646973, -14.57003402709961, -13.636772155761719, -13.353082656860352, -19.625032424926758, -14.331082344055176, -14.868217468261719, -14.336677551269531, -11.833571434020996, -11.616844177246094]","[50259, 50360, 50364, 286, 368, 88, 2055, 584, 452, 31015, 46930, 829, 8539, 337, 527]",15,5.784,unknown
pcm_f_PT3F2_ev_read_502,whisper-large-v3, Why you leave your car key inside your car? You no do well at all.,-inf,-inf,"[-14.19173526763916, -Infinity, -16.042692184448242, -16.06121063232422, -12.06247615814209, -17.783906936645508, -11.01992416381836, -5.841784477233887, -13.720785140991211, -14.113525390625, -10.08475112915039, -14.345494270324707, -11.796671867370605, -14.44693660736084, -13.117807388305664, -15.134899139404297, -13.4204683303833, -13.801350593566895]","[50259, 50360, 50364, 1545, 291, 1856, 428, 1032, 2141, 1854, 428, 1032, 30, 509, 572, 360, 731, 412]",18,6.864,unknown
pcm_m_PAGS1M6_ag_spontaneous_383,whisper-large-v3, the heads men them arrange the cow according to their age how big them be the and how fine them be,-inf,-inf,"[-13.55894660949707, -Infinity, -14.962894439697266, -4.668341159820557, -18.42412567138672, -14.878312110900879, -14.22465991973877, -15.047322273254395, -11.000576972961426, -14.861186981201172, -15.403843879699707, -10.894460678100586, -12.225438117980957, -12.734694480895996, -11.320392608642578, -8.642531394958496, -8.620902061462402, -14.209135055541992, -9.881912231445312, -5.678608417510986, -13.21493148803711, -15.210685729980469]","[50259, 50360, 50364, 264, 8050, 1706, 552, 9424, 264, 8408, 4650, 281, 641, 3205, 577, 955, 552, 312, 264, 293, 577, 2489]",22,7.288,unknown
pcm_m_PAGS1M7_ag_spontaneous_112,whisper-large-v3, Them use computer create model of fan,-inf,-inf,"[-11.943302154541016, -Infinity, -14.014187812805176, -17.164352416992188, -13.286439895629883, -14.785709381103516, -13.682796478271484, -11.914202690124512]","[50259, 50360, 50364, 37354, 764, 3820, 1884, 2316]",8,4.451,unknown
pcm_m_PAGT1M10_ag_spontaneous_533,whisper-large-v3," As the land they naming root, come make the price of the farm cause pass others with the inside bush.",-inf,-inf,"[-10.36404037475586, -Infinity, -14.495149612426758, -11.947237968444824, -8.825377464294434, -10.759940147399902, -9.660944938659668, -15.321582794189453, -14.63862133026123, -6.35201358795166, -14.61539077758789, -11.99461555480957, -0.021282630041241646, -3.2803449630737305, -9.086648941040039, -7.798831939697266, -17.067157745361328, -11.794273376464844, -16.064498901367188, -16.865951538085938, -13.383994102478027, -10.221040725708008, -16.601722717285156]","[50259, 50360, 50364, 1018, 264, 2117, 436, 25290, 5593, 11, 808, 652, 264, 3218, 295, 264, 5421, 3082, 1320, 2357, 365, 264, 1854]",23,7.73,unknown
pcm_m_PAGT1M12_ag_spontaneous_204,whisper-large-v3, And she collect the garden boot and she plant ugu exactly where mama show her.,-inf,-inf,"[-12.829347610473633, -Infinity, -15.157905578613281, -13.630707740783691, -14.60806941986084, -13.133782386779785, -11.858927726745605, -15.8226900100708, -20.85481071472168, -8.245157241821289, -16.84976577758789, -13.164592742919922, -12.918221473693848, -18.39478874206543, -17.258649826049805, -13.626882553100586, -14.54751968383789, -14.802216529846191]","[50259, 50360, 50364, 400, 750, 2500, 264, 7431, 11450, 293, 750, 3709, 344, 2794, 2293, 689, 18775, 855]",18,6.639,unknown
pcm_m_PAGT1M13_ag_spontaneous_272,whisper-large-v3, Mama check the file mode if something there go on top or if it no good.,-inf,-inf,"[-12.392105102539062, -Infinity, -14.357491493225098, -15.381524085998535, -11.876068115234375, -10.154450416564941, -15.060944557189941, -14.998888969421387, -11.400809288024902, -14.14424991607666, -11.575364112854004, -10.791515350341797, -9.085660934448242, -12.802691459655762, -10.939763069152832, -15.445480346679688, -9.77042007446289, -12.501996040344238]","[50259, 50360, 50364, 17775, 1520, 264, 3991, 4391, 498, 746, 456, 352, 322, 1192, 420, 498, 309, 572]",18,6.662,unknown
pcm_m_PAGT1M15_ag_spontaneous_138,whisper-large-v3, Let me change track the Plowgoo workshop after I break.,-inf,-inf,"[-10.390209197998047, -Infinity, -12.011560440063477, -14.219823837280273, -12.429408073425293, -13.711578369140625, -15.300369262695312, -13.622998237609863, -15.043984413146973, -12.689970970153809, -18.52634048461914, -17.348581314086914, -15.588423728942871, -13.028985977172852, -7.321105003356934]","[50259, 50360, 50364, 961, 385, 1319, 2837, 264, 2149, 305, 1571, 78, 13541, 934, 286]",15,5.793,unknown
pcm_m_PAGT1M19_ag_spontaneous_239,whisper-large-v3," When my papa dey spread green leaf fertilizer for ground, he dey sing about harvest way in sea for him chidown.",-inf,-inf,"[-13.011161804199219, -Infinity, -12.380242347717285, -10.669681549072266, -13.928571701049805, -16.580228805541992, -9.718815803527832, -10.114571571350098, -14.381217002868652, -12.163494110107422, -14.01561450958252, -17.276512145996094, -10.518020629882812, -16.370147705078125, -16.41107177734375, -12.708230972290039, -11.686508178710938, -14.579608917236328, -14.619051933288574, -13.08993148803711, -14.27530288696289, -9.298704147338867, -5.561690330505371, -13.354450225830078, -15.98180866241455, -10.336502075195312, -13.088939666748047, -18.04900360107422]","[50259, 50360, 50364, 1133, 452, 31015, 368, 88, 3974, 3092, 10871, 31549, 337, 2727, 11, 415, 368, 88, 1522, 466, 11917, 636, 294, 4158, 337, 796, 417, 327]",28,8.622,unknown
pcm_m_PAGT1M52_ag_spontaneous_575,whisper-large-v3," Their rice cleaner, they remove stone before they put the rice for bag.",-inf,-inf,"[-16.004192352294922, -Infinity, -13.434863090515137, -14.118243217468262, -18.29221534729004, -19.2230224609375, -10.033323287963867, -14.07112979888916, -13.63990592956543, -16.886354446411133, -17.913368225097656, -15.594022750854492, -10.386603355407715, -8.16291618347168, -13.176976203918457, -21.531267166137695]","[50259, 50360, 50364, 6710, 5090, 16532, 11, 436, 4159, 7581, 949, 436, 829, 264, 5090, 337]",16,6.427,unknown
pcm_m_PAGT1M60_ag_spontaneous_035,whisper-large-v3," Because greenery grass, from far end, I'm planting for where grass not plenty.",-inf,-inf,"[-12.593245506286621, -Infinity, -15.867097854614258, -13.34347915649414, -13.1660795211792, -15.074732780456543, -14.77946662902832, -8.012640953063965, -7.12842321395874, -8.964253425598145, -13.699069023132324, -6.597606658935547, -9.095512390136719, -12.202183723449707, -14.237052917480469, -10.058520317077637, -12.17938232421875, -12.846339225769043, -12.998689651489258]","[50259, 50360, 50364, 1436, 3092, 2109, 8054, 11, 490, 1400, 917, 11, 286, 478, 20585, 337, 689, 8054, 406]",19,6.871,unknown
pcm_m_PAGT1M63_ag_spontaneous_524,whisper-large-v3, Them cut fresh aloe vera die and round the cuckoo tree make the smell drive animals,-inf,-inf,"[-12.99245834350586, -Infinity, -15.635759353637695, -15.969051361083984, -18.40745735168457, -16.544628143310547, -14.660823822021484, -14.838711738586426, -14.852962493896484, -13.076358795166016, -6.57305383682251, -9.286065101623535, -19.144573211669922, -19.306772232055664, -12.969968795776367, -16.745269775390625, -15.788641929626465, -11.519561767578125, -10.819169044494629, -4.137964725494385, -14.398979187011719]","[50259, 50360, 50364, 37354, 1723, 4451, 419, 7921, 1306, 64, 978, 293, 3098, 264, 269, 1134, 1986, 4230, 652, 264, 4316]",21,7.305,unknown
pcm_m_PAGT1M8_ag_spontaneous_026,whisper-large-v3," Then elders talk say if person savvy old body well to park, which if farm don't bring go better.",-inf,-inf,"[-11.779465675354004, -Infinity, -13.107163429260254, -10.656282424926758, -13.684718132019043, -15.949098587036133, -6.902098655700684, -11.573481559753418, -10.031768798828125, -15.116399765014648, -13.244157791137695, -14.322174072265625, -8.180037498474121, -8.483613967895508, -10.917754173278809, -7.4549150466918945, -12.116059303283691, -15.812067985534668, -14.67297649383545, -11.411388397216797, -11.80106258392334, -14.919751167297363, -13.241934776306152]","[50259, 50360, 50364, 1396, 22737, 751, 584, 498, 954, 47506, 1331, 1772, 731, 281, 3884, 11, 597, 498, 5421, 500, 380, 1565, 352]",23,7.958,unknown
pcm_m_PAGT1M9_ag_spontaneous_069,whisper-large-v3," Then they give more food for night, way cool to balance energy.",-inf,-inf,"[-11.486044883728027, -Infinity, -15.76589584350586, -15.30737590789795, -13.070568084716797, -15.682613372802734, -12.37592601776123, -12.951749801635742, -7.168647766113281, -15.622252464294434, -3.4823460578918457, -15.916069984436035, -15.72394847869873, -10.576175689697266, -15.170964241027832]","[50259, 50360, 50364, 1396, 436, 976, 544, 1755, 337, 1818, 11, 636, 1627, 281, 4772]",15,5.992,unknown
pcm_m_PAGT2M36_ag_spontaneous_212,whisper-large-v3," Children, they help dig small gutter round vegetable with them just plant.",-inf,-inf,"[-16.999582290649414, -Infinity, -17.993314743041992, -16.863555908203125, -12.907832145690918, -12.628396987915039, -14.08111572265625, -15.119236946105957, -11.989846229553223, -18.110029220581055, -14.840168952941895, -12.308696746826172, -12.992511749267578, -12.869390487670898, -9.661036491394043, -14.506697654724121]","[50259, 50360, 50364, 13354, 11, 436, 854, 2528, 1359, 5228, 391, 3098, 16356, 365, 552, 445]",16,6.409,unknown
pcm_m_PAGT2M36_ag_spontaneous_550,whisper-large-v3, Them join their harvester with trailer to carry crop go house.,-inf,-inf,"[-13.715666770935059, -Infinity, -14.464012145996094, -17.436458587646484, -23.731678009033203, -19.314842224121094, -15.212050437927246, -17.410308837890625, -18.744991302490234, -13.67164421081543, -13.42335319519043, -6.306994915008545, -15.346613883972168, -17.95682144165039, -13.055978775024414]","[50259, 50360, 50364, 37354, 3917, 641, 2233, 85, 3011, 365, 11724, 281, 3985, 9086, 352]",15,6.198,unknown
pcm_m_PAGT2M37_ag_spontaneous_183,whisper-large-v3," We they do famine, we not go kill soil, so land go last long for us.",-inf,-inf,"[-13.097240447998047, -Infinity, -16.17415428161621, -13.710936546325684, -8.909332275390625, -10.278233528137207, -18.91109275817871, -9.240848541259766, -13.568293571472168, -13.292766571044922, -12.226180076599121, -13.683283805847168, -8.510287284851074, -3.13955020904541, -12.133846282958984, -12.785167694091797, -12.631635665893555, -15.627754211425781, -14.453776359558105, -11.631735801696777]","[50259, 50360, 50364, 492, 436, 360, 42790, 11, 321, 406, 352, 1961, 6704, 11, 370, 2117, 352, 1036, 938, 337]",20,7.081,unknown
pcm_m_PAGT2M37_ag_spontaneous_230,whisper-large-v3, I've been teach my good to bow when them do celebration song performance.,-inf,-inf,"[-14.043543815612793, -Infinity, -17.450227737426758, -10.852815628051758, -12.305669784545898, -12.666631698608398, -12.618146896362305, -10.040416717529297, -15.340941429138184, -7.913383960723877, -12.423211097717285, -12.50009822845459, -15.122357368469238, -12.938011169433594, -15.973912239074707, -13.835966110229492]","[50259, 50360, 50364, 286, 600, 668, 2924, 452, 665, 281, 4503, 562, 552, 360, 14184, 2153]",16,6.001,unknown
pcm_m_PAGT2M42_ag_spontaneous_195,whisper-large-v3, If they follow the one way the lead and they say he trust them and they done the move before.,-inf,-inf,"[-13.808941841125488, -Infinity, -14.541726112365723, -12.78731632232666, -11.657100677490234, -14.18117904663086, -0.7489887475967407, -8.985860824584961, -9.88772201538086, -5.4630889892578125, -13.115402221679688, -4.903921127319336, -9.157062530517578, -14.811347007751465, -10.914580345153809, -15.482563018798828, -9.745952606201172, -12.970661163330078, -13.845220565795898, -13.883345603942871, -9.066143035888672, -18.60980224609375]","[50259, 50360, 50364, 759, 436, 1524, 264, 472, 636, 264, 1477, 293, 436, 584, 415, 3361, 552, 293, 436, 1096, 264, 1286]",22,7.513,unknown
pcm_m_PAGT2M42_ag_spontaneous_591,whisper-large-v3," My uncle old cutlass, the day inside shields. We be handmade, we be handmade. We done come tie with rope.",-inf,-inf,"[-13.786294937133789, -Infinity, -11.110930442810059, -12.363146781921387, -15.202667236328125, -11.646848678588867, -12.880828857421875, -18.491619110107422, -6.272961139678955, -4.727916240692139, -11.138448715209961, -14.075568199157715, -16.306304931640625, -11.213287353515625, -4.297713756561279, -8.029890060424805, -7.478470802307129, -10.575518608093262, -2.7491495609283447, -10.879775047302246, -15.251237869262695, -6.29311990737915, -13.124637603759766, -14.658451080322266, -14.342045783996582, -16.39610481262207, -12.559316635131836]","[50259, 50360, 50364, 1222, 9153, 1331, 1723, 14549, 11, 264, 786, 1854, 33466, 13, 492, 312, 39446, 11, 321, 312, 39446, 13, 492, 1096, 808, 7582, 365]",27,8.626,unknown
pcm_m_PAGT2M44_ag_spontaneous_080,whisper-large-v3, drip irrigation that the method when they use small small water when they drop from plastic pad when get who to water farm reduce,-inf,-inf,"[-17.71295738220215, -Infinity, -13.756284713745117, -14.772167205810547, -20.175931930541992, -9.460116386413574, -4.154253959655762, -14.926067352294922, -13.755941390991211, -14.737264633178711, -15.282514572143555, -14.035294532775879, -14.665987014770508, -15.498749732971191, -11.698180198669434, -15.189275741577148, -13.882108688354492, -10.280035018920898, -13.473694801330566, -15.132294654846191, -12.604482650756836, -10.504799842834473, -13.280762672424316, -8.383576393127441, -8.75428295135498]","[50259, 50360, 50364, 29376, 31753, 300, 264, 3170, 562, 436, 764, 1359, 1359, 1281, 562, 436, 3270, 490, 5900, 6887, 562, 483, 567, 281, 1281]",25,7.981,unknown
pcm_m_PBUT1M15_bu_spontaneous_130,whisper-large-v3, plenty money experts plenty money expats they advise make person use mobile app like capital to track daily spendings,-inf,-inf,"[-13.621115684509277, -Infinity, -14.03346061706543, -0.06543983519077301, -0.030850838869810104, -Infinity, -16.565916061401367, -14.418871879577637, -18.83356475830078, -17.188581466674805, -9.86290168762207, -18.927688598632812, -13.377111434936523, -14.751670837402344, -13.194137573242188, -9.977807998657227, -12.877942085266113, -16.569032669067383, -16.408912658691406, -12.64978313446045, -18.91327667236328, -11.17726993560791]","[50259, 50360, 50364, 7140, 1460, 8572, 7140, 1460, 1278, 1720, 436, 18312, 652, 954, 764, 6013, 724, 411, 4238, 281, 2837, 5212]",22,9.517,unknown
pcm_m_PBUT1M8_bu_spontaneous_555,whisper-large-v3, every person they save money every day if you help them to increase the money,-inf,-inf,"[-12.252458572387695, -Infinity, -12.504862785339355, -12.66816520690918, -13.891806602478027, -10.791872024536133, -15.816556930541992, -10.564512252807617, -9.086078643798828, -11.385943412780762, -11.277327537536621, -9.404111862182617, -15.221084594726562, -6.952322959899902, -12.84769058227539, -13.029842376708984]","[50259, 50360, 50364, 633, 954, 436, 3155, 1460, 633, 786, 498, 291, 854, 552, 281, 3488]",16,6.456,unknown
pcm_m_PECS1M19_ev_spontaneous_113,whisper-large-v3," The safety and security of all Nigerians, the paramount, the precedents of",-inf,-inf,"[-12.90616512298584, -Infinity, -20.339149475097656, -10.912952423095703, -11.190556526184082, -12.760381698608398, -16.767173767089844, -17.068113327026367, -11.440449714660645, -13.594406127929688, -15.290424346923828, -17.659183502197266, -2.123091697692871, -15.174375534057617, -13.332906723022461, -17.36661720275879, -9.488432884216309, -13.515408515930176]","[50259, 50360, 50364, 440, 4514, 293, 3825, 295, 439, 21489, 2567, 11, 264, 6220, 792, 11, 264, 16969]",18,6.681,unknown
pcm_m_PECS1M4_ev_spontaneous_011,whisper-large-v3," I always tell myself, if I work hard, I won't give up. Success goes to show.",-inf,-inf,"[-10.727136611938477, -Infinity, -16.09449005126953, -11.303340911865234, -8.27413272857666, -9.968221664428711, -15.222246170043945, -11.668758392333984, -14.376895904541016, -1.1177048683166504, -12.304549217224121, -11.758411407470703, -10.132311820983887, -11.071812629699707, -18.454387664794922, -12.724472999572754, -15.184618949890137, -13.919568061828613, -6.10276460647583, -14.269085884094238, -13.135770797729492, -11.724958419799805]","[50259, 50360, 50364, 286, 1009, 980, 2059, 11, 498, 286, 589, 1152, 11, 286, 1582, 380, 976, 493, 13, 23669, 1709, 281]",22,7.332,unknown
pcm_m_PECS1M4_ev_spontaneous_061,whisper-large-v3, The top five times police switch off against one extractor is when the problem shows you cannot.,-inf,-inf,"[-10.027032852172852, -Infinity, -10.96701717376709, -11.151185989379883, -12.128859519958496, -10.502660751342773, -10.989171028137207, -11.720355033874512, -15.521492004394531, -7.948747158050537, -12.489612579345703, -11.073592185974121, -15.871420860290527, -14.77087688446045, -9.48314380645752, -11.05262279510498, -3.88297438621521, -10.43218994140625, -15.841940879821777, -8.640645980834961]","[50259, 50360, 50364, 440, 1192, 1732, 1413, 3804, 3679, 766, 1970, 472, 8947, 284, 307, 562, 264, 1154, 3110, 291]",20,7.125,unknown
pcm_m_PECS2M1_ev_spontaneous_058,whisper-large-v3, What do they do to achieve your life goals? Do you get any plans?,-inf,-inf,"[-11.359209060668945, -Infinity, -15.03075885772705, -14.45483684539795, -9.14561653137207, -13.07546329498291, -14.893285751342773, -12.155433654785156, -16.586772918701172, -12.155206680297852, -16.150657653808594, -16.59480857849121, -11.960845947265625, -17.66425323486328, -13.001522064208984, -14.05053424835205, -12.183356285095215]","[50259, 50360, 50364, 708, 360, 436, 360, 281, 4584, 428, 993, 5493, 30, 1144, 291, 483, 604]",17,6.454,unknown
pcm_m_PECS2M1_ev_spontaneous_269,whisper-large-v3, everybody get their own culture and as them they take do things,-inf,-inf,"[-13.743908882141113, -Infinity, -18.501644134521484, -17.1754207611084, -12.777568817138672, -10.158729553222656, -13.766103744506836, -15.8622407913208, -7.168924808502197, -11.595732688903809, -8.280046463012695, -10.792585372924805, -9.930200576782227]","[50259, 50360, 50364, 2201, 483, 641, 1065, 3713, 293, 382, 552, 436, 747]",13,5.8,unknown
pcm_m_PECS2M1_ev_spontaneous_320,whisper-large-v3," If God help me and I get better, I will change to a new person.",-inf,-inf,"[-15.154568672180176, -Infinity, -14.767671585083008, -14.001349449157715, -12.02365493774414, -11.324953079223633, -15.301246643066406, -11.21440601348877, -2.6086156368255615, -15.439186096191406, -12.970230102539062, -13.097336769104004, -11.45488452911377, -15.724421501159668, -15.125494956970215, -15.032366752624512, -13.637901306152344, -13.979211807250977]","[50259, 50360, 50364, 759, 1265, 854, 385, 293, 286, 483, 1101, 11, 286, 486, 1319, 281, 257, 777]",18,7.091,unknown
pcm_m_PECS2M1_ev_spontaneous_360,whisper-large-v3, studies uh don't show say uh people where they they happy you know they get at attack quick,-inf,-inf,"[-14.658191680908203, -Infinity, -15.044986724853516, -15.300360679626465, -7.678018569946289, -14.825143814086914, -16.677122116088867, -18.906543731689453, -11.353046417236328, -13.440862655639648, -12.044716835021973, -15.72240924835205, -4.252292633056641, -11.062539100646973, -18.06793975830078, -13.739991188049316, -12.997621536254883, -12.958803176879883, -15.233458518981934, -7.220473766326904]","[50259, 50360, 50364, 5313, 2232, 500, 380, 855, 584, 2232, 561, 689, 436, 436, 2055, 291, 458, 436, 483, 412]",20,7.082,unknown
pcm_m_PECS2M1_ev_spontaneous_425,whisper-large-v3, Congo realistically need two big wins to spoil the party.,-inf,-inf,"[-15.13571834564209, -Infinity, -15.367708206176758, -19.484901428222656, -18.451534271240234, -16.55525016784668, -11.366251945495605, -15.391096115112305, -16.351898193359375, -13.506503105163574, -19.14182472229004, -12.576382637023926]","[50259, 50360, 50364, 42839, 40734, 643, 732, 955, 10641, 281, 18630, 264]",12,5.337,unknown
pcm_m_PECS2M1_ev_spontaneous_488,whisper-large-v3, They call me inside office and tell me the bad news.,-inf,-inf,"[-12.145720481872559, -Infinity, -18.779190063476562, -13.176179885864258, -15.874194145202637, -11.643942832946777, -16.380695343017578, -18.987363815307617, -11.613412857055664, -13.417073249816895, -5.59883975982666, -11.376334190368652, -11.7982177734375]","[50259, 50360, 50364, 814, 818, 385, 1854, 3398, 293, 980, 385, 264, 1578]",13,5.556,unknown
pcm_m_PECS2M1_ev_spontaneous_571,whisper-large-v3," Nakalu brother win the wrestling competition, they do for the community.",-inf,-inf,"[-12.794553756713867, -Infinity, -11.573385238647461, -14.832855224609375, -17.450088500976562, -13.790273666381836, -13.424478530883789, -4.2543230056762695, -12.582853317260742, -12.00554084777832, -6.161574840545654, -5.929098129272461, -14.168795585632324, -9.452095985412598, -11.530261039733887]","[50259, 50360, 50364, 25779, 4929, 3708, 1942, 264, 19274, 6211, 11, 436, 360, 337, 264]",15,5.766,unknown
pcm_m_PECT1M107_ev_spontaneous_270,whisper-large-v3, I want to become governor of a new state because I don't ever de-marginalize as simply like this before.,-inf,-inf,"[-12.385796546936035, -Infinity, -18.016151428222656, -9.907470703125, -14.260464668273926, -7.45843505859375, -12.15649700164795, -10.627391815185547, -10.721172332763672, -9.586299896240234, -11.725418090820312, -14.945722579956055, -15.630725860595703, -9.582658767700195, -10.124330520629883, -13.700647354125977, -12.663296699523926, -21.266176223754883, -7.588043212890625, -17.811147689819336, -16.07979965209961, -13.216570854187012, -16.079586029052734, -9.009255409240723, -15.199869155883789, -12.687063217163086, -11.038679122924805]","[50259, 50360, 50364, 286, 528, 281, 1813, 12965, 295, 257, 777, 1785, 570, 286, 500, 380, 1562, 368, 12, 6209, 1494, 304, 1125, 382, 2935, 411, 341]",27,8.575,unknown
pcm_m_PECT1M113_ev_spontaneous_084,whisper-large-v3, Turks remake the Investigate the National Service from 2018-2024.,-inf,-inf,"[-12.594079971313477, -Infinity, -12.899518966674805, -15.465544700622559, -16.155759811401367, -0.19099529087543488, -15.714550018310547, -10.40605640411377, -9.894726753234863, -14.157559394836426, -15.590038299560547, -12.24510669708252, -17.779226303100586, -6.421085357666016, -14.301499366760254]","[50259, 50360, 50364, 42275, 28582, 264, 42030, 473, 264, 4862, 9561, 490, 6096, 12, 2009]",15,6.425,unknown
pcm_m_PECT1M115_ev_spontaneous_554,whisper-large-v3," Family, they play biggest role in passing down our cultural traditions.",-inf,-inf,"[-13.491434097290039, -Infinity, -18.855722427368164, -19.607524871826172, -9.798052787780762, -14.141725540161133, -17.380870819091797, -19.118867874145508, -19.282514572143555, -11.001859664916992, -18.667747497558594, -17.105884552001953, -14.001425743103027, -16.81367301940918]","[50259, 50360, 50364, 11661, 11, 436, 862, 3880, 3090, 294, 8437, 760, 527, 6988]",14,5.783,unknown
pcm_m_PECT1M116_ev_spontaneous_173,whisper-large-v3, i did only check out with the use water and light for app so we no go use pass our budget,-inf,-inf,"[-12.603198051452637, -Infinity, -12.980196952819824, -9.355790138244629, -13.853020668029785, -10.17978286743164, -15.284489631652832, -11.740753173828125, -7.79740047454834, -10.364234924316406, -13.836812019348145, -9.166794776916504, -10.927932739257812, -13.917709350585938, -12.013640403747559, -15.428698539733887, -11.48784351348877, -8.908269882202148, -11.56455135345459, -13.337050437927246, -15.129508972167969, -12.187408447265625]","[50259, 50360, 50364, 741, 630, 787, 1520, 484, 365, 264, 764, 1281, 293, 1442, 337, 724, 370, 321, 572, 352, 764, 1320]",22,7.31,unknown
pcm_m_PECT1M116_ev_spontaneous_177,whisper-large-v3, they always shake the meter within herself to confirm say monthly be with them they give her correct,-inf,-inf,"[-11.071038246154785, -Infinity, -13.849081039428711, -7.59171199798584, -14.880935668945312, -17.849807739257812, -9.04707145690918, -17.01778793334961, -12.20971965789795, -9.786849975585938, -8.710417747497559, -15.215276718139648, -15.031015396118164, -16.775821685791016, -11.293683052062988, -14.750105857849121, -9.474337577819824, -12.848686218261719, -13.128314971923828]","[50259, 50360, 50364, 436, 1009, 10283, 264, 9255, 1951, 7530, 281, 9064, 584, 12878, 312, 365, 552, 436, 976]",19,7.098,unknown
pcm_m_PECT1M119_ev_spontaneous_320,whisper-large-v3," People where they live close, suppose know when to give each other space.",-inf,-inf,"[-17.5854434967041, -Infinity, -19.94785499572754, -17.381608963012695, -14.043963432312012, -9.1851167678833, -14.703802108764648, -13.589451789855957, -2.888446569442749, -19.602750778198242, -14.376935958862305, -15.659597396850586, -10.101114273071289, -14.270893096923828, -15.825610160827637, -19.39103126525879]","[50259, 50360, 50364, 3432, 689, 436, 1621, 1998, 11, 7297, 458, 562, 281, 976, 1184, 661]",16,6.46,unknown
pcm_m_PECT1M125_ev_spontaneous_111,whisper-large-v3, Which thing you did do to take build strong support network?,-inf,-inf,"[-11.902606964111328, -Infinity, -15.17562198638916, -14.172811508178711, -12.929325103759766, -8.958613395690918, -10.483626365661621, -8.853946685791016, -8.24610424041748, -15.387640953063965, -15.958388328552246, -15.092588424682617, -16.40839385986328]","[50259, 50360, 50364, 3013, 551, 291, 630, 360, 281, 747, 1322, 2068, 1406]",13,5.368,unknown
pcm_m_PECT1M125_ev_spontaneous_447,whisper-large-v3, Try to understand the reason why the government never pay.,-inf,-inf,"[-16.826509475708008, -Infinity, -17.227584838867188, -18.939159393310547, -15.63366413116455, -18.330896377563477, -0.00404017511755228, -18.30679702758789, -12.372137069702148, -14.707809448242188, -15.084566116333008, -17.644485473632812]","[50259, 50360, 50364, 6526, 281, 1223, 264, 1778, 983, 264, 2463, 1128]",12,5.365,unknown
pcm_m_PECT1M12_ev_spontaneous_057,whisper-large-v3," This is a big thing for my community. Just like that, we don't get bored.",-inf,-inf,"[-13.112549781799316, -Infinity, -14.429049491882324, -13.436563491821289, -10.751838684082031, -10.982833862304688, -15.323287010192871, -14.505188941955566, -9.233707427978516, -14.646596908569336, -17.65175437927246, -11.475924491882324, -15.614015579223633, -12.109001159667969, -12.142010688781738, -13.439957618713379, -11.395852088928223, -10.261581420898438, -13.144896507263184, -15.13333797454834]","[50259, 50360, 50364, 639, 307, 257, 955, 551, 337, 452, 1768, 13, 1449, 411, 300, 11, 321, 500, 380, 483]",20,7.109,unknown
pcm_m_PECT1M132_ev_spontaneous_008,whisper-large-v3, 30 BN goes out on Tuesday and another 125 BN in 21 days.,-inf,-inf,"[-12.552062034606934, -Infinity, -15.073856353759766, -13.674556732177734, -14.104692459106445, -17.910381317138672, -15.233572006225586, -13.161544799804688, -8.028753280639648, -17.681743621826172, -10.600008010864258, -16.81594467163086, -16.42488670349121, -15.65147876739502, -15.203886032104492, -8.54609489440918, -11.718449592590332]","[50259, 50360, 50364, 2217, 363, 45, 1709, 484, 322, 10017, 293, 1071, 25276, 363, 45, 294, 5080]",17,6.446,unknown
pcm_m_PECT1M135_ev_spontaneous_553,whisper-large-v3," Them they thankful, but them still won't make their identity no depend on the money with them they collect from others.",-inf,-inf,"[-11.269705772399902, -Infinity, -15.534618377685547, -14.410771369934082, -8.827081680297852, -14.551560401916504, -8.450224876403809, -12.257643699645996, -17.31502914428711, -12.02098274230957, -2.9153871536254883, -14.010443687438965, -11.195164680480957, -16.086278915405273, -19.522329330444336, -11.206162452697754, -20.287433624267578, -11.907922744750977, -7.049814224243164, -14.62016773223877, -14.892784118652344, -9.253312110900879, -12.954252243041992, -18.099504470825195, -13.02296257019043]","[50259, 50360, 50364, 37354, 436, 13611, 11, 457, 552, 920, 1582, 380, 652, 641, 6575, 572, 5672, 322, 264, 1460, 365, 552, 436, 2500, 490]",25,8.625,unknown
pcm_m_PECT1M144_ev_spontaneous_209,whisper-large-v3," She there calm, conscious and they talk till the end, Prani recall.",-inf,-inf,"[-13.03566837310791, -Infinity, -15.2943696975708, -13.936291694641113, -13.84539794921875, -15.45641803741455, -7.3427276611328125, -17.640487670898438, -9.155017852783203, -6.092475891113281, -16.034177780151367, -8.739091873168945, -7.982728481292725, -14.932759284973145, -3.422250509262085, -14.47662353515625, -15.240296363830566]","[50259, 50360, 50364, 1240, 456, 7151, 11, 6648, 293, 436, 751, 4288, 264, 917, 11, 2114, 3782]",17,6.656,unknown
pcm_m_PECT1M14_ev_spontaneous_142,whisper-large-v3," Everybody get waiting them feet discuss I'm waiting them no feet, ehm, discuss, eh?",-inf,-inf,"[-12.208050727844238, -Infinity, -12.384044647216797, -16.916549682617188, -11.027009010314941, -14.652700424194336, -9.717597961425781, -15.318524360656738, -14.659645080566406, -10.108864784240723, -11.441429138183594, -18.654478073120117, -9.009347915649414, -9.863293647766113, -15.079051971435547, -0.3558734059333801, -9.30870246887207, -14.844162940979004, -11.119635581970215, -15.490408897399902, -13.39962100982666]","[50259, 50360, 50364, 7646, 483, 3806, 552, 3521, 2248, 286, 478, 3806, 552, 572, 3521, 11, 7670, 76, 11, 2248, 11]",21,7.091,unknown
pcm_m_PECT1M19_ev_spontaneous_268,whisper-large-v3, We don dey buy plenty cloth and food for di day di welcome party.,-inf,-inf,"[-12.759880065917969, -Infinity, -12.18285083770752, -16.86158561706543, -12.934896469116211, -12.545940399169922, -11.29041576385498, -14.890424728393555, -16.77414894104004, -14.339164733886719, -10.28982925415039, -10.935053825378418, -11.369640350341797, -11.751924514770508, -10.143547058105469, -10.055469512939453, -11.998281478881836]","[50259, 50360, 50364, 492, 500, 368, 88, 2256, 7140, 13619, 293, 1755, 337, 1026, 786, 1026, 2928]",17,6.659,unknown
pcm_m_PECT1M34_ev_spontaneous_057,whisper-large-v3, I did check the fluid we have for mirrors for our commode.,-inf,-inf,"[-13.13732624053955, -Infinity, -13.092615127563477, -9.893574714660645, -12.160162925720215, -10.732975959777832, -10.025588035583496, -10.877374649047852, -7.460881233215332, -11.181754112243652, -8.432222366333008, -7.902632236480713, -14.989167213439941, -11.828054428100586, -14.130816459655762]","[50259, 50360, 50364, 286, 630, 1520, 264, 9113, 321, 362, 337, 24238, 337, 527, 800]",15,6.216,unknown
pcm_m_PECT1M35_ev_spontaneous_173,whisper-large-v3," According to the Nigerian police, the ECMR will provide a first-hand database for the police to use to fight vehicular crimes.",-inf,-inf,"[-15.4042329788208, -Infinity, -16.082977294921875, -17.796823501586914, -18.580886840820312, -9.822525024414062, -17.355022430419922, -16.50847816467285, -10.205621719360352, -10.581541061401367, -10.589006423950195, -17.996315002441406, -17.560344696044922, -13.715950012207031, -15.594635963439941, -15.474987983703613, -12.99698543548584, -9.904027938842773, -15.462406158447266, -16.687789916992188, -7.2987565994262695, -10.74638843536377, -12.075993537902832, -9.857819557189941, -11.291555404663086, -23.713966369628906, -13.43695068359375, -20.436634063720703, -18.91111183166504]","[50259, 50360, 50364, 7328, 281, 264, 21489, 952, 3804, 11, 264, 19081, 21173, 486, 2893, 257, 700, 12, 5543, 8149, 337, 264, 3804, 281, 764, 281, 2092, 4221, 14646]",29,8.855,unknown
pcm_m_PECT1M43_ev_spontaneous_294,whisper-large-v3," To show gratitude most times, no need much, na simple thank you.",-inf,-inf,"[-11.62777042388916, -Infinity, -14.639947891235352, -13.790316581726074, -16.363767623901367, -17.003129959106445, -13.181042671203613, -14.84993839263916, -9.443819999694824, -10.412393569946289, -9.159361839294434, -14.240663528442383, -3.1512858867645264, -16.78413200378418, -15.7281494140625, -12.22461986541748]","[50259, 50360, 50364, 1407, 855, 16935, 881, 1413, 11, 572, 643, 709, 11, 1667, 2199, 1309]",16,6.461,unknown
pcm_m_PECT1M55_ev_spontaneous_251,whisper-large-v3," Cut the peeling when they come into small size, they become small, small.",-inf,-inf,"[-13.644610404968262, -Infinity, -13.50825023651123, -10.66266918182373, -4.098050117492676, -16.913822174072266, -12.764101028442383, -11.328716278076172, -14.02932071685791, -11.065815925598145, -8.902806282043457, -11.454360961914062, -7.321928024291992, -11.056242942810059, -16.914552688598633, -5.513336658477783, -14.692726135253906]","[50259, 50360, 50364, 9431, 264, 39926, 562, 436, 808, 666, 1359, 2744, 11, 436, 1813, 1359, 11]",17,6.432,unknown
pcm_m_PECT1M68_ev_spontaneous_123,whisper-large-v3," I don't agree for this one. No way. Oh, no way. We died here.",-inf,-inf,"[-13.005864143371582, -Infinity, -18.95601463317871, -10.107889175415039, -11.44223690032959, -14.068761825561523, -12.051356315612793, -10.612443923950195, -12.020953178405762, -9.017555236816406, -0.6516991257667542, -0.39155828952789307, -10.578215599060059, -16.033899307250977, -20.783308029174805, -5.629812240600586, -13.90846061706543, -19.86424446105957, -2.879345178604126, -15.794170379638672, -18.05559539794922]","[50259, 50360, 50364, 286, 500, 380, 3986, 337, 341, 472, 13, 883, 636, 13, 876, 11, 572, 636, 13, 492, 4539]",21,7.307,unknown
pcm_m_PECT1M68_ev_spontaneous_222,whisper-large-v3, Let that small girl be the pride of our nation and see him go do well.,-inf,-inf,"[-10.808271408081055, -Infinity, -11.276790618896484, -12.40754222869873, -8.81068229675293, -12.954581260681152, -14.908780097961426, -12.411022186279297, -5.2802815437316895, -13.936212539672852, -10.807435035705566, -8.926847457885742, -14.106330871582031, -6.5619072914123535, -12.468544960021973, -11.397889137268066, -13.60047435760498, -13.178034782409668]","[50259, 50360, 50364, 961, 300, 1359, 2013, 312, 264, 10936, 295, 527, 4790, 293, 536, 796, 352, 360]",18,6.642,unknown
pcm_m_PECT2M10_ev_spontaneous_314,whisper-large-v3, She waka go both schools by herself before she finally decide where to put her picking.,-inf,-inf,"[-11.536567687988281, -Infinity, -15.05854606628418, -14.043353080749512, -14.378046035766602, -17.07785415649414, -14.097081184387207, -15.314142227172852, -18.163524627685547, -13.789671897888184, -16.774188995361328, -16.48748016357422, -13.348188400268555, -16.414060592651367, -15.470871925354004, -12.450723648071289, -11.437760353088379, -14.283365249633789, -12.127143859863281]","[50259, 50360, 50364, 1240, 261, 7849, 352, 1293, 4656, 538, 7530, 949, 750, 2721, 4536, 689, 281, 829, 720]",19,7.092,unknown
pcm_m_PECT2M15_ev_spontaneous_134,whisper-large-v3," I like the way my picking, where my picking the play ball. I go put down for football academy.",-inf,-inf,"[-10.504292488098145, -Infinity, -13.390493392944336, -9.890887260437012, -11.062833786010742, -10.281022071838379, -2.979745388031006, -5.129621505737305, -9.697948455810547, -12.252813339233398, -10.960447311401367, -10.639568328857422, -14.857839584350586, -10.182032585144043, -14.041644096374512, -13.454819679260254, -9.824113845825195, -6.379447937011719, -11.092056274414062, -9.951519012451172, -14.641534805297852, -9.916149139404297, -8.888761520385742]","[50259, 50360, 50364, 286, 411, 264, 636, 452, 8867, 11, 689, 452, 8867, 264, 862, 2594, 13, 286, 352, 829, 760, 337, 7346]",23,7.512,unknown
pcm_m_PECT2M20_ev_spontaneous_395,whisper-large-v3," Just as you think let people know your limit, try know other people limit.",-inf,-inf,"[-12.619184494018555, -Infinity, -18.36307144165039, -12.3226318359375, -12.464293479919434, -9.077179908752441, -11.806608200073242, -13.732125282287598, -14.415968894958496, -11.276561737060547, -11.692076683044434, -14.724468231201172, -8.826266288757324, -16.640933990478516, -13.579686164855957, -12.081740379333496, -13.949830055236816]","[50259, 50360, 50364, 1449, 382, 291, 519, 718, 561, 458, 428, 4948, 11, 853, 458, 661, 561]",17,6.647,unknown
pcm_m_PECT2M22_ev_spontaneous_008,whisper-large-v3," Modern leaders, they allow their workers to contribute their ideas.",-inf,-inf,"[-17.603361129760742, -Infinity, -15.631268501281738, -21.312602996826172, -22.86184310913086, -11.937636375427246, -16.563074111938477, -19.687803268432617, -16.656335830688477, -19.635164260864258, -16.11131477355957, -20.694772720336914, -17.15629768371582]","[50259, 50360, 50364, 19814, 3523, 11, 436, 2089, 641, 5600, 281, 10586, 641]",13,5.552,unknown
pcm_m_PECT2M23_ev_spontaneous_041,whisper-large-v3, I desweep floor instead of using vacuum cleaner to reduce electricity use.,-inf,-inf,"[-15.33069896697998, -Infinity, -15.122106552124023, -14.565255165100098, -13.658343315124512, -17.60833168029785, -19.184181213378906, -14.858843803405762, -14.277109146118164, -14.20522689819336, -10.817997932434082, -18.533647537231445, -17.863052368164062, -7.354308128356934, -15.427834510803223, -14.194436073303223]","[50259, 50360, 50364, 286, 730, 826, 595, 4123, 2602, 295, 1228, 14224, 16532, 281, 5407, 10356]",16,6.429,unknown
pcm_m_PECT2M24_ev_spontaneous_297,whisper-large-v3, Religious places sometimes they offer small caregiving support for members.,-inf,-inf,"[-13.43014144897461, -Infinity, -14.663261413574219, -17.243698120117188, -17.48235511779785, -16.127954483032227, -14.25285816192627, -10.533966064453125, -17.048599243164062, -12.706534385681152, -15.971036911010742, -20.87948989868164, -15.86368179321289, -15.469437599182129]","[50259, 50360, 50364, 8738, 21883, 3190, 2171, 436, 2626, 1359, 1127, 15441, 1406, 337]",14,6.443,unknown
pcm_m_PECT2M29_ev_spontaneous_211,whisper-large-v3," As I dey take handle dis matter, make me no say I don dey grow.",-inf,-inf,"[-11.492456436157227, -Infinity, -13.507404327392578, -17.02888298034668, -11.218016624450684, -12.026581764221191, -11.331164360046387, -14.964378356933594, -16.27488136291504, -12.613991737365723, -12.845141410827637, -8.03352165222168, -13.62907600402832, -12.347223281860352, -10.852315902709961, -11.322037696838379, -18.500886917114258, -14.1002197265625, -13.0111665725708, -14.603250503540039]","[50259, 50360, 50364, 1018, 286, 368, 88, 747, 4813, 717, 1871, 11, 652, 385, 572, 584, 286, 500, 368, 88]",20,7.103,unknown
pcm_m_PECT2M34_ev_spontaneous_083,whisper-large-v3, Wait for me. Make I help this old woman crossroad.,-inf,-inf,"[-13.908984184265137, -Infinity, -18.01683807373047, -11.47476577758789, -13.75931453704834, -7.510422706604004, -10.54088306427002, -15.034337997436523, -11.22549057006836, -15.565173149108887, -12.15145492553711, -11.752964973449707, -14.55959701538086, -11.237371444702148]","[50259, 50360, 50364, 3802, 337, 385, 13, 4387, 286, 854, 341, 1331, 3059, 3278]",14,5.789,unknown
pcm_m_PECT2M34_ev_spontaneous_123,whisper-large-v3," They play a big role in a conflict resolution by promoting understanding and empathy, reduce tension and anger.",-inf,-inf,"[-10.339829444885254, -Infinity, -18.145751953125, -15.788546562194824, -10.512062072753906, -10.00357437133789, -12.997057914733887, -17.900671005249023, -12.221309661865234, -12.308391571044922, -16.72496795654297, -14.416091918945312, -10.449335098266602, -15.866185188293457, -15.272991180419922, -6.82574987411499, -16.461469650268555, -3.0525147914886475, -18.270505905151367, -16.51943588256836, -11.034865379333496]","[50259, 50360, 50364, 814, 862, 257, 955, 3090, 294, 257, 6596, 8669, 538, 16383, 3701, 293, 18701, 11, 5407, 8980, 293]",21,7.34,unknown
pcm_m_PECT2M35_ev_spontaneous_422,whisper-large-v3, go where people you like they go if it be club or church,-inf,-inf,"[-13.377764701843262, -Infinity, -17.403064727783203, -10.570169448852539, -14.146247863769531, -9.847261428833008, -8.452579498291016, -11.369548797607422, -10.126398086547852, -13.9959716796875, -13.929542541503906, -14.50191593170166, -14.845870971679688, -12.049976348876953]","[50259, 50360, 50364, 352, 689, 561, 291, 411, 436, 352, 498, 309, 312, 6482]",14,6.464,unknown
pcm_m_PECT2M4_ev_spontaneous_348,whisper-large-v3," You know Abi, you know Abi you know Say one man food and another man poison",-inf,-inf,"[-11.034645080566406, -Infinity, -12.3516206741333, -2.648754835128784, -6.998268127441406, -16.926271438598633, -3.815129041671753, -0.5661606788635254, -0.013008375652134418, -Infinity, -8.064390182495117, -14.284794807434082, -14.073119163513184, -9.395323753356934, -8.627047538757324, -14.671873092651367, -10.333186149597168, -13.364323616027832]","[50259, 50360, 50364, 509, 458, 31205, 11, 291, 458, 31205, 291, 458, 6463, 472, 587, 1755, 293, 1071]",18,7.108,unknown
pcm_m_PECT2M60_ev_spontaneous_346,whisper-large-v3, Blessing free come from your hard work make you continue.,-inf,-inf,"[-12.057663917541504, -Infinity, -11.653079986572266, -16.782434463500977, -16.46512794494629, -16.51219367980957, -16.274776458740234, -14.64981460571289, -12.43848705291748, -16.498722076416016, -13.385286331176758, -12.167389869689941, -6.745509624481201]","[50259, 50360, 50364, 21562, 278, 1737, 808, 490, 428, 1152, 589, 652, 291]",13,5.58,unknown
pcm_m_PECT2M62_ev_spontaneous_203,whisper-large-v3, our pastor turk say no weapon fashioned against us grew prosper and i received harm,-inf,-inf,"[-13.7354154586792, -Infinity, -11.725906372070312, -17.71666145324707, -14.778619766235352, -14.389650344848633, -15.187644958496094, -14.252427101135254, -14.273247718811035, -16.86574935913086, -14.802085876464844, -14.047425270080566, -12.73759937286377, -13.319024085998535, -17.698627471923828, -7.681612014770508, -7.987602710723877]","[50259, 50360, 50364, 527, 21193, 3243, 74, 584, 572, 7463, 40646, 1970, 505, 6109, 14381, 293, 741]",17,6.447,unknown
pcm_m_PECT2M72_ev_spontaneous_498,whisper-large-v3, She managed to crawl out from under the rubble and her husband also make him out alive.,-inf,-inf,"[-15.444808006286621, -Infinity, -23.801063537597656, -20.765819549560547, -18.641040802001953, -11.815346717834473, -20.266843795776367, -14.657920837402344, -15.047759056091309, -19.488378524780273, -13.831003189086914, -18.32393455505371, -20.141035079956055, -8.484686851501465, -12.000528335571289, -11.179797172546387, -13.951827049255371, -22.613311767578125, -17.739967346191406, -19.47471809387207]","[50259, 50360, 50364, 1240, 6453, 281, 24767, 484, 490, 833, 264, 5915, 638, 293, 720, 5213, 611, 652, 796, 484]",20,7.321,unknown
pcm_m_PECT2M72_ev_spontaneous_591,whisper-large-v3, Writers tell BBC say the National Security Council no go comment on personnel matters.,-inf,-inf,"[-14.635785102844238, -Infinity, -13.85062026977539, -10.819790840148926, -19.101781845092773, -15.037537574768066, -13.506248474121094, -19.11049461364746, -13.869481086730957, -12.908171653747559, -16.642784118652344, -18.163198471069336, -11.755290985107422, -13.651389122009277, -16.887239456176758, -6.976537704467773, -14.226546287536621]","[50259, 50360, 50364, 343, 39335, 980, 22669, 584, 264, 4862, 11164, 7076, 572, 352, 2871, 322, 14988]",17,6.459,unknown
pcm_m_PECT2M77_ev_spontaneous_342,whisper-large-v3, the guy toxic in the cell for traffic because in no get job,-inf,-inf,"[-14.422258377075195, -Infinity, -11.568859100341797, -9.850672721862793, -17.458885192871094, -17.35517120361328, -12.681385040283203, -10.206238746643066, -15.181696891784668, -12.850788116455078, -11.289193153381348, -10.585453987121582, -12.34544563293457, -9.356675148010254]","[50259, 50360, 50364, 264, 2146, 12786, 294, 264, 2815, 337, 6419, 570, 294, 572]",14,5.802,unknown
pcm_m_PECT2M77_ev_spontaneous_458,whisper-large-v3," Those people will pay for these school fees. Try, oh. Oh.",-inf,-inf,"[-10.496343612670898, -Infinity, -10.93799877166748, -15.493729591369629, -13.230737686157227, -12.197955131530762, -13.19765567779541, -10.214638710021973, -10.921465873718262, -13.634659767150879, -15.78834056854248, -11.155107498168945, -14.287588119506836, -12.50580883026123, -9.427309036254883, -12.163806915283203]","[50259, 50360, 50364, 3950, 561, 486, 1689, 337, 613, 1395, 13370, 13, 6526, 11, 1954, 13]",16,5.998,unknown
pcm_m_PECT2M79_ev_spontaneous_010,whisper-large-v3," She did not actually deal with the suspension, but she still didn't do her things.",-inf,-inf,"[-12.625100135803223, -Infinity, -12.6140775680542, -11.052496910095215, -6.417659282684326, -14.692370414733887, -14.076091766357422, -16.232425689697266, -10.889878273010254, -10.319714546203613, -16.99848175048828, -9.684951782226562, -12.458269119262695, -15.033438682556152, -15.724032402038574, -16.061670303344727, -11.841279029846191, -13.597274780273438, -13.181386947631836]","[50259, 50360, 50364, 1240, 630, 406, 767, 2028, 365, 264, 15771, 11, 457, 750, 920, 994, 380, 360, 720]",19,7.079,unknown
pcm_m_PECT2M7_ev_spontaneous_158,whisper-large-v3, The emptiness in my hand reminds me of the love we've been sharing.,-inf,-inf,"[-14.076520919799805, -Infinity, -18.490293502807617, -13.7535400390625, -14.264679908752441, -10.456073760986328, -9.320035934448242, -17.225122451782227, -17.154573440551758, -12.918840408325195, -9.019701957702637, -10.75741195678711, -14.138981819152832, -13.122654914855957, -13.602333068847656, -16.44037628173828]","[50259, 50360, 50364, 440, 41993, 294, 452, 1011, 12025, 385, 295, 264, 959, 321, 600, 668]",16,6.008,unknown
pcm_m_PECT2M84_ev_spontaneous_197,whisper-large-v3," For the peace and stability of South Asia, we strongly beg both India and Pakistan make them hold themselves and stabilize the situation through Tuk-Tuk.",-inf,-inf,"[-14.097944259643555, -Infinity, -15.10685920715332, -16.450878143310547, -6.25434684753418, -15.332468032836914, -11.1621675491333, -16.671865463256836, -11.959612846374512, -13.033313751220703, -16.48316764831543, -9.198348999023438, -12.249261856079102, -17.857351303100586, -15.88271427154541, -12.564257621765137, -15.697474479675293, -5.659120559692383, -14.526872634887695, -13.58629322052002, -13.453862190246582, -12.944465637207031, -13.639554977416992, -13.909296989440918, -18.397558212280273, -7.430816173553467, -14.542179107666016, -15.505986213684082, -6.671889781951904, -0.006998549215495586, -7.728693008422852, -12.019221305847168]","[50259, 50360, 50364, 1171, 264, 4336, 293, 11826, 295, 4242, 10038, 11, 321, 10613, 4612, 1293, 5282, 293, 15985, 652, 552, 1797, 2969, 293, 31870, 264, 2590, 807, 314, 2034, 12, 51]",32,9.725,unknown
pcm_m_PECT2M84_ev_spontaneous_214,whisper-large-v3," But the TRF later denied involvement, saying someone with access to their social media accounts don't wrongly claim role in the attack.",-inf,-inf,"[-15.579495429992676, -Infinity, -15.24337387084961, -18.978384017944336, -9.688080787658691, -20.77054786682129, -18.565275192260742, -14.201189994812012, -14.761935234069824, -16.349184036254883, -8.066604614257812, -16.79116439819336, -16.6282958984375, -13.693058967590332, -13.930083274841309, -14.006641387939453, -12.151481628417969, -15.999861717224121, -18.487648010253906, -13.217327117919922, -15.318194389343262, -15.768197059631348, -9.342000961303711, -16.6592960357666, -16.216325759887695, -17.758983612060547, -10.560647010803223, -10.723526000976562]","[50259, 50360, 50364, 583, 264, 15176, 37, 1780, 17774, 17447, 11, 1566, 1580, 365, 2105, 281, 641, 2093, 3021, 9402, 500, 380, 2085, 356, 3932, 3090, 294, 264]",28,8.638,unknown
pcm_m_PECT2M85_ev_spontaneous_122,whisper-large-v3, We fit ask questions respectfully without challenging the authority outright.,-inf,-inf,"[-13.487817764282227, -Infinity, -16.676250457763672, -14.929393768310547, -15.065597534179688, -16.28999900817871, -17.04842758178711, -21.050535202026367, -12.024205207824707, -18.838706970214844, -9.903579711914062, -16.05283546447754]","[50259, 50360, 50364, 492, 3318, 1029, 1651, 45201, 1553, 7595, 264, 8281]",12,5.355,unknown
pcm_m_PECT2M89_ev_spontaneous_333,whisper-large-v3," Special advisor information and strategy to President Tinobu, Bayo Onanuga, said President",-inf,-inf,"[-15.475103378295898, -Infinity, -14.015586853027344, -13.25469970703125, -17.158851623535156, -12.845925331115723, -11.556611061096191, -14.44054889678955, -14.976698875427246, -18.08964729309082, -14.719817161560059, -14.797088623046875, -7.1971435546875, -4.380649089813232, -12.115126609802246, -12.35509204864502, -13.416011810302734, -16.07329559326172, -18.05915069580078, -8.072196960449219]","[50259, 50360, 50364, 11863, 19161, 1589, 293, 5206, 281, 3117, 47741, 996, 84, 11, 7840, 78, 1282, 282, 19364, 11]",20,7.761,unknown
pcm_m_PECT2M93_ev_spontaneous_466,whisper-large-v3, I decide to remember for my deadlines. I finish work on time.,-inf,-inf,"[-13.305639266967773, -Infinity, -15.391533851623535, -9.515192031860352, -17.503036499023438, -11.256976127624512, -17.11100196838379, -7.647003650665283, -10.624899864196777, -16.452239990234375, -7.188653945922852, -11.924335479736328, -17.555870056152344, -13.76236343383789, -12.721105575561523]","[50259, 50360, 50364, 286, 4536, 281, 1604, 337, 452, 37548, 13, 286, 2413, 589, 322]",15,6.013,unknown
pcm_m_PECT2M97_ev_spontaneous_040,whisper-large-v3, Many people they wander waiting church they use all the offering with them they collect do.,-inf,-inf,"[-14.009166717529297, -Infinity, -14.460988998413086, -17.989286422729492, -13.806373596191406, -8.765385627746582, -17.64596939086914, -16.144989013671875, -17.206682205200195, -6.633081436157227, -16.29622459411621, -11.635811805725098, -7.744396209716797, -17.565980911254883, -15.176608085632324, -7.07092809677124, -8.320083618164062, -16.476966857910156]","[50259, 50360, 50364, 5126, 561, 436, 27541, 3806, 4128, 436, 764, 439, 264, 8745, 365, 552, 436, 2500]",18,6.879,unknown
pcm_m_PECT2M98_ev_spontaneous_578,whisper-large-v3, Israel Defense Forces never talk PIM for the matter but them previously been accused Hamas say them they use civilian cell charge as military basis.,-inf,-inf,"[-14.886260032653809, -Infinity, -15.226530075073242, -12.584845542907715, -15.837141990661621, -16.351484298706055, -12.222858428955078, -13.709640502929688, -13.29764461517334, -15.665057182312012, -7.019282817840576, -3.2264442443847656, -15.009134292602539, -11.403489112854004, -13.747276306152344, -15.566539764404297, -19.405935287475586, -14.834656715393066, -14.32677936553955, -13.823770523071289, -12.332901000976562, -12.220748901367188, -11.133438110351562, -11.833698272705078, -16.366838455200195, -15.538561820983887, -16.119935989379883, -9.145877838134766, -12.264312744140625]","[50259, 50360, 50364, 5674, 17410, 27445, 1128, 751, 430, 6324, 337, 264, 1871, 457, 552, 8046, 668, 17085, 8234, 296, 584, 552, 436, 764, 23386, 2815, 4602, 382, 4632]",29,9.077,unknown
pcm_m_PHTS1M1_he_spontaneous_066,whisper-large-v3," Sexual consent is now within we all, suppose they talk for everywhere through-through.",-inf,-inf,"[-11.15897274017334, -Infinity, -11.52826976776123, -13.77025318145752, -15.090163230895996, -8.875061988830566, -10.542859077453613, -12.227579116821289, -7.644112586975098, -9.00483512878418, -9.907917976379395, -14.627485275268555, -10.231956481933594, -8.324275016784668, -10.95899486541748, -15.202668190002441, -12.531035423278809, -11.417986869812012]","[50259, 50360, 50364, 45449, 14546, 307, 586, 1951, 321, 439, 11, 7297, 436, 751, 337, 5315, 807, 12]",18,6.464,unknown
pcm_m_PHTS1M1_he_spontaneous_235,whisper-large-v3, um they're supposed to talk about community outreach programs well and well for schools and churches,-inf,-inf,"[-13.181453704833984, -Infinity, -15.824796676635742, -11.879894256591797, -7.500889778137207, -15.053573608398438, -15.375349998474121, -10.668416976928711, -19.519153594970703, -12.92719554901123, -15.464188575744629, -20.114593505859375, -16.368879318237305, -10.71721363067627, -11.81353759765625, -16.690500259399414, -12.59842300415039, -14.84666633605957]","[50259, 50360, 50364, 1105, 436, 434, 3442, 281, 751, 466, 1768, 19638, 4268, 731, 293, 731, 337, 4656]",18,6.89,unknown
pcm_m_PHTS1M1_he_spontaneous_364,whisper-large-v3," My arrangements de-pactite, but I still de-mix piece for ways to de-relax.",-inf,-inf,"[-14.466733932495117, -Infinity, -12.285540580749512, -14.868754386901855, -15.982852935791016, -16.99207305908203, -3.31021785736084, -14.730212211608887, -17.526594161987305, -15.053715705871582, -10.822958946228027, -10.85740852355957, -13.43091869354248, -17.39335823059082, -16.237089157104492, -3.5904674530029297, -14.360860824584961, -13.565568923950195, -17.054494857788086, -15.066052436828613, -16.778507232666016, -19.723487854003906, -8.465813636779785, -12.891602516174316]","[50259, 50360, 50364, 1222, 22435, 368, 12, 79, 578, 642, 11, 457, 286, 920, 368, 12, 76, 970, 2522, 337, 2098, 281, 368, 12]",24,7.742,unknown
pcm_m_PHTS1M2_he_spontaneous_287,whisper-large-v3," To the here patients without judge, judge arm them. They build better understanding like for inside hospital.",-inf,-inf,"[-15.208406448364258, -Infinity, -13.266319274902344, -13.826476097106934, -9.413578033447266, -10.983756065368652, -14.43942928314209, -12.157172203063965, -12.286575317382812, -2.5719268321990967, -16.94293975830078, -15.987076759338379, -13.3037109375, -7.502291679382324, -15.021860122680664, -16.309646606445312, -16.06125831604004, -16.277698516845703, -13.281181335449219, -8.471946716308594, -15.462264060974121]","[50259, 50360, 50364, 1407, 264, 510, 4209, 1553, 6995, 11, 6995, 3726, 552, 13, 814, 1322, 1101, 3701, 411, 337, 1854]",21,7.531,unknown
pcm_m_PHTS1M2_he_spontaneous_335,whisper-large-v3," Real, real, when everybody respect each other, both prayer and hospital medicine go walk smooth like sinner team.",-inf,-inf,"[-15.096405029296875, -Infinity, -18.5609188079834, -13.995414733886719, -13.574270248413086, -15.759799003601074, -7.386005878448486, -15.129287719726562, -16.190946578979492, -16.669063568115234, -13.441664695739746, -14.063627243041992, -6.255209922790527, -15.119423866271973, -15.31625747680664, -10.671981811523438, -15.867353439331055, -20.677356719970703, -14.053648948669434, -11.952947616577148, -14.92117977142334, -12.208195686340332, -16.480449676513672]","[50259, 50360, 50364, 8467, 11, 957, 11, 562, 2201, 3104, 1184, 661, 11, 1293, 8767, 293, 4530, 7195, 352, 1792, 5508, 411, 41293]",23,7.745,unknown
pcm_m_PHTT1M11_he_spontaneous_147,whisper-large-v3," Now from One Health Program, my sister sees help for breast cancer.",-inf,-inf,"[-14.67713737487793, -Infinity, -11.365614891052246, -15.315130233764648, -11.882851600646973, -13.786199569702148, -15.999357223510742, -16.30284881591797, -2.8858819007873535, -9.160151481628418, -15.1917142868042, -18.608917236328125, -17.01739501953125, -10.691265106201172, -12.940596580505371]","[50259, 50360, 50364, 823, 490, 1485, 5912, 8338, 11, 452, 4892, 8194, 854, 337, 9934]",15,5.994,unknown
pcm_m_PHTT1M11_he_spontaneous_502,whisper-large-v3, Now normal thing for people to get different belief for how healing they come.,-inf,-inf,"[-12.872620582580566, -Infinity, -14.844057083129883, -12.0846586227417, -13.150025367736816, -14.54244613647461, -12.194408416748047, -12.525585174560547, -9.627129554748535, -14.05615520477295, -12.435751914978027, -16.959890365600586, -11.778488159179688, -12.41975212097168, -15.918354988098145, -12.888940811157227]","[50259, 50360, 50364, 823, 2710, 551, 337, 561, 281, 483, 819, 7107, 337, 577, 9745, 436]",16,6.219,unknown
pcm_m_PHTT1M13_he_spontaneous_481,whisper-large-v3," Like true, true, no be all see people believe say. Now everybody they well the same way. And that oneself no be bad thing.",-inf,-inf,"[-10.511107444763184, -Infinity, -13.446662902832031, -11.816465377807617, -10.67931842803955, -9.65115737915039, -12.512799263000488, -7.503514766693115, -11.270720481872559, -9.341320037841797, -11.199223518371582, -4.5822014808654785, -12.23792839050293, -15.967187881469727, -14.338336944580078, -7.857753753662109, -17.57257080078125, -17.3142032623291, -15.56270980834961, -13.938220977783203, -11.476046562194824, -17.801706314086914, -14.35609245300293, -13.508326530456543, -17.619970321655273, -16.50011444091797, -18.772459030151367, -8.139164924621582, -11.880847930908203, -17.135364532470703]","[50259, 50360, 50364, 1743, 2074, 11, 2074, 11, 572, 312, 439, 536, 561, 1697, 584, 13, 823, 2201, 436, 731, 264, 912, 636, 13, 400, 300, 32265, 572, 312, 1578]",30,9.269,unknown
pcm_m_PHTT1M15_he_spontaneous_307,whisper-large-v3," Pause first. Actually, even just five minutes of quiet meditation, they change how I feel inside.",-inf,-inf,"[-12.88059139251709, -Infinity, -12.996344566345215, -14.723410606384277, -14.567177772521973, -14.353246688842773, -21.713539123535156, -10.9847412109375, -16.071613311767578, -13.625563621520996, -12.59652328491211, -14.688376426696777, -13.998126029968262, -19.536218643188477, -20.815345764160156, -9.250401496887207, -13.251032829284668, -16.84403419494629, -16.888622283935547, -11.760600090026855, -17.221464157104492]","[50259, 50360, 50364, 31973, 700, 13, 5135, 11, 754, 445, 1732, 2077, 295, 5677, 12537, 11, 436, 1319, 577, 286, 841]",21,7.098,unknown
pcm_m_PHTT1M17_he_spontaneous_429,whisper-large-v3," We've been getting one community outreach on HIV matter and it helps, Shah, open people's eyes well, well.",-inf,-inf,"[-12.530294418334961, -Infinity, -13.71261978149414, -9.940665245056152, -13.950716972351074, -16.165555953979492, -17.84663200378418, -8.774738311767578, -13.232537269592285, -13.137332916259766, -9.730822563171387, -13.563189506530762, -15.28464412689209, -7.494053840637207, -6.905392646789551, -13.975297927856445, -11.521712303161621, -19.452558517456055, -8.745366096496582, -12.046708106994629, -13.381958961486816, -12.384164810180664, -16.291288375854492, -12.819846153259277, -13.930240631103516]","[50259, 50360, 50364, 492, 600, 668, 1242, 472, 1768, 19638, 322, 15907, 1871, 293, 309, 3665, 11, 21159, 11, 1269, 561, 311, 2575, 731, 11]",25,7.958,unknown
pcm_m_PHTT1M35_he_spontaneous_364,whisper-large-v3," Now mindfulness make me hmm, they notice small things like hmm, asota hmm, the flow from my hand.",-inf,-inf,"[-11.855006217956543, -Infinity, -15.406761169433594, -15.256646156311035, -14.144906997680664, -8.210315704345703, -9.753799438476562, -16.709562301635742, -8.02827262878418, -11.493438720703125, -17.3497371673584, -14.000296592712402, -10.967328071594238, -6.630151748657227, -11.578462600708008, -1.7762733697891235, -9.032740592956543, -16.9827938079834, -16.092485427856445, -8.022965431213379, -6.639344215393066, -14.987932205200195, -11.556953430175781, -11.777082443237305]","[50259, 50360, 50364, 823, 25655, 652, 385, 16478, 11, 436, 3449, 1359, 721, 411, 16478, 11, 382, 5377, 16478, 11, 264, 3095, 490, 452]",24,8.191,unknown
pcm_m_PHTT1M4_he_spontaneous_329,whisper-large-v3," Actually, to build more rural clinics could really help people for that area.",-inf,-inf,"[-11.206196784973145, -Infinity, -12.838566780090332, -16.944530487060547, -8.137072563171387, -12.150152206420898, -14.255672454833984, -11.923714637756348, -17.36326026916504, -19.50663948059082, -13.352272033691406, -13.531278610229492, -13.307171821594238, -12.889010429382324, -9.383527755737305, -12.316587448120117]","[50259, 50360, 50364, 5135, 11, 281, 1322, 544, 11165, 27252, 727, 534, 854, 561, 337, 300]",16,5.99,unknown
pcm_m_PHTT1M7_he_spontaneous_397,whisper-large-v3, Residents should find ways to make hospitals closer to enjoy better healthcare.,-inf,-inf,"[-12.77444076538086, -Infinity, -10.628485679626465, -15.716789245605469, -22.040084838867188, -10.786017417907715, -10.586347579956055, -12.635863304138184, -5.053636074066162, -4.092655181884766, -13.083521842956543, -12.510035514831543, -10.846832275390625, -15.426239013671875, -14.370814323425293]","[50259, 50360, 50364, 5015, 6026, 820, 915, 2098, 281, 652, 13014, 4966, 281, 2103, 1101]",15,5.992,unknown
pcm_m_PHTT1M8_he_spontaneous_599,whisper-large-v3," When you mix medical care and the BLEEP system, better result will show for patients.",-inf,-inf,"[-16.012672424316406, -Infinity, -15.63466739654541, -15.012335777282715, -13.68919563293457, -17.334840774536133, -12.166913032531738, -7.874088287353516, -14.521499633789062, -16.6782169342041, -12.226432800292969, -16.9548397064209, -16.52762222290039, -13.40305233001709, -5.381369113922119, -12.605871200561523, -11.226466178894043, -13.403676986694336, -16.630146026611328, -16.138275146484375]","[50259, 50360, 50364, 1133, 291, 2890, 4625, 1127, 293, 264, 363, 2634, 8929, 1185, 11, 1101, 1874, 486, 855, 337]",20,6.857,unknown
pcm_m_PHTT2M10_he_spontaneous_153,whisper-large-v3, some families go and pray or do ritual before you know treatment go start,-inf,-inf,"[-11.99884033203125, -Infinity, -15.824237823486328, -11.331915855407715, -19.507585525512695, -9.925541877746582, -10.50954532623291, -13.441265106201172, -6.773092746734619, -9.578461647033691, -17.052309036254883, -12.337657928466797, -7.381230354309082, -14.499871253967285, -12.353918075561523]","[50259, 50360, 50364, 512, 4466, 352, 293, 3690, 420, 360, 13792, 949, 291, 458, 5032]",15,6.422,unknown
pcm_m_PHTT2M10_he_spontaneous_457,whisper-large-v3, mindfulness they teach me make i know eh miss the small small joy um like how water the run for my hand hmm,-inf,-inf,"[-9.947254180908203, -Infinity, -16.812252044677734, -17.947330474853516, -7.867532253265381, -15.303865432739258, -9.266161918640137, -6.148228645324707, -8.466363906860352, -14.435124397277832, -16.15903091430664, -15.251916885375977, -11.7864351272583, -13.630459785461426, -14.032651901245117, -16.48225975036621, -13.612730979919434, -12.355074882507324, -14.147012710571289, -14.68808364868164, -11.439472198486328, -12.685417175292969, -10.490598678588867, -9.253545761108398]","[50259, 50360, 50364, 25655, 436, 2924, 385, 652, 741, 458, 7670, 1713, 264, 1359, 1359, 6258, 1105, 411, 577, 1281, 264, 1190, 337, 452]",24,8.169,unknown
pcm_m_PHTT2M10_he_spontaneous_519,whisper-large-v3, Nurses for hospital go make sure them checkmate new infection to deal well and no complicate things.,-inf,-inf,"[-14.393714904785156, -Infinity, -14.965057373046875, -13.49986457824707, -16.004871368408203, -11.629758834838867, -19.157148361206055, -12.18386173248291, -8.273076057434082, -18.116971969604492, -13.19277572631836, -17.005447387695312, -19.391498565673828, -13.052377700805664, -21.224628448486328, -10.255326271057129, -12.97166633605957, -16.294052124023438, -20.6876163482666, -15.292036056518555, -17.058349609375, -20.188579559326172]","[50259, 50360, 50364, 32992, 279, 337, 4530, 352, 652, 988, 552, 1520, 13963, 777, 11764, 281, 2028, 731, 293, 572, 1209, 8700]",22,7.529,unknown
pcm_m_PHTT2M12_he_spontaneous_076,whisper-large-v3, Plenty benefit there if person put relaxation techniques join everyday habit.,-inf,-inf,"[-15.28709888458252, -Infinity, -13.931326866149902, -13.837717056274414, -19.576213836669922, -13.952523231506348, -14.602843284606934, -13.172818183898926, -15.127619743347168, -14.295792579650879, -17.366722106933594, -14.10007381439209, -15.348958969116211, -15.394209861755371]","[50259, 50360, 50364, 2149, 4179, 5121, 456, 498, 954, 829, 30315, 7512, 3917, 7429]",14,5.797,unknown
pcm_m_PHTT2M13_he_spontaneous_313,whisper-large-v3," If them explore reproductive health well, it go help students make correct decisions for school as way as they like first.",-inf,-inf,"[-12.812439918518066, -Infinity, -10.854738235473633, -16.372272491455078, -14.16443920135498, -16.720775604248047, -17.774742126464844, -13.281665802001953, -10.122053146362305, -10.807323455810547, -10.579466819763184, -10.516504287719727, -15.1305570602417, -14.363183975219727, -10.20709228515625, -15.84060001373291, -14.656977653503418, -5.729301452636719, -14.931490898132324, -10.203478813171387, -15.112911224365234, -6.931053161621094, -12.893260955810547, -14.628376960754395]","[50259, 50360, 50364, 759, 552, 6839, 33569, 1585, 731, 11, 309, 352, 854, 1731, 652, 3006, 5327, 337, 1395, 382, 636, 382, 436, 411]",24,7.988,unknown
pcm_m_PHTT2M18_he_spontaneous_048,whisper-large-v3, hmm ah i see with the train me yes the exercise is important reach to the chop food way good for your body,-inf,-inf,"[-10.76672649383545, -Infinity, -11.794480323791504, -14.303796768188477, -11.328802108764648, -10.654236793518066, -11.031521797180176, -8.692678451538086, -9.102005004882812, -14.764204025268555, -15.482754707336426, -6.2449727058410645, -5.613731384277344, -16.75765037536621, -13.38128662109375, -16.057815551757812, -11.497791290283203, -11.927886009216309, -10.311663627624512, -17.972475051879883, -10.625678062438965, -16.81367301940918, -13.752015113830566, -11.192827224731445]","[50259, 50360, 50364, 16478, 3716, 741, 536, 365, 264, 3847, 385, 2086, 264, 5380, 307, 1021, 2524, 281, 264, 7931, 1755, 636, 665, 337]",24,7.994,unknown
pcm_m_PHTT2M23_he_spontaneous_074,whisper-large-v3," Big people, they always check how they chop to keep their body in good shape.",-inf,-inf,"[-13.759356498718262, -Infinity, -15.140167236328125, -14.536917686462402, -15.735795974731445, -7.506446361541748, -8.435680389404297, -11.398736953735352, -11.394843101501465, -8.910219192504883, -11.62881851196289, -16.637847900390625, -11.813523292541504, -11.100824356079102, -10.926751136779785, -12.688447952270508, -9.398516654968262, -15.879401206970215]","[50259, 50360, 50364, 5429, 561, 11, 436, 1009, 1520, 577, 436, 7931, 281, 1066, 641, 1772, 294, 665]",18,6.671,unknown
pcm_m_PHTT2M29_he_spontaneous_046,whisper-large-v3," Then they tell sick people, make them allow nurse they give. They give them medicine and injection, make the feet get better help.",-inf,-inf,"[-11.483681678771973, -Infinity, -14.938746452331543, -13.923742294311523, -10.613140106201172, -12.14177417755127, -15.866070747375488, -11.882648468017578, -7.3284525871276855, -12.360984802246094, -7.837801933288574, -16.783720016479492, -16.1820125579834, -5.82116174697876, -0.0015230495482683182, -11.635315895080566, -15.000824928283691, -13.696332931518555, -12.9035062789917, -17.044654846191406, -8.320366859436035, -20.49932861328125, -9.568095207214355, -11.751282691955566, -10.167770385742188, -17.19981575012207, -14.867737770080566, -15.729138374328613]","[50259, 50360, 50364, 1396, 436, 980, 4998, 561, 11, 652, 552, 2089, 14012, 436, 976, 13, 814, 976, 552, 7195, 293, 22873, 11, 652, 264, 3521, 483, 1101]",28,8.847,unknown
pcm_m_PHTT2M2_he_spontaneous_076,whisper-large-v3," What I mean be say, before-before I dey fear injunction, but now I no say it dey help person.",-inf,-inf,"[-10.470746994018555, -Infinity, -14.187068939208984, -11.348333358764648, -8.023000717163086, -12.439847946166992, -5.39105749130249, -11.298603057861328, -12.700555801391602, -9.817107200622559, -5.532400608062744, -17.65127944946289, -11.509106636047363, -11.658894538879395, -6.794737815856934, -15.637245178222656, -15.835624694824219, -20.05807876586914, -2.82350754737854, -13.046156883239746, -12.605587005615234, -2.804046392440796, -12.625344276428223, -15.501059532165527, -9.142510414123535, -12.030309677124023, -8.239282608032227, -16.61199951171875]","[50259, 50360, 50364, 708, 286, 914, 312, 584, 11, 949, 12, 45301, 286, 368, 88, 4240, 5580, 32627, 11, 457, 586, 286, 572, 584, 309, 368, 88, 854]",28,9.053,unknown
pcm_m_PHTT2M3_he_spontaneous_455,whisper-large-v3," At Detroit Talk, we say, make school, they talk about STI. About STI testing health class.",-inf,-inf,"[-12.267732620239258, -Infinity, -11.033881187438965, -12.929327964782715, -14.803726196289062, -14.803466796875, -0.5582165718078613, -7.416727066040039, -12.372937202453613, -0.4738117456436157, -12.38253402709961, -18.986194610595703, -11.187678337097168, -13.756650924682617, -19.55126190185547, -5.516843795776367, -4.8051438331604, -18.592281341552734, -14.438020706176758, -16.58023452758789, -14.963812828063965, -16.92439842224121, -13.380897521972656, -14.898994445800781]","[50259, 50360, 50364, 1711, 20887, 8780, 11, 321, 584, 11, 652, 1395, 11, 436, 751, 466, 4904, 40, 13, 7769, 4904, 40, 4997, 1585]",24,8.388,unknown
pcm_m_PHTT2M5_he_spontaneous_268,whisper-large-v3," to join medical treatment and patients believes they help to bring good results, good results for patients.",-inf,-inf,"[-14.870439529418945, -Infinity, -15.59400749206543, -10.849766731262207, -17.049270629882812, -13.963153839111328, -13.825765609741211, -10.306742668151855, -17.343198776245117, -19.994552612304688, -15.282746315002441, -13.222580909729004, -8.389348030090332, -12.140771865844727, -0.010818048380315304, -0.008980951271951199, -Infinity, -12.886709213256836, -16.477401733398438, -11.752697944641113]","[50259, 50360, 50364, 281, 3917, 4625, 5032, 293, 4209, 12307, 436, 854, 281, 1565, 665, 3542, 11, 665, 3542, 337]",20,7.088,unknown
pcm_m_PHTT2M5_he_spontaneous_544,whisper-large-v3," For steady protection and protection with no hard to maintain, you please come out your hormonal IUDs anytime.",-inf,-inf,"[-14.828831672668457, -Infinity, -14.224609375, -11.022622108459473, -18.13790512084961, -15.485511779785156, -10.167390823364258, -12.505620956420898, -11.617517471313477, -14.096461296081543, -15.101848602294922, -11.214982986450195, -12.740778923034668, -9.292913436889648, -10.789639472961426, -12.19442367553711, -13.388532638549805, -19.125999450683594, -11.33999252319336, -20.87587547302246, -17.82309341430664, -10.490665435791016, -19.065385818481445, -14.113726615905762]","[50259, 50360, 50364, 1171, 13211, 6334, 293, 6334, 365, 572, 1152, 281, 6909, 11, 291, 1767, 808, 484, 428, 11876, 21523, 286, 9438, 82]",24,9.039,unknown
pcm_m_PHTT2M6_he_spontaneous_211,whisper-large-v3, true true if respect the both sides they both sides faith and medicine go work well together,-inf,-inf,"[-13.6807861328125, -Infinity, -15.836962699890137, -15.954815864562988, -12.638609886169434, -15.116680145263672, -18.090991973876953, -1.8115328550338745, -0.007082120515406132, -0.04133440554141998, -Infinity, -15.274345397949219, -20.40799903869629, -18.79808807373047, -9.877885818481445, -15.153314590454102, -16.282438278198242, -10.856839179992676]","[50259, 50360, 50364, 2074, 2074, 498, 3104, 264, 1293, 4881, 436, 1293, 4881, 4522, 293, 7195, 352, 589]",18,6.434,unknown
pcm_m_PHTT2M6_he_spontaneous_356,whisper-large-v3, That clinic don't wise up. Them they share free POS brochure now. Now better level.,-inf,-inf,"[-12.931090354919434, -Infinity, -10.308134078979492, -15.411312103271484, -14.465497016906738, -11.647820472717285, -12.110166549682617, -15.198868751525879, -10.939189910888672, -9.84363842010498, -15.977086067199707, -11.515637397766113, -13.50768756866455, -10.110088348388672, -19.64904022216797, -16.74637794494629, -18.347593307495117, -14.483953475952148, -9.091506958007812, -9.011449813842773, -13.263092041015625, -13.399043083190918]","[50259, 50360, 50364, 663, 14947, 500, 380, 10829, 493, 13, 37354, 436, 2073, 1737, 430, 4367, 48147, 540, 586, 13, 823, 1101]",22,7.746,unknown
pcm_m_PHTT2M8_he_spontaneous_441,whisper-large-v3, Some people don't believe that medicine and prayer alone can cure them. You should know that.,-inf,-inf,"[-12.638296127319336, -Infinity, -13.548884391784668, -20.67513084411621, -12.35623550415039, -11.223710060119629, -12.778449058532715, -14.812337875366211, -10.217267036437988, -13.748994827270508, -7.370458126068115, -14.3097505569458, -13.62355899810791, -9.589937210083008, -14.224929809570312, -11.776297569274902, -8.585783004760742, -13.185547828674316, -14.30620002746582, -14.550336837768555]","[50259, 50360, 50364, 2188, 561, 500, 380, 1697, 300, 7195, 293, 8767, 3312, 393, 13698, 552, 13, 509, 820, 458]",20,7.534,unknown
pcm_m_PM4M1_ev_read_169,whisper-large-v3, A person needs to shine an eye to know the people who are in their policy.,-inf,-inf,"[-12.454936027526855, -Infinity, -16.444429397583008, -12.884613990783691, -13.289979934692383, -10.70732307434082, -10.630340576171875, -16.1611385345459, -12.612967491149902, -17.019207000732422, -12.849969863891602, -12.118282318115234, -8.133569717407227, -10.527922630310059, -10.235968589782715, -10.235452651977539, -9.229681968688965, -13.921259880065918]","[50259, 50360, 50364, 316, 954, 2203, 281, 12207, 364, 3313, 281, 458, 264, 561, 567, 366, 294, 641]",18,6.458,unknown
pcm_m_PM4M1_ev_read_182,whisper-large-v3, Use better antivirus for your gadget to keep combat virus.,-inf,-inf,"[-14.337259292602539, -Infinity, -15.326991081237793, -19.91651153564453, -19.012283325195312, -12.44815731048584, -16.057682037353516, -18.600936889648438, -9.541253089904785, -10.26138973236084, -12.594477653503418, -12.334144592285156, -13.882556915283203, -15.955506324768066]","[50259, 50360, 50364, 8278, 1101, 2511, 592, 9619, 337, 428, 38090, 281, 1066, 8361]",14,6.035,unknown
pcm_m_PM4M1_ev_read_265,whisper-large-v3, The first thing not to say be say everybody know they the same.,-inf,-inf,"[-13.347978591918945, -Infinity, -13.842696189880371, -10.357884407043457, -14.246942520141602, -13.16602611541748, -9.282028198242188, -5.602242469787598, -10.299248695373535, -9.60302448272705, -7.807631015777588, -13.732316970825195, -15.98338794708252, -10.551424980163574, -10.893430709838867]","[50259, 50360, 50364, 440, 700, 551, 406, 281, 584, 312, 584, 2201, 458, 436, 264]",15,6.025,unknown
pcm_m_PM4M1_ev_read_327,whisper-large-v3, Social media helped well well during the Answers and Black Lives Matter movement.,-inf,-inf,"[-15.37000846862793, -Infinity, -16.100536346435547, -12.405717849731445, -15.22872543334961, -12.812207221984863, -14.381623268127441, -11.660860061645508, -14.871249198913574, -7.8132710456848145, -17.74165916442871, -18.67401695251465, -15.929264068603516, -15.546005249023438, -17.902952194213867, -15.322583198547363]","[50259, 50360, 50364, 9909, 3021, 4254, 731, 731, 1830, 264, 14590, 5364, 293, 4076, 25791, 20285]",16,6.446,unknown
pcm_m_PM4M1_ev_read_569,whisper-large-v3, To save and invest they make person feed gather plenty money.,-inf,-inf,"[-12.90601634979248, -Infinity, -17.416397094726562, -10.636649131774902, -11.70589828491211, -11.555256843566895, -14.48757266998291, -8.504693031311035, -14.038354873657227, -14.654314994812012, -17.46820068359375, -17.22513198852539, -17.253664016723633]","[50259, 50360, 50364, 1407, 3155, 293, 1963, 436, 652, 954, 3154, 5448, 7140]",13,5.562,unknown
pcm_m_PM4M2_ev_read_073,whisper-large-v3, Be one day loyal. It doesn't mean you don't get your own life to live.,-inf,-inf,"[-12.9135160446167, -Infinity, -16.75798988342285, -15.878653526306152, -9.040745735168457, -12.221217155456543, -14.704402923583984, -12.942639350891113, -13.514225959777832, -12.380420684814453, -9.772838592529297, -16.81304931640625, -8.516355514526367, -14.891963958740234, -17.32191276550293, -14.596900939941406, -12.277156829833984, -15.222161293029785, -10.711124420166016, -12.689964294433594]","[50259, 50360, 50364, 879, 472, 786, 12682, 13, 467, 1177, 380, 914, 291, 500, 380, 483, 428, 1065, 993, 281]",20,6.872,unknown
pcm_m_PM4M2_ev_read_107,whisper-large-v3," We go to a cool meeting, make them to hear our voice.",-inf,-inf,"[-12.433981895446777, -Infinity, -13.57934284210205, -10.467068672180176, -5.936595916748047, -11.837332725524902, -11.325571060180664, -13.852920532226562, -15.350154876708984, -4.5169830322265625, -10.567392349243164, -12.6930570602417, -13.63605785369873, -15.595843315124512, -11.934793472290039]","[50259, 50360, 50364, 492, 352, 281, 257, 1627, 3440, 11, 652, 552, 281, 1568, 527]",15,5.997,unknown
pcm_m_PM4M2_ev_read_196,whisper-large-v3," If your friend comes, make you try to turn well.",-inf,-inf,"[-10.94638442993164, -Infinity, -13.94989013671875, -12.761988639831543, -12.351587295532227, -13.888299942016602, -17.159807205200195, -11.56492805480957, -14.74417495727539, -9.223636627197266, -18.045621871948242, -11.415331840515137, -17.754417419433594]","[50259, 50360, 50364, 759, 428, 1277, 1487, 11, 652, 291, 853, 281, 1261]",13,5.339,unknown
pcm_m_PM4M2_ev_read_229,whisper-large-v3," Checking on friends, they make Bum stronger. And if they make piercing, feel like say he belong.",-inf,-inf,"[-11.375121116638184, -Infinity, -11.43908977508545, -13.337721824645996, -15.499992370605469, -11.45857048034668, -14.805542945861816, -8.64818000793457, -12.83282470703125, -11.133429527282715, -12.25400161743164, -14.693845748901367, -15.981447219848633, -13.635848999023438, -13.540226936340332, -9.626054763793945, -7.645394802093506, -10.680676460266113, -19.24056625366211, -3.6409268379211426, -11.132059097290039, -12.071266174316406, -14.38852596282959, -12.435280799865723]","[50259, 50360, 50364, 6881, 278, 322, 1855, 11, 436, 652, 363, 449, 7249, 13, 400, 498, 436, 652, 42972, 11, 841, 411, 584, 415]",24,7.751,unknown
pcm_m_PM4M2_ev_read_318,whisper-large-v3, I just check in with myself regularly to ensure I'm on track.,-inf,-inf,"[-14.592405319213867, -Infinity, -14.960391998291016, -9.220728874206543, -14.19247055053711, -14.475754737854004, -10.267509460449219, -11.689885139465332, -16.430376052856445, -14.408110618591309, -9.806449890136719, -13.866256713867188, -11.466745376586914, -15.90257740020752, -11.67721939086914]","[50259, 50360, 50364, 286, 445, 1520, 294, 365, 2059, 11672, 281, 5586, 286, 478, 322]",15,5.994,unknown
pcm_m_PM4M2_ev_read_349,whisper-large-v3," Empathy, the natural compassion, it will help us grow together as a community.",-inf,-inf,"[-15.258420944213867, -Infinity, -13.54928207397461, -16.954416275024414, -13.280770301818848, -9.2575044631958, -8.911321640014648, -17.636310577392578, -15.156148910522461, -12.220596313476562, -12.470422744750977, -13.025498390197754, -16.659677505493164, -10.968827247619629, -18.09482765197754, -14.129179954528809, -11.537168502807617, -11.929301261901855]","[50259, 50360, 50364, 8599, 9527, 11, 264, 3303, 12601, 11, 309, 486, 854, 505, 1852, 1214, 382, 257]",18,6.642,unknown
pcm_m_PM4M2_ev_read_435,whisper-large-v3, I don't become confident after the day I watch that woman for news.,-inf,-inf,"[-16.160133361816406, -Infinity, -20.76019287109375, -11.535762786865234, -14.803827285766602, -14.00859260559082, -15.169266700744629, -16.707056045532227, -8.274758338928223, -10.901050567626953, -13.855240821838379, -12.256172180175781, -10.836479187011719, -13.334074974060059, -17.464717864990234, -12.234321594238281]","[50259, 50360, 50364, 286, 500, 380, 1813, 6679, 934, 264, 786, 286, 1159, 300, 3059, 337]",16,6.209,unknown
pcm_m_PM4M2_ev_read_450,whisper-large-v3, I happy very well. One day tell me say I go follow Goyuki. I go see beautiful sights.,-inf,-inf,"[-13.512322425842285, -Infinity, -16.003087997436523, -10.692975997924805, -13.883268356323242, -12.146658897399902, -12.407377243041992, -7.407918930053711, -14.915380477905273, -9.772430419921875, -11.247011184692383, -12.458470344543457, -12.273022651672363, -7.140799045562744, -15.272252082824707, -17.291654586791992, -11.013668060302734, -17.75874137878418, -21.09082794189453, -10.8805513381958, -10.820653915405273, -15.693585395812988, -12.670763969421387, -13.637218475341797]","[50259, 50360, 50364, 286, 2055, 588, 731, 13, 1485, 786, 980, 385, 584, 286, 352, 1524, 460, 939, 11788, 13, 286, 352, 536, 2238]",24,8.366,unknown
pcm_m_PM4M2_ev_read_453,whisper-large-v3," Chika, tell Missy she meet Jean-Claude Van Damme when she go prance.",-inf,-inf,"[-10.739049911499023, -Infinity, -12.83818531036377, -9.236724853515625, -15.200878143310547, -6.737289905548096, -10.762739181518555, -7.63655948638916, -11.617213249206543, -11.24470043182373, -16.910888671875, -19.14531135559082, -17.81261444091797, -13.0880708694458, -15.222939491271973, -17.189186096191406, -14.272805213928223, -19.081327438354492, -16.43482208251953, -11.508543968200684, -15.786907196044922, -13.932554244995117, -15.287952423095703]","[50259, 50360, 50364, 761, 5439, 11, 980, 5275, 88, 750, 1677, 13854, 12, 34, 875, 2303, 8979, 5885, 1398, 562, 750, 352, 582]",23,7.498,unknown
pcm_m_PM4M2_ev_read_573,whisper-large-v3, My friend gave me a ticket to the final show where they open for a server.,-inf,-inf,"[-13.619759559631348, -Infinity, -15.847305297851562, -16.158279418945312, -14.911596298217773, -14.507623672485352, -13.88398551940918, -2.220719337463379, -13.174641609191895, -13.940895080566406, -6.652318954467773, -14.552385330200195, -8.368162155151367, -10.684584617614746, -11.988787651062012, -9.600700378417969, -9.386152267456055, -13.173810005187988]","[50259, 50360, 50364, 1222, 1277, 2729, 385, 257, 10550, 281, 264, 2572, 855, 689, 436, 1269, 337, 257]",18,6.627,unknown
pcm_m_PM4M3_ev_read_063,whisper-large-v3, community engagement now the best way we feed takes a be waiting they happen for the local communities,-inf,-inf,"[-13.530386924743652, -Infinity, -13.811237335205078, -13.426368713378906, -17.646562576293945, -10.971183776855469, -5.279243469238281, -10.047847747802734, -10.960926055908203, -5.9867963790893555, -12.036484718322754, -15.78613567352295, -9.998355865478516, -12.628853797912598, -16.81376075744629, -12.87656021118164, -17.687915802001953, -11.662775039672852, -9.371634483337402]","[50259, 50360, 50364, 1768, 8742, 586, 264, 1151, 636, 321, 3154, 2516, 257, 312, 3806, 436, 1051, 337, 264]",19,7.289,unknown
pcm_m_PM4M3_ev_read_073,whisper-large-v3, I think self-preservance and determination be the key to overcoming adversity.,-inf,-inf,"[-14.340121269226074, -Infinity, -10.976183891296387, -14.334149360656738, -15.348605155944824, -14.878859519958496, -16.284833908081055, -19.452716827392578, -18.1207218170166, -18.04701805114746, -12.761439323425293, -18.342266082763672, -11.31698989868164, -8.957806587219238, -18.26560401916504, -11.340020179748535, -17.0364933013916]","[50259, 50360, 50364, 286, 519, 2698, 12, 14508, 1978, 719, 293, 18432, 312, 264, 2141, 281, 38047]",17,6.203,unknown
pcm_m_PM4M3_ev_read_098,whisper-large-v3," When we do go through hard times, we fit depend on friends and family.",-inf,-inf,"[-11.850452423095703, -Infinity, -13.848904609680176, -16.879440307617188, -13.332685470581055, -13.539693832397461, -16.067060470581055, -14.141491889953613, -14.158422470092773, -12.789134979248047, -5.759580612182617, -12.696171760559082, -16.242538452148438, -19.15553092956543, -11.818024635314941, -14.389097213745117, -10.846708297729492]","[50259, 50360, 50364, 1133, 321, 360, 352, 807, 1152, 1413, 11, 321, 3318, 5672, 322, 1855, 293]",17,6.205,unknown
pcm_m_PM4M3_ev_read_135,whisper-large-v3, What do you think about the impact of beauty standards on mental health?,-inf,-inf,"[-13.47026252746582, -Infinity, -17.18648338317871, -13.83252239227295, -10.933832168579102, -11.638017654418945, -14.712048530578613, -9.79564094543457, -4.488472938537598, -13.877191543579102, -6.22104024887085, -14.064515113830566, -16.095996856689453, -9.762056350708008, -11.799650192260742]","[50259, 50360, 50364, 708, 360, 291, 519, 466, 264, 2712, 295, 6643, 7787, 322, 4973]",15,6.001,unknown
pcm_m_PM4M3_ev_read_172,whisper-large-v3," Waiting you they do to support ethical fashion brand, you get any favourites.",-inf,-inf,"[-11.178887367248535, -Infinity, -13.265289306640625, -19.239015579223633, -7.676198482513428, -12.50800609588623, -14.343443870544434, -11.669550895690918, -16.73192596435547, -18.22201919555664, -16.37580108642578, -18.450685501098633, -11.16782283782959, -10.896088600158691, -12.558756828308105, -13.79967212677002, -15.332685470581055]","[50259, 50360, 50364, 37291, 291, 436, 360, 281, 1406, 18890, 6700, 3360, 11, 291, 483, 604, 8182]",17,6.451,unknown
pcm_m_PM4M3_ev_read_234,whisper-large-v3, waiting you know about the risk of excessive drinking you get any knowledge,-inf,-inf,"[-11.45567512512207, -Infinity, -20.820280075073242, -18.12614631652832, -10.69327163696289, -15.997069358825684, -12.437935829162598, -10.690010070800781, -20.239673614501953, -13.54773998260498, -23.035627365112305, -20.531633377075195, -13.219220161437988, -11.997008323669434]","[50259, 50360, 50364, 3806, 291, 458, 466, 264, 3148, 295, 22704, 7583, 291, 483]",14,6.228,unknown
pcm_m_PM4M3_ev_read_270,whisper-large-v3," Vaccination, they play a crucial role in preventing infectious diseases and protecting public health.",-inf,-inf,"[-13.35137939453125, -Infinity, -13.757685661315918, -16.107778549194336, -22.362123489379883, -9.063965797424316, -16.28300666809082, -12.251297950744629, -12.289228439331055, -18.082246780395508, -19.61089324951172, -13.414885520935059, -14.357250213623047, -18.370710372924805, -17.710128784179688, -12.126803398132324, -17.90116310119629, -15.316901206970215]","[50259, 50360, 50364, 48579, 2486, 11, 436, 862, 257, 11462, 3090, 294, 19965, 26780, 11044, 293, 12316, 1908]",18,6.458,unknown
pcm_m_PM4M3_ev_read_276,whisper-large-v3, Waiting you think about the importance of community and support groups in the recovery.,-inf,-inf,"[-11.582884788513184, -Infinity, -16.881847381591797, -18.88006019592285, -10.878752708435059, -16.931398391723633, -9.630478858947754, -6.40228271484375, -16.200008392333984, -12.657735824584961, -14.38045597076416, -8.317255973815918, -14.897361755371094, -16.851776123046875, -8.957586288452148, -10.835249900817871]","[50259, 50360, 50364, 37291, 291, 519, 466, 264, 7379, 295, 1768, 293, 1406, 3935, 294, 264]",16,6.244,unknown
pcm_m_PM4M3_ev_read_288,whisper-large-v3," Understanding addiction as a chronic disease, they help reduce stigma and promote effective treatment.",-inf,-inf,"[-13.186145782470703, -Infinity, -17.86654281616211, -19.58927345275879, -16.870296478271484, -13.379907608032227, -9.983278274536133, -16.95029067993164, -17.819456100463867, -9.3915433883667, -13.41701889038086, -13.57662296295166, -13.75223445892334, -20.283283233642578, -11.162476539611816, -17.691646575927734, -15.0759859085083]","[50259, 50360, 50364, 36858, 16835, 382, 257, 14493, 4752, 11, 436, 854, 5407, 27880, 293, 9773, 4942]",17,6.683,unknown
pcm_m_PM4M3_ev_read_469,whisper-large-v3, Weekend plan they run through the entire weekend till everybody resume their work.,-inf,-inf,"[-11.917655944824219, -Infinity, -15.838336944580078, -14.766212463378906, -16.742412567138672, -15.747559547424316, -7.765383243560791, -15.560745239257812, -13.082013130187988, -10.26205825805664, -14.373879432678223, -16.3026123046875, -14.167893409729004, -16.31031608581543, -16.310287475585938, -14.034466743469238]","[50259, 50360, 50364, 12615, 521, 1393, 436, 1190, 807, 264, 2302, 6711, 4288, 2201, 15358, 641]",16,6.235,unknown
pcm_m_PM4M3_ev_read_507,whisper-large-v3," After work or gym person go need to bath, then wear clothes wear daylight.",-inf,-inf,"[-12.715853691101074, -Infinity, -16.836721420288086, -13.17533016204834, -8.634262084960938, -8.842589378356934, -14.928077697753906, -15.40572452545166, -9.618252754211426, -14.523371696472168, -11.203713417053223, -13.998082160949707, -12.006807327270508, -10.612088203430176, -14.436166763305664, -13.368021965026855, -14.223428726196289]","[50259, 50360, 50364, 2381, 589, 420, 9222, 954, 352, 643, 281, 6079, 11, 550, 3728, 5534, 3728]",17,6.234,unknown
pcm_m_PM4M3_ev_read_520,whisper-large-v3," Reflecting, feet help person feet know how to take interact with team colleague for work.",-inf,-inf,"[-11.938926696777344, -Infinity, -16.189924240112305, -11.15353012084961, -17.211519241333008, -12.168505668640137, -3.1298975944519043, -1.0327280759811401, -10.411752700805664, -15.643835067749023, -14.024713516235352, -13.150315284729004, -11.844465255737305, -9.403955459594727, -11.336709976196289, -17.315067291259766, -12.693831443786621, -15.266541481018066, -15.50978946685791, -12.036927223205566]","[50259, 50360, 50364, 16957, 1809, 278, 11, 3521, 854, 954, 3521, 458, 577, 281, 747, 4648, 365, 1469, 13532, 337]",20,7.327,unknown
pcm_m_PM4M3_ev_read_521,whisper-large-v3," When person come from work, the first thing now to come out clothes where him take go work.",-inf,-inf,"[-12.071765899658203, -Infinity, -14.497023582458496, -14.87950325012207, -15.101493835449219, -13.013155937194824, -11.208942413330078, -12.907835006713867, -9.819524765014648, -8.374100685119629, -12.658496856689453, -12.532014846801758, -12.472131729125977, -8.511813163757324, -10.299928665161133, -10.71619701385498, -12.852950096130371, -11.200207710266113, -12.273648262023926, -12.68085765838623, -12.647215843200684]","[50259, 50360, 50364, 1133, 954, 808, 490, 589, 11, 264, 700, 551, 586, 281, 808, 484, 5534, 689, 796, 747, 352]",21,7.297,unknown
pcm_m_PM4M3_ev_read_545,whisper-large-v3," This evening, I go walk around small, enjoy the fresh air.",-inf,-inf,"[-12.9740571975708, -Infinity, -13.28178596496582, -12.005659103393555, -15.61264705657959, -8.622838973999023, -9.692328453063965, -12.738114356994629, -13.286515235900879, -13.407573699951172, -13.864801406860352, -12.689797401428223, -17.5081729888916, -10.98923397064209, -15.239119529724121]","[50259, 50360, 50364, 639, 5634, 11, 286, 352, 1792, 926, 1359, 11, 2103, 264, 4451]",15,5.994,unknown
pcm_m_PM4M3_ev_read_582,whisper-large-v3," Brother, good morning. Our neighbor is pregnant.",-inf,-inf,"[-12.634498596191406, -Infinity, -13.415422439575195, -14.794169425964355, -2.854546308517456, -12.609610557556152, -13.238622665405273, -7.254373550415039, -14.609105110168457, -12.917057037353516, -9.76144790649414]","[50259, 50360, 50364, 8904, 11, 665, 2446, 13, 2621, 5987, 307]",11,5.784,unknown
pcm_m_PP1M2_ev_read_075,whisper-large-v3," My daughter has strength, the importance past anything else now.",-inf,-inf,"[-13.907266616821289, -Infinity, -14.303555488586426, -13.239163398742676, -13.057543754577637, -9.138291358947754, -9.111550331115723, -0.9797235131263733, -9.87878131866455, -21.54778480529785, -16.57018280029297, -17.03826141357422, -17.23179817199707]","[50259, 50360, 50364, 1222, 4653, 575, 3800, 11, 264, 7379, 1791, 1340, 1646]",13,5.99,unknown
pcm_m_PP1M2_ev_read_127,whisper-large-v3," Mama, I beg tell your daughter make she no touch my purse again.",-inf,-inf,"[-13.314839363098145, -Infinity, -14.633466720581055, -18.039222717285156, -2.5263257026672363, -10.598934173583984, -17.334138870239258, -12.124159812927246, -12.265134811401367, -14.802905082702637, -13.816533088684082, -13.0396146774292, -13.980489730834961, -18.697383880615234, -12.68005657196045, -18.160377502441406]","[50259, 50360, 50364, 17775, 11, 286, 4612, 980, 428, 4653, 652, 750, 572, 2557, 452, 28345]",16,6.426,unknown
pcm_m_PP1M2_ev_read_168,whisper-large-v3, I don't know anything I do that man. He carry dirty water for me as I dey walk for streets.,-inf,-inf,"[-12.749125480651855, -Infinity, -19.428184509277344, -10.286574363708496, -11.27589225769043, -12.041781425476074, -7.122329235076904, -11.51762866973877, -7.93081521987915, -10.67939281463623, -10.241395950317383, -12.424942970275879, -11.04687786102295, -13.808942794799805, -11.382658958435059, -15.659199714660645, -14.885068893432617, -10.70872974395752, -9.032835006713867, -16.370038986206055, -10.992044448852539, -11.460062026977539, -16.19277000427246, -16.27699089050293, -13.425843238830566]","[50259, 50360, 50364, 286, 500, 380, 458, 1340, 286, 360, 300, 587, 13, 634, 3985, 9360, 1281, 337, 385, 382, 286, 368, 88, 1792, 337]",25,8.19,unknown
pcm_m_PP1M2_ev_read_374,whisper-large-v3," He got some children. Well, I won't give this right to.",-inf,-inf,"[-13.723730087280273, -Infinity, -18.249116897583008, -14.739518165588379, -14.139695167541504, -15.54003620147705, -17.547565460205078, -16.03469467163086, -19.798486709594727, -14.500171661376953, -13.251794815063477, -16.391584396362305, -14.829168319702148, -15.510003089904785, -10.472125053405762, -14.657798767089844]","[50259, 50360, 50364, 634, 658, 512, 2227, 13, 1042, 11, 286, 1582, 380, 976, 341, 558]",16,5.99,unknown
pcm_m_PP1M2_ev_read_430,whisper-large-v3, My mama will shout for me if I leave television on when I know the water.,-inf,-inf,"[-13.665094375610352, -Infinity, -13.786303520202637, -17.753231048583984, -18.895713806152344, -15.688288688659668, -18.76909065246582, -13.770692825317383, -15.773823738098145, -10.772984504699707, -14.095394134521484, -17.606098175048828, -20.957321166992188, -11.069418907165527, -13.50823974609375, -11.453579902648926, -16.38736343383789, -11.263463973999023]","[50259, 50360, 50364, 1222, 18775, 486, 8043, 337, 385, 498, 286, 1856, 8815, 322, 562, 286, 458, 264]",18,6.644,unknown
pcm_m_PP1M2_ev_read_441,whisper-large-v3, I catch my Peking for where she did waste water but I no get strength to beat her.,-inf,-inf,"[-13.330821990966797, -Infinity, -16.956787109375, -8.81710433959961, -17.56612205505371, -10.919502258300781, -12.580005645751953, -18.750425338745117, -12.210878372192383, -9.419565200805664, -9.542266845703125, -14.644745826721191, -16.747133255004883, -14.700121879577637, -13.298944473266602, -14.702301979064941, -11.472436904907227, -10.54558277130127, -15.389303207397461, -10.996532440185547, -15.540304183959961]","[50259, 50360, 50364, 286, 3745, 452, 430, 38437, 337, 689, 750, 630, 5964, 1281, 457, 286, 572, 483, 3800, 281, 4224]",21,7.321,unknown
pcm_m_PP1M2_ev_read_477,whisper-large-v3, I won't type everything first before I put to copy them.,-inf,-inf,"[-14.614326477050781, -Infinity, -19.182605743408203, -12.330100059509277, -16.658626556396484, -15.387650489807129, -15.80380916595459, -15.511761665344238, -13.211307525634766, -14.120344161987305, -14.427220344543457, -17.707685470581055, -11.51707935333252, -16.4228572845459]","[50259, 50360, 50364, 286, 1582, 380, 2010, 1203, 700, 949, 286, 829, 281, 5055]",14,5.768,unknown
pcm_m_PP1M2_ev_read_486,whisper-large-v3, I beg no verse but this thing I did check the importance.,-inf,-inf,"[-12.51291561126709, -Infinity, -13.225542068481445, -9.97815227508545, -15.483694076538086, -12.595865249633789, -13.310236930847168, -11.840965270996094, -8.841447830200195, -11.560606956481934, -9.375840187072754, -16.201004028320312, -14.790976524353027, -11.848920822143555]","[50259, 50360, 50364, 286, 4612, 572, 7996, 457, 341, 551, 286, 630, 1520, 264]",14,5.774,unknown
pcm_m_PP1M2_ev_read_533,whisper-large-v3," If you like, no add money to rating you get already. Another person feed buyer.",-inf,-inf,"[-13.304856300354004, -Infinity, -15.472084999084473, -11.18536376953125, -5.890489101409912, -13.450108528137207, -9.639581680297852, -11.754854202270508, -11.485708236694336, -13.448988914489746, -10.758865356445312, -16.859521865844727, -11.614242553710938, -14.057368278503418, -16.036714553833008, -8.600847244262695, -16.705888748168945, -14.207523345947266, -17.293432235717773]","[50259, 50360, 50364, 759, 291, 411, 11, 572, 909, 1460, 281, 10990, 291, 483, 1217, 13, 3996, 954, 3154]",19,6.631,unknown
pcm_m_PP1M2_ev_read_557,whisper-large-v3, I don't know where I will carry this to my room key. Keep now.,-inf,-inf,"[-15.38188362121582, -Infinity, -22.750747680664062, -12.18907642364502, -15.879677772521973, -15.789097785949707, -12.40180492401123, -12.429360389709473, -11.203472137451172, -9.25775146484375, -15.439844131469727, -14.281919479370117, -2.0044662952423096, -10.385395050048828, -14.378296852111816, -14.532342910766602, -0.01479275617748499, -6.035440444946289]","[50259, 50360, 50364, 286, 500, 380, 458, 689, 286, 486, 3985, 341, 281, 452, 1808, 2141, 13, 5527]",18,6.418,unknown
pcm_m_PP1M2_ev_read_584,whisper-large-v3, We won't go receive our monthly vaccination from the vet doctor.,-inf,-inf,"[-13.068530082702637, -Infinity, -19.18951988220215, -16.601530075073242, -15.337264060974121, -17.55262565612793, -15.31408977508545, -14.457895278930664, -14.011007308959961, -18.612606048583984, -11.209107398986816, -13.387044906616211, -12.295600891113281, -15.657161712646484]","[50259, 50360, 50364, 492, 1582, 380, 352, 4774, 527, 12878, 16498, 490, 264, 12423]",14,5.785,unknown
pcm_m_PP1M2_ev_read_600,whisper-large-v3," If you de-manage your stress well, you no go die early.",-inf,-inf,"[-14.820845603942871, -Infinity, -13.540982246398926, -14.606884002685547, -16.603918075561523, -18.535114288330078, -12.272082328796387, -18.4013729095459, -15.831482887268066, -8.265800476074219, -16.2329158782959, -11.731521606445312, -10.093830108642578, -12.262064933776855, -14.363871574401855, -15.213298797607422, -15.505534172058105]","[50259, 50360, 50364, 759, 291, 368, 12, 1601, 609, 428, 4244, 731, 11, 291, 572, 352, 978]",17,6.446,unknown
pcm_m_PP2M1_ev_read_035,whisper-large-v3, Now through mass media people will feed talk waiting them feed on top matter.,-inf,-inf,"[-11.472341537475586, -Infinity, -14.02442455291748, -17.49636459350586, -10.774702072143555, -14.942730903625488, -13.617608070373535, -10.543517112731934, -9.040840148925781, -10.940956115722656, -10.646883010864258, -17.23884391784668, -8.715397834777832, -16.797441482543945, -11.079582214355469, -14.35584545135498]","[50259, 50360, 50364, 823, 807, 2758, 3021, 561, 486, 3154, 751, 3806, 552, 3154, 322, 1192]",16,6.666,unknown
pcm_m_PP2M1_ev_read_262,whisper-large-v3," During New Year, we'd play card games and enjoy local snacks together.",-inf,-inf,"[-13.134496688842773, -Infinity, -17.346309661865234, -14.103597640991211, -15.808661460876465, -16.23108673095703, -10.506217956542969, -14.208462715148926, -17.223913192749023, -15.042216300964355, -17.80508804321289, -15.342963218688965, -13.893265724182129, -18.119247436523438, -18.944555282592773, -15.288409233093262]","[50259, 50360, 50364, 6842, 1873, 10289, 11, 321, 1116, 862, 2920, 2813, 293, 2103, 2654, 16160]",16,6.26,unknown
pcm_m_PP2M1_ev_read_366,whisper-large-v3, Make we hear this song. It a tell us a greed no good.,-inf,-inf,"[-14.247529029846191, -Infinity, -14.755048751831055, -17.797325134277344, -14.115765571594238, -12.045655250549316, -12.188467979431152, -12.810832977294922, -11.484719276428223, -14.139735221862793, -0.16092370450496674, -13.787715911865234, -13.04129695892334, -11.447305679321289, -17.668701171875, -12.101041793823242]","[50259, 50360, 50364, 4387, 321, 1568, 341, 2153, 13, 467, 257, 980, 505, 257, 29230, 572]",16,6.481,unknown
pcm_m_PP2M1_ev_read_463,whisper-large-v3, Cultural tradition they help the mental health as it they make people feel like say they belong somewhere.,-inf,-inf,"[-13.052762031555176, -Infinity, -14.271888732910156, -15.818358421325684, -18.789875030517578, -11.597762107849121, -9.628600120544434, -10.103736877441406, -16.70176124572754, -14.50687313079834, -13.511380195617676, -8.573437690734863, -9.753364562988281, -13.034049034118652, -10.987363815307617, -13.571206092834473, -13.108887672424316, -15.243818283081055, -11.38492488861084, -16.4401912689209]","[50259, 50360, 50364, 31450, 6994, 436, 854, 264, 4973, 1585, 382, 309, 436, 652, 561, 841, 411, 584, 436, 5784]",20,7.133,unknown
pcm_m_PP2M1_ev_read_479,whisper-large-v3," Culture, they affect how people take, they express and interpret emotion.",-inf,-inf,"[-12.777886390686035, -Infinity, -15.733062744140625, -19.411653518676758, -7.941077709197998, -9.189472198486328, -11.398319244384766, -11.204590797424316, -12.22219181060791, -10.629026412963867, -1.412602186203003, -5.580123424530029, -17.051721572875977, -8.81865119934082, -14.965398788452148]","[50259, 50360, 50364, 27539, 11, 436, 3345, 577, 561, 747, 11, 436, 5109, 293, 7302]",15,6.025,unknown
pcm_m_PP2M1_ev_read_575,whisper-large-v3, Those people will pay for the school fees trial.,-inf,-inf,"[-14.083744049072266, -Infinity, -14.778942108154297, -16.62533950805664, -13.097443580627441, -13.126958847045898, -11.866134643554688, -9.411215782165527, -8.741579055786133, -13.876852989196777, -16.894380569458008]","[50259, 50360, 50364, 3950, 561, 486, 1689, 337, 264, 1395, 13370]",11,5.143,unknown
pcm_m_PP3M1_ev_read_384,whisper-large-v3, some people they use social media to showcase them skills and find jobs,-inf,-inf,"[-13.39503002166748, -Infinity, -16.284456253051758, -13.348587036132812, -13.159696578979492, -13.65853500366211, -11.939348220825195, -13.096997261047363, -16.070659637451172, -10.573606491088867, -20.974210739135742, -14.967286109924316, -14.658063888549805, -6.826409339904785]","[50259, 50360, 50364, 512, 561, 436, 764, 2093, 3021, 281, 20388, 552, 3942, 293]",14,6.01,unknown
pcm_m_PP3M1_ev_read_434,whisper-large-v3," Because of food, sometimes they affect by the season of the year.",-inf,-inf,"[-14.431068420410156, -Infinity, -15.969465255737305, -11.621194839477539, -12.151163101196289, -10.48803997039795, -8.507291793823242, -14.697446823120117, -9.947875022888184, -15.611478805541992, -11.317436218261719, -0.23893475532531738, -11.321041107177734, -11.693906784057617, -10.657577514648438]","[50259, 50360, 50364, 1436, 295, 1755, 11, 2171, 436, 3345, 538, 264, 3196, 295, 264]",15,5.989,unknown
pcm_m_PP3M1_ev_read_555,whisper-large-v3, Establish your own personal space when with the following person live.,-inf,-inf,"[-13.114226341247559, -Infinity, -20.712772369384766, -15.755035400390625, -18.522380828857422, -20.566068649291992, -16.72146224975586, -15.22339153289795, -14.460798263549805, -17.431396484375, -12.385173797607422, -10.655254364013672, -10.256969451904297, -12.579931259155273, -15.34570026397705]","[50259, 50360, 50364, 4410, 455, 1933, 428, 1065, 2973, 1901, 562, 365, 264, 3480, 954]",15,5.986,unknown
pcm_m_PP3M1_ev_read_573,whisper-large-v3," Because domestic workers, they work for private, nobody really value their service.",-inf,-inf,"[-14.435136795043945, -Infinity, -16.121591567993164, -14.713970184326172, -13.23703384399414, -11.691184043884277, -9.19779109954834, -11.671947479248047, -7.971247673034668, -12.695429801940918, -16.993812561035156, -10.391161918640137, -17.424930572509766, -14.57933521270752, -15.510787010192871, -14.26882266998291]","[50259, 50360, 50364, 1436, 10939, 5600, 11, 436, 589, 337, 4551, 11, 5079, 534, 2158, 641]",16,6.377,unknown
pcm_m_PP3M1_ev_read_591,whisper-large-v3, Hossilas did a very hard working and Demdesabi adapt well to situation.,-inf,-inf,"[-13.097439765930176, -Infinity, -14.785433769226074, -11.746662139892578, -14.682781219482422, -14.255132675170898, -17.88364028930664, -14.48957347869873, -9.730557441711426, -11.779825210571289, -12.938653945922852, -12.516798973083496, -14.21065616607666, -16.451229095458984, -15.426220893859863, -20.083843231201172, -16.220535278320312, -10.6288480758667, -10.513516426086426]","[50259, 50360, 50364, 389, 772, 388, 296, 630, 257, 588, 1152, 1364, 293, 4686, 14792, 18884, 6231, 731, 281]",19,6.804,unknown
pcm_m_PS1M3_ev_read_439,whisper-large-v3, I don't know why people they think see with the work for government they special.,-inf,-inf,"[-14.673136711120605, -Infinity, -21.626583099365234, -11.537264823913574, -14.586674690246582, -14.581988334655762, -11.361166954040527, -13.104150772094727, -6.3341779708862305, -6.739206314086914, -13.717116355895996, -14.907526016235352, -8.10301685333252, -3.862476110458374, -13.899994850158691, -13.919449806213379, -12.199265480041504, -13.188637733459473]","[50259, 50360, 50364, 286, 500, 380, 458, 983, 561, 436, 519, 536, 365, 264, 589, 337, 2463, 436]",18,6.8,unknown
pcm_m_PS1M4_ev_read_481,whisper-large-v3," See, road full everywhere. We go free follow that road. Way lead to Suya bus stop.",-inf,-inf,"[-10.45561408996582, -Infinity, -13.215411186218262, -13.733386039733887, -6.677078723907471, -12.697463989257812, -15.790621757507324, -14.151129722595215, -8.730851173400879, -15.277009010314941, -13.111128807067871, -15.53318977355957, -13.779745101928711, -13.850541114807129, -11.731090545654297, -11.690892219543457, -14.42478084564209, -17.297237396240234, -13.72282600402832, -21.25147819519043, -16.677175521850586, -14.673266410827637]","[50259, 50360, 50364, 3008, 11, 3060, 1577, 5315, 13, 492, 352, 1737, 1524, 300, 3060, 13, 9558, 1477, 281, 2746, 3016, 1255]",22,7.26,unknown
pcm_m_PS1M4_ev_read_528,whisper-large-v3," It be like say, rain won't fall. I beg, make me bring high the clothes.",-inf,-inf,"[-13.096097946166992, -Infinity, -16.879253387451172, -10.115373611450195, -10.57461929321289, -10.01778507232666, -12.889492988586426, -10.158746719360352, -12.316486358642578, -13.231680870056152, -14.859550476074219, -19.946012496948242, -3.677241563796997, -9.109095573425293, -14.150979042053223, -9.576135635375977, -9.682957649230957, -9.595992088317871, -15.934943199157715, -14.304295539855957, -11.115485191345215]","[50259, 50360, 50364, 467, 312, 411, 584, 11, 4830, 1582, 380, 2100, 13, 286, 4612, 11, 652, 385, 1565, 1090, 264]",21,7.297,unknown
pcm_m_PS2M1_ev_read_327,whisper-large-v3, Resilience and support be the major things person go need to live long on earth.,-inf,-inf,"[-13.847128868103027, -Infinity, -24.00568389892578, -16.903358459472656, -19.620840072631836, -19.09650230407715, -13.066198348999023, -14.866382598876953, -15.521944999694824, -8.108180046081543, -15.589956283569336, -16.209169387817383, -15.513339042663574, -11.42110538482666, -17.06724739074707, -10.143196105957031, -17.775924682617188, -14.274195671081543, -12.0693998336792]","[50259, 50360, 50364, 5015, 388, 1182, 293, 1406, 312, 264, 2563, 721, 954, 352, 643, 281, 1621, 938, 322]",19,6.909,unknown
pcm_m_PT1M1_ev_read_291,whisper-large-v3, You go greet join people where they clean street for free.,-inf,-inf,"[-11.63586139678955, -Infinity, -12.878328323364258, -10.066041946411133, -13.755082130432129, -15.113441467285156, -13.517570495605469, -13.893102645874023, -15.480626106262207, -12.647806167602539, -15.018193244934082, -13.479330062866211, -12.01067066192627]","[50259, 50360, 50364, 509, 352, 12044, 3917, 561, 689, 436, 2541, 4838, 337]",13,5.631,unknown
pcm_m_PT1M2_ev_read_288,whisper-large-v3, Na rice and stew I do cook when I do expect visitors for house.,-inf,-inf,"[-14.457376480102539, -Infinity, -16.058679580688477, -16.14634895324707, -15.162972450256348, -12.846957206726074, -15.860766410827637, -9.664337158203125, -13.845891952514648, -14.49418830871582, -15.884450912475586, -14.376993179321289, -15.674795150756836, -18.883533477783203, -17.72022247314453, -14.419635772705078]","[50259, 50360, 50364, 6056, 5090, 293, 22654, 286, 360, 2543, 562, 286, 360, 2066, 14315, 337]",16,6.313,unknown
pcm_m_PT1M2_ev_read_411,whisper-large-v3," Eating on the go, they help me save time, but you know they're healthy.",-inf,-inf,"[-14.065417289733887, -Infinity, -13.590991973876953, -13.669672012329102, -10.547378540039062, -5.066987037658691, -13.281734466552734, -10.765721321105957, -12.940777778625488, -15.985754013061523, -15.243616104125977, -15.157917022705078, -11.798857688903809, -10.790526390075684, -12.515539169311523, -10.167068481445312, -11.865091323852539, -13.067411422729492, -15.226778984069824]","[50259, 50360, 50364, 29234, 322, 264, 352, 11, 436, 854, 385, 3155, 565, 11, 457, 291, 458, 436, 434]",19,6.97,unknown
pcm_m_PT1M2_ev_read_438,whisper-large-v3, Morning exercise they help keep my body kakaraka and my energy level go kondi kapi.,-inf,-inf,"[-12.076034545898438, -Infinity, -15.840595245361328, -17.365474700927734, -16.225683212280273, -12.257503509521484, -14.786246299743652, -8.057905197143555, -15.734817504882812, -17.698694229125977, -11.505353927612305, -13.229475021362305, -15.491427421569824, -20.44313621520996, -10.517184257507324, -9.891427993774414, -11.10366153717041, -17.18825912475586, -14.517228126525879, -1.2523915767669678, -16.041597366333008, -11.002880096435547, -15.329861640930176]","[50259, 50360, 50364, 17967, 5380, 436, 854, 1066, 452, 1772, 350, 514, 289, 7849, 293, 452, 2281, 1496, 352, 350, 684, 72, 13816]",23,7.814,unknown
pcm_m_PT1M3_ev_read_119,whisper-large-v3, You dare to speak up when you dare fear for your safety.,-inf,-inf,"[-12.868175506591797, -Infinity, -13.641274452209473, -14.91637897491455, -16.30661392211914, -8.791881561279297, -15.510831832885742, -14.046035766601562, -12.693782806396484, -8.034370422363281, -17.750526428222656, -14.715120315551758, -12.66922378540039, -13.397187232971191]","[50259, 50360, 50364, 509, 8955, 281, 1710, 493, 562, 291, 8955, 4240, 337, 428]",14,5.785,unknown
pcm_m_PT1M3_ev_read_136,whisper-large-v3, I will try to vote for the next election when they come. I promise.,-inf,-inf,"[-12.902573585510254, -Infinity, -15.217147827148438, -9.327269554138184, -13.314250946044922, -16.594675064086914, -11.5785493850708, -12.614830017089844, -12.940145492553711, -8.692220687866211, -12.053467750549316, -14.698697090148926, -12.628137588500977, -15.344715118408203, -15.993003845214844, -0.06047606095671654, -6.101879596710205]","[50259, 50360, 50364, 286, 486, 853, 281, 4740, 337, 264, 958, 6618, 562, 436, 808, 13, 286]",17,6.182,unknown
pcm_m_PT1M3_ev_read_291,whisper-large-v3, Consider the skills where you get to offer first before you volunteer.,-inf,-inf,"[-12.948105812072754, -Infinity, -13.343032836914062, -16.51341438293457, -10.442179679870605, -15.403792381286621, -14.908112525939941, -13.032319068908691, -16.36060905456543, -10.070269584655762, -15.303577423095703, -12.269508361816406, -10.474031448364258, -8.983567237854004]","[50259, 50360, 50364, 17416, 264, 3942, 689, 291, 483, 281, 2626, 700, 949, 291]",14,5.729,unknown
pcm_m_PT1M3_ev_read_450,whisper-large-v3, You never hear say individuals suppose they file personal tax income return every year,-inf,-inf,"[-12.093413352966309, -Infinity, -15.647555351257324, -14.68325424194336, -14.224017143249512, -16.590608596801758, -12.82673454284668, -17.107011795043945, -18.194856643676758, -15.126073837280273, -15.990144729614258, -15.62878704071045, -15.311333656311035, -13.55642318725586, -14.81668758392334]","[50259, 50360, 50364, 509, 1128, 1568, 584, 5346, 7297, 436, 3991, 2973, 3366, 5742, 2736]",15,5.952,unknown
pcm_m_PT1M3_ev_read_542,whisper-large-v3, Schooling is an attempt to learn and prepare for the future.,-inf,-inf,"[-9.834043502807617, -Infinity, -13.850760459899902, -16.214466094970703, -16.970199584960938, -12.816105842590332, -14.037114143371582, -16.916038513183594, -7.754711151123047, -18.069501876831055, -12.880023002624512, -19.893577575683594, -9.333067893981934, -11.554686546325684]","[50259, 50360, 50364, 5070, 278, 307, 364, 5217, 281, 1466, 293, 5940, 337, 264]",14,7.908,unknown
pcm_m_PT1M3_ev_read_563,whisper-large-v3," I get friends where they play keyboard and nobody teach them, not just their hard work keep them.",-inf,-inf,"[-12.344513893127441, -Infinity, -15.730620384216309, -8.894453048706055, -13.88647174835205, -15.985573768615723, -13.49889850616455, -11.276590347290039, -15.813023567199707, -17.417909622192383, -9.88416576385498, -11.488247871398926, -16.371410369873047, -12.385252952575684, -7.893947601318359, -13.27884292602539, -13.306886672973633, -11.479740142822266, -15.80021858215332, -11.599257469177246, -13.72854995727539]","[50259, 50360, 50364, 286, 483, 1855, 689, 436, 862, 10186, 293, 5079, 2924, 552, 11, 406, 445, 641, 1152, 589, 1066]",21,7.096,unknown
pcm_m_PT1M4_ev_read_001,whisper-large-v3," Using folders for documents, they help me find things quickly when I need them.",-inf,-inf,"[-12.669168472290039, -Infinity, -18.335561752319336, -16.544328689575195, -17.767398834228516, -13.684800148010254, -19.26344108581543, -11.071645736694336, -12.845179557800293, -12.912565231323242, -13.520848274230957, -15.020824432373047, -14.489012718200684, -16.032550811767578, -12.34775161743164, -8.797185897827148, -14.145480155944824]","[50259, 50360, 50364, 11142, 31082, 337, 8512, 11, 436, 854, 385, 915, 721, 2661, 562, 286, 643]",17,6.242,unknown
pcm_m_PT1M4_ev_read_011,whisper-large-v3," Once the children come back for evening, they go they do their homework.",-inf,-inf,"[-12.956693649291992, -Infinity, -16.695358276367188, -15.722058296203613, -10.131453514099121, -16.763355255126953, -15.487302780151367, -11.457656860351562, -11.655990600585938, -15.973654747009277, -1.2706066370010376, -9.505317687988281, -14.978554725646973, -13.6591796875, -13.451772689819336, -12.19650936126709]","[50259, 50360, 50364, 3443, 264, 2227, 808, 646, 337, 5634, 11, 436, 352, 436, 360, 641]",16,6.254,unknown
pcm_m_PT1M4_ev_read_072,whisper-large-v3, I just detect where I feel saved money from this list.,-inf,-inf,"[-15.37141227722168, -Infinity, -12.778292655944824, -8.64050579071045, -13.062223434448242, -16.36540412902832, -11.762504577636719, -10.550593376159668, -15.664717674255371, -15.7573823928833, -14.487850189208984, -10.29591178894043, -11.029104232788086]","[50259, 50360, 50364, 286, 445, 5531, 689, 286, 841, 6624, 1460, 490, 341]",13,5.397,unknown
pcm_m_PT1M4_ev_read_094,whisper-large-v3, I check on my elderly family members regularly to ensure they are okay.,-inf,-inf,"[-14.092963218688965, -Infinity, -16.47705078125, -11.200486183166504, -14.677722930908203, -14.037982940673828, -10.517792701721191, -15.928938865661621, -16.65729331970215, -18.0245418548584, -14.305245399475098, -10.104799270629883, -13.539947509765625, -10.53688907623291, -13.864992141723633]","[50259, 50360, 50364, 286, 1520, 322, 452, 19682, 1605, 2679, 11672, 281, 5586, 436, 366]",15,6.27,unknown
pcm_m_PT1M4_ev_read_403,whisper-large-v3, I say now my picking they lead for the rendition they go do.,-inf,-inf,"[-12.28436279296875, -Infinity, -11.739219665527344, -2.925400495529175, -13.605863571166992, -11.041751861572266, -13.279192924499512, -18.57114601135254, -6.529909610748291, -16.28992462158203, -19.190406799316406, -4.401159286499023, -15.060266494750977, -19.025854110717773, -11.085841178894043, -12.6767578125]","[50259, 50360, 50364, 286, 584, 586, 452, 8867, 436, 1477, 337, 264, 6125, 849, 436, 352]",16,6.042,unknown
pcm_m_PT1M4_ev_read_466,whisper-large-v3," To get shared experience with other people, we need to spend time with them through hobbies and other things.",-inf,-inf,"[-13.750794410705566, -Infinity, -14.964943885803223, -16.17886734008789, -13.601362228393555, -14.776224136352539, -14.440437316894531, -9.193402290344238, -14.052942276000977, -15.239831924438477, -9.223884582519531, -11.197216987609863, -14.448491096496582, -9.87900447845459, -14.877946853637695, -14.947248458862305, -12.792630195617676, -15.030661582946777, -12.259387016296387, -13.166004180908203, -9.434337615966797, -15.831852912902832]","[50259, 50360, 50364, 1407, 483, 5507, 1752, 365, 661, 561, 11, 321, 643, 281, 3496, 565, 365, 552, 807, 35750, 293, 661]",22,7.748,unknown
pcm_m_PT1M4_ev_read_589,whisper-large-v3, Now my first time for aeroplane be this waiting I enjoy pass be the sky view,-inf,-inf,"[-13.281585693359375, -Infinity, -13.247836112976074, -15.000594139099121, -11.593765258789062, -12.787673950195312, -17.421234130859375, -18.506927490234375, -12.580316543579102, -19.222326278686523, -15.011838912963867, -10.946125030517578, -12.313886642456055, -14.109560012817383, -8.036619186401367, -11.803436279296875, -14.821724891662598, -10.025409698486328, -6.705031394958496]","[50259, 50360, 50364, 823, 452, 700, 565, 337, 11207, 33224, 1929, 312, 341, 3806, 286, 2103, 1320, 312, 264]",19,7.063,unknown
pcm_m_PT2M1_ev_read_343,whisper-large-v3, Evening classes they flexible as person where they work feel still go school.,-inf,-inf,"[-14.029369354248047, -Infinity, -15.688847541809082, -14.181509971618652, -14.67839241027832, -17.50600242614746, -9.1460599899292, -16.62783432006836, -12.985660552978516, -15.912932395935059, -12.612510681152344, -8.893847465515137, -12.36483097076416, -15.708535194396973, -13.03645133972168, -13.338823318481445]","[50259, 50360, 50364, 2754, 278, 5359, 436, 11358, 382, 954, 689, 436, 589, 841, 920, 352]",16,6.607,unknown
pcm_m_PT2M1_ev_read_345,whisper-large-v3," Some career-oriented courses, they need certificate and experience to practice it.",-inf,-inf,"[-13.445676803588867, -Infinity, -15.902000427246094, -19.69249153137207, -11.912128448486328, -8.555908203125, -19.752029418945312, -19.328880310058594, -11.122152328491211, -14.281283378601074, -17.430280685424805, -15.438996315002441, -14.074591636657715, -12.640365600585938, -10.398419380187988, -15.301895141601562]","[50259, 50360, 50364, 2188, 3988, 12, 27414, 7712, 11, 436, 643, 15953, 293, 1752, 281, 3124]",16,5.942,unknown
pcm_m_PT2M2_ev_read_516,whisper-large-v3, I still denote the lead again and I ask for them to take the right example.,-inf,-inf,"[-12.82574462890625, -Infinity, -12.347938537597656, -11.22851276397705, -11.361885070800781, -14.892518043518066, -9.684789657592773, -14.415559768676758, -9.077481269836426, -9.958881378173828, -12.130697250366211, -13.376429557800293, -12.006980895996094, -10.710311889648438, -11.73118782043457, -12.978668212890625, -10.471273422241211, -16.377716064453125]","[50259, 50360, 50364, 286, 920, 45708, 264, 1477, 797, 293, 286, 1029, 337, 552, 281, 747, 264, 558]",18,6.598,unknown
pcm_m_PT2M3_ev_read_181,whisper-large-v3, I join community clean-off every time where I volunteer to make the area better.,-inf,-inf,"[-13.704533576965332, -Infinity, -14.5081787109375, -11.793903350830078, -14.701753616333008, -16.613449096679688, -11.933030128479004, -6.691906452178955, -19.343271255493164, -15.255533218383789, -15.942948341369629, -12.503569602966309, -12.256668090820312, -19.25646209716797, -14.159043312072754, -12.97645092010498, -11.107232093811035, -14.090546607971191]","[50259, 50360, 50364, 286, 3917, 1768, 2541, 12, 4506, 633, 565, 689, 286, 13835, 281, 652, 264, 1859]",18,6.631,unknown
pcm_m_PT2M3_ev_read_459,whisper-large-v3, Try the way you do wash every day. No go ever smell bad.,-inf,-inf,"[-9.81142807006836, -Infinity, -12.448735237121582, -15.218901634216309, -4.817737579345703, -11.080119132995605, -9.429600715637207, -11.221311569213867, -14.487263679504395, -12.93990707397461, -12.548297882080078, -7.61878776550293, -15.757863998413086, -13.785050392150879, -13.122950553894043, -14.632320404052734]","[50259, 50360, 50364, 6526, 264, 636, 291, 360, 5675, 633, 786, 13, 883, 352, 1562, 4316]",16,6.227,unknown
pcm_m_PT3M1_ev_read_070,whisper-large-v3, It will cause person better trouble and will halal for the community.,-inf,-inf,"[-13.596318244934082, -Infinity, -14.0878267288208, -11.87695026397705, -9.12131118774414, -13.861501693725586, -15.696426391601562, -8.728987693786621, -9.634332656860352, -13.81466293334961, -11.77016544342041, -18.92238998413086, -18.30759048461914, -11.402301788330078, -11.577444076538086]","[50259, 50360, 50364, 467, 486, 3082, 954, 1101, 5253, 293, 486, 7523, 304, 337, 264]",15,5.823,unknown
pcm_m_PT3M1_ev_read_144,whisper-large-v3," I will just compromise, make my family members resolve this conflict.",-inf,-inf,"[-14.055892944335938, -Infinity, -15.03698444366455, -11.72546672821045, -9.226780891418457, -9.77613639831543, -18.729421615600586, -13.315215110778809, -10.661872863769531, -15.52739429473877, -16.952322006225586, -18.712060928344727, -15.307500839233398, -14.249163627624512]","[50259, 50360, 50364, 286, 486, 445, 18577, 11, 652, 452, 1605, 2679, 14151, 341]",14,5.62,unknown
pcm_m_PT3M1_ev_read_333,whisper-large-v3, I won't go hangouts with my friends for our leisure sport.,-inf,-inf,"[-11.482186317443848, -Infinity, -17.08103370666504, -11.278258323669434, -14.23470401763916, -14.611175537109375, -14.54984188079834, -16.915800094604492, -18.159290313720703, -8.54531192779541, -6.477555274963379, -12.160962104797363, -10.32387924194336, -14.357484817504883, -17.848913192749023]","[50259, 50360, 50364, 286, 1582, 380, 352, 3967, 7711, 365, 452, 1855, 337, 527, 31339]",15,5.851,unknown
pcm_m_PT3M1_ev_read_380,whisper-large-v3, Life too precious. I don't feel think of taking my life again.,-inf,-inf,"[-12.958300590515137, -Infinity, -16.23186492919922, -13.479537010192871, -14.65312671661377, -17.737056732177734, -15.063446044921875, -11.245573043823242, -12.05883502960205, -15.785318374633789, -16.471406936645508, -16.722681045532227, -14.532025337219238, -14.69202995300293, -12.677358627319336, -9.525773048400879]","[50259, 50360, 50364, 7720, 886, 12406, 13, 286, 500, 380, 841, 519, 295, 1940, 452, 993]",16,6.063,unknown
pcm_m_PT3M1_ev_read_403,whisper-large-v3," You just saved my life. Person like you, they come once in century.",-inf,-inf,"[-10.642509460449219, -Infinity, -16.448637008666992, -15.43894100189209, -14.188982009887695, -16.029951095581055, -14.600687026977539, -10.264665603637695, -9.315142631530762, -15.434797286987305, -10.714964866638184, -12.773905754089355, -7.31466817855835, -8.63422966003418, -14.885943412780762, -11.17680549621582, -12.907821655273438]","[50259, 50360, 50364, 509, 445, 6624, 452, 993, 13, 8443, 411, 291, 11, 436, 808, 1564, 294]",17,6.727,unknown
pcm_m_PT3M1_ev_read_411,whisper-large-v3," If you can't watch performance, applaud the effort of the performers.",-inf,-inf,"[-15.087136268615723, -Infinity, -13.63789176940918, -16.309534072875977, -8.834541320800781, -11.41525936126709, -11.829360961914062, -11.281717300415039, -6.450877666473389, -12.33669376373291, -19.635557174682617, -0.025940077379345894, -13.962846755981445, -10.859173774719238, -11.357850074768066]","[50259, 50360, 50364, 759, 291, 393, 380, 1159, 3389, 11, 9644, 264, 4630, 295, 264]",15,6.247,unknown
pcm_m_PT3M1_ev_read_446,whisper-large-v3, Traveling feet make us understand people by ourselves instead of waiting we hear.,-inf,-inf,"[-11.254802703857422, -Infinity, -10.725542068481445, -14.63718318939209, -16.486806869506836, -14.829713821411133, -14.766935348510742, -11.29237174987793, -15.42618465423584, -14.083876609802246, -8.8153657913208, -9.9902982711792, -10.756501197814941, -12.477006912231445, -16.27504539489746, -11.255863189697266]","[50259, 50360, 50364, 20610, 278, 3521, 652, 505, 1223, 561, 538, 4175, 2602, 295, 3806, 321]",16,6.637,unknown
pcm_m_PT3M2_ev_read_027,whisper-large-v3," If you know to say why I don't cut, call electrician.",-inf,-inf,"[-14.778057098388672, -Infinity, -15.011087417602539, -12.488211631774902, -10.032842636108398, -11.529221534729004, -9.502893447875977, -13.494101524353027, -15.412363052368164, -9.703995704650879, -11.930826187133789, -16.10371208190918, -14.806832313537598, -14.719636917114258, -14.334555625915527, -13.929343223571777]","[50259, 50360, 50364, 759, 291, 458, 281, 584, 983, 286, 500, 380, 1723, 11, 818, 5210]",16,6.154,unknown
pcm_m_PT3M2_ev_read_075,whisper-large-v3," Use generator with sense, not the on-arm anyhow unless it is important.",-inf,-inf,"[-13.0750150680542, -Infinity, -14.917438507080078, -16.164796829223633, -17.209707260131836, -10.02617359161377, -14.486038208007812, -10.74941349029541, -13.290626525878906, -17.567745208740234, -9.140460968017578, -8.922662734985352, -16.454952239990234, -15.478522300720215, -17.114030838012695, -12.733122825622559, -14.25613021850586]","[50259, 50360, 50364, 8278, 19265, 365, 2020, 11, 406, 264, 322, 12, 4452, 44995, 5969, 309, 307]",17,6.36,unknown
pcm_m_PT3M2_ev_read_141,whisper-large-v3," Close French fish shake hand and nyan, but strangers go just nod and waka.",-inf,-inf,"[-11.611207962036133, -Infinity, -11.95168685913086, -18.29030990600586, -16.853256225585938, -13.65502643585205, -12.49633502960205, -12.347124099731445, -8.098371505737305, -13.825531005859375, -21.668569564819336, -7.270522594451904, -11.899954795837402, -13.70492172241211, -16.121068954467773, -13.065544128417969, -17.209657669067383, -8.626802444458008, -13.503137588500977]","[50259, 50360, 50364, 16346, 5522, 3506, 10283, 1011, 293, 297, 6277, 11, 457, 22724, 352, 445, 15224, 293, 261]",19,6.8,unknown
