sample_id,model_id,hypothesis_text,avg_logprob,min_logprob,token_logprobs,token_ids,n_tokens,inference_time_s,accent_background
pcm_f_PAGS1F7_ag_spontaneous_122,whisper-small, always they get remaining far of food ready in case they finish,-inf,-inf,"[-14.109317779541016, -Infinity, -16.152387619018555, -14.804929733276367, -12.211551666259766, -13.218318939208984, -14.275415420532227, -17.528568267822266, -11.082724571228027, -20.00062370300293, -11.244390487670898, -11.952202796936035, -16.017986297607422]","[50259, 50359, 50363, 1009, 436, 483, 8877, 1400, 295, 1755, 1919, 294, 1389]",13,3.524,unknown
pcm_f_PAGT1F10_ag_spontaneous_237,whisper-small, Papa does sharp in cutlass every three days with small round flat flat file.,-inf,-inf,"[-11.600826263427734, -Infinity, -11.876057624816895, -15.120977401733398, -15.710257530212402, -14.063570022583008, -7.483091354370117, -13.96070671081543, -23.128087997436523, -11.451550483703613, -9.736011505126953, -16.29472541809082, -12.54153823852539, -12.41310977935791, -13.226449966430664, -14.608721733093262, -16.383533477783203]","[50259, 50359, 50363, 21102, 775, 8199, 294, 1723, 14549, 633, 1045, 1708, 365, 1359, 3098, 4962, 4962]",17,1.132,unknown
pcm_f_PAGT1F12_ag_spontaneous_033,whisper-small, The village and others gathered under the Yoko tree to begin the wrinkling rituals.,-inf,-inf,"[-14.01329231262207, -Infinity, -10.125341415405273, -8.862641334533691, -15.04957389831543, -8.079389572143555, -17.078981399536133, -17.03925132751465, -14.15003490447998, -10.697247505187988, -15.031896591186523, -17.50560188293457, -14.665875434875488, -9.775277137756348, -15.36368179321289, -12.945413589477539, -10.386210441589355, -16.79907989501953, -15.827839851379395]","[50259, 50359, 50363, 440, 7288, 293, 2357, 13032, 833, 264, 398, 13704, 4230, 281, 1841, 264, 928, 475, 1688]",19,1.309,unknown
pcm_f_PAGT1F12_ag_spontaneous_198,whisper-small, We plan how we go water our farm based on win-win for the past three years.,-inf,-inf,"[-13.875582695007324, -Infinity, -18.303579330444336, -8.008354187011719, -10.63239574432373, -6.7258806228637695, -10.13182544708252, -14.34976863861084, -13.690237045288086, -9.008065223693848, -11.599674224853516, -11.956595420837402, -16.264766693115234, -8.442479133605957, -7.7000732421875, -22.504638671875, -11.401864051818848, -13.505093574523926, -15.723845481872559, -13.754830360412598]","[50259, 50359, 50363, 492, 1393, 577, 321, 352, 1281, 527, 5421, 2361, 322, 1942, 12, 9136, 337, 264, 1791, 1045]",20,1.351,unknown
pcm_f_PAGT1F12_ag_spontaneous_336,whisper-small, When anima with mode too many for one play signals the kickstart and it spread fast.,-inf,-inf,"[-11.851232528686523, -Infinity, -14.177101135253906, -10.894134521484375, -11.493192672729492, -14.205546379089355, -12.89847183227539, -14.445808410644531, -13.71556282043457, -13.224743843078613, -11.98295783996582, -13.08811092376709, -11.030987739562988, -16.18276023864746, -10.866008758544922, -13.692465782165527, -15.809590339660645, -10.671177864074707, -9.528969764709473, -16.879220962524414]","[50259, 50359, 50363, 1133, 2383, 64, 365, 4391, 886, 867, 337, 472, 862, 12354, 264, 4437, 24419, 293, 309, 3974]",20,1.355,unknown
pcm_f_PAGT1F13_ag_spontaneous_324,whisper-small," Breeze wear dry corn, they blow corn, They say weather go hot well, As sky don't dark for early momma.",-inf,-inf,"[-6.920614719390869, -Infinity, -11.809173583984375, -16.95655059814453, -11.448633193969727, -12.842294692993164, -8.312029838562012, -14.92086410522461, -8.324631690979004, -2.8848958015441895, -12.244563102722168, -15.821112632751465, -4.304558753967285, -14.219390869140625, -13.20004653930664, -8.269875526428223, -15.412849426269531, -12.568325996398926, -11.594114303588867, -3.852532386779785, -19.9527530670166, -12.698970794677734, -13.663407325744629, -13.889925956726074, -12.411108016967773, -12.74910831451416, -15.601162910461426, -10.260122299194336]","[50259, 50359, 50363, 49188, 1381, 3728, 4016, 9046, 11, 436, 6327, 9046, 11, 814, 584, 5503, 352, 2368, 731, 11, 1018, 5443, 500, 380, 2877, 337, 2440, 275]",28,1.66,unknown
pcm_f_PAGT1F17_ag_spontaneous_120,whisper-small, Some song they talk directly to soil. They ask him to breathe and make it great to grow.,-inf,-inf,"[-14.387273788452148, -Infinity, -15.25244140625, -18.217748641967773, -16.630308151245117, -10.514556884765625, -11.958829879760742, -14.849998474121094, -11.419594764709473, -16.153377532958984, -11.608878135681152, -15.878288269042969, -12.369580268859863, -10.567556381225586, -6.01119327545166, -10.568448066711426, -9.250748634338379, -13.766237258911133, -12.752562522888184, -13.610276222229004, -10.760987281799316]","[50259, 50359, 50363, 2188, 2153, 436, 751, 3838, 281, 6704, 13, 814, 1029, 796, 281, 10192, 293, 652, 309, 869, 281]",21,1.326,unknown
pcm_f_PAGT1F18_ag_spontaneous_083,whisper-small," He derogation him, the boy who went he knew the work for Roy's farm.",-inf,-inf,"[-11.729717254638672, -Infinity, -13.27122688293457, -12.462117195129395, -10.715203285217285, -13.099075317382812, -12.935770988464355, -11.454122543334961, -3.45177960395813, -12.077132225036621, -13.200481414794922, -7.617272853851318, -13.732295989990234, -12.083931922912598, -16.323566436767578, -3.049981117248535, -15.628820419311523, -9.396484375, -17.637819290161133, -13.880619049072266]","[50259, 50359, 50363, 634, 1163, 664, 399, 796, 11, 264, 3237, 567, 1437, 415, 2586, 264, 589, 337, 8751, 311]",20,1.363,unknown
pcm_f_PAGT1F26_ag_spontaneous_300,whisper-small, My brother don't start to use tiny tubes where they connected to our drum to water the soil slowly.,-inf,-inf,"[-11.267638206481934, -Infinity, -12.026487350463867, -19.13277816772461, -17.620391845703125, -13.59093189239502, -12.21076488494873, -11.452169418334961, -9.264907836914062, -11.391008377075195, -15.40900993347168, -14.768919944763184, -11.536215782165527, -14.680039405822754, -15.84166431427002, -0.20075631141662598, -10.276214599609375, -17.399160385131836, -13.090781211853027, -13.156778335571289, -9.218484878540039, -15.074091911315918]","[50259, 50359, 50363, 1222, 3708, 500, 380, 722, 281, 764, 5870, 21458, 689, 436, 4582, 281, 527, 10206, 281, 1281, 264, 6704]",22,1.413,unknown
pcm_f_PAGT1F30_ag_spontaneous_333,whisper-small, The youth group do fresh songs specially for this composed season.,-inf,-inf,"[-15.432945251464844, -Infinity, -18.523622512817383, -12.61279296875, -12.9974946975708, -15.771883964538574, -15.471092224121094, -16.406797409057617, -13.98382568359375, -13.035199165344238, -10.548009872436523, -11.21993637084961, -15.481537818908691]","[50259, 50359, 50363, 440, 7503, 1594, 360, 4451, 5781, 22549, 337, 341, 18204]",13,0.979,unknown
pcm_f_PAGT1F78_ag_spontaneous_017,whisper-small," For the book, we write animal checkups. We do just down any good things where we observe for the animal body.",-inf,-inf,"[-12.78581428527832, -Infinity, -17.57941246032715, -11.839162826538086, -7.802585124969482, -12.64573860168457, -9.41826343536377, -11.04100513458252, -12.994490623474121, -18.903470993041992, -18.209014892578125, -13.328721046447754, -9.587433815002441, -12.111391067504883, -12.005681991577148, -15.129918098449707, -15.053942680358887, -13.697463989257812, -14.508302688598633, -16.519075393676758, -10.892110824584961, -12.895940780639648, -18.83306884765625, -9.891101837158203, -13.017480850219727, -15.877602577209473]","[50259, 50359, 50363, 1171, 264, 1446, 11, 321, 2464, 5496, 1520, 7528, 13, 492, 360, 445, 760, 604, 665, 721, 689, 321, 11441, 337, 264, 5496]",26,1.635,unknown
pcm_f_PAGT1F78_ag_spontaneous_376,whisper-small," Papa Dayano is safe with a quick-hold digress, he no go plenty, and he go de-hold water.",-inf,-inf,"[-11.608014106750488, -Infinity, -13.47865104675293, -14.180071830749512, -15.815133094787598, -18.065942764282227, -11.651196479797363, -12.357913970947266, -10.781611442565918, -14.966663360595703, -12.638089179992676, -10.163421630859375, -16.707881927490234, -11.294392585754395, -15.948759078979492, -7.345290660858154, -10.606498718261719, -11.071989059448242, -8.822505950927734, -13.921067237854004, -3.2940423488616943, -6.814919948577881, -8.989811897277832, -13.306829452514648, -9.55252456665039, -10.376168251037598, -18.943761825561523]","[50259, 50359, 50363, 21102, 5226, 3730, 307, 3273, 365, 257, 1702, 12, 4104, 2528, 735, 11, 415, 572, 352, 7140, 11, 293, 415, 352, 368, 12, 4104]",27,1.637,unknown
pcm_f_PAGT1M12_ag_spontaneous_497,whisper-small, Foul will benefit if you put shade net where you control sun and protect them from heavy rain.,-inf,-inf,"[-13.29378604888916, -Infinity, -11.470514297485352, -15.892474174499512, -15.811147689819336, -12.25582504272461, -15.76303768157959, -12.76091480255127, -11.74062728881836, -12.029709815979004, -11.667811393737793, -15.312870979309082, -12.954788208007812, -10.473255157470703, -10.659401893615723, -12.54844856262207, -8.758890151977539, -16.213665008544922, -15.613930702209473, -11.625048637390137, -15.883548736572266]","[50259, 50359, 50363, 479, 3298, 486, 5121, 498, 291, 829, 11466, 2533, 689, 291, 1969, 3295, 293, 2371, 552, 490, 4676]",21,1.417,unknown
pcm_f_PAGT2F22_ag_spontaneous_296,whisper-small, Then stop to plant tomato and move to pepper because heat the spoiled tomato fast.,-inf,-inf,"[-15.648838996887207, -Infinity, -12.739480018615723, -15.410623550415039, -15.15044116973877, -8.111836433410645, -12.770917892456055, -10.385466575622559, -10.632883071899414, -15.348423957824707, -7.878633499145508, -11.50167465209961, -13.008296012878418, -15.82503604888916, -9.843798637390137, -18.49247932434082, -14.881426811218262]","[50259, 50359, 50363, 1396, 1590, 281, 3709, 9288, 293, 1286, 281, 8532, 570, 3738, 264, 32439, 9288]",17,1.216,unknown
pcm_f_PAGT2F49_ag_spontaneous_293,whisper-small, The maize and soya beans we they use make the soil gets prestige for next round.,-inf,-inf,"[-9.251256942749023, -Infinity, -19.1387882232666, -12.195854187011719, -13.269392967224121, -18.11779022216797, -13.259361267089844, -13.022016525268555, -14.72363567352295, -16.29030418395996, -10.110395431518555, -8.0100679397583, -12.077842712402344, -10.873174667358398, -6.3477783203125, -13.68205451965332, -16.561229705810547, -19.442617416381836, -10.006524085998535, -11.132790565490723]","[50259, 50359, 50363, 440, 463, 1125, 293, 370, 3016, 12010, 321, 436, 764, 652, 264, 6704, 2170, 42531, 337, 958]",20,1.341,unknown
pcm_f_PBUT1F12_bu_spontaneous_229,whisper-small," New parents, they always try to focus on how they go take safe money for children education.",-inf,-inf,"[-12.87108039855957, -Infinity, -14.154528617858887, -16.75895118713379, -15.009186744689941, -7.776697635650635, -9.257607460021973, -8.992030143737793, -14.505255699157715, -10.260336875915527, -15.417862892150879, -11.155385971069336, -10.141252517700195, -9.172390937805176, -14.318089485168457, -14.512063026428223, -13.047828674316406, -12.710103034973145, -10.469430923461914, -12.754094123840332]","[50259, 50359, 50363, 1873, 3152, 11, 436, 1009, 853, 281, 1879, 322, 577, 436, 352, 747, 3273, 1460, 337, 2227]",20,1.434,unknown
pcm_f_PBUT2F11_bu_spontaneous_410,whisper-small, Some people no two feet drop their share steady for the retirement money where everybody they join hands say.,-inf,-inf,"[-15.00240421295166, -Infinity, -12.86781120300293, -15.600506782531738, -11.983038902282715, -10.815625190734863, -13.282054901123047, -11.117372512817383, -14.895833969116211, -12.856905937194824, -16.844575881958008, -17.77426528930664, -10.886395454406738, -6.510115146636963, -18.260644912719727, -14.505248069763184, -13.95482349395752, -13.463425636291504, -5.341635227203369, -12.390238761901855, -16.6344051361084]","[50259, 50359, 50363, 2188, 561, 572, 732, 3521, 3270, 641, 2073, 13211, 337, 264, 15189, 1460, 689, 2201, 436, 3917, 2377]",21,1.395,unknown
pcm_f_PBUT2F12_bu_spontaneous_545,whisper-small," The maintenance fee, where my online bank accounts, they come out every month, don't start to the pilot.",-inf,-inf,"[-18.167648315429688, -Infinity, -17.31895637512207, -8.322946548461914, -13.915801048278809, -16.51050567626953, -10.768902778625488, -16.007034301757812, -15.439955711364746, -12.19615364074707, -11.4453763961792, -12.363990783691406, -7.662544250488281, -13.266057968139648, -16.00196075439453, -12.607184410095215, -13.300003051757812, -19.251556396484375, -8.149087905883789, -13.283554077148438, -12.494047164916992, -11.874489784240723, -9.025107383728027, -11.007946968078613]","[50259, 50359, 50363, 440, 11258, 12054, 11, 689, 452, 2950, 3765, 9402, 11, 436, 808, 484, 633, 1618, 11, 500, 380, 722, 281, 264]",24,1.492,unknown
pcm_f_PBUT2F6_bu_spontaneous_055,whisper-small, The price of medicine don't hide very well. And it will worry many families for America.,-inf,-inf,"[-13.93254566192627, -Infinity, -14.760234832763672, -10.975078582763672, -11.231416702270508, -15.50174617767334, -14.939126968383789, -13.634560585021973, -14.502848625183105, -15.0431547164917, -13.859262466430664, -13.51501750946045, -8.630335807800293, -15.099173545837402, -13.380351066589355, -13.138839721679688, -15.833791732788086, -10.008121490478516, -17.311193466186523, -11.506482124328613]","[50259, 50359, 50363, 440, 3218, 295, 7195, 500, 380, 6479, 588, 731, 13, 400, 309, 486, 3292, 867, 4466, 337]",20,1.311,unknown
pcm_f_PECS1F12_ev_spontaneous_580,whisper-small," Things say traffic and crowd, they make them hard for people to find time and space to exercise.",-inf,-inf,"[-11.404081344604492, -Infinity, -15.017343521118164, -17.27220916748047, -13.030179977416992, -15.333359718322754, -6.780387878417969, -16.33159828186035, -7.002651214599609, -12.066031455993652, -13.263035774230957, -10.252665519714355, -12.257338523864746, -14.315943717956543, -11.387955665588379, -8.015270233154297, -15.501548767089844, -15.775298118591309, -9.902669906616211, -15.277631759643555, -12.752881050109863]","[50259, 50359, 50363, 9514, 584, 6419, 293, 6919, 11, 436, 652, 552, 1152, 337, 561, 281, 915, 565, 293, 1901, 281]",21,1.491,unknown
pcm_f_PECS1F16_ev_spontaneous_193,whisper-small," Sophie, I don't know what she did to herself. Just see how fat she is.",-inf,-inf,"[-13.637914657592773, -Infinity, -14.21734619140625, -17.345888137817383, -12.753545761108398, -11.007345199584961, -13.713800430297852, -13.469651222229004, -13.13862419128418, -10.339569091796875, -12.376579284667969, -12.287822723388672, -9.877300262451172, -10.727999687194824, -7.768760681152344, -15.643330574035645, -11.127446174621582, -14.784374237060547, -14.704482078552246, -9.0092134475708]","[50259, 50359, 50363, 29645, 11, 286, 500, 380, 458, 437, 750, 630, 281, 7530, 13, 1449, 536, 577, 4046, 750]",20,1.336,unknown
pcm_f_PECS1F18_ev_spontaneous_246,whisper-small, They can break. They help me recharge. Why are they care for others?,-inf,-inf,"[-14.347618103027344, -Infinity, -13.1471529006958, -3.4725775718688965, -11.560663223266602, -13.59121036529541, -9.386030197143555, -14.762248992919922, -14.49946117401123, -13.861931800842285, -12.412425994873047, -12.152863502502441, -12.954259872436523, -7.784443378448486, -12.592108726501465, -14.365452766418457, -11.951136589050293]","[50259, 50359, 50363, 814, 393, 1821, 13, 814, 854, 385, 31366, 13, 1545, 366, 436, 1127, 337]",17,1.227,unknown
pcm_f_PECS1F18_ev_spontaneous_375,whisper-small," Which families he settled and mission office to feed, give their picking and mission? Why others believe?",-inf,-inf,"[-10.145447731018066, -Infinity, -10.285758972167969, -14.49380874633789, -13.896324157714844, -6.726824760437012, -15.3651762008667, -5.571325778961182, -13.180891990661621, -14.703341484069824, -3.464021921157837, -13.42586612701416, -7.813478469848633, -14.745407104492188, -8.582016944885254, -15.752816200256348, -9.836047172546387, -15.806526184082031, -4.681996822357178, -13.327323913574219, -15.505027770996094]","[50259, 50359, 50363, 3013, 4466, 415, 14819, 293, 4447, 3398, 281, 3154, 11, 976, 641, 8867, 293, 4447, 30, 1545, 2357]",21,1.415,unknown
pcm_f_PECS1F22_ev_spontaneous_456,whisper-small," Don't let new get age, as long as you get interest, you will feel then.",-inf,-inf,"[-12.223184585571289, -Infinity, -14.422684669494629, -11.298501968383789, -9.54341983795166, -14.217784881591797, -13.027352333068848, -10.181661605834961, -17.25193214416504, -9.013745307922363, -11.758572578430176, -13.393725395202637, -13.35827922821045, -0.755597710609436, -9.154191970825195, -15.34184455871582, -10.05351448059082, -7.54728889465332, -10.13051700592041, -13.508668899536133]","[50259, 50359, 50363, 1468, 380, 718, 777, 483, 3205, 11, 382, 938, 382, 291, 483, 1179, 11, 291, 486, 841]",20,1.33,unknown
pcm_f_PECS1F23_ev_spontaneous_079,whisper-small, It is important to teach our picking them about our family lineage and values.,-inf,-inf,"[-14.92048454284668, -Infinity, -14.418293952941895, -14.259025573730469, -14.012311935424805, -13.177473068237305, -9.034071922302246, -13.677699089050293, -7.545041084289551, -17.433059692382812, -13.01986026763916, -15.450599670410156, -10.549817085266113, -11.882617950439453, -18.01800537109375, -9.883749008178711]","[50259, 50359, 50363, 467, 307, 1021, 281, 2924, 527, 8867, 552, 466, 527, 1605, 38257, 293]",16,1.192,unknown
pcm_f_PECS1F24_ev_spontaneous_042,whisper-small, We collaborate with local businesses to sponsor our fundraising events.,-inf,-inf,"[-14.714385032653809, -Infinity, -17.636539459228516, -11.45417308807373, -16.20811653137207, -7.314190864562988, -13.134490013122559, -13.232251167297363, -15.601595878601074, -14.337743759155273, -11.182171821594238, -15.946932792663574]","[50259, 50359, 50363, 492, 18338, 365, 2654, 6011, 281, 16198, 527, 32643]",12,1.026,unknown
pcm_f_PECS1F25_ev_spontaneous_128,whisper-small," Sometimes, if the pressure don't too much, person forgets mental problem or even entire depression.",-inf,-inf,"[-16.031494140625, -Infinity, -17.221111297607422, -6.814538955688477, -3.4354312419891357, -9.82105541229248, -12.75326919555664, -11.356593132019043, -16.125783920288086, -12.074878692626953, -10.693543434143066, -14.746614456176758, -6.783944606781006, -11.87921142578125, -14.089468002319336, -11.234844207763672, -6.4127888679504395, -11.482255935668945, -12.393855094909668, -12.321615219116211, -16.881860733032227]","[50259, 50359, 50363, 4803, 11, 498, 264, 3321, 500, 380, 886, 709, 11, 954, 2870, 82, 4973, 1154, 420, 754, 2302]",21,1.378,unknown
pcm_f_PECS1F25_ev_spontaneous_395,whisper-small, Now put your money for one basket. Get the Fred's Channels. Where you they put you money?,-inf,-inf,"[-13.327466011047363, -Infinity, -18.262405395507812, -18.00139045715332, -10.770544052124023, -10.102192878723145, -14.035967826843262, -10.242661476135254, -14.785637855529785, -13.65662956237793, -10.665569305419922, -14.315185546875, -10.505266189575195, -13.387472152709961, -9.279157638549805, -13.837996482849121, -16.6021785736084, -18.855260848999023, -7.369451999664307, -15.380746841430664, -4.52012300491333, -10.689777374267578, -13.475502967834473, -8.135682106018066]","[50259, 50359, 50363, 823, 829, 428, 1460, 337, 472, 8390, 13, 3240, 264, 10112, 311, 761, 969, 1625, 13, 2305, 291, 436, 829, 291]",24,1.555,unknown
pcm_f_PECS1F27_ev_spontaneous_293,whisper-small, We go cook plenty food to celebrate the new arrival. Chop and drink.,-inf,-inf,"[-14.186274528503418, -Infinity, -16.4821720123291, -15.267229080200195, -13.316265106201172, -16.889591217041016, -21.016788482666016, -12.803951263427734, -13.26035213470459, -18.180662155151367, -9.917181968688965, -15.53751277923584, -16.547407150268555, -10.911664009094238, -16.626605987548828, -11.004255294799805]","[50259, 50359, 50363, 492, 352, 2543, 7140, 1755, 281, 8098, 264, 777, 18365, 13, 25615, 293]",16,1.208,unknown
pcm_f_PECS1F28_ev_spontaneous_267,whisper-small, My guy at the halo. I don't see say the sickness don't free you,-inf,-inf,"[-11.312663078308105, -Infinity, -13.34992790222168, -14.593503952026367, -13.099860191345215, -9.023906707763672, -10.398900985717773, -17.779142379760742, -13.50344467163086, -10.974577903747559, -11.918103218078613, -13.061477661132812, -11.459684371948242, -14.234609603881836, -14.877923965454102, -13.725744247436523, -15.01010799407959, -12.099576950073242]","[50259, 50359, 50363, 1222, 2146, 412, 264, 46268, 13, 286, 500, 380, 536, 584, 264, 25611, 500, 380]",18,1.275,unknown
pcm_f_PECS1F29_ev_spontaneous_245,whisper-small, Quick meals day-to-day fast and convenient but am convenient but may not be healthy.,-inf,-inf,"[-11.688621520996094, -Infinity, -12.61732292175293, -11.835977554321289, -12.297650337219238, -5.00963830947876, -13.629307746887207, -16.72126579284668, -7.075486183166504, -15.67873477935791, -12.007615089416504, -2.7503395080566406, -0.18143299221992493, -0.13224773108959198, -Infinity, -16.756120681762695, -10.086917877197266, -11.12869930267334, -9.050187110900879, -11.839879989624023]","[50259, 50359, 50363, 12101, 12832, 786, 12, 1353, 12, 810, 2370, 293, 10851, 457, 669, 10851, 457, 815, 406, 312]",20,1.371,unknown
pcm_f_PECS1F30_ev_spontaneous_199,whisper-small," You fit to explain how your ancestors experience. Take half faith how them they do traditional marriage, traditional marriage for your village,",-inf,-inf,"[-15.692770004272461, -Infinity, -12.617977142333984, -14.757111549377441, -17.41356658935547, -10.13871955871582, -18.227649688720703, -12.847943305969238, -9.90894889831543, -13.006402969360352, -10.303744316101074, -7.878547191619873, -14.826107025146484, -14.087942123413086, -13.988198280334473, -12.890909194946289, -11.805785179138184, -13.265132904052734, -11.738076210021973, -0.11290115118026733, -0.008219108916819096, -Infinity, -15.020796775817871, -12.255514144897461, -9.81668472290039, -6.923508167266846]","[50259, 50359, 50363, 509, 3318, 281, 2903, 577, 428, 18069, 1752, 13, 3664, 1922, 4522, 577, 552, 436, 360, 5164, 7194, 11, 5164, 7194, 337, 428]",26,1.578,unknown
pcm_f_PECS1F30_ev_spontaneous_387,whisper-small," I know no waiting you want, make I do, but I promise say I cause they save small, small.",-inf,-inf,"[-13.463603973388672, -Infinity, -14.374856948852539, -10.006996154785156, -12.656637191772461, -11.556443214416504, -16.46269989013672, -7.077792167663574, -11.297345161437988, -7.571834087371826, -11.914044380187988, -6.612489700317383, -11.759925842285156, -11.263736724853516, -9.261236190795898, -0.02930840291082859, -12.742806434631348, -12.031211853027344, -10.877229690551758, -14.057788848876953, -10.97575855255127, -13.409012794494629, -8.34095573425293, -14.883569717407227]","[50259, 50359, 50363, 286, 458, 572, 3806, 291, 528, 11, 652, 286, 360, 11, 457, 286, 6228, 584, 286, 3082, 436, 3155, 1359, 11]",24,1.53,unknown
pcm_f_PECS1F35_ev_spontaneous_358,whisper-small, I love my mama and papa. They love me too.,-inf,-inf,"[-13.272309303283691, -Infinity, -16.50530242919922, -10.338799476623535, -13.40605354309082, -7.340545177459717, -16.0859432220459, -9.81204891204834, -20.943222045898438, -11.505595207214355, -16.132808685302734, -13.894556999206543, -11.757699012756348]","[50259, 50359, 50363, 286, 959, 452, 18775, 293, 31015, 13, 814, 959, 385]",13,1.04,unknown
pcm_f_PECS1F35_ev_spontaneous_582,whisper-small," I bet if you tell me how the Yoruba Cultural Preservation Society, they work.",-inf,-inf,"[-17.95754051208496, -Infinity, -16.65364646911621, -10.166111946105957, -14.652974128723145, -11.007407188415527, -8.272096633911133, -15.175924301147461, -13.022297859191895, -13.63178539276123, -18.11652946472168, -12.913078308105469, -14.779747009277344, -18.46974754333496, -15.55774974822998, -15.738972663879395, -18.408676147460938, -19.12242317199707, -3.9206550121307373, -10.881291389465332]","[50259, 50359, 50363, 286, 778, 498, 291, 980, 385, 577, 264, 398, 284, 12584, 31450, 2718, 6864, 13742, 11, 436]",20,1.298,unknown
pcm_f_PECS1F36_ev_spontaneous_316,whisper-small, You fit tell me how you fit assess the resources for financial assistance.,-inf,-inf,"[-13.269036293029785, -Infinity, -12.651902198791504, -14.888442993164062, -12.882915496826172, -12.807480812072754, -13.09465217590332, -10.520759582519531, -8.994871139526367, -13.297504425048828, -14.52230453491211, -6.66632080078125, -11.660268783569336, -8.68014144897461, -13.135735511779785]","[50259, 50359, 50363, 509, 3318, 980, 385, 577, 291, 3318, 5877, 264, 3593, 337, 4669]",15,1.169,unknown
pcm_f_PECS1F38_ev_spontaneous_085,whisper-small," Per single day, per single day safe, if they use Obonga antivirus and software, we're day updated.",-inf,-inf,"[-9.30358600616455, -Infinity, -16.516925811767578, -4.149369716644287, -6.101623058319092, -8.005208015441895, -9.761241912841797, -11.419525146484375, -15.61008071899414, -14.570852279663086, -12.763005256652832, -8.713366508483887, -10.245601654052734, -15.918655395507812, -13.810652732849121, -14.30351448059082, -19.768020629882812, -18.45696449279785, -11.181221961975098, -15.061596870422363, -17.58709716796875, -10.174077987670898, -14.505631446838379, -7.221675872802734, -11.842267990112305, -14.334650993347168, -15.254060745239258]","[50259, 50359, 50363, 3026, 2167, 786, 11, 680, 2167, 786, 3273, 11, 498, 436, 764, 4075, 556, 64, 2511, 592, 9619, 293, 4722, 11, 321, 434, 786]",27,1.599,unknown
pcm_f_PECS1F38_ev_spontaneous_319,whisper-small," We accommodate people for Niger, but you don't know when to much break.",-inf,-inf,"[-13.892662048339844, -Infinity, -16.454723358154297, -11.778376579284668, -14.090790748596191, -9.993752479553223, -10.514512062072754, -17.525278091430664, -6.933506965637207, -14.50313663482666, -8.776467323303223, -9.574056625366211, -12.062952041625977, -11.016580581665039, -7.778407096862793, -5.9835100173950195, -13.52216911315918]","[50259, 50359, 50363, 492, 21410, 561, 337, 21489, 11, 457, 291, 500, 380, 458, 562, 281, 709]",17,1.336,unknown
pcm_f_PECS1F39_ev_spontaneous_093,whisper-small," They catch our senior pastor son, wear him the thief.",-inf,-inf,"[-15.751112937927246, -Infinity, -18.908260345458984, -15.61090087890625, -13.131609916687012, -13.400529861450195, -18.792091369628906, -15.389262199401855, -18.50426483154297, -4.180008888244629, -16.499441146850586, -12.596460342407227, -8.771585464477539]","[50259, 50359, 50363, 814, 3745, 527, 7965, 21193, 1872, 11, 3728, 796, 264]",13,1.028,unknown
pcm_f_PECS1F39_ev_spontaneous_253,whisper-small, Pants touch supports the help setting Matawe Day for their community.,-inf,-inf,"[-10.909208297729492, -Infinity, -12.488945960998535, -12.110302925109863, -18.528751373291016, -14.067177772521973, -13.916642189025879, -3.689462423324585, -18.801971435546875, -14.235575675964355, -12.420838356018066, -16.75608253479004, -20.084932327270508, -17.57890510559082, -10.469417572021484, -14.0047025680542]","[50259, 50359, 50363, 430, 1719, 2557, 9346, 264, 854, 3287, 376, 3274, 826, 5226, 337, 641]",16,1.156,unknown
pcm_f_PECS1F39_ev_spontaneous_292,whisper-small, Don't suppose try they concentrate for their neighbors and keep the noise level down.,-inf,-inf,"[-12.702491760253906, -Infinity, -14.05722713470459, -11.38818073272705, -11.553115844726562, -16.902923583984375, -13.208380699157715, -6.075985431671143, -17.647308349609375, -12.464019775390625, -12.255914688110352, -13.794611930847168, -14.328627586364746, -16.70130729675293, -11.105895042419434, -16.231760025024414, -16.69367027282715]","[50259, 50359, 50363, 1468, 380, 7297, 853, 436, 18089, 337, 641, 12512, 293, 1066, 264, 5658, 1496]",17,1.161,unknown
pcm_f_PECS1F40_ev_spontaneous_018,whisper-small, You feel the art students or science students for high school.,-inf,-inf,"[-13.010364532470703, -Infinity, -12.257240295410156, -12.989681243896484, -13.98182487487793, -9.624029159545898, -10.291444778442383, -0.02793145924806595, -6.036099910736084, -12.930366516113281, -8.620447158813477, -9.81096363067627, -14.007630348205566]","[50259, 50359, 50363, 509, 841, 264, 1523, 1731, 420, 3497, 1731, 337, 1090]",13,1.06,unknown
pcm_f_PECS1F40_ev_spontaneous_227,whisper-small," Plenty people, they see the beat, saying are the chance where people get to influence government.",-inf,-inf,"[-13.460700988769531, -Infinity, -16.58201026916504, -14.987565040588379, -19.512657165527344, -13.58670425415039, -4.340254783630371, -10.205523490905762, -7.377206802368164, -6.160009384155273, -16.072071075439453, -7.393609523773193, -14.193838119506836, -9.149566650390625, -6.260342597961426, -14.35101318359375, -12.172889709472656, -14.879237174987793, -13.46175765991211, -9.500539779663086, -14.82447338104248]","[50259, 50359, 50363, 2149, 4179, 561, 11, 436, 536, 264, 4224, 11, 1566, 366, 264, 2931, 689, 561, 483, 281, 6503]",21,1.408,unknown
pcm_f_PECS1F40_ev_spontaneous_359,whisper-small, Light nowadays stay on this area. Now generate with the use every time.,-inf,-inf,"[-13.216695785522461, -Infinity, -12.471508026123047, -13.239375114440918, -12.189498901367188, -15.314376831054688, -9.188801765441895, -12.374290466308594, -14.93634033203125, -5.40341854095459, -15.024599075317383, -15.379596710205078, -9.127897262573242, -10.769845962524414, -11.792064666748047, -14.384654998779297]","[50259, 50359, 50363, 8279, 13434, 1754, 322, 341, 1859, 13, 823, 8460, 365, 264, 764, 633]",16,1.155,unknown
pcm_f_PECS1F41_ev_spontaneous_189,whisper-small, He got one girl where my teacher flogged on to say she did talk when with the same national anthem.,-inf,-inf,"[-11.808271408081055, -Infinity, -14.44632625579834, -15.851737022399902, -9.328534126281738, -12.013684272766113, -13.506129264831543, -14.595719337463379, -16.95628547668457, -18.209877014160156, -15.769845008850098, -16.28142547607422, -14.53311538696289, -12.399252891540527, -6.714015960693359, -12.829368591308594, -8.175987243652344, -9.39039134979248, -16.27025032043457, -15.228416442871094, -13.665420532226562, -13.257760047912598, -13.459395408630371, -15.821147918701172]","[50259, 50359, 50363, 634, 658, 472, 2013, 689, 452, 5027, 932, 664, 3004, 322, 281, 584, 750, 630, 751, 562, 365, 264, 912, 4048]",24,1.493,unknown
pcm_f_PECS1F41_ev_spontaneous_500,whisper-small," Mama, they cook every evening while Papa, they make sure it's a light, no finish.",-inf,-inf,"[-12.952444076538086, -Infinity, -15.76791000366211, -15.633960723876953, -6.267729759216309, -11.8772554397583, -16.513113021850586, -13.477800369262695, -14.729390144348145, -13.65269947052002, -20.270034790039062, -10.320516586303711, -2.6023871898651123, -12.432785987854004, -11.516669273376465, -11.609053611755371, -10.154450416564941, -10.033693313598633, -9.538650512695312, -5.354785442352295, -13.003327369689941]","[50259, 50359, 50363, 17775, 11, 436, 2543, 633, 5634, 1339, 21102, 11, 436, 652, 988, 309, 311, 257, 1442, 11, 572]",21,1.36,unknown
pcm_f_PECS1F41_ev_spontaneous_589,whisper-small, Come out hand for phone. Focus on the tax way they at hand.,-inf,-inf,"[-15.792634010314941, -Infinity, -12.915841102600098, -16.360383987426758, -14.880581855773926, -14.300834655761719, -12.773253440856934, -15.752359390258789, -12.005885124206543, -16.445880889892578, -6.675021648406982, -5.301326274871826, -11.332735061645508, -16.148805618286133, -12.75560188293457, -12.760461807250977]","[50259, 50359, 50363, 2492, 484, 1011, 337, 2593, 13, 21862, 322, 264, 3366, 636, 436, 412]",16,1.191,unknown
pcm_f_PECS1F44_ev_spontaneous_559,whisper-small, media get the power to influence how people think for society.,-inf,-inf,"[-15.475041389465332, -Infinity, -17.259292602539062, -13.12779712677002, -13.015103340148926, -10.136869430541992, -12.555025100708008, -8.755992889404297, -13.139130592346191, -9.310857772827148, -7.3530731201171875, -12.35229206085205, -10.38512897491455]","[50259, 50359, 50363, 3021, 483, 264, 1347, 281, 6503, 577, 561, 519, 337]",13,1.101,unknown
pcm_f_PECS1F47_ev_spontaneous_156,whisper-small," If you want to build inclusive community, love and kindness are the way.",-inf,-inf,"[-15.763372421264648, -Infinity, -14.30686092376709, -13.901815414428711, -10.150664329528809, -14.687671661376953, -10.219829559326172, -10.423361778259277, -13.69326400756836, -13.350586891174316, -10.333893775939941, -8.768412590026855, -13.131929397583008, -18.695777893066406, -13.23348617553711, -10.259119033813477]","[50259, 50359, 50363, 759, 291, 528, 281, 1322, 13429, 1768, 11, 959, 293, 18171, 366, 264]",16,1.271,unknown
pcm_f_PECS1F49_ev_spontaneous_398,whisper-small, students don't cancel all the lectures because because then they do protests,-inf,-inf,"[-14.589662551879883, -Infinity, -18.502656936645508, -13.992985725402832, -14.589105606079102, -12.665323257446289, -13.025935173034668, -10.701216697692871, -6.490899085998535, -15.41026782989502, -10.277099609375, -13.38524055480957, -12.525199890136719, -8.862260818481445]","[50259, 50359, 50363, 1731, 500, 380, 10373, 439, 264, 16564, 570, 570, 550, 436]",14,1.015,unknown
pcm_f_PECS1F50_ev_spontaneous_175,whisper-small, The main use of tax now to help the community or government run essential services.,-inf,-inf,"[-16.6317138671875, -Infinity, -16.50959014892578, -15.501791000366211, -14.936088562011719, -13.025997161865234, -12.010772705078125, -18.252567291259766, -14.007606506347656, -13.38733196258545, -14.910603523254395, -5.1614460945129395, -16.046283721923828, -13.174189567565918, -11.431912422180176, -13.479818344116211, -17.63021469116211]","[50259, 50359, 50363, 440, 2135, 764, 295, 3366, 586, 281, 854, 264, 1768, 420, 2463, 1190, 7115]",17,1.227,unknown
pcm_f_PECS1F51_ev_spontaneous_056,whisper-small, Discuss how to share bills so everybody be comfortable and agree well.,-inf,-inf,"[-14.958056449890137, -Infinity, -16.644855499267578, -16.75455665588379, -17.130033493041992, -13.230274200439453, -7.437251091003418, -16.676137924194336, -15.319738388061523, -10.55079174041748, -13.474360466003418, -11.381836891174316, -14.04434871673584, -7.624414920806885, -15.194595336914062]","[50259, 50359, 50363, 4208, 2169, 577, 281, 2073, 12433, 370, 2201, 312, 4619, 293, 3986]",15,1.145,unknown
pcm_f_PECS1F51_ev_spontaneous_281,whisper-small," The KBC E-Day Declare, concise and communicates to everyone.",-inf,-inf,"[-12.166305541992188, -Infinity, -12.303143501281738, -13.972089767456055, -9.518811225891113, -10.310964584350586, -10.184110641479492, -9.121917724609375, -2.3575620651245117, -14.653366088867188, -11.104339599609375, -17.471965789794922, -16.774097442626953, -10.3193998336792, -17.070932388305664, -10.516510963439941, -20.775480270385742, -17.13239288330078, -11.879220008850098]","[50259, 50359, 50363, 440, 591, 33, 34, 462, 12, 38495, 1346, 3474, 543, 11, 44882, 293, 3363, 1024, 281]",19,1.271,unknown
pcm_f_PECS1F51_ev_spontaneous_332,whisper-small," If we they bite things together, make we keep we sleep so nobody go so spits.",-inf,-inf,"[-13.353386878967285, -Infinity, -12.868667602539062, -14.32075023651123, -11.078897476196289, -10.255257606506348, -16.565095901489258, -14.2225923538208, -12.172070503234863, -9.15423583984375, -13.180804252624512, -6.9277825355529785, -12.849757194519043, -7.911759853363037, -11.147324562072754, -0.6394941806793213, -13.573450088500977, -17.031953811645508, -10.281494140625, -17.128089904785156]","[50259, 50359, 50363, 759, 321, 436, 7988, 721, 1214, 11, 652, 321, 1066, 321, 2817, 370, 5079, 352, 370, 637]",20,1.357,unknown
pcm_f_PECS1F51_ev_spontaneous_360,whisper-small," Make them savvy how to agree for each. No for each, no one passing good the agree all the time.",-inf,-inf,"[-13.895716667175293, -Infinity, -12.289142608642578, -16.658367156982422, -14.128125190734863, -15.560798645019531, -10.775962829589844, -11.0048189163208, -14.834407806396484, -9.9745512008667, -9.32877254486084, -9.257678985595703, -3.7010278701782227, -11.820740699768066, -12.763636589050293, -2.4008045196533203, -10.778371810913086, -9.092748641967773, -12.687948226928711, -13.466520309448242, -0.005546892993152142, -16.876239776611328, -11.900840759277344, -11.0058012008667]","[50259, 50359, 50363, 4387, 552, 47506, 577, 281, 3986, 337, 1184, 13, 883, 337, 1184, 11, 572, 472, 8437, 665, 264, 3986, 439, 264]",24,1.485,unknown
pcm_f_PECS1F52_ev_spontaneous_333,whisper-small," Now this is my fitness group, they encourage me to do exercise.",-inf,-inf,"[-13.884282112121582, -Infinity, -15.343366622924805, -13.519623756408691, -14.844234466552734, -10.150956153869629, -10.64405632019043, -14.153509140014648, -13.314881324768066, -10.002927780151367, -7.049980640411377, -13.831034660339355, -8.89449405670166, -9.241353034973145, -12.136148452758789]","[50259, 50359, 50363, 823, 341, 307, 452, 15303, 1594, 11, 436, 5373, 385, 281, 360]",15,1.099,unknown
pcm_f_PECS1F53_ev_spontaneous_359,whisper-small," Frequent job change, we make person they lose finance if the job with the experts no come.",-inf,-inf,"[-13.432604789733887, -Infinity, -13.70077133178711, -14.221290588378906, -14.126944541931152, -13.164496421813965, -11.751189231872559, -5.958488941192627, -7.439484119415283, -12.721723556518555, -14.62807559967041, -10.483362197875977, -14.350117683410645, -17.068273544311523, -11.412736892700195, -0.5374162197113037, -9.881082534790039, -8.91972541809082, -10.365497589111328, -16.18052864074707, -13.132601737976074]","[50259, 50359, 50363, 6142, 28842, 1691, 1319, 11, 321, 652, 954, 436, 3624, 10719, 498, 264, 1691, 365, 264, 8572, 572]",21,1.357,unknown
pcm_f_PECS1F53_ev_spontaneous_425,whisper-small, Is there a risk to the design when you never find another job with them?,-inf,-inf,"[-13.553909301757812, -Infinity, -15.535506248474121, -13.253256797790527, -8.116524696350098, -4.6812520027160645, -6.122673511505127, -9.261678695678711, -6.401729106903076, -12.23038387298584, -13.655611991882324, -10.97486400604248, -17.100244522094727, -15.150328636169434, -6.364896297454834, -13.739194869995117, -13.448539733886719]","[50259, 50359, 50363, 1119, 456, 257, 3148, 281, 264, 1715, 562, 291, 1128, 915, 1071, 1691, 365]",17,1.193,unknown
pcm_f_PECS1F53_ev_spontaneous_536,whisper-small, I don't they try to you see a different person with the honours for my company,-inf,-inf,"[-14.213683128356934, -Infinity, -16.629728317260742, -6.767219066619873, -8.29080581665039, -9.50361156463623, -7.5768842697143555, -14.029983520507812, -7.944424629211426, -10.631523132324219, -11.373266220092773, -7.384555339813232, -7.748465538024902, -12.31108570098877, -14.113370895385742, -11.538078308105469, -17.377744674682617, -15.842777252197266, -9.66058349609375]","[50259, 50359, 50363, 286, 500, 380, 436, 853, 281, 291, 536, 257, 819, 954, 365, 264, 2157, 5067, 337]",19,1.228,unknown
pcm_f_PECS1F54_ev_spontaneous_043,whisper-small, Entertainment fit makes picking them get bad behavior because entertainment shall be influenced.,-inf,-inf,"[-13.959779739379883, -Infinity, -14.381993293762207, -14.139084815979004, -13.389596939086914, -9.8588285446167, -14.335987091064453, -11.149832725524902, -14.183257102966309, -15.188260078430176, -12.318519592285156, -12.630447387695312, -17.215206146240234, -15.211579322814941, -12.698899269104004]","[50259, 50359, 50363, 25758, 3318, 1669, 8867, 552, 483, 1578, 5223, 570, 12393, 4393, 312]",15,1.108,unknown
pcm_f_PECS1F55_ev_spontaneous_287,whisper-small, I here say they don't block that our usual route. Now to go find another one.,-inf,-inf,"[-9.973276138305664, -Infinity, -13.598894119262695, -8.138587951660156, -11.882691383361816, -15.502917289733887, -11.894762992858887, -11.679282188415527, -12.970096588134766, -17.012439727783203, -14.166015625, -13.250439643859863, -16.268320083618164, -17.79745864868164, -13.149755477905273, -16.009733200073242, -9.762228965759277, -12.511747360229492, -15.357789039611816, -13.629931449890137]","[50259, 50359, 50363, 286, 510, 584, 436, 500, 380, 3461, 300, 527, 7713, 7955, 13, 823, 281, 352, 915, 1071]",20,1.321,unknown
pcm_f_PECS1F55_ev_spontaneous_401,whisper-small, Namaste media. Help us create awareness about the free medical outreach. We will. They do.,-inf,-inf,"[-13.005507469177246, -Infinity, -9.619587898254395, -13.255049705505371, -14.589591026306152, -15.329679489135742, -8.854826927185059, -19.356243133544922, -14.301701545715332, -12.996912956237793, -14.546631813049316, -12.179306030273438, -13.976347923278809, -12.344257354736328, -13.197654724121094, -13.147918701171875, -0.9569936394691467, -2.7758071422576904, -3.3164281845092773, -0.07188225537538528, -8.892095565795898]","[50259, 50359, 50363, 10684, 9079, 3021, 13, 10773, 505, 1884, 8888, 466, 264, 1737, 4625, 19638, 13, 492, 486, 13, 814]",21,1.316,unknown
pcm_f_PECS1F55_ev_spontaneous_519,whisper-small," Traveling will make you meet new friends, then we will help you.",-inf,-inf,"[-15.356218338012695, -Infinity, -14.273565292358398, -17.259679794311523, -14.64184284210205, -12.068647384643555, -14.203569412231445, -12.003759384155273, -15.725859642028809, -10.957348823547363, -10.13309383392334, -5.289828300476074, -8.932886123657227, -11.140323638916016, -10.992730140686035, -12.640252113342285]","[50259, 50359, 50363, 20610, 278, 486, 652, 291, 1677, 777, 1855, 11, 550, 321, 486, 854]",16,1.184,unknown
pcm_f_PECS1F56_ev_spontaneous_164,whisper-small," We feel great, great friends with their guy name. Always say we know them as From House.",-inf,-inf,"[-11.217443466186523, -Infinity, -11.693073272705078, -11.965906143188477, -10.961138725280762, -10.68789005279541, -2.2345046997070312, -10.654970169067383, -7.87957763671875, -9.199915885925293, -12.967915534973145, -15.468214988708496, -10.325542449951172, -8.141642570495605, -17.759302139282227, -15.50837230682373, -9.740227699279785, -12.143104553222656, -14.474084854125977, -11.84510326385498, -10.129328727722168]","[50259, 50359, 50363, 492, 841, 869, 11, 869, 1855, 365, 641, 2146, 1315, 13, 11270, 584, 321, 458, 552, 382, 3358]",21,1.359,unknown
pcm_f_PECS1F56_ev_spontaneous_238,whisper-small, Happy New Year. This year go better for us.,-inf,-inf,"[-9.312222480773926, -Infinity, -17.097806930541992, -7.055777072906494, -9.526588439941406, -4.409482479095459, -5.664964199066162, -14.084349632263184, -12.639019966125488, -14.738029479980469, -13.950239181518555, -10.135496139526367]","[50259, 50359, 50363, 8277, 1873, 10289, 13, 639, 1064, 352, 1101, 337]",12,0.972,unknown
pcm_f_PECS1F56_ev_spontaneous_279,whisper-small, We don't enter holicoes. My cathedral in Nuku. My minds don't declare.,-inf,-inf,"[-13.178627014160156, -Infinity, -17.254255294799805, -12.03391170501709, -13.840243339538574, -13.655285835266113, -15.66533374786377, -15.44555950164795, -13.412078857421875, -11.788111686706543, -6.339873313903809, -11.686363220214844, -17.490468978881836, -10.078390121459961, -11.690437316894531, -12.336407661437988, -7.059069633483887, -20.000722885131836, -14.918532371520996, -13.605422973632812, -13.882505416870117]","[50259, 50359, 50363, 492, 500, 380, 3242, 4091, 2789, 279, 13, 1222, 45346, 294, 426, 24164, 13, 1222, 9634, 500, 380]",21,1.317,unknown
pcm_f_PECS1F59_ev_spontaneous_594,whisper-small, I will try to see things from another person's perspective before I judge.,-inf,-inf,"[-16.107879638671875, -Infinity, -14.407768249511719, -10.388477325439453, -11.942102432250977, -15.768272399902344, -9.010624885559082, -13.27524471282959, -12.986727714538574, -10.459678649902344, -13.880688667297363, -14.264577865600586, -14.51246452331543, -15.592374801635742, -12.587343215942383, -8.38040828704834]","[50259, 50359, 50363, 286, 486, 853, 281, 536, 721, 490, 1071, 954, 311, 4585, 949, 286]",16,1.148,unknown
pcm_f_PECS1F5_ev_spontaneous_334,whisper-small, We won't go play football for Mama in JD Car House. You aren't joined.,-inf,-inf,"[-13.273371696472168, -Infinity, -17.37924575805664, -14.445773124694824, -16.01354217529297, -14.96634292602539, -12.7755765914917, -14.221234321594238, -14.06827449798584, -11.602569580078125, -12.99838638305664, -10.529203414916992, -18.82635498046875, -15.147431373596191, -16.162912368774414, -16.50015640258789, -10.728999137878418, -15.762203216552734, -13.00648021697998]","[50259, 50359, 50363, 492, 1582, 380, 352, 862, 7346, 337, 17775, 294, 37082, 2741, 4928, 13, 509, 3212, 380]",19,1.336,unknown
pcm_f_PECS1F70_ev_spontaneous_129,whisper-small," Should I use calendar where she fits the use, use plan study rest?",-inf,-inf,"[-14.055205345153809, -Infinity, -15.759026527404785, -14.12762451171875, -7.774702072143555, -10.282468795776367, -13.164583206176758, -10.257018089294434, -9.34866714477539, -11.73473072052002, -6.197281360626221, -9.947951316833496, -2.9617342948913574, -8.56044864654541, -7.820725917816162, -14.467185974121094]","[50259, 50359, 50363, 6454, 286, 764, 12183, 689, 750, 9001, 264, 764, 11, 764, 1393, 2979]",16,1.194,unknown
pcm_f_PECS1F71_ev_spontaneous_013,whisper-small," I repeat, how are they useful for time and no overspend for the month.",-inf,-inf,"[-10.761383056640625, -Infinity, -13.808633804321289, -3.8011608123779297, -11.487438201904297, -10.052407264709473, -11.567154884338379, -10.501485824584961, -9.62166976928711, -13.612527847290039, -4.420621395111084, -5.80736780166626, -9.688608169555664, -21.22250747680664, -8.770633697509766, -14.944361686706543, -15.943974494934082, -9.136799812316895, -10.574463844299316]","[50259, 50359, 50363, 286, 7149, 11, 577, 366, 436, 4420, 337, 565, 293, 572, 670, 4952, 521, 337, 264]",19,1.231,unknown
pcm_f_PECS1F71_ev_spontaneous_490,whisper-small, I joined the committee even though work done already took on.,-inf,-inf,"[-12.84386920928955, -Infinity, -14.424628257751465, -2.4535880088806152, -16.214771270751953, -1.9526629447937012, -13.57240104675293, -10.442869186401367, -11.195385932922363, -7.7729034423828125, -10.7381591796875, -11.521873474121094, -15.69755744934082]","[50259, 50359, 50363, 286, 6869, 264, 7482, 754, 1673, 589, 1096, 1217, 1890]",13,1.018,unknown
pcm_f_PECS1F73_ev_spontaneous_122,whisper-small, She brings extra glue to make sure she fits her something with the fruity finish.,-inf,-inf,"[-12.975936889648438, -Infinity, -13.080265045166016, -11.5785493850708, -14.162142753601074, -13.761672973632812, -12.140026092529297, -3.581817626953125, -10.811667442321777, -12.542818069458008, -10.945534706115723, -13.611199378967285, -2.2792413234710693, -9.806496620178223, -13.260807991027832, -10.89460563659668, -15.062105178833008, -19.57259750366211]","[50259, 50359, 50363, 1240, 5607, 2857, 8998, 281, 652, 988, 750, 9001, 720, 746, 365, 264, 431, 21757]",18,1.189,unknown
pcm_f_PECS1F73_ev_spontaneous_440,whisper-small," I know even we have better clues, but I still use my smile. I think we'll come there",-inf,-inf,"[-13.049507141113281, -Infinity, -14.614826202392578, -5.327702045440674, -9.533395767211914, -8.366436004638672, -10.552383422851562, -11.211968421936035, -12.2609281539917, -18.918886184692383, -9.28328800201416, -13.268811225891113, -10.39568042755127, -11.839454650878906, -11.238717079162598, -11.82995891571045, -14.908133506774902, -5.847357273101807, -9.522170066833496, -12.232078552246094, -11.635894775390625, -12.246718406677246]","[50259, 50359, 50363, 286, 458, 754, 321, 362, 1101, 20936, 11, 457, 286, 920, 764, 452, 7563, 13, 286, 519, 321, 603]",22,1.362,unknown
pcm_f_PECS1F75_ev_spontaneous_512,whisper-small, I know waiting be their plan but you know go work because we go go on strike tomorrow,-inf,-inf,"[-11.597147941589355, -Infinity, -12.000061988830566, -10.78310775756836, -12.964863777160645, -16.533279418945312, -7.0382609367370605, -9.483205795288086, -14.3472318649292, -10.569684028625488, -9.652000427246094, -13.09842300415039, -8.892485618591309, -12.19320297241211, -11.13960075378418, -9.415875434875488, -12.828787803649902, -12.88796615600586, -10.189750671386719]","[50259, 50359, 50363, 286, 458, 3806, 312, 641, 1393, 457, 291, 458, 352, 589, 570, 321, 352, 352, 322]",19,1.283,unknown
pcm_f_PECS1F76_ev_spontaneous_076,whisper-small, Think whether he will go to safe now or the friendship or just leave him.,-inf,-inf,"[-13.828295707702637, -Infinity, -11.949100494384766, -14.972975730895996, -13.37961483001709, -11.236071586608887, -10.706908226013184, -10.103914260864258, -7.08174991607666, -9.555355072021484, -9.578721046447754, -0.28631797432899475, -7.143030643463135, -15.291452407836914, -8.977413177490234, -6.651851654052734, -11.572615623474121]","[50259, 50359, 50363, 6557, 1968, 415, 486, 352, 281, 3273, 586, 420, 264, 13216, 420, 445, 1856]",17,1.24,unknown
pcm_f_PECS1F79_ev_spontaneous_443,whisper-small, She talks a traditional wrestling symbol strength for her tribes.,-inf,-inf,"[-13.480390548706055, -Infinity, -14.37741470336914, -13.120530128479004, -14.964286804199219, -2.863887310028076, -15.683100700378418, -15.545425415039062, -16.44356346130371, -15.603241920471191, -10.988603591918945, -11.505754470825195]","[50259, 50359, 50363, 1240, 6686, 257, 5164, 19274, 5986, 3800, 337, 720]",12,1.022,unknown
pcm_f_PECS1F79_ev_spontaneous_532,whisper-small," Now why every, every state for this Obudunainja, they respect Kullanotswela?",-inf,-inf,"[-15.518872261047363, -Infinity, -15.201361656188965, -14.247833251953125, -11.389410018920898, -12.562444686889648, -3.4262664318084717, -11.40762710571289, -17.084911346435547, -20.43964958190918, -15.826467514038086, -12.292624473571777, -13.925808906555176, -12.366902351379395, -13.712000846862793, -17.713346481323242, -7.718373775482178, -15.276506423950195, -14.104100227355957, -11.011431694030762, -9.254383087158203, -16.64449119567871, -16.3840389251709, -14.951508522033691]","[50259, 50359, 50363, 823, 983, 633, 11, 633, 1785, 337, 341, 4075, 532, 409, 491, 2938, 11, 436, 3104, 591, 858, 282, 1971, 86]",24,1.503,unknown
pcm_f_PECS1F79_ev_spontaneous_603,whisper-small," The great feat be when person lose person, person lose, person weigh them loss.",-inf,-inf,"[-13.956942558288574, -Infinity, -14.669257164001465, -10.281131744384766, -12.456745147705078, -18.15222930908203, -12.323053359985352, -9.887178421020508, -1.982884168624878, -13.22284984588623, -14.96252727508545, -0.38186219334602356, -0.021334208548069, -Infinity, -4.288355827331543, -15.254286766052246, -18.40381622314453, -13.004130363464355]","[50259, 50359, 50363, 440, 869, 15425, 312, 562, 954, 3624, 954, 11, 954, 3624, 11, 954, 13843, 552]",18,1.2,unknown
pcm_f_PECS1F7_ev_spontaneous_083,whisper-small," When they make out time, spend together. And so we build the friendship.",-inf,-inf,"[-16.446420669555664, -Infinity, -14.794754028320312, -15.518707275390625, -9.20677661895752, -11.33868408203125, -12.626904487609863, -4.602400302886963, -1.754900574684143, -14.721012115478516, -10.29561710357666, -9.409052848815918, -12.67789363861084, -12.358687400817871, -9.857043266296387, -11.814387321472168, -12.00304889678955]","[50259, 50359, 50363, 1133, 436, 652, 484, 565, 11, 3496, 1214, 13, 400, 370, 321, 1322, 264]",17,1.244,unknown
pcm_f_PECS1F7_ev_spontaneous_240,whisper-small," Getting enough sleep, the essential, essential for our bodies to repair and recharge.",-inf,-inf,"[-13.255160331726074, -Infinity, -19.657684326171875, -14.765108108520508, -12.878028869628906, -12.743270874023438, -0.7921323776245117, -3.6893985271453857, -9.046537399291992, -10.513120651245117, -15.635685920715332, -8.530619621276855, -12.858741760253906, -20.199386596679688, -9.571525573730469, -17.83576774597168, -10.323869705200195]","[50259, 50359, 50363, 13674, 1547, 2817, 11, 264, 7115, 11, 7115, 337, 527, 7510, 281, 10535, 293]",17,1.161,unknown
pcm_f_PECS1F7_ev_spontaneous_264,whisper-small, Sometimes we don't get access to the basic healthcare facilities if it affects our health.,-inf,-inf,"[-17.516050338745117, -Infinity, -14.846553802490234, -19.127513885498047, -9.5756254196167, -15.878888130187988, -14.504159927368164, -11.402588844299316, -14.673327445983887, -11.594518661499023, -12.131233215332031, -14.739347457885742, -14.44295597076416, -14.520729064941406, -12.758854866027832, -12.132405281066895, -14.683111190795898, -11.38293170928955]","[50259, 50359, 50363, 4803, 321, 500, 380, 483, 2105, 281, 264, 3875, 8884, 9406, 498, 309, 11807, 527]",18,1.287,unknown
pcm_f_PECS1F7_ev_spontaneous_270,whisper-small, He get condition when passing day. He no need drink for example when passing sick.,-inf,-inf,"[-15.970855712890625, -Infinity, -15.772080421447754, -11.896862030029297, -11.828939437866211, -14.923404693603516, -7.147811412811279, -15.139579772949219, -12.318106651306152, -11.080635070800781, -14.293254852294922, -8.99055004119873, -14.40884017944336, -14.096969604492188, -12.606430053710938, -12.579379081726074, -11.537314414978027, -16.819576263427734]","[50259, 50359, 50363, 634, 483, 4188, 562, 8437, 786, 13, 634, 572, 643, 2822, 337, 1365, 562, 8437]",18,1.287,unknown
pcm_f_PECS1F9_ev_spontaneous_099,whisper-small," Setting my alarm, they remind me to wake up and start my day.",-inf,-inf,"[-13.997960090637207, -Infinity, -18.84993553161621, -13.99621868133545, -12.657916069030762, -10.535035133361816, -10.75226879119873, -11.631417274475098, -14.6981840133667, -10.006123542785645, -6.337352752685547, -12.535500526428223, -11.502607345581055, -14.377384185791016, -14.629636764526367, -11.25484561920166]","[50259, 50359, 50363, 21063, 452, 14183, 11, 436, 4160, 385, 281, 6634, 493, 293, 722, 452]",16,1.162,unknown
pcm_f_PECS1F9_ev_spontaneous_543,whisper-small, Volunteer with the provided opportunities and for networking and making new friends.,-inf,-inf,"[-14.720590591430664, -Infinity, -13.518680572509766, -13.169990539550781, -11.898027420043945, -10.66183090209961, -10.492104530334473, -11.875661849975586, -17.267377853393555, -0.20446771383285522, -7.778633117675781, -14.237900733947754, -7.396491527557373, -12.47892951965332, -13.763111114501953]","[50259, 50359, 50363, 46698, 260, 365, 264, 5649, 4786, 293, 337, 17985, 293, 1455, 777]",15,1.078,unknown
pcm_f_PECS1F9_ev_spontaneous_553,whisper-small, Volunteering to help people develop their emotional intelligence and empathy.,-inf,-inf,"[-14.760268211364746, -Infinity, -12.285693168640137, -16.69698715209961, -20.991153717041016, -5.019594192504883, -17.534107208251953, -13.573071479797363, -14.01220989227295, -13.284340858459473, -13.567105293273926, -16.766807556152344, -9.76082992553711]","[50259, 50359, 50363, 46698, 1794, 281, 854, 561, 1499, 641, 6863, 7599, 293]",13,1.081,unknown
pcm_f_PECT1F105_ev_spontaneous_277,whisper-small," Meanwhile, Labour Party said they would reform one point-based immigration system and end long-term brilliance on overseas workers.",-inf,-inf,"[-14.876087188720703, -Infinity, -15.81213092803955, -14.885249137878418, -5.524339199066162, -8.691125869750977, -14.016783714294434, -14.509242057800293, -11.90847396850586, -12.94062614440918, -15.762086868286133, -14.87562370300293, -14.886295318603516, -7.402848243713379, -16.456697463989258, -16.525615692138672, -13.592429161071777, -12.24351978302002, -20.23590660095215, -9.721362113952637, -15.384699821472168, -13.023165702819824, -20.43153953552246, -21.51578140258789, -9.817954063415527, -16.88015365600586]","[50259, 50359, 50363, 13879, 11, 23361, 8552, 848, 436, 576, 8290, 472, 935, 12, 6032, 13554, 1185, 293, 917, 938, 12, 7039, 8695, 6276, 322, 16274]",26,1.597,unknown
pcm_f_PECT1F111_ev_spontaneous_415,whisper-small," We'll be managing, managing partner of Locco, the wedding bitch, Babuja.",-inf,-inf,"[-13.213586807250977, -Infinity, -15.507183074951172, -12.84305477142334, -12.63936710357666, -10.428366661071777, -15.750470161437988, -5.2843122482299805, -14.220151901245117, -10.820745468139648, -8.163187026977539, -14.60866641998291, -13.150341033935547, -5.085490703582764, -9.58808422088623, -11.630237579345703, -13.837973594665527, -9.38764476776123, -15.874212265014648, -15.502585411071777]","[50259, 50359, 50363, 492, 603, 312, 11642, 11, 11642, 4975, 295, 12859, 1291, 11, 264, 8523, 11960, 11, 15820, 84]",20,1.29,unknown
pcm_f_PECT1F116_ev_spontaneous_380,whisper-small," As buildings for Bangkok know the engineered for powerful earthquakes, the structural damage, structural damage feed the significance.",-inf,-inf,"[-15.009943008422852, -Infinity, -17.7846622467041, -13.432385444641113, -11.764412879943848, -9.287296295166016, -18.667644500732422, -9.913317680358887, -7.026847839355469, -12.508598327636719, -9.604248046875, -15.041632652282715, -18.82556915283203, -8.2686185836792, -4.830064296722412, -0.04146204888820648, -0.007414560765028, -Infinity, -16.909337997436523, -15.633062362670898, -16.49565315246582, -9.880288124084473]","[50259, 50359, 50363, 1018, 7446, 337, 43055, 458, 264, 38648, 337, 4005, 34048, 11, 264, 15067, 4344, 11, 15067, 4344, 3154, 264]",22,1.466,unknown
pcm_f_PECT1F125_ev_spontaneous_044,whisper-small, If you stop to use top today go club for sometime you go forget alcohol,-inf,-inf,"[-14.182912826538086, -Infinity, -14.562098503112793, -9.891505241394043, -2.0684218406677246, -1.3374931812286377, -1.541117548942566, -11.05488395690918, -12.263671875, -12.645012855529785, -13.331457138061523, -15.745814323425293, -9.720646858215332, -15.543445587158203, -8.005695343017578, -12.784941673278809]","[50259, 50359, 50363, 759, 291, 1590, 281, 764, 1192, 965, 352, 6482, 337, 15053, 291, 352]",16,1.203,unknown
pcm_f_PECT1F12_ev_spontaneous_449,whisper-small," They have trained me to respect the way people do for protection, even though I'm only a believer.",-inf,-inf,"[-16.582138061523438, -Infinity, -15.487628936767578, -13.536022186279297, -13.243144989013672, -13.486992835998535, -5.2636027336120605, -12.603309631347656, -13.309657096862793, -10.8856840133667, -12.44650936126709, -9.046072006225586, -11.714176177978516, -8.148716926574707, -14.309528350830078, -5.991809368133545, -13.820984840393066, -12.670699119567871, -12.231851577758789, -15.959854125976562, -12.483753204345703, -11.257196426391602]","[50259, 50359, 50363, 814, 362, 8895, 385, 281, 3104, 264, 636, 561, 360, 337, 6334, 11, 754, 1673, 286, 478, 787, 257]",22,1.515,unknown
pcm_f_PECT1F130_ev_spontaneous_571,whisper-small, To manage stress keep office work for office spend time with family and loved ones,-inf,-inf,"[-12.925603866577148, -Infinity, -17.945907592773438, -11.764847755432129, -16.012723922729492, -12.897034645080566, -14.789274215698242, -0.035360828042030334, -9.554025650024414, -9.324324607849121, -15.503870010375977, -16.1364803314209, -14.271130561828613, -12.383536338806152, -13.879024505615234, -6.190108299255371]","[50259, 50359, 50363, 1407, 3067, 4244, 1066, 3398, 589, 337, 3398, 3496, 565, 365, 1605, 293]",16,1.292,unknown
pcm_f_PECT1F142_ev_spontaneous_481,whisper-small," Polygamy, the particularly popular for Russia, Ukraine, and former Soviet Union skates.",-inf,-inf,"[-12.68868637084961, -Infinity, -14.587300300598145, -9.955817222595215, -10.769742965698242, -17.949542999267578, -8.136618614196777, -9.972846984863281, -13.933774948120117, -9.677831649780273, -6.4120707511901855, -14.288930892944336, -11.172523498535156, -12.281097412109375, -11.918136596679688, -12.1432523727417, -13.147818565368652, -17.983816146850586, -14.990118980407715, -16.546804428100586]","[50259, 50359, 50363, 18553, 70, 7804, 11, 264, 4098, 3743, 337, 6797, 11, 14081, 11, 293, 5819, 11348, 8133, 1110]",20,1.3,unknown
pcm_f_PECT1F148_ev_spontaneous_386,whisper-small, Manjion been there employed as a data engineer for true car on digital retailing website for new and used cars according to in social media profiles.,-inf,-inf,"[-12.438243865966797, -Infinity, -15.286273002624512, -11.265044212341309, -15.843235969543457, -15.005080223083496, -12.518168449401855, -13.7728271484375, -18.695232391357422, -14.878554344177246, -10.07017707824707, -10.41546630859375, -15.08234977722168, -8.132247924804688, -15.189329147338867, -12.98105525970459, -8.883529663085938, -13.522311210632324, -18.926546096801758, -14.76823616027832, -16.43718147277832, -11.175336837768555, -12.673383712768555, -8.09514331817627, -16.00868797302246, -14.82061767578125, -14.756057739257812, -12.504059791564941, -12.341442108154297, -15.436031341552734, -15.877497673034668]","[50259, 50359, 50363, 2458, 73, 313, 668, 456, 20115, 382, 257, 1412, 11403, 337, 2074, 1032, 322, 4562, 10800, 278, 3144, 337, 777, 293, 1143, 5163, 4650, 281, 294, 2093, 3021]",31,1.823,unknown
pcm_f_PECT1F14_ev_spontaneous_557,whisper-small, Let's work in day importance. You fit fine job through people where you serve.,-inf,-inf,"[-13.523211479187012, -Infinity, -14.507425308227539, -15.067485809326172, -13.75035285949707, -11.4022798538208, -5.456984996795654, -5.4951701164245605, -12.832630157470703, -6.5826263427734375, -13.752876281738281, -13.851465225219727, -14.406878471374512, -10.580619812011719, -13.75566577911377, -12.566545486450195, -12.130582809448242, -5.272029876708984]","[50259, 50359, 50363, 961, 311, 589, 294, 786, 7379, 13, 509, 3318, 2489, 1691, 807, 561, 689, 291]",18,1.427,unknown
pcm_f_PECT1F150_ev_spontaneous_351,whisper-small, And you can see a word there near those words with its meaning A or maybe D or so on.,-inf,-inf,"[-14.182740211486816, -Infinity, -13.673103332519531, -14.77664566040039, -8.45840835571289, -15.639241218566895, -10.815764427185059, -8.845096588134766, -10.773460388183594, -15.314743041992188, -12.14699649810791, -9.797457695007324, -10.581270217895508, -7.178987503051758, -13.274659156799316, -5.648889064788818, -7.774050235748291, -0.10279340296983719, -13.767801284790039, -14.798175811767578, -8.155445098876953, -11.510295867919922]","[50259, 50359, 50363, 400, 291, 393, 536, 257, 1349, 456, 2651, 729, 2283, 365, 1080, 3620, 316, 420, 1310, 413, 420, 370]",22,1.428,unknown
pcm_f_PECT1F151_ev_spontaneous_576,whisper-small, Then we released them from house arrest and they tell them to make them leave Romania.,-inf,-inf,"[-16.92580795288086, -Infinity, -14.712363243103027, -12.015843391418457, -11.012868881225586, -13.040928840637207, -11.751887321472168, -6.85920524597168, -12.29241943359375, -13.146991729736328, -6.723479270935059, -1.835150122642517, -9.091976165771484, -0.5211464166641235, -4.733479022979736, -13.258527755737305, -11.729621887207031, -14.447466850280762]","[50259, 50359, 50363, 1396, 321, 4736, 552, 490, 1782, 7823, 293, 436, 980, 552, 281, 652, 552, 1856]",18,1.207,unknown
pcm_f_PECT1F152_ev_spontaneous_104,whisper-small, Trump and Zelensky don't agree to finalize as soon as possible one critical mineral day now within the joint statement talk.,-inf,-inf,"[-14.479799270629883, -Infinity, -12.844817161560059, -12.989480018615723, -16.446949005126953, -18.312314987182617, -17.753480911254883, -16.632726669311523, -13.62972354888916, -16.842195510864258, -18.70136833190918, -8.193549156188965, -15.502264022827148, -17.752471923828125, -8.003372192382812, -13.769730567932129, -11.661839485168457, -14.867511749267578, -9.781854629516602, -11.494275093078613, -16.68813705444336, -11.511890411376953, -15.99513053894043, -15.682741165161133, -9.751067161560059, -14.802225112915039, -15.88337230682373]","[50259, 50359, 50363, 3899, 293, 20952, 694, 4133, 500, 380, 3986, 281, 2572, 1125, 382, 2321, 382, 1944, 472, 4924, 21630, 786, 586, 1951, 264, 7225, 5629]",27,1.731,unknown
pcm_f_PECT1F153_ev_spontaneous_083,whisper-small," Nigerians now go fit a plight for visas go to United Arab Emirates, UAE, from 15 July 2024.",-inf,-inf,"[-13.841758728027344, -Infinity, -12.369598388671875, -16.439327239990234, -11.951827049255371, -10.77910041809082, -12.158193588256836, -11.736793518066406, -10.675050735473633, -15.814109802246094, -15.469869613647461, -6.445861339569092, -17.132854461669922, -18.3450927734375, -17.208005905151367, -21.43888282775879, -14.98844051361084, -13.174038887023926, -20.75118064880371, -0.8516037464141846, -15.783414840698242, -15.136609077453613, -7.385772228240967, -13.695240020751953, -13.398777961730957, -15.317290306091309]","[50259, 50359, 50363, 21489, 2567, 586, 352, 3318, 257, 499, 397, 337, 45922, 352, 281, 2824, 8625, 38426, 1024, 11, 32765, 36, 11, 490, 2119, 7370]",26,1.597,unknown
pcm_f_PECT1F157_ev_spontaneous_182,whisper-small, I felt creates a vision but to visualize my goals and aspirations.,-inf,-inf,"[-14.09011173248291, -Infinity, -10.279287338256836, -11.88245677947998, -14.577518463134766, -14.59290599822998, -8.516956329345703, -6.949944972991943, -11.135176658630371, -13.633830070495605, -19.636417388916016, -10.326570510864258, -15.473944664001465, -9.135210037231445]","[50259, 50359, 50363, 286, 2762, 7829, 257, 5201, 457, 281, 23273, 452, 5493, 293]",14,1.079,unknown
pcm_f_PECT1F160_ev_spontaneous_325,whisper-small, When person win really risk and other sports if they make person feel like see him don't achieve something.,-inf,-inf,"[-13.808096885681152, -Infinity, -16.086328506469727, -11.928998947143555, -12.685855865478516, -14.402963638305664, -12.914782524108887, -12.363958358764648, -4.916482925415039, -10.67638874053955, -17.79336166381836, -7.763609886169434, -10.411262512207031, -11.538466453552246, -11.926294326782227, -11.8995361328125, -11.095616340637207, -13.511754035949707, -13.913969993591309, -14.265735626220703, -11.699016571044922, -16.75848388671875]","[50259, 50359, 50363, 1133, 954, 1942, 534, 3148, 293, 661, 6573, 498, 436, 652, 954, 841, 411, 536, 796, 500, 380, 4584]",22,1.68,unknown
pcm_f_PECT1F161_ev_spontaneous_521,whisper-small, and it's I surround myself with friends who support me.,-inf,-inf,"[-15.022014617919922, -Infinity, -10.99156379699707, -8.186629295349121, -11.942198753356934, -14.13137149810791, -13.128006935119629, -19.563861846923828, -13.225106239318848, -7.575150489807129, -14.386706352233887, -9.887434959411621, -12.885018348693848]","[50259, 50359, 50363, 293, 309, 311, 286, 6262, 2059, 365, 1855, 567, 1406]",13,1.031,unknown
pcm_f_PECT1F166_ev_spontaneous_114,whisper-small, Gogi Centrars and Itodon condemn the actions of the Nigerians and its whistle-spender.,-inf,-inf,"[-12.573602676391602, -Infinity, -14.500926971435547, -13.910144805908203, -15.486437797546387, -12.795649528503418, -11.720373153686523, -13.38663387298584, -13.6148042678833, -12.731122970581055, -14.51258659362793, -20.97975730895996, -16.882734298706055, -0.1918279081583023, -11.494755744934082, -19.876981735229492, -9.069755554199219, -13.277934074401855, -12.467950820922852, -7.569645404815674, -14.358379364013672, -15.324142456054688, -10.937984466552734, -18.691482543945312]","[50259, 50359, 50363, 460, 27202, 3408, 81, 685, 293, 467, 378, 266, 30733, 264, 5909, 295, 264, 21489, 2567, 293, 1080, 23470, 12, 4952]",24,1.584,unknown
pcm_f_PECT1F166_ev_spontaneous_188,whisper-small," But, waiting be this new common currency where it covers the purpose, how we go work, and waiting be the need for ram.",-inf,-inf,"[-13.948525428771973, -Infinity, -10.822086334228516, -11.567261695861816, -6.510357856750488, -14.949897766113281, -14.06272029876709, -17.157405853271484, -12.435154914855957, -10.29836368560791, -12.25692081451416, -12.289433479309082, -9.959121704101562, -16.742712020874023, -10.46484375, -18.582019805908203, -9.82366943359375, -9.998955726623535, -10.037111282348633, -14.649382591247559, -12.419380187988281, -8.276066780090332, -12.38864803314209, -16.854755401611328, -13.02927017211914, -6.536787509918213, -12.930521965026855, -11.755684852600098]","[50259, 50359, 50363, 583, 11, 3806, 312, 341, 777, 2689, 13346, 689, 309, 10538, 264, 4334, 11, 577, 321, 352, 589, 11, 293, 3806, 312, 264, 643, 337]",28,1.609,unknown
pcm_f_PECT1F168_ev_spontaneous_312,whisper-small, A master's degree in business administration from the University of Liverpool United Kingdom.,-inf,-inf,"[-14.935266494750977, -Infinity, -17.382808685302734, -11.445035934448242, -13.75583267211914, -13.818830490112305, -15.912473678588867, -7.564212322235107, -14.999545097351074, -15.331172943115234, -11.878698348999023, -11.957456588745117, -7.1342997550964355, -14.284773826599121, -18.468891143798828, -12.383220672607422]","[50259, 50359, 50363, 316, 4505, 311, 4314, 294, 1606, 7236, 490, 264, 3535, 295, 32473, 2824]",16,1.191,unknown
pcm_f_PECT1F191_ev_spontaneous_277,whisper-small," We go police, we go entawala.",-inf,-inf,"[-13.65060806274414, -Infinity, -12.968677520751953, -3.6562414169311523, -6.158720016479492, -16.38562774658203, -6.030064582824707, -10.675250053405762, -8.624916076660156, -15.465924263000488, -13.883182525634766]","[50259, 50359, 50363, 492, 352, 3804, 11, 321, 352, 948, 1607]",11,0.944,unknown
pcm_f_PECT1F192_ev_spontaneous_544,whisper-small, This kind of pot is not followed by anything people don't do before. And it's not so popular even though.,-inf,-inf,"[-14.94175910949707, -Infinity, -13.888480186462402, -10.275760650634766, -13.17839241027832, -8.222695350646973, -8.650446891784668, -10.110363960266113, -8.383077621459961, -11.485448837280273, -10.178589820861816, -15.752020835876465, -9.127626419067383, -10.303000450134277, -13.379207611083984, -12.367596626281738, -12.721260070800781, -10.731996536254883, -17.26344871520996, -9.83070182800293, -13.877945899963379, -10.73004150390625, -7.727843761444092, -13.863986015319824, -13.757745742797852]","[50259, 50359, 50363, 639, 733, 295, 1847, 307, 406, 6263, 538, 1340, 561, 500, 380, 360, 949, 13, 400, 309, 311, 406, 370, 3743, 754]",25,1.602,unknown
pcm_f_PECT1F20_ev_spontaneous_264,whisper-small, Now you get a total different government.,-inf,-inf,"[-13.503888130187988, -Infinity, -15.403666496276855, -13.398039817810059, -12.579809188842773, -13.388364791870117, -14.397658348083496, -13.948333740234375, -15.881773948669434]","[50259, 50359, 50363, 823, 291, 483, 257, 3217, 819]",9,0.861,unknown
pcm_f_PECT1F22_ev_spontaneous_016,whisper-small, We go go change plan make you get your own time,-inf,-inf,"[-12.323643684387207, -Infinity, -11.183298110961914, -11.390569686889648, -12.256381034851074, -12.354837417602539, -14.756124496459961, -15.379090309143066, -14.804106712341309, -15.378618240356445, -16.628829956054688, -10.078449249267578]","[50259, 50359, 50363, 492, 352, 352, 1319, 1393, 652, 291, 483, 428]",12,1.03,unknown
pcm_f_PECT1F26_ev_spontaneous_541,whisper-small," Then they take turn to pick music, make housework, sweeps, everybody.",-inf,-inf,"[-15.509007453918457, -Infinity, -13.668756484985352, -14.065635681152344, -12.130813598632812, -7.770880699157715, -16.76097297668457, -5.4500532150268555, -12.14346694946289, -8.231618881225586, -4.928606986999512, -14.002065658569336, -13.04430103302002, -20.648727416992188, -0.5203742384910583, -17.6494083404541, -16.9323787689209, -16.192018508911133]","[50259, 50359, 50363, 1396, 436, 747, 1261, 281, 1888, 1318, 11, 652, 1782, 1902, 11, 2484, 10653, 11]",18,1.246,unknown
pcm_f_PECT1F28_ev_spontaneous_472,whisper-small, I don't start today wash clothes for cold water to shop less light.,-inf,-inf,"[-16.12188720703125, -Infinity, -18.254732131958008, -11.581194877624512, -13.644253730773926, -12.941079139709473, -13.342683792114258, -11.773568153381348, -15.577056884765625, -12.412775993347168, -8.413578033447266, -13.37312126159668, -16.227577209472656, -10.727662086486816, -15.201632499694824, -15.254654884338379]","[50259, 50359, 50363, 286, 500, 380, 722, 965, 5675, 5534, 337, 3554, 1281, 281, 3945, 1570]",16,1.162,unknown
pcm_f_PECT1F2_ev_spontaneous_209,whisper-small, Life is not best teacher. Every day we learn about doing it we must learn.,-inf,-inf,"[-10.291813850402832, -Infinity, -16.91547966003418, -11.032462120056152, -9.913944244384766, -11.982677459716797, -17.365562438964844, -7.196417808532715, -8.568327903747559, -15.715601921081543, -15.008574485778809, -10.016227722167969, -9.074146270751953, -10.38787841796875, -16.42483901977539, -10.313288688659668, -10.930315971374512, -15.570961952209473]","[50259, 50359, 50363, 7720, 307, 406, 1151, 5027, 13, 2048, 786, 321, 1466, 466, 884, 309, 321, 1633]",18,1.249,unknown
pcm_f_PECT1F2_ev_spontaneous_584,whisper-small," If guests do not do that, community service them say make them do. Ego enter serious while I'm with them, Papa.",-inf,-inf,"[-15.80366325378418, -Infinity, -11.565363883972168, -16.205862045288086, -14.685787200927734, -9.172830581665039, -12.39976692199707, -8.538803100585938, -10.72134780883789, -2.1214191913604736, -12.90605640411377, -13.375800132751465, -1.5955109596252441, -10.785072326660156, -10.987248420715332, -11.18687915802002, -13.462862014770508, -5.3742852210998535, -9.993534088134766, -12.429278373718262, -13.914152145385742, -13.95344352722168, -10.72841739654541, -6.355068206787109, -12.987945556640625, -11.139269828796387, -14.242656707763672, -15.194310188293457]","[50259, 50359, 50363, 759, 9804, 360, 406, 360, 300, 11, 1768, 2643, 552, 584, 652, 552, 360, 13, 462, 1571, 3242, 3156, 1339, 286, 478, 365, 552, 11]",28,1.637,unknown
pcm_f_PECT1F3_ev_spontaneous_457,whisper-small," I don't carry my sister with me, depressed, go for therapy.",-inf,-inf,"[-13.327235221862793, -Infinity, -19.001663208007812, -9.623834609985352, -16.19405174255371, -18.2288761138916, -13.415783882141113, -8.788012504577637, -12.989547729492188, -8.10744857788086, -11.069991111755371, -11.77161693572998, -16.705780029296875, -14.42538070678711, -12.083922386169434, -10.886476516723633]","[50259, 50359, 50363, 286, 500, 380, 3985, 452, 4892, 365, 385, 11, 18713, 11, 352, 337]",16,1.154,unknown
pcm_f_PECT1F40_ev_spontaneous_478,whisper-small, And he tried to exercise regularly and meditated to calm my mind.,-inf,-inf,"[-18.23457908630371, -Infinity, -13.842398643493652, -17.251930236816406, -10.763801574707031, -16.3171329498291, -6.841064929962158, -10.735494613647461, -15.442583084106445, -6.2997145652771, -15.138535499572754, -20.3837890625, -16.750778198242188, -15.943986892700195, -12.879142761230469]","[50259, 50359, 50363, 400, 415, 3031, 281, 5380, 11672, 293, 1205, 18266, 281, 7151, 452]",15,1.076,unknown
pcm_f_PECT1F45_ev_spontaneous_106,whisper-small, I like the way they look at me. They give me butterfly.,-inf,-inf,"[-15.30358600616455, -Infinity, -16.75940704345703, -12.752069473266602, -11.648691177368164, -11.50284194946289, -15.503095626831055, -12.251864433288574, -11.87237548828125, -14.673578262329102, -12.137025833129883, -12.753682136535645, -14.905442237854004, -13.992073059082031, -12.257951736450195]","[50259, 50359, 50363, 286, 411, 264, 636, 436, 574, 412, 385, 13, 814, 976, 385]",15,1.069,unknown
pcm_f_PECT1F47_ev_spontaneous_566,whisper-small, Thank you very much for watching this video.,-inf,-inf,"[-12.057415962219238, -Infinity, -13.38943099975586, -12.943646430969238, -6.225179672241211, -10.2305908203125, -9.805387496948242, -6.919304370880127, -10.359709739685059, -9.40152645111084]","[50259, 50359, 50363, 1044, 291, 588, 709, 337, 1976, 341]",10,1.026,unknown
pcm_f_PECT1F51_ev_spontaneous_016,whisper-small, I detail and say beauty know be just about looks. Now about good character.,-inf,-inf,"[-15.290501594543457, -Infinity, -15.375423431396484, -8.13694953918457, -12.766151428222656, -5.634057521820068, -12.546730995178223, -12.95533275604248, -11.919039726257324, -13.288018226623535, -10.527106285095215, -4.943233489990234, -12.45355224609375, -9.83511734008789, -15.344719886779785, -12.649335861206055, -12.635578155517578]","[50259, 50359, 50363, 286, 2607, 293, 584, 6643, 458, 312, 445, 466, 1542, 13, 823, 466, 665]",17,1.158,unknown
pcm_f_PECT1F56_ev_spontaneous_126,whisper-small," We go do meetings every week, make with the shaker the plan they go.",-inf,-inf,"[-14.191482543945312, -Infinity, -14.500577926635742, -13.55168628692627, -11.914600372314453, -14.879110336303711, -11.769891738891602, -8.937732696533203, -6.866701126098633, -9.017945289611816, -9.94566535949707, -14.248820304870605, -0.32098355889320374, -17.239398956298828, -14.144457817077637, -9.673949241638184, -13.581168174743652, -11.008796691894531]","[50259, 50359, 50363, 492, 352, 360, 8410, 633, 1243, 11, 652, 365, 264, 402, 4003, 264, 1393, 436]",18,1.248,unknown
pcm_f_PECT1F56_ev_spontaneous_184,whisper-small," The sands when they should be mixed, they could be especially when baked and quick as being a cry for night.",-inf,-inf,"[-10.526357650756836, -Infinity, -19.162946701049805, -11.089449882507324, -7.146961212158203, -13.935652732849121, -9.786463737487793, -6.922123432159424, -7.567206859588623, -8.561614990234375, -13.136995315551758, -5.9540629386901855, -11.425652503967285, -13.326912879943848, -6.152438163757324, -13.988204956054688, -8.102851867675781, -4.942115783691406, -10.374751091003418, -5.443153381347656, -12.940555572509766, -16.590930938720703, -3.698111057281494, -16.426612854003906, -10.700484275817871]","[50259, 50359, 50363, 440, 262, 2967, 562, 436, 820, 312, 7467, 11, 436, 727, 312, 2318, 562, 19453, 293, 1702, 382, 885, 257, 3305, 337]",25,1.586,unknown
pcm_f_PECT1F6_ev_spontaneous_021,whisper-small, I did plan my morning well but leave afternoon for things where I no plan for all make I rest,-inf,-inf,"[-15.583305358886719, -Infinity, -13.887553215026855, -10.264206886291504, -16.841432571411133, -12.001053810119629, -11.536015510559082, -11.227027893066406, -13.350317001342773, -9.680970191955566, -13.09722900390625, -17.454233169555664, -11.68977165222168, -12.837590217590332, -11.947928428649902, -5.448022842407227, -6.8353424072265625, -16.86869239807129, -10.088603973388672, -12.661426544189453, -12.78171157836914]","[50259, 50359, 50363, 286, 630, 1393, 452, 2446, 731, 457, 1856, 6499, 337, 721, 689, 286, 572, 1393, 337, 439, 652]",21,1.376,unknown
pcm_f_PECT1F8_ev_spontaneous_527,whisper-small," To respect who senior me, but still drop better advice, they help me play civil service politics, service politics will.",-inf,-inf,"[-14.223081588745117, -Infinity, -16.437719345092773, -14.336695671081543, -13.620445251464844, -9.7514066696167, -15.89689826965332, -12.886764526367188, -4.335036754608154, -10.290582656860352, -16.400426864624023, -16.20121192932129, -13.424488067626953, -14.639164924621582, -10.003058433532715, -11.02489948272705, -15.464599609375, -14.219775199890137, -8.620044708251953, -9.536688804626465, -0.21008197963237762, -0.18555419147014618, -Infinity, -12.48153305053711, -14.754815101623535]","[50259, 50359, 50363, 1407, 3104, 567, 7965, 385, 11, 457, 920, 3270, 1101, 5192, 11, 436, 854, 385, 862, 5605, 2643, 7341, 11, 2643, 7341]",25,1.501,unknown
pcm_f_PECT1P1_ev_spontaneous_409,whisper-small, them out say them go put down buildings we don't week,-inf,-inf,"[-15.145451545715332, -Infinity, -12.485967636108398, -0.41945526003837585, -10.041187286376953, -11.214510917663574, -6.029229640960693, -11.7827730178833, -12.093276023864746, -5.325571060180664, -16.87901496887207, -2.554507255554199, -10.4540376663208]","[50259, 50359, 50363, 552, 484, 584, 552, 352, 829, 760, 7446, 321, 500]",13,1.159,unknown
pcm_f_PECT2F14_ev_spontaneous_131,whisper-small, People yet the couple Korea outside their house.,-inf,-inf,"[-14.051980018615723, -Infinity, -13.562726020812988, -8.329977035522461, -13.126862525939941, -7.842290878295898, -15.856037139892578, -14.769067764282227, -14.575261116027832, -14.512492179870605]","[50259, 50359, 50363, 3432, 1939, 264, 1916, 6307, 2380, 641]",10,0.895,unknown
pcm_f_PECT2F15_ev_spontaneous_139,whisper-small, People being they worry about street animal. So some people volunteer to give those animals where they go to sleep.,-inf,-inf,"[-15.323042869567871, -Infinity, -13.263466835021973, -14.827981948852539, -14.503785133361816, -11.572890281677246, -13.261345863342285, -12.805299758911133, -15.970901489257812, -17.21061897277832, -11.378412246704102, -15.090954780578613, -12.755508422851562, -12.75731086730957, -17.651432037353516, -9.236945152282715, -9.841397285461426, -7.241204261779785, -15.508264541625977, -8.756704330444336, -6.260717391967773, -12.146610260009766, -10.631308555603027]","[50259, 50359, 50363, 3432, 885, 436, 3292, 466, 4838, 5496, 13, 407, 512, 561, 13835, 281, 976, 729, 4882, 689, 436, 352, 281]",23,1.415,unknown
pcm_f_PECT2F15_ev_spontaneous_235,whisper-small," I've been explained say I know fit borrow the money, but I share advice on how to manage emergency spending.",-inf,-inf,"[-14.719836235046387, -Infinity, -15.892473220825195, -9.794697761535645, -13.683167457580566, -15.207380294799805, -15.80014705657959, -11.425189971923828, -9.245247840881348, -14.93397045135498, -18.189498901367188, -17.0153865814209, -11.300466537475586, -16.268667221069336, -9.35488224029541, -12.590245246887207, -11.259150505065918, -15.37973690032959, -16.259336471557617, -12.763096809387207, -12.469576835632324, -12.265822410583496, -16.753921508789062, -15.195570945739746]","[50259, 50359, 50363, 286, 600, 668, 8825, 584, 286, 458, 3318, 11172, 264, 1460, 11, 457, 286, 2073, 5192, 322, 577, 281, 3067, 7473]",24,1.455,unknown
pcm_f_PECT2F20_ev_spontaneous_293,whisper-small," My neighbor, una don don wekuna hear the news last night.",-inf,-inf,"[-13.54137134552002, -Infinity, -10.11443042755127, -11.633092880249023, -13.326153755187988, -5.228262901306152, -5.722339153289795, -11.102705955505371, -14.5899019241333, -8.693001747131348, -13.957332611083984, -20.004453659057617, -16.151180267333984, -10.911009788513184, -13.45320987701416, -15.19402027130127]","[50259, 50359, 50363, 1222, 5987, 11, 2002, 500, 500, 321, 74, 5051, 1568, 264, 2583, 1036]",16,1.199,unknown
pcm_f_PECT2F24_ev_spontaneous_621,whisper-small," Report Minister Zizi Kodwa talks to him this Saturday, saying yet another life done the cause-short sake of violent crime.",-inf,-inf,"[-8.9850435256958, -Infinity, -11.8441743850708, -14.140665054321289, -13.388110160827637, -16.386674880981445, -16.47996711730957, -10.869736671447754, -14.261980056762695, -18.073789596557617, -17.937318801879883, -8.559024810791016, -11.910323143005371, -8.050309181213379, -14.052362442016602, -4.514570713043213, -15.694001197814941, -12.83383560180664, -12.992870330810547, -10.270944595336914, -13.424345016479492, -15.77738094329834, -11.750528335571289, -1.5572360754013062, -19.506864547729492, -18.355728149414062, -17.580738067626953, -10.42337703704834, -15.253732681274414]","[50259, 50359, 50363, 16057, 6506, 1176, 24300, 591, 378, 4151, 6686, 281, 796, 341, 8803, 11, 1566, 1939, 1071, 993, 1096, 264, 3082, 12, 2716, 477, 9717, 295, 11867]",29,1.759,unknown
pcm_f_PECT2F26_ev_spontaneous_445,whisper-small, Introduce the pets to new people and environments and build trust with the pets.,-inf,-inf,"[-13.779967308044434, -Infinity, -14.683130264282227, -13.320173263549805, -17.005115509033203, -7.62828254699707, -12.88152027130127, -10.836219787597656, -9.173806190490723, -14.051151275634766, -11.535093307495117, -14.005064010620117, -11.755208015441895, -15.265453338623047, -16.4163875579834, -10.944999694824219, -10.072142601013184]","[50259, 50359, 50363, 27193, 384, 264, 19897, 281, 777, 561, 293, 12388, 293, 1322, 3361, 365, 264]",17,1.196,unknown
pcm_f_PECT2F32_ev_spontaneous_035,whisper-small," My family, they have tradition of having dinner together every Sunday evening.",-inf,-inf,"[-12.414443016052246, -Infinity, -14.114686012268066, -17.254926681518555, -14.129075050354004, -11.93856143951416, -12.504146575927734, -8.501440048217773, -17.405126571655273, -14.251555442810059, -14.762934684753418, -16.501237869262695, -16.504091262817383, -14.174823760986328, -14.50512981414795]","[50259, 50359, 50363, 1222, 1605, 11, 436, 362, 6994, 295, 1419, 6148, 1214, 633, 7776]",15,1.069,unknown
pcm_f_PECT2F41_ev_spontaneous_437,whisper-small," When we celebrate Christmas or other religious holiday, they make us connect with our spiritual side.",-inf,-inf,"[-14.768021583557129, -Infinity, -16.08020782470703, -14.53940200805664, -8.657463073730469, -13.401996612548828, -12.627055168151855, -10.51551628112793, -13.232476234436035, -14.85814380645752, -18.044523239135742, -10.759963035583496, -14.312092781066895, -15.272210121154785, -7.890236854553223, -16.41935920715332, -15.673677444458008, -12.561576843261719, -16.128421783447266]","[50259, 50359, 50363, 1133, 321, 8098, 5272, 420, 661, 7185, 9960, 11, 436, 652, 505, 1745, 365, 527, 6960]",19,1.288,unknown
pcm_f_PECT2F58_ev_spontaneous_201,whisper-small, When we look at the money we spend on transports over PPA and CDS.,-inf,-inf,"[-13.596953392028809, -Infinity, -19.25703239440918, -18.253582000732422, -11.389768600463867, -16.114086151123047, -11.931731224060059, -12.683096885681152, -13.00683307647705, -11.735550880432129, -13.962678909301758, -7.373318195343018, -14.706286430358887, -15.299700736999512, -11.85307502746582, -13.260751724243164, -15.255293846130371, -8.648713111877441, -15.377243041992188]","[50259, 50359, 50363, 1133, 321, 574, 412, 264, 1460, 321, 3496, 322, 5495, 82, 670, 430, 10297, 293, 6743]",19,1.237,unknown
pcm_f_PECT2F69_ev_spontaneous_252,whisper-small, I know they fail to repay my electricity bills.,-inf,-inf,"[-17.41574478149414, -Infinity, -17.267925262451172, -12.88211727142334, -14.51695728302002, -5.916123867034912, -19.12957000732422, -15.28552532196045, -17.171388626098633, -13.72476577758789, -17.130434036254883]","[50259, 50359, 50363, 286, 458, 436, 3061, 281, 27522, 452, 10356]",11,0.977,unknown
pcm_f_PHTS1F1_he_spontaneous_490,whisper-small," To understand a person believed to, to, feel, make communication and trust and trust wrong.",-inf,-inf,"[-16.01677131652832, -Infinity, -12.582779884338379, -13.918672561645508, -12.27053451538086, -8.542637825012207, -13.988483428955078, -11.308664321899414, -8.978046417236328, -8.86520767211914, -7.62585973739624, -13.657485008239746, -13.46350383758545, -2.964240550994873, -14.190566062927246, -15.286911964416504, -12.254220962524414, -9.438455581665039, -8.386263847351074, -15.701163291931152]","[50259, 50359, 50363, 1407, 1223, 257, 954, 7847, 281, 11, 281, 11, 841, 11, 652, 6101, 293, 3361, 293, 3361]",20,1.325,unknown
pcm_f_PHTS1F7_he_spontaneous_063,whisper-small," To talk through Longwaka Go Health Center, fit make people know they go for check-up like before.",-inf,-inf,"[-11.629899978637695, -Infinity, -13.839595794677734, -11.511711120605469, -12.19842529296875, -13.626713752746582, -11.644294738769531, -11.04710865020752, -15.514103889465332, -10.066234588623047, -9.017498016357422, -14.153121948242188, -6.512032985687256, -16.006620407104492, -11.921712875366211, -12.24510669708252, -14.881121635437012, -13.327804565429688, -12.119505882263184, -17.5108642578125, -11.359842300415039, -9.504067420959473, -17.719865798950195, -15.130330085754395]","[50259, 50359, 50363, 1407, 751, 807, 8282, 86, 7849, 1037, 5912, 5169, 11, 3318, 652, 561, 458, 436, 352, 337, 1520, 12, 1010, 411]",24,1.494,unknown
pcm_f_PHTT1F11_he_spontaneous_555,whisper-small," If persons seek distance, go turn big wahala to get help.",-inf,-inf,"[-15.928906440734863, -Infinity, -14.081754684448242, -12.539238929748535, -14.374570846557617, -9.81193733215332, -11.129568099975586, -2.932015895843506, -6.365633010864258, -17.35642433166504, -12.672953605651855, -19.763914108276367, -18.757793426513672, -8.4816255569458, -12.94859790802002]","[50259, 50359, 50363, 759, 14453, 8075, 4560, 11, 352, 1261, 955, 31979, 5159, 281, 483]",15,1.193,unknown
pcm_f_PHTT1F12_he_spontaneous_549,whisper-small," From time to time, I did chop yogurt, eat it, provide it inside religion, and my immune system.",-inf,-inf,"[-11.553903579711914, -Infinity, -16.00937843322754, -15.378979682922363, -12.103349685668945, -10.127045631408691, -12.277539253234863, -7.65324592590332, -10.342061996459961, -12.303738594055176, -12.596013069152832, -8.989080429077148, -0.18913370370864868, -5.568730354309082, -0.04999646916985512, -1.8788883686065674, -12.79510498046875, -11.648993492126465, -7.989345550537109, -12.758214950561523, -10.557912826538086, -13.973427772521973, -12.971383094787598, -14.635054588317871]","[50259, 50359, 50363, 3358, 565, 281, 565, 11, 286, 630, 7931, 20997, 11, 1862, 309, 11, 2893, 309, 1854, 7561, 11, 293, 452, 11992]",24,1.459,unknown
pcm_f_PHTT1F14_he_spontaneous_399,whisper-small, native medicine they follow spiritual belief and hospital they are just how they handle patients handle patient based on,-inf,-inf,"[-11.157258987426758, -Infinity, -14.026041984558105, -17.792253494262695, -17.44205665588379, -10.76251220703125, -15.474102020263672, -11.293025016784668, -14.808696746826172, -8.186957359313965, -13.279539108276367, -7.326782703399658, -5.092905044555664, -10.539610862731934, -9.49079704284668, -5.0790839195251465, -14.604103088378906, -11.42795467376709, -14.892629623413086, -10.281492233276367]","[50259, 50359, 50363, 8470, 7195, 436, 1524, 6960, 7107, 293, 4530, 436, 366, 445, 577, 436, 4813, 4209, 4813, 4537]",20,1.545,unknown
pcm_f_PHTT1F16_he_spontaneous_104,whisper-small, and they talk say some families feed one prey or do some rituals before they go do any procedure,-inf,-inf,"[-12.268070220947266, -Infinity, -14.45837688446045, -3.173908233642578, -9.406832695007324, -14.609886169433594, -7.591339111328125, -2.778615951538086, -12.847067832946777, -12.561565399169922, -11.524789810180664, -17.6281795501709, -9.487918853759766, -12.512847900390625, -11.398673057556152, -16.54847526550293, -9.59982967376709, -10.258421897888184, -14.525115013122559, -8.781229019165039]","[50259, 50359, 50363, 293, 436, 751, 584, 512, 4466, 3154, 472, 21107, 420, 360, 512, 29082, 949, 436, 352, 360]",20,1.412,unknown
pcm_f_PHTT1F17_he_spontaneous_320,whisper-small, Many many yama yama disease then fit no catch person if it just put mind they don't medicine before the sickness plenty,-inf,-inf,"[-16.077232360839844, -Infinity, -10.850091934204102, -13.055170059204102, -11.418014526367188, -14.815007209777832, -12.955131530761719, -13.606315612792969, -15.58293628692627, -13.14456844329834, -13.336820602416992, -11.455695152282715, -12.257589340209961, -16.053607940673828, -14.420722961425781, -10.572036743164062, -5.787764549255371, -10.734516143798828, -11.025840759277344, -17.131677627563477, -9.926547050476074, -12.015982627868652, -14.517059326171875, -15.57304573059082, -9.737520217895508, -8.252754211425781]","[50259, 50359, 50363, 5126, 867, 288, 2404, 288, 2404, 4752, 550, 3318, 572, 3745, 954, 498, 309, 445, 829, 1575, 436, 500, 380, 7195, 949, 264]",26,1.716,unknown
pcm_f_PHTT1F18_he_spontaneous_435,whisper-small," When you tell women good words and they help, they help her to the gift became best go soft for her.",-inf,-inf,"[-11.265786170959473, -Infinity, -12.24107551574707, -11.870813369750977, -9.526333808898926, -16.569683074951172, -15.093156814575195, -10.623629570007324, -16.27018928527832, -1.0422513484954834, -1.4195168018341064, -0.029094908386468887, -Infinity, -7.235566139221191, -6.924211502075195, -14.812793731689453, -5.62472677230835, -6.3311238288879395, -4.868630409240723, -16.799177169799805, -13.520787239074707, -15.754817008972168, -16.333744049072266, -10.01845932006836]","[50259, 50359, 50363, 1133, 291, 980, 2266, 665, 2283, 293, 436, 854, 11, 436, 854, 720, 281, 264, 5306, 3062, 1151, 352, 2787, 337]",24,1.506,unknown
pcm_f_PHTT1F18_he_spontaneous_593,whisper-small," As I focus for every step when I work out, it helps me calm down and rest.",-inf,-inf,"[-14.690997123718262, -Infinity, -14.453794479370117, -14.98730182647705, -10.389800071716309, -4.9128828048706055, -7.680334091186523, -11.901966094970703, -10.9517183303833, -10.205489158630371, -6.892676830291748, -14.167970657348633, -13.85897445678711, -9.695338249206543, -11.681164741516113, -15.388800621032715, -11.523804664611816, -9.226598739624023, -9.901973724365234, -10.00920295715332]","[50259, 50359, 50363, 1018, 286, 1879, 337, 633, 1823, 562, 286, 589, 484, 11, 309, 3665, 385, 7151, 760, 293]",20,1.326,unknown
pcm_f_PHTT1F18_he_spontaneous_598,whisper-small," As I learned more about how to erase, it helped me change how I delete my day.",-inf,-inf,"[-15.935827255249023, -Infinity, -13.156907081604004, -16.51711082458496, -11.004921913146973, -14.487456321716309, -15.267867088317871, -12.050607681274414, -9.160135269165039, -9.316061973571777, -11.430492401123047, -9.767114639282227, -9.898113250732422, -15.518295288085938, -14.272229194641113, -10.288461685180664, -12.884638786315918, -8.552916526794434, -16.475221633911133, -10.76088809967041]","[50259, 50359, 50363, 1018, 286, 3264, 544, 466, 577, 281, 23525, 11, 309, 4254, 385, 1319, 577, 286, 12097, 452]",20,1.37,unknown
pcm_f_PHTT1F19_he_spontaneous_219,whisper-small," I know go lie, to take injection bin. Injection bin defier, until I can not see, it decay fast.",-inf,-inf,"[-14.424575805664062, -Infinity, -11.658267974853516, -8.343744277954102, -11.83768367767334, -9.438438415527344, -14.378661155700684, -9.140030860900879, -8.589349746704102, -9.175439834594727, -5.093594074249268, -20.199228286743164, -12.383750915527344, -14.510540008544922, -14.300177574157715, -12.06069278717041, -15.713379859924316, -15.211833953857422, -10.39625072479248, -6.383866310119629, -13.571946144104004, -12.161044120788574, -10.101348876953125, -11.018328666687012, -10.665191650390625, -5.892504692077637, -10.991094589233398, -18.008508682250977]","[50259, 50359, 50363, 286, 458, 352, 4544, 11, 281, 747, 22873, 5171, 13, 682, 1020, 313, 5171, 1060, 811, 11, 1826, 286, 393, 406, 536, 11, 309, 21039]",28,1.714,unknown
pcm_f_PHTT1F21_he_spontaneous_395,whisper-small," Some people believe the village medicine, the workshop shop, they make them go find other ways to take care of themselves.",-inf,-inf,"[-17.404956817626953, -Infinity, -15.050247192382812, -11.3502197265625, -8.234644889831543, -7.145495891571045, -2.9063096046447754, -14.3104829788208, -12.960894584655762, -2.33245587348938, -8.303340911865234, -14.128975868225098, -16.77174949645996, -7.767542839050293, -10.664477348327637, -10.928505897521973, -9.77006721496582, -12.632648468017578, -12.32116985321045, -2.375028610229492, -15.50683307647705, -11.504290580749512, -14.759156227111816, -15.184516906738281, -13.255975723266602]","[50259, 50359, 50363, 2188, 561, 1697, 264, 7288, 7195, 11, 264, 13541, 3945, 11, 436, 652, 552, 352, 915, 661, 2098, 281, 747, 1127, 295]",25,1.553,unknown
pcm_f_PHTT1F23_he_spontaneous_256,whisper-small," Some families like to be prey. Before them, they do anything.",-inf,-inf,"[-15.737544059753418, -Infinity, -12.9617338180542, -16.608678817749023, -13.226430892944336, -7.883899211883545, -7.611334800720215, -9.786317825317383, -8.431318283081055, -1.6414146423339844, -10.004471778869629, -6.938868522644043, -2.920532464981079, -6.796402454376221, -11.387961387634277]","[50259, 50359, 50363, 2188, 4466, 411, 281, 312, 21107, 13, 4546, 552, 11, 436, 360]",15,1.156,unknown
pcm_f_PHTT1F23_he_spontaneous_352,whisper-small," If not snow day for local clinic, nobody could fit give better treatment.",-inf,-inf,"[-14.845989227294922, -Infinity, -11.600042343139648, -12.958587646484375, -11.012096405029297, -17.14768409729004, -14.432296752929688, -11.043371200561523, -15.410551071166992, -17.750886917114258, -8.9996337890625, -15.613673210144043, -12.276002883911133, -14.592281341552734, -14.45711612701416, -14.756645202636719]","[50259, 50359, 50363, 759, 406, 5756, 786, 337, 2654, 14947, 11, 5079, 727, 3318, 976, 1101]",16,1.162,unknown
pcm_f_PHTT1F23_he_spontaneous_449,whisper-small," Then organize class last week where them take teach everybody on top menstruation, where know the quick-quick stop. Plenty be learned from her.",-inf,-inf,"[-13.48619556427002, -Infinity, -15.07160758972168, -14.534640312194824, -17.84547996520996, -14.409947395324707, -13.96068286895752, -11.61718463897705, -11.89799690246582, -10.662107467651367, -13.763150215148926, -13.50693130493164, -12.370992660522461, -15.141448020935059, -14.392763137817383, -14.595027923583984, -13.897567749023438, -7.147045612335205, -13.241113662719727, -11.959632873535156, -12.855246543884277, -13.912498474121094, -1.6213678121566772, -16.129638671875, -16.276636123657227, -17.704837799072266, -8.458929061889648, -15.635505676269531, -21.322202682495117, -14.296113014221191, -16.814538955688477, -13.25802993774414]","[50259, 50359, 50363, 1396, 13859, 1508, 1036, 1243, 689, 552, 747, 2924, 2201, 322, 1192, 38827, 399, 11, 689, 458, 264, 1702, 12, 358, 618, 1590, 13, 2149, 4179, 312, 3264, 490]",32,1.808,unknown
pcm_f_PHTT1F23_he_spontaneous_452,whisper-small," For school them know they ever teach too long, this must reach a mother, what's need begin on.",-inf,-inf,"[-12.006285667419434, -Infinity, -14.765826225280762, -14.563056945800781, -14.695634841918945, -15.404078483581543, -12.012792587280273, -10.397388458251953, -16.50791358947754, -10.150606155395508, -9.222617149353027, -11.533336639404297, -8.924558639526367, -11.268184661865234, -7.121757507324219, -11.147945404052734, -9.994969367980957, -14.17213249206543, -9.309924125671387, -12.417536735534668, -12.889975547790527, -12.231401443481445, -15.508148193359375]","[50259, 50359, 50363, 1171, 1395, 552, 458, 436, 1562, 2924, 886, 938, 11, 341, 1633, 2524, 257, 2895, 11, 437, 311, 643, 1841]",23,1.462,unknown
pcm_f_PHTT1F24_he_spontaneous_364,whisper-small, if it makes strong bacteria when medicine no fits you for your belly if you they shall use antibiotics too much a bad,-inf,-inf,"[-15.636857032775879, -Infinity, -14.877572059631348, -10.980045318603516, -13.837760925292969, -11.752228736877441, -12.731576919555664, -13.722783088684082, -12.408958435058594, -11.68005657196045, -10.128435134887695, -17.148643493652344, -8.739967346191406, -9.456966400146484, -6.275555610656738, -11.56093692779541, -11.90492057800293, -4.90299654006958, -12.023897171020508, -16.430492401123047, -15.628188133239746, -10.65219783782959, -11.867757797241211, -10.335206031799316]","[50259, 50359, 50363, 498, 309, 1669, 2068, 11763, 562, 7195, 572, 9001, 291, 337, 428, 11696, 498, 291, 436, 4393, 764, 26922, 886, 709]",24,1.681,unknown
pcm_f_PHTT1F24_he_spontaneous_417,whisper-small," Doctors and scientists, they play a big role when health is at its peak, especially where spiritual beliefs are important. They are going to need prayer, joy, and medicine.",-inf,-inf,"[-17.354206085205078, -Infinity, -14.621006965637207, -17.253517150878906, -9.514676094055176, -19.222862243652344, -8.116101264953613, -14.629545211791992, -13.253518104553223, -12.306126594543457, -13.35795783996582, -9.16105842590332, -8.667634010314941, -8.556543350219727, -11.886910438537598, -8.97552490234375, -12.388447761535645, -17.54351234436035, -7.584359169006348, -14.596715927124023, -9.454144477844238, -13.48752212524414, -16.47412109375, -10.530346870422363, -10.497537612915039, -10.018961906433105, -16.88397789001465, -12.31807804107666, -11.952291488647461, -3.5887320041656494, -11.675740242004395, -14.571654319763184, -9.478350639343262, -9.094538688659668, -5.545860290527344, -11.00719928741455]","[50259, 50359, 50363, 39090, 293, 7708, 11, 436, 862, 257, 955, 3090, 562, 1585, 307, 412, 1080, 10651, 11, 2318, 689, 6960, 13585, 366, 1021, 13, 814, 366, 516, 281, 643, 8767, 11, 6258, 11, 293]",36,2.001,unknown
pcm_f_PHTT1F25_he_spontaneous_193,whisper-small, The truth is that Village Health Center doesn't get plenty of doctors plus hospital things they need.,-inf,-inf,"[-14.510472297668457, -Infinity, -10.879508018493652, -6.310159683227539, -12.258953094482422, -11.737495422363281, -8.034321784973145, -12.102949142456055, -22.00432777404785, -15.037720680236816, -13.071816444396973, -14.392480850219727, -10.54012680053711, -12.161849021911621, -7.109989643096924, -7.080717086791992, -12.72033977508545, -15.623612403869629, -13.402705192565918, -11.06940746307373]","[50259, 50359, 50363, 440, 3494, 307, 300, 22651, 5912, 5169, 1177, 380, 483, 7140, 295, 8778, 1804, 4530, 721, 436]",20,1.429,unknown
pcm_f_PHTT1F26_he_spontaneous_244,whisper-small," Omonia IUD, they stay for many, many years. This one will make you avoid everyday medicines.",-inf,-inf,"[-13.858922004699707, -Infinity, -17.927593231201172, -8.740747451782227, -12.538311004638672, -11.374122619628906, -7.8461456298828125, -16.83180046081543, -7.514162540435791, -13.756948471069336, -13.806158065795898, -10.752370834350586, -10.006954193115234, -3.1262738704681396, -16.019256591796875, -13.912653923034668, -8.988713264465332, -14.851668357849121, -11.272140502929688, -11.94385814666748, -12.616296768188477, -10.918519973754883, -15.234195709228516, -16.70721435546875]","[50259, 50359, 50363, 422, 3317, 654, 286, 9438, 11, 436, 1754, 337, 867, 11, 867, 924, 13, 639, 472, 486, 652, 291, 5042, 7429]",24,1.643,unknown
pcm_f_PHTT1F27_he_spontaneous_030,whisper-small," At the stop, I sit and read the light just to hear beddy yarn sometimes. It intrigues my mind to the present.",-inf,-inf,"[-15.867846488952637, -Infinity, -15.102938652038574, -10.290781021118164, -5.501349449157715, -10.72694206237793, -4.877404689788818, -0.7773454189300537, -14.341500282287598, -13.164527893066406, -16.422460556030273, -9.507250785827637, -14.137709617614746, -9.607155799865723, -8.067261695861816, -1.5049021244049072, -17.201343536376953, -17.364145278930664, -18.278827667236328, -10.878293991088867, -14.123434066772461, -16.01335906982422, -19.12589454650879, -19.88727569580078, -9.004676818847656, -10.681012153625488, -10.853742599487305, -11.25485897064209]","[50259, 50359, 50363, 1711, 264, 1590, 11, 286, 1394, 293, 1401, 264, 1442, 445, 281, 1568, 2901, 3173, 11400, 2171, 13, 467, 17934, 1247, 452, 1575, 281, 264]",28,1.649,unknown
pcm_f_PHTT1F28_he_spontaneous_018,whisper-small," To understand, we've seen patients believe true truth. If you help build better communication and trust.",-inf,-inf,"[-14.828060150146484, -Infinity, -12.230420112609863, -12.81390380859375, -8.052042961120605, -13.691819190979004, -8.924921035766602, -12.156196594238281, -14.394292831420898, -9.855010032653809, -11.136432647705078, -11.873665809631348, -12.960501670837402, -9.390448570251465, -13.063483238220215, -10.287126541137695, -16.195402145385742, -14.744160652160645, -12.480551719665527, -12.794054985046387, -10.383750915527344]","[50259, 50359, 50363, 1407, 1223, 11, 321, 600, 1612, 4209, 1697, 2074, 3494, 13, 759, 291, 854, 1322, 1101, 6101, 293]",21,1.428,unknown
pcm_f_PHTT1F28_he_spontaneous_044,whisper-small," So they chop more fruits and vegetables really, they help support your body and your system real well.",-inf,-inf,"[-14.578377723693848, -Infinity, -16.2553653717041, -16.947830200195312, -13.648270606994629, -15.13373851776123, -10.928678512573242, -16.413707733154297, -4.2212114334106445, -18.929555892944336, -5.871335506439209, -8.62360954284668, -9.534089088439941, -14.081087112426758, -14.196621894836426, -0.4664667844772339, -6.922489166259766, -6.158117771148682, -12.580906867980957, -15.16030216217041, -16.132892608642578]","[50259, 50359, 50363, 407, 436, 7931, 544, 12148, 293, 9320, 534, 11, 436, 854, 1406, 428, 1772, 293, 428, 1185, 957]",21,1.338,unknown
pcm_f_PHTT1F28_he_spontaneous_421,whisper-small," Patients must not see money with them, go pay for pocket fittings to get quick enough for the world's care.",-inf,-inf,"[-16.2580623626709, -Infinity, -16.032623291015625, -15.177763938903809, -13.346196174621582, -14.770384788513184, -11.061744689941406, -14.159581184387207, -9.570327758789062, -6.687676429748535, -13.600173950195312, -7.4222846031188965, -10.778873443603516, -10.976552963256836, -18.312633514404297, -12.380797386169434, -21.21001625061035, -15.438713073730469, -7.332890033721924, -12.678451538085938, -15.683316230773926, -12.071772575378418, -10.102333068847656, -9.659696578979492, -15.201496124267578, -14.25558853149414]","[50259, 50359, 50363, 4379, 2448, 1633, 406, 536, 1460, 365, 552, 11, 352, 1689, 337, 8963, 48876, 1109, 281, 483, 1702, 1547, 337, 264, 1002, 311]",26,1.682,unknown
pcm_f_PHTT1F29_he_spontaneous_029,whisper-small, Usabis say one thing they come in if person stay focus true true for only in own oxygen where they take in and out.,-inf,-inf,"[-13.893138885498047, -Infinity, -12.550976753234863, -14.482502937316895, -15.150187492370605, -17.32383918762207, -9.912307739257812, -14.050760269165039, -12.479104995727539, -9.992352485656738, -12.199677467346191, -10.734469413757324, -8.951048851013184, -12.188146591186523, -12.008735656738281, -11.589187622070312, -15.63819408416748, -13.108025550842285, -10.133907318115234, -11.360880851745605, -9.338801383972168, -12.94160270690918, -16.68064308166504, -13.562616348266602, -11.225930213928223, -9.930317878723145, -6.77492094039917, -10.879868507385254]","[50259, 50359, 50363, 4958, 455, 271, 584, 472, 551, 436, 808, 294, 498, 954, 1754, 1879, 2074, 2074, 337, 787, 294, 1065, 9169, 689, 436, 747, 294, 293]",28,1.651,unknown
pcm_f_PHTT1F31_he_spontaneous_164,whisper-small," If you won't use koi, no small touch in itoputa, to hold control of how belay won't enter.",-inf,-inf,"[-16.449216842651367, -Infinity, -13.49572467803955, -17.628047943115234, -8.876653671264648, -14.243316650390625, -17.587526321411133, -8.155710220336914, -11.104049682617188, -17.472530364990234, -6.616781711578369, -10.42567253112793, -12.977533340454102, -12.966047286987305, -15.20196533203125, -7.793950080871582, -13.993515968322754, -18.44526481628418, -10.050225257873535, -8.290525436401367, -13.003387451171875, -12.800705909729004, -14.257851600646973, -13.930705070495605, -17.755128860473633, -17.948928833007812, -14.434067726135254, -13.757752418518066]","[50259, 50359, 50363, 759, 291, 1582, 380, 764, 350, 4869, 11, 572, 1359, 2557, 294, 309, 404, 12093, 11, 281, 1797, 1969, 295, 577, 989, 320, 1582, 380]",28,1.643,unknown
pcm_f_PHTT1F32_he_spontaneous_123,whisper-small, everything be drug if you they look where and where and the record sharp now clean way you default look,-inf,-inf,"[-12.188034057617188, -Infinity, -13.991687774658203, -11.24865436553955, -12.67051887512207, -14.069356918334961, -11.959761619567871, -7.204591274261475, -5.0537495613098145, -11.233865737915039, -11.646997451782227, -6.002930164337158, -11.702768325805664, -9.804078102111816, -6.61549186706543, -15.427664756774902, -16.114336013793945, -11.045077323913574, -15.223872184753418, -7.940305709838867, -7.341789722442627]","[50259, 50359, 50363, 1203, 312, 4110, 498, 291, 436, 574, 689, 293, 689, 293, 264, 2136, 8199, 586, 2541, 636, 291]",21,1.38,unknown
pcm_f_PHTT1F32_he_spontaneous_409,whisper-small," Hold on, to combine medicine where you know and what you believe together, they make sick person get better results.",-inf,-inf,"[-14.792728424072266, -Infinity, -13.244105339050293, -11.877415657043457, -14.63597297668457, -9.358821868896484, -5.610074996948242, -16.009525299072266, -16.057701110839844, -9.89069652557373, -7.272404670715332, -10.816904067993164, -10.650842666625977, -11.04252815246582, -8.952083587646484, -13.959245681762695, -12.790151596069336, -11.649848937988281, -12.315302848815918, -8.809916496276855, -12.261377334594727, -15.951744079589844, -14.346973419189453, -14.019540786743164]","[50259, 50359, 50363, 6962, 322, 11, 281, 10432, 7195, 689, 291, 458, 293, 437, 291, 1697, 1214, 11, 436, 652, 4998, 954, 483, 1101]",24,1.512,unknown
pcm_f_PHTT1F35_he_spontaneous_059,whisper-small, You suppose do check up every time. Make your feet know what they do you. And now you fit a quick wheel.,-inf,-inf,"[-15.627324104309082, -Infinity, -13.265737533569336, -12.029887199401855, -15.89018726348877, -13.208563804626465, -12.884642601013184, -12.701957702636719, -14.790177345275879, -14.389667510986328, -14.221158981323242, -15.668436050415039, -8.232095718383789, -9.410748481750488, -6.497015953063965, -11.812581062316895, -11.120769500732422, -11.870101928710938, -5.91978120803833, -8.323962211608887, -12.095866203308105, -12.471271514892578, -14.634437561035156, -11.661794662475586, -12.59487533569336, -15.630714416503906]","[50259, 50359, 50363, 509, 7297, 360, 1520, 493, 633, 565, 13, 4387, 428, 3521, 458, 437, 436, 360, 291, 13, 400, 586, 291, 3318, 257, 1702]",26,1.597,unknown
pcm_f_PHTT1F35_he_spontaneous_345,whisper-small," Many, many things, they, to gain once spacing starts, they make sure see in each other better things. Every day things, every day.",-inf,-inf,"[-13.928488731384277, -Infinity, -15.895736694335938, -14.894421577453613, -1.689423680305481, -8.543085098266602, -12.244296073913574, -9.943158149719238, -14.194458961486816, -2.188236713409424, -8.993631362915039, -16.20537757873535, -12.778983116149902, -17.017501831054688, -14.147684097290039, -7.04129695892334, -3.1486921310424805, -12.141987800598145, -8.797273635864258, -12.15951156616211, -8.888480186462402, -9.542478561401367, -12.917479515075684, -19.049278259277344, -7.787019729614258, -4.98340368270874, -5.932565689086914, -9.590615272521973, -13.751742362976074, -3.8326826095581055, -11.631333351135254]","[50259, 50359, 50363, 5126, 11, 867, 721, 11, 436, 11, 281, 6052, 1564, 27739, 3719, 11, 436, 652, 988, 536, 294, 1184, 661, 1101, 721, 13, 2048, 786, 721, 11, 633]",31,1.812,unknown
pcm_f_PHTT1F36_he_spontaneous_434,whisper-small, Some people go on fast and pray before they take medicine.,-inf,-inf,"[-15.663002014160156, -Infinity, -11.811067581176758, -14.494104385375977, -15.601005554199219, -14.241225242614746, -8.469307899475098, -13.103321075439453, -8.245994567871094, -12.827659606933594, -13.661569595336914, -10.336824417114258, -13.756484985351562]","[50259, 50359, 50363, 2188, 561, 352, 322, 2370, 293, 3690, 949, 436, 747]",13,1.035,unknown
pcm_f_PHTT1F37_he_spontaneous_316,whisper-small," You, suppose, um, savvy say trust, don't get solid training to detect sickness early. May the fit help you fast.",-inf,-inf,"[-15.848065376281738, -Infinity, -15.244393348693848, -11.031479835510254, -10.45674991607666, -10.587312698364258, -10.407671928405762, -12.045866966247559, -1.150990605354309, -17.976829528808594, -13.645110130310059, -20.126300811767578, -7.009130954742432, -12.542338371276855, -12.465739250183105, -11.788762092590332, -14.794612884521484, -16.641799926757812, -10.65310001373291, -17.55573272705078, -15.922225952148438, -14.526247024536133, -8.64991283416748, -16.27791404724121, -12.004036903381348, -10.179248809814453, -12.343393325805664, -10.508224487304688]","[50259, 50359, 50363, 509, 11, 7297, 11, 1105, 11, 47506, 584, 3361, 11, 500, 380, 483, 5100, 3097, 281, 5531, 25611, 2440, 13, 1891, 264, 3318, 854, 291]",28,1.682,unknown
pcm_f_PHTT1F38_he_spontaneous_071,whisper-small, Make your training method on how your picking will suck your breast go. Make them chop weller.,-inf,-inf,"[-14.783744812011719, -Infinity, -10.54582405090332, -11.03843879699707, -10.080960273742676, -15.006143569946289, -15.808562278747559, -11.219017028808594, -8.349456787109375, -6.825517654418945, -18.078001022338867, -9.458527565002441, -13.066375732421875, -10.196053504943848, -15.91312026977539, -11.078716278076172, -5.667220592498779, -18.8743839263916, -10.291524887084961, -15.193220138549805, -13.385224342346191]","[50259, 50359, 50363, 4387, 428, 3097, 3170, 322, 577, 428, 8867, 486, 9967, 428, 9934, 352, 13, 4387, 552, 7931, 731]",21,1.377,unknown
pcm_f_PHTT1F38_he_spontaneous_222,whisper-small, My cousin began learning about Gloria after she go community health talk.,-inf,-inf,"[-13.081656455993652, -Infinity, -14.329773902893066, -11.192916870117188, -16.5683536529541, -10.562528610229492, -14.943824768066406, -12.208578109741211, -15.33422565460205, -11.09850788116455, -10.30858325958252, -9.268061637878418, -14.305896759033203, -15.62813663482666]","[50259, 50359, 50363, 1222, 16207, 4283, 2539, 466, 34288, 934, 750, 352, 1768, 1585]",14,1.114,unknown
pcm_f_PHTT1F39_he_spontaneous_360,whisper-small," Oh, they have steady muc, not true-true based on body.",-inf,-inf,"[-14.522855758666992, -Infinity, -14.146016120910645, -13.384367942810059, -11.093029022216797, -12.18738842010498, -11.282443046569824, -14.227605819702148, -12.34936237335205, -14.931117057800293, -1.5955641269683838, -12.717928886413574, -14.940211296081543, -2.9504833221435547, -17.852210998535156, -17.240381240844727, -14.6648588180542, -14.62800121307373]","[50259, 50359, 50363, 876, 11, 436, 362, 13211, 275, 1311, 11, 406, 2074, 12, 6903, 622, 2361, 322]",18,1.243,unknown
pcm_f_PHTT1F40_he_spontaneous_094,whisper-small," You know safe for outreach. Then they do plenty, plenty free checkup and tests.",-inf,-inf,"[-14.991913795471191, -Infinity, -12.910221099853516, -14.024319648742676, -11.047155380249023, -15.668334007263184, -13.821551322937012, -18.06134033203125, -11.638214111328125, -16.167373657226562, -12.305726051330566, -12.6485013961792, -16.09339714050293, -7.558319091796875, -15.891960144042969, -14.209675788879395, -11.234503746032715, -16.964725494384766, -11.25455093383789]","[50259, 50359, 50363, 509, 458, 3273, 337, 19638, 13, 1396, 436, 360, 7140, 11, 7140, 1737, 1520, 1010, 293]",19,1.334,unknown
pcm_f_PHTT1F40_he_spontaneous_418,whisper-small," If doctors, if doctors have a person who believes well, they can help them treat better. And sometimes hospitals go change out then they walk.",-inf,-inf,"[-15.016916275024414, -Infinity, -13.142255783081055, -3.485990524291992, -0.43151065707206726, -2.7305989265441895, -5.86647367477417, -10.743155479431152, -11.177388191223145, -10.893651962280273, -13.37598991394043, -7.741318702697754, -17.575624465942383, -10.683345794677734, -8.563339233398438, -6.307532787322998, -11.584087371826172, -14.201542854309082, -10.970215797424316, -13.599372863769531, -14.223029136657715, -7.889979839324951, -13.662532806396484, -10.864501953125, -11.494226455688477, -13.042797088623047, -10.64876937866211, -11.110637664794922, -12.061721801757812, -10.381689071655273]","[50259, 50359, 50363, 759, 8778, 11, 498, 8778, 362, 257, 954, 567, 12307, 731, 11, 436, 393, 854, 552, 2387, 1101, 13, 400, 2171, 13014, 352, 1319, 484, 550, 436]",30,1.722,unknown
pcm_f_PHTT1F40_he_spontaneous_546,whisper-small, Doctors are not supposed to answer respectful questions about waiting concerning people's spiritual needs.,-inf,-inf,"[-17.326080322265625, -Infinity, -15.077080726623535, -12.455461502075195, -11.762551307678223, -11.303827285766602, -13.016199111938477, -10.011231422424316, -13.770621299743652, -13.016862869262695, -7.564538955688477, -8.737222671508789, -15.568203926086426, -16.880664825439453, -16.75644302368164, -12.041525840759277, -16.568456649780273]","[50259, 50359, 50363, 39090, 366, 406, 3442, 281, 1867, 26205, 1651, 466, 3806, 18087, 561, 311, 6960]",17,1.213,unknown
pcm_f_PHTT1F41_he_spontaneous_164,whisper-small, Corrected care the respect both person freedom and spiritual belief inside spiritual tradition and this one they lead to different kind of treatment plan.,-inf,-inf,"[-15.02918815612793, -Infinity, -12.037481307983398, -11.570710182189941, -13.13309383392334, -15.501603126525879, -6.609414577484131, -11.546561241149902, -13.52896499633789, -13.72835922241211, -12.092745780944824, -5.411981582641602, -0.012450823560357094, -11.513903617858887, -12.22408676147461, -12.766845703125, -14.979921340942383, -6.79743766784668, -11.407193183898926, -11.256756782531738, -12.163665771484375, -15.694806098937988, -9.017844200134277, -11.381660461425781, -11.604731559753418, -9.6619291305542, -15.383049011230469]","[50259, 50359, 50363, 12753, 292, 1127, 264, 3104, 1293, 954, 5645, 293, 6960, 7107, 1854, 6960, 6994, 293, 341, 472, 436, 1477, 281, 819, 733, 295, 5032]",27,1.648,unknown
pcm_f_PHTT1F41_he_spontaneous_313,whisper-small," To listen to a patient without judging them, they have to build a better understanding for hospital.",-inf,-inf,"[-12.921500205993652, -Infinity, -17.627439498901367, -16.744632720947266, -16.628448486328125, -8.785163879394531, -11.379722595214844, -13.405915260314941, -8.648386001586914, -16.912935256958008, -10.840088844299316, -4.351620197296143, -9.728910446166992, -10.919740676879883, -11.508124351501465, -16.253559112548828, -12.770732879638672, -10.8810453414917, -13.093777656555176, -11.006781578063965]","[50259, 50359, 50363, 1407, 2140, 281, 257, 4537, 1553, 23587, 552, 11, 436, 362, 281, 1322, 257, 1101, 3701, 337]",20,1.331,unknown
pcm_f_PHTT1F43_he_spontaneous_159,whisper-small, You see and when staff explain treatments with simple talk and respect if they really help.,-inf,-inf,"[-13.787909507751465, -Infinity, -13.692214012145996, -12.76579761505127, -11.678947448730469, -8.561447143554688, -10.11032772064209, -17.89072608947754, -15.896544456481934, -14.878293991088867, -9.546773910522461, -12.583139419555664, -15.375147819519043, -11.755131721496582, -13.883020401000977, -11.438224792480469, -9.999326705932617, -15.322366714477539]","[50259, 50359, 50363, 509, 536, 293, 562, 3525, 2903, 15795, 365, 2199, 751, 293, 3104, 498, 436, 534]",18,1.326,unknown
pcm_f_PHTT1F43_he_spontaneous_298,whisper-small," Our clinic them, they always give free information on top family planning method them and if they help, well, well.",-inf,-inf,"[-16.427080154418945, -Infinity, -11.918061256408691, -15.462972640991211, -15.297615051269531, -12.267555236816406, -7.66578483581543, -11.38565444946289, -14.64168643951416, -12.303932189941406, -13.445898056030273, -11.693753242492676, -8.259502410888672, -12.6135892868042, -12.642921447753906, -15.541358947753906, -14.271785736083984, -8.763643264770508, -8.627104759216309, -11.89921760559082, -4.446068286895752, -11.05173397064209, -10.30057430267334, -10.872035026550293, -16.006746292114258]","[50259, 50359, 50363, 2621, 14947, 552, 11, 436, 1009, 976, 1737, 1589, 322, 1192, 1605, 5038, 3170, 552, 293, 498, 436, 854, 11, 731, 11]",25,1.548,unknown
pcm_f_PHTT1F44_he_spontaneous_324,whisper-small," Actually, it helps when staff use simple and respectful words to learn about treatment.",-inf,-inf,"[-15.545234680175781, -Infinity, -14.167858123779297, -15.202831268310547, -5.892210960388184, -5.366480350494385, -9.275291442871094, -12.735350608825684, -14.600347518920898, -13.941986083984375, -13.767098426818848, -6.790424823760986, -14.446798324584961, -12.259461402893066, -10.776383399963379, -15.129746437072754, -12.07259750366211]","[50259, 50359, 50363, 5135, 11, 309, 3665, 562, 3525, 764, 2199, 293, 26205, 2283, 281, 1466, 466]",17,1.286,unknown
pcm_f_PHTT1F49_he_spontaneous_294,whisper-small," So listen to patience without judging them, they help, build better understanding for us with them.",-inf,-inf,"[-14.78228759765625, -Infinity, -17.379880905151367, -14.119481086730957, -14.99474811553955, -12.039421081542969, -14.887643814086914, -8.835525512695312, -14.028316497802734, -12.42258358001709, -1.1620951890945435, -4.900079727172852, -12.805365562438965, -6.047848224639893, -11.132766723632812, -6.0625457763671875, -14.077508926391602, -10.945189476013184, -14.683279037475586, -11.703164100646973]","[50259, 50359, 50363, 407, 2140, 281, 14826, 1553, 23587, 552, 11, 436, 854, 11, 1322, 1101, 3701, 337, 505, 365]",20,1.281,unknown
pcm_f_PHTT1F49_he_spontaneous_375,whisper-small," Okay, good. When stuff is missing, I'll click on it and it will not be parameter.",-inf,-inf,"[-11.92944622039795, -Infinity, -14.553430557250977, -8.80960464477539, -8.324135780334473, -14.321965217590332, -6.6198320388793945, -11.624773025512695, -11.525615692138672, -8.740385055541992, -17.73964500427246, -9.249772071838379, -8.145164489746094, -12.746724128723145, -10.106306076049805, -8.834268569946289, -8.62704849243164, -9.544901847839355, -10.469446182250977, -11.570578575134277, -10.239513397216797, -15.633523941040039]","[50259, 50359, 50363, 1033, 11, 665, 13, 1133, 1507, 307, 5361, 11, 286, 603, 2052, 322, 309, 293, 309, 486, 406, 312]",22,1.372,unknown
pcm_f_PHTT1F52_he_spontaneous_077,whisper-small, some areas people they use all healing ways and eat they go they go with spiritual backup and medicine,-inf,-inf,"[-15.991801261901855, -Infinity, -14.439166069030762, -12.530376434326172, -13.31335735321045, -12.259033203125, -8.802156448364258, -11.185925483703613, -11.237869262695312, -11.586663246154785, -16.483966827392578, -8.642326354980469, -10.513301849365234, -8.393189430236816, -11.18851375579834, -9.435173034667969, -12.034038543701172, -9.065237998962402, -15.090911865234375, -15.369477272033691]","[50259, 50359, 50363, 512, 3179, 561, 436, 764, 439, 9745, 2098, 293, 1862, 436, 352, 436, 352, 365, 6960, 14807]",20,1.454,unknown
pcm_f_PHTT1F54_he_spontaneous_317,whisper-small," better care for women before she goes picking. They make good to the mama and the picking body, they can play well well.",-inf,-inf,"[-15.302556037902832, -Infinity, -14.390186309814453, -13.859770774841309, -13.78239917755127, -9.964959144592285, -10.799854278564453, -8.203024864196777, -5.329185485839844, -13.975236892700195, -16.034996032714844, -10.286222457885742, -9.170129776000977, -10.056046485900879, -8.838393211364746, -8.823911666870117, -0.19606640934944153, -11.30063247680664, -8.660801887512207, -6.727849006652832, -13.687432289123535, -12.332486152648926, -7.8757805824279785, -9.063413619995117, -11.462251663208008, -13.510191917419434, -11.263690948486328]","[50259, 50359, 50363, 1101, 1127, 337, 2266, 949, 750, 1709, 8867, 13, 814, 652, 665, 281, 264, 18775, 293, 264, 8867, 1772, 11, 436, 393, 862, 731]",27,1.591,unknown
pcm_f_PHTT1F55_he_spontaneous_340,whisper-small, One local outreach program really helped me understand STI testing well.,-inf,-inf,"[-11.664387702941895, -Infinity, -17.160541534423828, -14.433674812316895, -17.409154891967773, -17.36561393737793, -14.645777702331543, -10.392203330993652, -14.82133674621582, -15.347721099853516, -12.466531753540039, -15.380977630615234, -13.558358192443848, -14.510276794433594]","[50259, 50359, 50363, 1485, 2654, 19638, 1461, 534, 4254, 385, 1223, 4904, 40, 4997]",14,1.111,unknown
pcm_f_PHTT1F56_he_spontaneous_600,whisper-small," I tell you true, if we respect ourselves, equal help us follow our feet. And many single walks together, well, well.",-inf,-inf,"[-16.528955459594727, -Infinity, -15.882932662963867, -5.856175422668457, -14.13518238067627, -7.055461883544922, -14.003697395324707, -10.628393173217773, -16.630126953125, -4.332176685333252, -14.53372573852539, -12.771406173706055, -8.18035888671875, -11.572525024414062, -13.381488800048828, -16.28169822692871, -14.072526931762695, -12.31744384765625, -11.810056686401367, -8.315673828125, -16.350194931030273, -16.25444221496582, -17.212129592895508, -17.278427124023438, -13.408197402954102, -11.5082368850708, -11.336712837219238, -14.819061279296875]","[50259, 50359, 50363, 286, 980, 291, 2074, 11, 498, 321, 3104, 4175, 11, 2681, 854, 505, 1524, 527, 3521, 13, 400, 867, 2167, 12896, 1214, 11, 731, 11]",28,1.631,unknown
pcm_f_PHTT1F57_he_spontaneous_410,whisper-small, Health center don't give free paper. We talk about ovarian cancer. That's what I'm good at.,-inf,-inf,"[-12.493456840515137, -Infinity, -11.477618217468262, -19.762449264526367, -14.965731620788574, -10.337485313415527, -11.623727798461914, -10.97186279296875, -12.505603790283203, -14.706366539001465, -11.019826889038086, -10.855993270874023, -15.44287395477295, -19.37632942199707, -13.327621459960938, -18.739347457885742, -15.799727439880371, -17.908884048461914, -10.207043647766113, -16.122257232666016, -11.205774307250977, -12.254938125610352, -9.626022338867188, -14.955462455749512, -12.202075958251953]","[50259, 50359, 50363, 5912, 3056, 500, 380, 976, 1737, 3035, 13, 492, 751, 466, 277, 8517, 952, 5592, 13, 663, 311, 437, 286, 478, 665]",25,1.543,unknown
pcm_f_PHTT1F63_he_spontaneous_255,whisper-small, No be everything we Vincent talk online about health with Dr. Goa Griewit.,-inf,-inf,"[-8.563409805297852, -Infinity, -14.179642677307129, -12.730140686035156, -8.375932693481445, -13.396010398864746, -13.17102336883545, -17.527233123779297, -13.791825294494629, -15.661698341369629, -12.388323783874512, -16.57143783569336, -11.642419815063477, -15.039143562316895, -4.000639915466309, -11.325050354003906, -8.940936088562012, -12.02894401550293, -20.321565628051758]","[50259, 50359, 50363, 883, 312, 1203, 321, 28003, 751, 2950, 466, 1585, 365, 2491, 13, 1037, 64, 2606, 1093]",19,1.368,unknown
pcm_f_PHTT1F64_he_spontaneous_138,whisper-small," To help patients make you know judge them, they help them. They help us be to understand them better. No be lying.",-inf,-inf,"[-13.70825481414795, -Infinity, -15.478124618530273, -10.67705249786377, -14.411249160766602, -12.760414123535156, -11.213311195373535, -12.006766319274902, -12.059713363647461, -13.488515853881836, -11.529014587402344, -6.538848400115967, -2.6039862632751465, -6.977938175201416, -13.00887393951416, -9.773796081542969, -13.541396141052246, -12.078704833984375, -9.761059761047363, -12.263753890991211, -10.153756141662598, -13.317920684814453, -12.39896297454834, -9.367364883422852, -7.9640583992004395, -10.921473503112793, -12.13902759552002]","[50259, 50359, 50363, 1407, 854, 4209, 652, 291, 458, 6995, 552, 11, 436, 854, 552, 13, 814, 854, 505, 312, 281, 1223, 552, 1101, 13, 883, 312]",27,1.592,unknown
pcm_f_PHTT1F65_he_spontaneous_143,whisper-small," Gonorrhea, an atopic we supposed to talk about with open mind and honesty.",-inf,-inf,"[-11.128067970275879, -Infinity, -18.408292770385742, -13.563876152038574, -13.257959365844727, -13.052936553955078, -22.232303619384766, -14.933465957641602, -12.919807434082031, -19.765573501586914, -11.503421783447266, -14.754749298095703, -9.925849914550781, -16.326519012451172, -14.915364265441895, -10.869349479675293, -13.66780948638916, -15.548206329345703, -9.88195514678955]","[50259, 50359, 50363, 47403, 24362, 27799, 11, 364, 412, 40216, 321, 3442, 281, 751, 466, 365, 1269, 1575, 293]",19,1.281,unknown
pcm_f_PHTT1F67_he_spontaneous_522,whisper-small, Doctors are not supposed to ask questions about personal beliefs with full respect.,-inf,-inf,"[-17.860212326049805, -Infinity, -14.23709774017334, -11.02326774597168, -10.401666641235352, -10.975255012512207, -15.014458656311035, -8.181181907653809, -13.80311107635498, -11.533340454101562, -8.951228141784668, -10.895063400268555, -14.017230033874512, -9.310091972351074, -16.072629928588867]","[50259, 50359, 50363, 39090, 366, 406, 3442, 281, 1029, 1651, 466, 2973, 13585, 365, 1577]",15,1.15,unknown
pcm_f_PHTT1F7_he_spontaneous_036,whisper-small," Some families go on pretty fast, pretty fast. All do sacrifice before they oppress their person.",-inf,-inf,"[-12.038155555725098, -Infinity, -13.366755485534668, -12.561497688293457, -11.411251068115234, -13.388969421386719, -7.185216426849365, -0.14359858632087708, -0.019461285322904587, -Infinity, -10.632780075073242, -14.840604782104492, -11.83096981048584, -14.959295272827148, -10.708330154418945, -9.356423377990723, -13.21580696105957, -9.662116050720215, -17.423992156982422, -12.515336990356445]","[50259, 50359, 50363, 2188, 4466, 352, 322, 1238, 2370, 11, 1238, 2370, 13, 1057, 360, 11521, 949, 436, 50240, 641]",20,1.451,unknown
pcm_f_PHTT1F7_he_spontaneous_159,whisper-small, And doctors and scientists be good see for health matter for some community. That won't save the delay in our treatment.,-inf,-inf,"[-14.392195701599121, -Infinity, -15.28516960144043, -12.380399703979492, -12.914618492126465, -11.613487243652344, -9.801667213439941, -11.848790168762207, -9.321819305419922, -10.250213623046875, -0.2936948537826538, -10.646280288696289, -16.084463119506836, -9.844754219055176, -13.874753952026367, -16.082571029663086, -12.880663871765137, -14.276047706604004, -14.475692749023438, -12.041862487792969, -14.315632820129395, -1.2325478792190552, -15.17039966583252, -10.22781753540039, -11.824447631835938]","[50259, 50359, 50363, 400, 8778, 293, 7708, 312, 665, 536, 337, 1585, 1871, 337, 512, 1768, 13, 663, 1582, 380, 3155, 264, 8577, 294, 527]",25,1.63,unknown
pcm_f_PHTT1F7_he_spontaneous_321,whisper-small," To listen to soft music after work, they really help calm my stress. It echoed my head like night breeze.",-inf,-inf,"[-12.526885986328125, -Infinity, -16.25589370727539, -11.824575424194336, -13.447576522827148, -9.262475967407227, -16.690946578979492, -14.7653226852417, -14.57593822479248, -13.132898330688477, -9.460575103759766, -13.576044082641602, -16.628067016601562, -17.31501579284668, -16.180206298828125, -11.424461364746094, -15.943097114562988, -11.050960540771484, -15.760486602783203, -15.254254341125488, -13.899101257324219, -10.782967567443848, -15.714619636535645, -11.305061340332031, -14.254476547241211]","[50259, 50359, 50363, 1407, 2140, 281, 2787, 1318, 934, 589, 11, 436, 534, 854, 7151, 452, 4244, 13, 467, 14300, 292, 452, 1378, 411, 1818]",25,1.499,unknown
pcm_f_PHTT1F8_he_spontaneous_083,whisper-small," Chuchu, people know the talk about delivery preparation for picking and 9 potamata.",-inf,-inf,"[-12.693081855773926, -Infinity, -16.600627899169922, -12.172073364257812, -16.079303741455078, -15.094244003295898, -6.497148513793945, -10.733344078063965, -14.585518836975098, -5.70351505279541, -14.993441581726074, -11.264810562133789, -8.696916580200195, -16.75833511352539, -8.010152816772461, -14.563821792602539, -8.904420852661133, -16.4051570892334, -11.738359451293945, -13.452960968017578]","[50259, 50359, 50363, 761, 625, 84, 11, 561, 458, 264, 751, 466, 8982, 13081, 337, 8867, 293, 1722, 1847, 335]",20,1.414,unknown
pcm_f_PHTT1F8_he_spontaneous_450,whisper-small," Understanding a patient's belief, truly fit help improve how we talk and trust each other way.",-inf,-inf,"[-14.510345458984375, -Infinity, -16.78866958618164, -19.131298065185547, -11.139796257019043, -13.126642227172852, -12.698348045349121, -8.765138626098633, -2.0664186477661133, -13.401926040649414, -16.51320457458496, -15.255467414855957, -16.31487464904785, -10.13033390045166, -10.507768630981445, -15.382055282592773, -10.627063751220703, -15.336864471435547, -14.25645637512207, -14.135374069213867]","[50259, 50359, 50363, 36858, 257, 4537, 311, 7107, 11, 4908, 3318, 854, 3470, 577, 321, 751, 293, 3361, 1184, 661]",20,1.335,unknown
pcm_f_PHTT1F9_he_spontaneous_031,whisper-small," Health, they make press carry and work alike movie, but we need spirit backup plus medicine.",-inf,-inf,"[-12.025461196899414, -Infinity, -13.110360145568848, -16.905982971191406, -5.736765384674072, -8.698868751525879, -9.628586769104004, -12.50312614440918, -10.751314163208008, -7.728659629821777, -11.712458610534668, -16.77338409423828, -15.029707908630371, -10.502710342407227, -10.85664176940918, -11.367560386657715, -12.946505546569824, -15.092228889465332, -15.935303688049316, -13.197855949401855]","[50259, 50359, 50363, 5912, 11, 436, 652, 1886, 3985, 293, 589, 20025, 3169, 11, 457, 321, 643, 3797, 14807, 1804]",20,1.372,unknown
pcm_f_PHTT2F10_he_spontaneous_125,whisper-small," something very peaceful, if you focus only on how you breathe.",-inf,-inf,"[-16.225542068481445, -Infinity, -14.354345321655273, -12.604451179504395, -10.591251373291016, -18.14875602722168, -10.790387153625488, -11.054235458374023, -9.760122299194336, -12.875506401062012, -11.464089393615723, -11.956863403320312, -9.976775169372559, -8.086678504943848]","[50259, 50359, 50363, 746, 588, 13962, 11, 498, 291, 1879, 787, 322, 577, 291]",14,1.113,unknown
pcm_f_PHTT2F12_he_spontaneous_302,whisper-small," My cousin attend one community health talk. Since then, she started the due STI test.",-inf,-inf,"[-12.19261646270752, -Infinity, -13.329449653625488, -10.15566635131836, -16.948379516601562, -13.838022232055664, -11.98328685760498, -13.154528617858887, -15.86976146697998, -17.631458282470703, -5.952322483062744, -12.26257038116455, -12.103745460510254, -7.646800518035889, -10.935905456542969, -11.152220726013184, -15.001378059387207, -13.282562255859375, -11.160405158996582, -13.594646453857422]","[50259, 50359, 50363, 1222, 16207, 6888, 472, 1768, 1585, 751, 13, 4162, 550, 11, 750, 1409, 264, 3462, 4904, 40]",20,1.5,unknown
pcm_f_PHTT2F14_he_spontaneous_177,whisper-small," True true, when you carry your picking well, go help well. Go help make you fit the breastfeed always, especially when on a go hospital, like.",-inf,-inf,"[-12.795364379882812, -Infinity, -13.715174674987793, -15.790224075317383, -14.271492958068848, -9.29587459564209, -10.564844131469727, -11.478239059448242, -15.366519927978516, -12.129813194274902, -18.77930450439453, -10.134918212890625, -4.934798717498779, -2.958956480026245, -13.634689331054688, -15.004650115966797, -6.767870903015137, -14.020992279052734, -14.6492919921875, -13.8084077835083, -17.99073028564453, -3.5854649543762207, -10.404040336608887, -17.201412200927734, -20.637405395507812, -13.515896797180176, -5.102706432342529, -15.524971008300781, -12.554664611816406, -11.002419471740723, -11.085214614868164, -11.085670471191406, -12.04407024383545, -14.878273963928223]","[50259, 50359, 50363, 13587, 2074, 11, 562, 291, 3985, 428, 8867, 731, 11, 352, 854, 731, 13, 1037, 854, 652, 291, 3318, 264, 9934, 37036, 1009, 11, 2318, 562, 322, 257, 352, 4530, 11]",34,1.978,unknown
pcm_f_PHTT2F14_he_spontaneous_382,whisper-small," Parents, they advise, make them ginger people, to find way, to see professional for their mental wahala, make everywhere good for their mind. Mind.",-inf,-inf,"[-13.14661693572998, -Infinity, -15.810558319091797, -14.643575668334961, -1.0106757879257202, -6.546615123748779, -21.572492599487305, -5.6266655921936035, -15.800113677978516, -12.736686706542969, -18.779687881469727, -13.630880355834961, -7.678454399108887, -1.337660551071167, -11.268486976623535, -15.263669967651367, -1.7857394218444824, -8.43644905090332, -15.669020652770996, -14.706572532653809, -7.979096412658691, -11.678987503051758, -14.493634223937988, -20.038183212280273, -18.979278564453125, -8.255219459533691, -13.008213996887207, -17.274925231933594, -11.028111457824707, -11.34708023071289, -12.636696815490723, -10.799384117126465, -13.322032928466797]","[50259, 50359, 50363, 33990, 11, 436, 18312, 11, 652, 552, 14966, 561, 11, 281, 915, 636, 11, 281, 536, 4843, 337, 641, 4973, 31979, 5159, 11, 652, 5315, 665, 337, 641, 1575, 13]",33,1.851,unknown
pcm_f_PHTT2F15_he_spontaneous_340,whisper-small," If you choose IUD, you fit Komotam anytime. But as it is inside, it is blocked by left for long. True true.",-inf,-inf,"[-15.369633674621582, -Infinity, -15.077363014221191, -10.349348068237305, -10.102508544921875, -12.923367500305176, -9.647491455078125, -14.546224594116211, -6.157193183898926, -16.186752319335938, -18.242408752441406, -14.996916770935059, -15.08840560913086, -9.69987964630127, -12.333124160766602, -9.608612060546875, -15.533570289611816, -8.893036842346191, -2.9912281036376953, -5.335925102233887, -11.245317459106445, -11.885313034057617, -9.286423683166504, -11.566896438598633, -11.608149528503418, -14.289007186889648, -14.968207359313965, -11.270573616027832, -12.484867095947266, -0.41252726316452026, -8.398470878601074]","[50259, 50359, 50363, 759, 291, 2826, 286, 9438, 11, 291, 3318, 14286, 310, 335, 13038, 13, 583, 382, 309, 307, 1854, 11, 309, 307, 15470, 538, 1411, 337, 938, 13, 13587]",31,1.813,unknown
pcm_f_PHTT2F15_he_spontaneous_574,whisper-small," Ah, sometimes I would just lie down the focus on my breathing, now so I did take relax and clear my head.",-inf,-inf,"[-14.852949142456055, -Infinity, -16.057039260864258, -14.436227798461914, -10.830795288085938, -10.879871368408203, -11.305913925170898, -15.002482414245605, -7.893219947814941, -13.950082778930664, -12.268218994140625, -8.253491401672363, -17.104970932006836, -12.489616394042969, -12.109941482543945, -17.343297958374023, -5.519916534423828, -11.01140022277832, -12.798526763916016, -9.601618766784668, -14.27294921875, -7.646889686584473, -16.754175186157227, -12.884560585021973, -16.502605438232422, -13.502751350402832]","[50259, 50359, 50363, 2438, 11, 2171, 286, 576, 445, 4544, 760, 264, 1879, 322, 452, 9570, 11, 586, 370, 286, 630, 747, 5789, 293, 1850, 452]",26,1.589,unknown
pcm_f_PHTT2F16_he_spontaneous_264,whisper-small," The Gateway Day Worker, if you fit John Amp for your daily life eat too much no bijook.",-inf,-inf,"[-12.11531925201416, -Infinity, -11.725563049316406, -12.365629196166992, -21.50059700012207, -16.134605407714844, -15.962395668029785, -16.879207611083984, -9.30557632446289, -11.162749290466309, -8.816854476928711, -14.301703453063965, -14.174098014831543, -18.894207000732422, -20.324899673461914, -13.259239196777344, -12.954957008361816, -19.51569175720215, -16.876630783081055, -12.03734302520752, -8.637722969055176, -15.564248085021973, -11.954242706298828, -18.13102912902832]","[50259, 50359, 50363, 440, 48394, 5226, 6603, 260, 11, 498, 291, 3318, 2619, 2012, 79, 337, 428, 5212, 993, 1862, 886, 709, 572, 10317]",24,1.542,unknown
pcm_f_PHTT2F16_he_spontaneous_485,whisper-small," Use supposed rest. Supposed rest. Well, they drink enough water. Make you fit, manage the symptoms. Get better quick.",-inf,-inf,"[-14.496561050415039, -Infinity, -15.030433654785156, -12.048224449157715, -7.055837631225586, -16.766353607177734, -6.539314270019531, -15.606313705444336, -16.43521499633789, -14.685348510742188, -14.851999282836914, -17.01087760925293, -10.387239456176758, -14.378461837768555, -13.691315650939941, -13.951269149780273, -12.697942733764648, -11.338916778564453, -14.075310707092285, -8.59344482421875, -14.979368209838867, -13.564676284790039, -15.537703514099121, -14.555596351623535, -14.955472946166992, -4.913508415222168, -12.399820327758789, -14.944527626037598]","[50259, 50359, 50363, 8278, 3442, 1472, 13, 9391, 1744, 1472, 13, 1042, 11, 436, 2822, 1547, 1281, 13, 4387, 291, 3318, 11, 3067, 264, 8332, 13, 3240, 1101]",28,1.631,unknown
pcm_f_PHTT2F17_he_spontaneous_557,whisper-small, You know now I have sent health outreach for Shamai Town and them give me free malaria test.,-inf,-inf,"[-14.732962608337402, -Infinity, -14.318934440612793, -12.467693328857422, -7.591525077819824, -13.567682266235352, -10.921858787536621, -15.053430557250977, -10.81081485748291, -12.089881896972656, -12.695013999938965, -10.634879112243652, -15.56612491607666, -15.121652603149414, -17.67497444152832, -11.313612937927246, -9.178873062133789, -16.680702209472656, -15.909988403320312, -14.581459999084473, -18.069225311279297]","[50259, 50359, 50363, 509, 458, 586, 286, 362, 2279, 1585, 19638, 337, 42912, 1301, 15954, 293, 552, 976, 385, 1737, 45182]",21,1.331,unknown
pcm_f_PHTT2F23_he_spontaneous_103,whisper-small," You see, my Dr. Yancy, meditation is one big way to stay well for long. Well for long!",-inf,-inf,"[-12.988595008850098, -Infinity, -11.110204696655273, -10.885085105895996, -13.46590805053711, -6.459488868713379, -11.484296798706055, -14.388181686401367, -5.055480003356934, -13.243907928466797, -17.565244674682617, -7.775403022766113, -18.888334274291992, -10.892790794372559, -10.311834335327148, -11.915816307067871, -10.824943542480469, -8.562331199645996, -16.206546783447266, -4.070536136627197, -10.61251449584961, -8.821858406066895, -12.132092475891113, -10.875755310058594, -11.506376266479492]","[50259, 50359, 50363, 509, 536, 11, 452, 2491, 13, 398, 6717, 11, 12537, 307, 472, 955, 636, 281, 1754, 731, 337, 938, 13, 1042, 337]",25,1.545,unknown
pcm_f_PHTT2F23_he_spontaneous_193,whisper-small," Ayudhiz na wahala weh weh, for they yearn about smoke, clay, and tru tru.",-inf,-inf,"[-9.689645767211914, -Infinity, -13.97663402557373, -13.423233032226562, -11.849774360656738, -8.259336471557617, -13.545989990234375, -12.332250595092773, -10.90819263458252, -17.86309051513672, -9.2100830078125, -11.784202575683594, -8.869767189025879, -11.703598976135254, -5.8753342628479, -12.648618698120117, -11.58383560180664, -11.68100643157959, -11.043795585632324, -11.992561340332031, -15.982996940612793, -12.268369674682617, -8.587179183959961, -14.252838134765625, -10.510614395141602, -15.505006790161133, -12.007824897766113, -13.950824737548828]","[50259, 50359, 50363, 9081, 532, 71, 590, 1667, 31979, 5159, 321, 71, 321, 71, 11, 337, 436, 1064, 77, 466, 8439, 11, 13517, 11, 293, 504, 84, 504]",28,1.637,unknown
pcm_f_PHTT2F27_he_spontaneous_044,whisper-small," No lie, if I just feel waiting day my mind without judging arm, it will help clear my head small.",-inf,-inf,"[-13.37253189086914, -Infinity, -13.710884094238281, -12.838961601257324, -16.803674697875977, -9.28508472442627, -14.416851043701172, -8.90540599822998, -12.295239448547363, -14.012396812438965, -15.754115104675293, -14.360014915466309, -9.792341232299805, -12.716017723083496, -10.22216510772705, -17.877172470092773, -17.272966384887695, -11.192195892333984, -8.442211151123047, -13.507715225219727, -11.519133567810059, -13.826600074768066, -12.442529678344727, -16.697708129882812]","[50259, 50359, 50363, 883, 4544, 11, 498, 286, 445, 841, 3806, 786, 452, 1575, 1553, 23587, 3726, 11, 309, 486, 854, 1850, 452, 1378]",24,1.514,unknown
pcm_f_PHTT2F35_he_spontaneous_221,whisper-small," You saw being some people rely on top both on faith and our medicine to feel true, true healed.",-inf,-inf,"[-14.739197731018066, -Infinity, -12.223820686340332, -14.122644424438477, -15.877657890319824, -11.883152961730957, -13.62742805480957, -6.351686000823975, -14.610076904296875, -1.198988676071167, -14.240224838256836, -14.524626731872559, -4.3619184494018555, -14.468988418579102, -9.275670051574707, -14.82307243347168, -17.20191192626953, -5.803128719329834, -9.389483451843262, -11.589033126831055, -4.490322589874268, -14.51901912689209]","[50259, 50359, 50363, 509, 1866, 885, 512, 561, 10687, 322, 1192, 1293, 322, 4522, 293, 527, 7195, 281, 841, 2074, 11, 2074]",22,1.42,unknown
pcm_f_PHTT2F7_he_spontaneous_091,whisper-small, Patients suppose they ask for cost estimate before surgery to get quick and affordable healthcare.,-inf,-inf,"[-17.372041702270508, -Infinity, -14.781370162963867, -14.930521011352539, -15.073736190795898, -14.381630897521973, -12.180497169494629, -13.05466365814209, -6.2590131759643555, -15.244902610778809, -16.866416931152344, -14.252090454101562, -11.579398155212402, -10.685892105102539, -12.914529800415039, -14.198843955993652, -9.49956226348877, -17.941020965576172]","[50259, 50359, 50363, 4379, 2448, 7297, 436, 1029, 337, 2063, 12539, 949, 7930, 281, 483, 1702, 293, 12028]",18,1.289,unknown
pcm_f_PHTT2F8_he_spontaneous_052,whisper-small, Know the two drinks we drink if you want make your body healthy.,-inf,-inf,"[-12.081106185913086, -Infinity, -13.02000617980957, -18.435169219970703, -13.473860740661621, -14.7016019821167, -15.202699661254883, -7.757721424102783, -9.877147674560547, -13.567512512207031, -6.253539562225342, -14.004520416259766, -10.449674606323242, -10.375410079956055, -14.394036293029785]","[50259, 50359, 50363, 10265, 264, 732, 12142, 321, 2822, 498, 291, 528, 652, 428, 1772]",15,1.162,unknown
pcm_f_PHTT2F8_he_spontaneous_175,whisper-small," People still hasn't, still eh, they will never say B.S.T.I. testing.",-inf,-inf,"[-15.234295845031738, -Infinity, -13.277059555053711, -17.25577735900879, -2.0432558059692383, -11.669157028198242, -13.096965789794922, -0.23792105913162231, -9.63135814666748, -13.981037139892578, -7.2580437660217285, -10.685673713684082, -9.176182746887207, -11.916821479797363, -14.259932518005371, -14.441886901855469, -10.158434867858887, -17.25946617126465, -13.87518310546875, -10.582886695861816, -11.772150039672852, -15.970388412475586, -13.880821228027344]","[50259, 50359, 50363, 3432, 920, 6132, 380, 11, 920, 7670, 11, 436, 486, 1128, 584, 363, 13, 50, 13, 51, 13, 40, 13]",23,1.417,unknown
pcm_f_PHTT2F8_he_spontaneous_528,whisper-small," If talked to or not see a patient well without judging them, understanding will better as in for hospital.",-inf,-inf,"[-15.770705223083496, -Infinity, -14.300530433654785, -12.777820587158203, -12.174886703491211, -4.396279811859131, -9.015131950378418, -15.62649917602539, -13.444624900817871, -12.776201248168945, -16.379253387451172, -13.282197952270508, -11.96313762664795, -15.722626686096191, -4.451717853546143, -7.575654983520508, -15.480047225952148, -9.975996017456055, -13.197132110595703, -11.589740753173828, -9.363547325134277, -10.88405990600586]","[50259, 50359, 50363, 759, 2825, 281, 420, 406, 536, 257, 4537, 731, 1553, 23587, 552, 11, 3701, 486, 1101, 382, 294, 337]",22,1.511,unknown
pcm_f_PHTT2F9_he_spontaneous_116,whisper-small, You get plenty better if correct food the part of the things we do every day.,-inf,-inf,"[-13.767515182495117, -Infinity, -16.346153259277344, -14.473932266235352, -13.418112754821777, -12.750617027282715, -12.704143524169922, -9.568107604980469, -10.053413391113281, -13.515205383300781, -0.02836179919540882, -12.928847312927246, -7.40129280090332, -7.928621292114258, -10.873738288879395, -12.004694938659668, -10.689888000488281, -13.204832077026367]","[50259, 50359, 50363, 509, 483, 7140, 1101, 498, 3006, 1755, 264, 644, 295, 264, 721, 321, 360, 633]",18,1.381,unknown
pcm_f_PM4F1_ev_read_005,whisper-small, We repeat switch to eco-friendly appliances and machine to reduce carbon footprint.,-inf,-inf,"[-12.535161972045898, -Infinity, -13.012207984924316, -14.898311614990234, -15.666486740112305, -16.71852684020996, -15.008069038391113, -14.985673904418945, -10.018209457397461, -14.648427963256836, -15.137207984924316, -11.900694847106934, -17.27240562438965, -11.670549392700195, -16.511119842529297, -17.940876007080078]","[50259, 50359, 50363, 492, 7149, 3679, 281, 30226, 12, 22864, 35480, 293, 3479, 281, 5407, 5954]",16,1.173,unknown
pcm_f_PM4F1_ev_read_149,whisper-small, carry gift go to the party now go empty handed if it be cash gift or material gift,-inf,-inf,"[-10.785943984985352, -Infinity, -13.318245887756348, -13.285201072692871, -10.794722557067871, -10.52669620513916, -6.396413326263428, -6.7454633712768555, -12.149270057678223, -12.628839492797852, -9.424235343933105, -9.929828643798828, -14.88538646697998, -13.40528678894043, -10.650908470153809, -14.148536682128906, -10.741559982299805, -0.10814499855041504, -6.948513507843018]","[50259, 50359, 50363, 3985, 5306, 352, 281, 264, 3595, 586, 352, 6707, 16013, 498, 309, 312, 6388, 5306, 420]",19,1.374,unknown
pcm_f_PM4F1_ev_read_192,whisper-small, The advice or smoke will know all our security interfaces in case something happens.,-inf,-inf,"[-15.466246604919434, -Infinity, -14.508803367614746, -8.954977989196777, -17.935302734375, -10.89283561706543, -17.89774513244629, -13.036192893981934, -17.067630767822266, -10.316767692565918, -15.733442306518555, -18.125652313232422, -21.889362335205078, -11.136125564575195, -14.599772453308105, -13.945812225341797]","[50259, 50359, 50363, 440, 5192, 420, 8439, 486, 458, 439, 527, 3825, 28416, 294, 1389, 746]",16,1.16,unknown
pcm_f_PM4F1_ev_read_245,whisper-small, He gets one man-way wind-carry in Muroop Comet for our estate.,-inf,-inf,"[-11.318562507629395, -Infinity, -14.438084602355957, -11.781238555908203, -11.194872856140137, -14.673296928405762, -12.912521362304688, -2.009915590286255, -14.745774269104004, -16.415719985961914, -4.12782096862793, -15.3035888671875, -9.575338363647461, -12.957061767578125, -8.27151107788086, -17.566686630249023, -15.05951976776123, -14.469470024108887, -19.16326332092285, -9.434232711791992, -14.004493713378906]","[50259, 50359, 50363, 634, 2170, 472, 587, 12, 676, 2468, 12, 6166, 627, 294, 376, 7052, 404, 383, 649, 337, 527]",21,1.332,unknown
pcm_f_PM4F1_ev_read_252,whisper-small, My children know they hear what this one watered without me a rain bit and well.,-inf,-inf,"[-13.320890426635742, -Infinity, -12.047687530517578, -15.683745384216309, -17.482656478881836, -14.71662712097168, -7.157433986663818, -13.369701385498047, -6.191260814666748, -10.38493537902832, -12.787737846374512, -9.83484172821045, -12.759641647338867, -13.10956859588623, -7.959962844848633, -5.573332786560059, -9.655200958251953, -13.309284210205078, -9.385921478271484]","[50259, 50359, 50363, 1222, 2227, 458, 436, 1568, 437, 341, 472, 1281, 292, 1553, 385, 257, 4830, 857, 293]",19,1.371,unknown
pcm_f_PM4F1_ev_read_292,whisper-small, We get Malawi DSL Provisional for outside gates.,-inf,-inf,"[-12.570917129516602, -Infinity, -11.603433609008789, -12.513879776000977, -9.268877983093262, -17.089468002319336, -14.658719062805176, -14.491562843322754, -15.275335311889648, -6.755247592926025, -16.07818603515625, -15.261516571044922, -9.65109634399414, -16.068742752075195]","[50259, 50359, 50363, 492, 483, 5746, 38402, 15816, 43, 1705, 4938, 1966, 337, 2380]",14,1.03,unknown
pcm_f_PM4F1_ev_read_319,whisper-small, Farmers need to make up their support to make them fit produce more food.,-inf,-inf,"[-13.409076690673828, -Infinity, -13.9634370803833, -13.009605407714844, -16.761028289794922, -11.486934661865234, -5.510058879852295, -9.34207534790039, -11.173551559448242, -8.291521072387695, -14.460233688354492, -8.31479549407959, -10.68099308013916, -7.284846782684326, -11.634427070617676, -14.613054275512695, -12.131933212280273]","[50259, 50359, 50363, 19991, 433, 643, 281, 652, 493, 641, 1406, 281, 652, 552, 3318, 5258, 544]",17,1.285,unknown
pcm_f_PM4F1_ev_read_420,whisper-small," The main issue with organic food, we say, is your cost-fast processed food.",-inf,-inf,"[-16.392257690429688, -Infinity, -16.880207061767578, -14.2277250289917, -19.914583206176758, -17.650218963623047, -7.3637895584106445, -13.9276704788208, -18.672021865844727, -0.18363918364048004, -9.59500503540039, -14.055845260620117, -9.133864402770996, -6.641181945800781, -9.803540229797363, -9.636124610900879, -9.554794311523438, -16.192291259765625, -17.255205154418945]","[50259, 50359, 50363, 440, 2135, 2734, 365, 10220, 1755, 11, 321, 584, 11, 307, 428, 2063, 12, 7011, 18846]",19,1.293,unknown
pcm_f_PM4F1_ev_read_523,whisper-small," No over-reli on people too much, then fit 10-year-old white.",-inf,-inf,"[-11.02477741241455, -Infinity, -13.317008018493652, -14.711933135986328, -18.07600975036621, -6.83821439743042, -13.645451545715332, -17.00574493408203, -14.878588676452637, -11.096209526062012, -11.059106826782227, -13.335789680480957, -2.5234556198120117, -11.248536109924316, -17.819108963012695, -14.709376335144043, -7.634463310241699, -12.398178100585938, -8.001250267028809, -16.881282806396484]","[50259, 50359, 50363, 883, 670, 12, 265, 2081, 322, 561, 886, 709, 11, 550, 3318, 1266, 12, 5294, 12, 2641]",20,1.29,unknown
pcm_f_PM4F3_ev_read_033,whisper-small, she be the friend way I tell you say I like,-inf,-inf,"[-15.129557609558105, -Infinity, -12.17419719696045, -13.391070365905762, -10.97461986541748, -10.785123825073242, -18.759349822998047, -14.25690746307373, -4.615416526794434, -15.156519889831543, -12.315916061401367, -11.349608421325684]","[50259, 50359, 50363, 750, 312, 264, 1277, 636, 286, 980, 291, 584]",12,1.027,unknown
pcm_f_PM4F3_ev_read_043,whisper-small, your mother be my sister if I know side with her who I will side with,-inf,-inf,"[-11.747684478759766, -Infinity, -12.307930946350098, -10.757923126220703, -11.130167961120605, -11.485198020935059, -10.22834587097168, -17.873563766479492, -11.447279930114746, -11.73520278930664, -11.544465065002441, -14.126214027404785, -11.8132963180542, -13.781875610351562, -11.69252872467041, -13.753173828125, -10.382024765014648]","[50259, 50359, 50363, 428, 2895, 312, 452, 4892, 498, 286, 458, 1252, 365, 720, 567, 286, 486]",17,1.332,unknown
pcm_f_PM4F3_ev_read_093,whisper-small," You fit carry the matter, go meet lawyer, so that you fit get red dress.",-inf,-inf,"[-15.315061569213867, -Infinity, -13.29023551940918, -13.544364929199219, -14.616100311279297, -13.17515754699707, -9.843040466308594, -16.912017822265625, -9.22842025756836, -13.157350540161133, -15.75724983215332, -17.88228416442871, -6.25925874710083, -14.578413963317871, -10.223483085632324, -10.887775421142578, -12.03376579284668, -13.081037521362305, -16.50480079650879]","[50259, 50359, 50363, 509, 3318, 3985, 264, 1871, 11, 352, 1677, 11613, 11, 370, 300, 291, 3318, 483, 2182]",19,1.33,unknown
pcm_f_PM4F3_ev_read_146,whisper-small," Assess waiting the person they ask for, and if you are capable to carry them.",-inf,-inf,"[-14.38099193572998, -Infinity, -10.546334266662598, -15.25157642364502, -16.851449966430664, -15.79261302947998, -12.938641548156738, -15.753376960754395, -12.465009689331055, -13.784852981567383, -11.707210540771484, -8.885275840759277, -11.303933143615723, -10.32761001586914, -7.702240467071533, -12.58704948425293, -15.998466491699219, -7.400691032409668, -16.196258544921875]","[50259, 50359, 50363, 6281, 442, 3806, 264, 954, 436, 1029, 337, 11, 293, 498, 291, 366, 8189, 281, 3985]",19,1.239,unknown
pcm_f_PM4F3_ev_read_181,whisper-small, I want help Susan edit something. I will come back now.,-inf,-inf,"[-14.17334270477295, -Infinity, -18.217811584472656, -9.482751846313477, -12.85617446899414, -14.890995025634766, -16.826637268066406, -17.6844425201416, -15.91574764251709, -10.52219009399414, -12.002405166625977, -12.769853591918945, -12.973344802856445, -14.384618759155273]","[50259, 50359, 50363, 286, 528, 854, 15160, 8129, 746, 13, 286, 486, 808, 646]",14,1.113,unknown
pcm_f_PM4F3_ev_read_342,whisper-small, How far my guy? I did check on you well well today.,-inf,-inf,"[-12.534061431884766, -Infinity, -13.548962593078613, -14.950403213500977, -14.80571174621582, -11.980979919433594, -12.1914701461792, -13.194783210754395, -12.260725021362305, -16.255178451538086, -13.93765640258789, -9.638240814208984, -11.764118194580078, -11.497775077819824, -12.320767402648926]","[50259, 50359, 50363, 1012, 1400, 452, 2146, 30, 286, 630, 1520, 322, 291, 731, 731]",15,1.209,unknown
pcm_f_PM4F3_ev_read_388,whisper-small," My babe, they give me assurance, you know, go cheat on me.",-inf,-inf,"[-13.199298858642578, -Infinity, -12.546566009521484, -13.519171714782715, -16.978660583496094, -11.635435104370117, -14.01925277709961, -13.362668991088867, -11.40874195098877, -18.77890968322754, -0.5896994471549988, -4.17913818359375, -11.61164379119873, -7.754215240478516, -14.751583099365234, -16.92450523376465, -13.754093170166016]","[50259, 50359, 50363, 1222, 24655, 11, 436, 976, 385, 32189, 11, 291, 458, 11, 352, 17470, 322]",17,1.286,unknown
pcm_f_PM4F3_ev_read_418,whisper-small, Facing fit-managed stress and emotion when you know himself.,-inf,-inf,"[-12.371315956115723, -Infinity, -14.029257774353027, -15.323485374450684, -18.002243041992188, -19.39459800720215, -6.392335891723633, -15.515117645263672, -16.713376998901367, -18.5379581451416, -7.305408477783203, -14.547590255737305, -9.871695518493652, -5.657480716705322, -13.389199256896973]","[50259, 50359, 50363, 479, 5615, 3318, 12, 1601, 2980, 4244, 293, 8913, 562, 291, 458]",15,1.08,unknown
pcm_f_PM4F3_ev_read_449,whisper-small, Socialize with different people so that you go there easy to fit get human feelings.,-inf,-inf,"[-18.132625579833984, -Infinity, -15.503545761108398, -17.014249801635742, -17.879249572753906, -11.138494491577148, -15.765799522399902, -8.163875579833984, -12.413451194763184, -8.843596458435059, -9.92595386505127, -12.771721839904785, -14.466961860656738, -11.196967124938965, -5.821288108825684, -12.01830768585205, -12.638423919677734, -15.131616592407227]","[50259, 50359, 50363, 9909, 1125, 365, 819, 561, 370, 300, 291, 352, 456, 1858, 281, 3318, 483, 1952]",18,1.293,unknown
pcm_f_PM4F3_ev_read_492,whisper-small," Now traditional moves, this guide displays Soho if it wins.",-inf,-inf,"[-13.379621505737305, -Infinity, -14.956282615661621, -12.859030723571777, -14.301128387451172, -11.13348388671875, -3.7128355503082275, -7.384361743927002, -17.384841918945312, -15.978484153747559, -14.393593788146973, -17.797103881835938, -12.0498046875, -11.503766059875488]","[50259, 50359, 50363, 823, 5164, 6067, 11, 341, 5934, 20119, 407, 1289, 498, 309]",14,1.156,unknown
pcm_f_PM4F3_ev_read_497,whisper-small, Now my style to dance without planning either give me joy well well.,-inf,-inf,"[-12.464953422546387, -Infinity, -15.123883247375488, -16.757905960083008, -14.004908561706543, -12.573208808898926, -9.838761329650879, -13.933514595031738, -15.676275253295898, -18.392305374145508, -12.891190528869629, -15.363273620605469, -12.935758590698242, -14.139551162719727, -9.635432243347168]","[50259, 50359, 50363, 823, 452, 3758, 281, 4489, 1553, 5038, 2139, 976, 385, 6258, 731]",15,1.199,unknown
pcm_f_PM4F3_ev_read_538,whisper-small," One small, small contribution. Join together. Go help one achieve big team.",-inf,-inf,"[-12.0983304977417, -Infinity, -16.112443923950195, -14.127979278564453, -10.148430824279785, -2.8352596759796143, -16.7371883392334, -18.40790557861328, -0.47649434208869934, -10.757749557495117, -11.629667282104492, -8.304121017456055, -11.552736282348633, -11.414101600646973, -9.832945823669434, -16.109670639038086, -14.755706787109375]","[50259, 50359, 50363, 1485, 1359, 11, 1359, 13150, 13, 19642, 1214, 13, 1037, 854, 472, 4584, 955]",17,1.163,unknown
pcm_f_PP1F1_ev_read_275,whisper-small, them are now say them close the bridge for repairs so traffic day AV,-inf,-inf,"[-14.818817138671875, -Infinity, -14.647644996643066, -9.429837226867676, -7.537526607513428, -13.079665184020996, -15.837437629699707, -14.30545711517334, -13.3976469039917, -4.837730884552002, -17.627958297729492, -10.201292991638184, -16.918977737426758, -9.385187149047852, -12.638528823852539]","[50259, 50359, 50363, 552, 366, 586, 584, 552, 1998, 264, 7283, 337, 28823, 370, 6419]",15,1.122,unknown
pcm_f_PP1F1_ev_read_290,whisper-small, but it fits like down flat for bed as soon as he wakes up.,-inf,-inf,"[-11.259191513061523, -Infinity, -12.707600593566895, -11.926884651184082, -5.564644813537598, -14.376492500305176, -10.54200553894043, -15.170777320861816, -16.667871475219727, -12.378988265991211, -16.753854751586914, -11.685274124145508, -15.65571403503418, -14.506553649902344, -12.674745559692383, -19.003904342651367]","[50259, 50359, 50363, 457, 309, 9001, 411, 760, 4962, 337, 2901, 382, 2321, 382, 415, 29610]",16,1.203,unknown
pcm_f_PP1F1_ev_read_317,whisper-small," I detone my body from side to side, losing my back and my neck.",-inf,-inf,"[-15.285004615783691, -Infinity, -12.087167739868164, -10.513736724853516, -17.572858810424805, -18.64219856262207, -12.006736755371094, -16.032529830932617, -14.000959396362305, -16.188955307006836, -10.923763275146484, -14.260717391967773, -10.879547119140625, -17.153606414794922, -0.07080110162496567, -8.634533882141113, -7.414248943328857, -12.379830360412598]","[50259, 50359, 50363, 286, 1141, 546, 452, 1772, 490, 1252, 281, 1252, 11, 7027, 452, 646, 293, 452]",18,1.202,unknown
pcm_f_PP1F1_ev_read_565,whisper-small, Obite ms in go try curry in children go see mama griff,-inf,-inf,"[-11.226264953613281, -Infinity, -9.586057662963867, -12.222622871398926, -11.549898147583008, -12.97392749786377, -13.788268089294434, -8.458125114440918, -12.230790138244629, -10.177817344665527, -13.550701141357422, -9.714740753173828, -14.170366287231445, -9.95363998413086, -13.700980186462402, -15.708953857421875]","[50259, 50359, 50363, 4075, 642, 275, 82, 294, 352, 853, 18123, 294, 2227, 352, 536, 18775]",16,1.243,unknown
pcm_f_PP1F1_ev_read_575,whisper-small, I go respect my papa take over in shrine when I die.,-inf,-inf,"[-15.866384506225586, -Infinity, -17.49846076965332, -10.75725269317627, -10.220840454101562, -14.14810562133789, -11.233634948730469, -14.212777137756348, -15.807221412658691, -12.533121109008789, -11.5593900680542, -19.8560791015625, -11.34525203704834, -7.634202003479004]","[50259, 50359, 50363, 286, 352, 3104, 452, 31015, 747, 670, 294, 37812, 562, 286]",14,1.071,unknown
pcm_f_PP1F1_ev_read_597,whisper-small," I won't buy gift for my sister, so I want safe forum.",-inf,-inf,"[-14.526098251342773, -Infinity, -17.753360748291016, -9.01109504699707, -14.264147758483887, -14.037064552307129, -13.75833797454834, -15.152801513671875, -9.67609691619873, -12.037385940551758, -15.66849136352539, -12.269301414489746, -11.834562301635742, -12.336214065551758, -13.88523006439209, -15.077152252197266]","[50259, 50359, 50363, 286, 1582, 380, 2256, 5306, 337, 452, 4892, 11, 370, 286, 528, 3273]",16,1.154,unknown
pcm_f_PP1F2_ev_read_083,whisper-small, People still they've been living the chance because not part of their language and I need to work for them.,-inf,-inf,"[-13.435908317565918, -Infinity, -13.99094009399414, -13.62592601776123, -11.385066032409668, -9.620967864990234, -15.191193580627441, -13.985840797424316, -16.32689094543457, -5.439788818359375, -13.226633071899414, -11.261517524719238, -11.613327980041504, -11.171632766723633, -7.425681114196777, -7.346861362457275, -16.518310546875, -10.996313095092773, -10.969439506530762, -16.755876541137695, -9.758960723876953, -13.231611251831055, -10.883270263671875]","[50259, 50359, 50363, 3432, 920, 436, 600, 668, 2647, 264, 2931, 570, 406, 644, 295, 641, 2856, 293, 286, 643, 281, 589, 337]",23,1.416,unknown
pcm_f_PP1F2_ev_read_306,whisper-small," Now the things my pastor did teach, now they make me to be a better person.",-inf,-inf,"[-12.25084114074707, -Infinity, -13.30897331237793, -15.176736831665039, -11.069083213806152, -10.241547584533691, -13.282570838928223, -15.388315200805664, -9.731816291809082, -11.431693077087402, -9.771035194396973, -13.752082824707031, -12.52519702911377, -10.382265090942383, -12.091471672058105, -14.876511573791504, -15.438482284545898, -12.620158195495605, -14.883294105529785]","[50259, 50359, 50363, 823, 264, 721, 452, 21193, 630, 2924, 11, 586, 436, 652, 385, 281, 312, 257, 1101]",19,1.244,unknown
pcm_f_PP1F3_ev_read_137,whisper-small," Additional healers. No, they do tests before treatment. But before you take conventional medicine, you go do tests.",-inf,-inf,"[-14.186389923095703, -Infinity, -17.023868560791016, -15.382875442504883, -15.873176574707031, -14.95642375946045, -13.268802642822266, -14.633329391479492, -8.919659614562988, -12.015689849853516, -16.96915054321289, -16.428085327148438, -7.796375274658203, -17.34027099609375, -10.76233959197998, -17.878202438354492, -17.165260314941406, -9.44896411895752, -13.205988883972168, -19.156652450561523, -17.169666290283203, -6.449690341949463, -12.266300201416016, -14.587175369262695, -14.00356674194336]","[50259, 50359, 50363, 44272, 10526, 433, 13, 883, 11, 436, 360, 6921, 949, 5032, 13, 583, 949, 291, 747, 16011, 7195, 11, 291, 352, 360]",25,1.509,unknown
pcm_f_PP1F3_ev_read_341,whisper-small," If the talk not talk, wayfika iwala come know as we go take shop, ship your mouth talker.",-inf,-inf,"[-11.515340805053711, -Infinity, -12.328927993774414, -13.841901779174805, -7.164463996887207, -11.708536148071289, -8.51059341430664, -13.506620407104492, -9.316020965576172, -9.826489448547363, -12.636574745178223, -13.435593605041504, -10.79347038269043, -10.556350708007812, -15.965371131896973, -12.883938789367676, -13.888928413391113, -11.140522956848145, -10.894085884094238, -11.567828178405762, -10.562010765075684, -13.308591842651367, -8.906455039978027, -14.324244499206543, -13.59473991394043, -13.034319877624512, -14.633283615112305]","[50259, 50359, 50363, 759, 264, 751, 406, 751, 11, 636, 69, 5439, 741, 86, 5159, 808, 458, 382, 321, 352, 747, 3945, 11, 5374, 428, 4525, 751]",27,1.675,unknown
pcm_f_PP1F3_ev_read_512,whisper-small, We must prepare ourselves and communities for the changes weather pattern especially the extreme like heavy rainfall and heat waves.,-inf,-inf,"[-14.363905906677246, -Infinity, -13.377711296081543, -13.53935432434082, -13.784945487976074, -16.1511173248291, -13.267531394958496, -11.535567283630371, -12.458233833312988, -8.04089641571045, -8.986747741699219, -14.038044929504395, -11.481139183044434, -14.25784969329834, -11.59371280670166, -7.766162395477295, -16.21624755859375, -11.78209400177002, -6.42813777923584, -13.79316520690918, -6.383496284484863, -16.255701065063477]","[50259, 50359, 50363, 492, 1633, 5940, 4175, 293, 4456, 337, 264, 2962, 5503, 5102, 2318, 264, 8084, 411, 4676, 29382, 293, 3738]",22,1.416,unknown
pcm_f_PP1F3_ev_read_514,whisper-small," We must prioritize the health and well-being of our community members by providing access to medical care, food and shelter.",-inf,-inf,"[-14.22014331817627, -Infinity, -12.074230194091797, -14.007984161376953, -16.198841094970703, -17.88060188293457, -7.480876922607422, -9.936036109924316, -17.172805786132812, -14.252209663391113, -15.253946304321289, -17.507383346557617, -11.254134178161621, -13.534514427185059, -16.131437301635742, -14.12820816040039, -12.001596450805664, -14.573799133300781, -14.251684188842773, -9.45249080657959, -12.253808975219727, -14.328411102294922, -14.657320022583008, -12.737508773803711, -11.129361152648926]","[50259, 50359, 50363, 492, 1633, 25164, 264, 1585, 293, 731, 12, 13054, 295, 527, 1768, 2679, 538, 6530, 2105, 281, 4625, 1127, 11, 1755, 293]",25,1.598,unknown
pcm_f_PP1F3_ev_read_600,whisper-small, cost-conditional go contact me about the volunteer work for the cultural festival,-inf,-inf,"[-11.947001457214355, -Infinity, -15.590649604797363, -19.69667625427246, -4.918797969818115, -16.971323013305664, -18.632801055908203, -8.276376724243164, -14.71601676940918, -12.55476188659668, -13.159372329711914, -7.508234977722168, -17.77379035949707, -15.305403709411621, -13.241497993469238, -9.450329780578613]","[50259, 50359, 50363, 2063, 12, 18882, 2628, 352, 3385, 385, 466, 264, 13835, 589, 337, 264]",16,1.245,unknown
pcm_f_PP2F1_ev_read_036,whisper-small," I they come, make I go buy medicine my head they pen me.",-inf,-inf,"[-10.182699203491211, -Infinity, -14.709288597106934, -6.519366264343262, -4.724092960357666, -11.082840919494629, -8.07295036315918, -11.948042869567871, -11.97033405303955, -12.335556030273438, -17.30204200744629, -16.782325744628906, -11.4146089553833, -17.136337280273438, -10.986340522766113, -15.631339073181152]","[50259, 50359, 50363, 286, 436, 808, 11, 652, 286, 352, 2256, 7195, 452, 1378, 436, 3435]",16,1.114,unknown
pcm_f_PP2F1_ev_read_055,whisper-small, Make you find person where you feel talk to if they pressure they too much.,-inf,-inf,"[-14.690069198608398, -Infinity, -12.802678108215332, -12.298185348510742, -6.083154678344727, -12.016345977783203, -13.093778610229492, -12.86008358001709, -10.968235969543457, -12.714681625366211, -14.527179718017578, -10.2271146774292, -8.567878723144531, -13.086007118225098, -19.437931060791016, -10.767295837402344, -13.632070541381836]","[50259, 50359, 50363, 4387, 291, 915, 954, 689, 291, 841, 751, 281, 498, 436, 3321, 436, 886]",17,1.286,unknown
pcm_f_PP2F1_ev_read_107,whisper-small," Nostmolting defects me, now I know one talk.",-inf,-inf,"[-11.15900707244873, -Infinity, -13.909662246704102, -16.57329559326172, -13.652843475341797, -9.429861068725586, -16.266088485717773, -14.159468650817871, -17.96527099609375, -14.099957466125488, -6.307000637054443, -10.490472793579102, -9.62375259399414, -14.517253875732422, -12.882591247558594]","[50259, 50359, 50363, 426, 555, 76, 401, 783, 32655, 385, 11, 586, 286, 458, 472]",15,1.068,unknown
pcm_f_PP2F1_ev_read_149,whisper-small, I teach my sister how she could use needle and thread stitch her clothes,-inf,-inf,"[-12.33754825592041, -Infinity, -14.141160011291504, -12.350188255310059, -12.772991180419922, -11.975847244262695, -11.855724334716797, -8.149932861328125, -9.221138954162598, -13.52562427520752, -12.478836059570312, -11.781473159790039, -8.91518497467041, -8.097454071044922, -13.246273040771484]","[50259, 50359, 50363, 286, 2924, 452, 4892, 577, 750, 727, 764, 11037, 293, 7207, 5635]",15,1.111,unknown
pcm_f_PP2F1_ev_read_206,whisper-small, It will go better if we make announcements on how people will go to take care of their mental health.,-inf,-inf,"[-15.622520446777344, -Infinity, -14.509427070617676, -11.649877548217773, -10.30640983581543, -13.132545471191406, -12.141162872314453, -12.393163681030273, -9.7472562789917, -11.52535343170166, -18.054698944091797, -9.464290618896484, -9.962104797363281, -10.998466491699219, -8.388361930847168, -17.00223731994629, -9.508428573608398, -15.514588356018066, -11.255539894104004, -13.256077766418457, -14.154261589050293, -14.446578979492188]","[50259, 50359, 50363, 467, 486, 352, 1101, 498, 321, 652, 23785, 322, 577, 561, 486, 352, 281, 747, 1127, 295, 641, 4973]",22,1.413,unknown
pcm_f_PP2F1_ev_read_259,whisper-small, I am just as surprised as other detects this thing so she detects them well.,-inf,-inf,"[-16.360193252563477, -Infinity, -13.332415580749512, -9.764861106872559, -11.54665470123291, -10.33687973022461, -6.471608638763428, -12.755487442016602, -10.0261869430542, -8.870285987854004, -16.139999389648438, -9.214338302612305, -9.128101348876953, -13.530616760253906, -11.604711532592773, -7.880226135253906, -16.843019485473633, -13.005156517028809, -12.260985374450684]","[50259, 50359, 50363, 286, 669, 445, 382, 6100, 382, 661, 5531, 82, 341, 551, 370, 750, 5531, 82, 552]",19,1.24,unknown
pcm_f_PP2F1_ev_read_369,whisper-small," Now only parents go understand this kind of happiness, what it is picking they give.",-inf,-inf,"[-13.69708251953125, -Infinity, -14.622929573059082, -12.662633895874023, -9.385359764099121, -14.835894584655762, -16.010631561279297, -17.501401901245117, -15.565842628479004, -14.020161628723145, -8.419567108154297, -12.646834373474121, -9.522115707397461, -8.3330659866333, -9.10264778137207, -12.520212173461914, -17.93651580810547, -10.631129264831543]","[50259, 50359, 50363, 823, 787, 3152, 352, 1223, 341, 733, 295, 8324, 11, 437, 309, 307, 8867, 436]",18,1.203,unknown
pcm_f_PP2F1_ev_read_512,whisper-small, I think we understand to see everybody get the front way. Then do you do this?,-inf,-inf,"[-14.540814399719238, -Infinity, -14.275870323181152, -12.210734367370605, -12.629522323608398, -13.508583068847656, -15.110418319702148, -6.889984607696533, -13.752508163452148, -14.494776725769043, -13.160099983215332, -5.7473039627075195, -15.241156578063965, -13.182377815246582, -7.526259422302246, -15.23265552520752, -7.93548583984375, -9.885379791259766, -11.324843406677246]","[50259, 50359, 50363, 286, 519, 321, 1223, 281, 536, 2201, 483, 264, 1868, 636, 13, 1396, 360, 291, 360]",19,1.239,unknown
pcm_f_PP2F1_ev_read_598,whisper-small, You will suppose they tell your friends how they fit protect environment.,-inf,-inf,"[-16.257539749145508, -Infinity, -14.348082542419434, -11.777511596679688, -5.181864261627197, -16.44275665283203, -13.920263290405273, -12.574629783630371, -12.139348983764648, -14.442724227905273, -9.94510269165039, -9.011882781982422, -16.861879348754883, -17.25496482849121]","[50259, 50359, 50363, 509, 486, 7297, 436, 980, 428, 1855, 577, 436, 3318, 2371]",14,1.023,unknown
pcm_f_PP3F1_ev_read_035,whisper-small," Nature works and staying immature, they encourage healthy living.",-inf,-inf,"[-15.915660858154297, -Infinity, -13.211644172668457, -13.147886276245117, -19.15803337097168, -4.1995015144348145, -14.294527053833008, -15.53933048248291, -8.75927448272705, -15.007737159729004, -18.063886642456055, -14.069828987121582]","[50259, 50359, 50363, 20159, 1985, 293, 7939, 49539, 11, 436, 5373, 4627]",12,0.98,unknown
pcm_f_PP3F1_ev_read_112,whisper-small, you go come the street party later i'll be you know go come,-inf,-inf,"[-12.769314765930176, -Infinity, -15.445584297180176, -7.841337203979492, -14.940964698791504, -15.383771896362305, -9.075429916381836, -13.055932998657227, -13.792020797729492, -12.4669771194458, -8.02344036102295, -6.6784186363220215, -10.78509521484375, -10.897547721862793, -11.400111198425293]","[50259, 50359, 50363, 291, 352, 808, 264, 4838, 3595, 1780, 741, 603, 312, 291, 458]",15,1.281,unknown
pcm_f_PP3F1_ev_read_171,whisper-small, with the way a fine wrap goes to our new yarn festival.,-inf,-inf,"[-12.30497932434082, -Infinity, -11.5281982421875, -11.175965309143066, -14.336466789245605, -11.7682523727417, -2.1385254859924316, -14.46042251586914, -14.118653297424316, -15.314326286315918, -10.552651405334473, -14.484041213989258, -13.165947914123535, -16.880643844604492]","[50259, 50359, 50363, 365, 264, 636, 257, 2489, 7019, 1709, 281, 527, 777, 11400]",14,1.071,unknown
pcm_f_PP3F1_ev_read_252,whisper-small," If you did right, make sure to see where your seat belt is.",-inf,-inf,"[-15.019793510437012, -Infinity, -12.358683586120605, -13.34101676940918, -10.475635528564453, -14.533166885375977, -14.265326499938965, -2.643444538116455, -7.246583461761475, -15.048635482788086, -9.302132606506348, -10.903097152709961, -11.861445426940918, -11.235298156738281, -11.179668426513672, -16.571205139160156]","[50259, 50359, 50363, 759, 291, 630, 558, 11, 652, 988, 281, 536, 689, 428, 6121, 10750]",16,1.154,unknown
pcm_f_PP3F1_ev_read_336,whisper-small," In this age, it is important for person to take advantage of the online space.",-inf,-inf,"[-15.003711700439453, -Infinity, -13.349242210388184, -12.59557819366455, -7.37781286239624, -11.918373107910156, -10.362245559692383, -9.625786781311035, -12.89832878112793, -12.263749122619629, -13.887423515319824, -16.25753402709961, -8.507346153259277, -15.377386093139648, -14.568806648254395, -11.205567359924316, -9.949647903442383, -15.254162788391113]","[50259, 50359, 50363, 682, 341, 3205, 11, 309, 307, 1021, 337, 954, 281, 747, 5002, 295, 264, 2950]",18,1.24,unknown
pcm_f_PP3F1_ev_read_509,whisper-small," As price of food increase, I divide only the ones where my money reach.",-inf,-inf,"[-14.109654426574707, -Infinity, -14.621126174926758, -14.078341484069824, -9.03055191040039, -10.035968780517578, -14.983633041381836, -13.106013298034668, -9.473552703857422, -10.330384254455566, -14.84226131439209, -11.885321617126465, -6.359301567077637, -14.503146171569824, -11.394810676574707, -10.305021286010742, -13.253790855407715]","[50259, 50359, 50363, 1018, 3218, 295, 1755, 3488, 11, 286, 9845, 787, 264, 2306, 689, 452, 1460]",17,1.217,unknown
pcm_f_PP3F1_ev_read_594,whisper-small," If we really love somebody, it is good to let them know.",-inf,-inf,"[-13.513245582580566, -Infinity, -17.823986053466797, -14.804747581481934, -13.513456344604492, -11.1295747756958, -9.577692985534668, -17.00897789001465, -11.581595420837402, -11.378844261169434, -17.87761878967285, -15.0277099609375, -11.625703811645508, -13.696761131286621, -13.634891510009766]","[50259, 50359, 50363, 759, 321, 534, 959, 2618, 11, 309, 307, 665, 281, 718, 552]",15,1.156,unknown
pcm_f_PS1F1_ev_read_120,whisper-small," To buy foodstuffs for our house, now one big responsibility they give me.",-inf,-inf,"[-12.075189590454102, -Infinity, -13.178231239318848, -12.211214065551758, -15.587717056274414, -12.202445983886719, -16.1419677734375, -16.146997451782227, -10.032328605651855, -10.034214973449707, -15.71175479888916, -7.160378456115723, -16.053056716918945, -14.295878410339355, -15.033544540405273, -19.005380630493164, -11.498245239257812, -13.881332397460938]","[50259, 50359, 50363, 1407, 2256, 1755, 372, 28296, 337, 527, 1782, 11, 586, 472, 955, 6357, 436, 976]",18,1.199,unknown
pcm_f_PS1F1_ev_read_224,whisper-small, Make sure to save you the polite way to address the issue.,-inf,-inf,"[-16.491445541381836, -Infinity, -12.7647123336792, -12.966623306274414, -13.526346206665039, -6.153968811035156, -13.975979804992676, -9.8276948928833, -6.308653831481934, -21.562891006469727, -17.643686294555664, -14.176119804382324, -16.859817504882812, -10.88148021697998]","[50259, 50359, 50363, 4387, 988, 281, 3155, 291, 264, 25171, 636, 281, 2985, 264]",14,1.024,unknown
pcm_f_PS1F1_ev_read_394,whisper-small, Not every mater needs serious approach. You fit use joke tell the person,-inf,-inf,"[-10.818816184997559, -Infinity, -13.112221717834473, -15.24513053894043, -10.67827320098877, -17.98551368713379, -11.927452087402344, -15.868792533874512, -9.897704124450684, -5.686532974243164, -11.331884384155273, -18.983505249023438, -15.389830589294434, -13.378755569458008, -12.020238876342773]","[50259, 50359, 50363, 1726, 633, 2389, 2203, 3156, 3109, 13, 509, 3318, 764, 7647, 980]",15,1.198,unknown
pcm_f_PS1F1_ev_read_472,whisper-small," Today, check up on friends regularly to make you know where you go trust.",-inf,-inf,"[-14.931541442871094, -Infinity, -15.418059349060059, -16.846107482910156, -8.013839721679688, -14.695013999938965, -15.351655006408691, -5.637097358703613, -13.426742553710938, -15.384162902832031, -9.504199028015137, -16.385602951049805, -0.05597617104649544, -12.140073776245117, -12.161354064941406, -7.784327507019043, -14.255790710449219]","[50259, 50359, 50363, 2692, 11, 1520, 493, 322, 1855, 11672, 281, 652, 291, 458, 689, 291, 352]",17,1.157,unknown
pcm_f_PS1F1_ev_read_546,whisper-small, I don't did think about the lifestyle where I suppose change this year.,-inf,-inf,"[-16.666015625, -Infinity, -18.751848220825195, -11.51193618774414, -13.02356243133545, -12.759572982788086, -10.411686897277832, -15.962388038635254, -11.319561958312988, -3.7638156414031982, -15.434030532836914, -14.701483726501465, -13.881254196166992, -19.76015281677246, -15.56383991241455, -12.50548267364502]","[50259, 50359, 50363, 286, 500, 380, 630, 519, 466, 264, 11716, 689, 286, 7297, 1319, 341]",16,1.156,unknown
pcm_f_PS1F3_ev_read_036,whisper-small," Sync control, they show me origin, where it comes from.",-inf,-inf,"[-12.714041709899902, -Infinity, -8.864437103271484, -13.123733520507812, -12.907258987426758, -10.691950798034668, -8.25562572479248, -10.73238754272461, -13.223247528076172, -11.740084648132324, -13.517463684082031, -10.054987907409668, -14.379195213317871, -11.194425582885742, -16.00473976135254]","[50259, 50359, 50363, 26155, 66, 1969, 11, 436, 855, 385, 4957, 11, 689, 309, 1487]",15,1.069,unknown
pcm_f_PS1F3_ev_read_442,whisper-small, The problem is that she doesn't drink anywhere with anybody.,-inf,-inf,"[-14.087000846862793, -Infinity, -13.197875022888184, -10.976797103881836, -13.858315467834473, -4.911909103393555, -16.002872467041016, -11.199092864990234, -15.234052658081055, -14.9876708984375, -12.424071311950684, -8.32984447479248, -12.630095481872559]","[50259, 50359, 50363, 440, 1154, 307, 300, 750, 1177, 380, 2822, 4992, 365]",13,1.066,unknown
pcm_f_PS1F3_ev_read_465,whisper-small," Oh boy, now so I catch my sister for club, but she no drink any house.",-inf,-inf,"[-11.786426544189453, -Infinity, -12.004525184631348, -10.635440826416016, -12.481953620910645, -4.152941703796387, -12.218546867370605, -12.759293556213379, -13.572115898132324, -15.348477363586426, -10.620869636535645, -14.730326652526855, -10.155182838439941, -17.402896881103516, -8.2732515335083, -11.837337493896484, -8.898740768432617, -12.072542190551758, -12.157073020935059, -13.904033660888672]","[50259, 50359, 50363, 876, 3237, 11, 586, 370, 286, 3745, 452, 4892, 337, 6482, 11, 457, 750, 572, 2822, 604]",20,1.33,unknown
pcm_f_PS2F1_ev_read_118,whisper-small, Danfeyo's music and dance do their protests like Felakuti for Nigeria.,-inf,-inf,"[-13.251258850097656, -Infinity, -15.311893463134766, -12.275476455688477, -13.970479011535645, -14.392454147338867, -13.01278305053711, -13.513615608215332, -13.859292030334473, -13.001315116882324, -9.69970417022705, -12.839489936828613, -10.465300559997559, -13.447012901306152, -15.082182884216309, -13.183995246887207, -19.097423553466797, -18.355506896972656, -12.378562927246094]","[50259, 50359, 50363, 3394, 69, 2030, 78, 311, 1318, 293, 4489, 360, 641, 20174, 411, 13298, 514, 29161, 337]",19,1.239,unknown
pcm_f_PS2F2_ev_read_026,whisper-small," Now past experience reflection, they helped me make better decisions now.",-inf,-inf,"[-12.850284576416016, -Infinity, -17.47895050048828, -14.429643630981445, -16.52889633178711, -16.489803314208984, -20.95554542541504, -9.536626815795898, -12.515423774719238, -15.256074905395508, -15.379364967346191, -15.52168083190918, -13.269933700561523, -15.130717277526855]","[50259, 50359, 50363, 823, 1791, 1752, 12914, 11, 436, 4254, 385, 652, 1101, 5327]",14,1.023,unknown
pcm_f_PS2F2_ev_read_313,whisper-small, My sister did work hard. She told me she was going to be a billionaire.,-inf,-inf,"[-15.896084785461426, -Infinity, -12.522847175598145, -14.676864624023438, -19.45672035217285, -12.580467224121094, -18.11646270751953, -15.502513885498047, -12.504778861999512, -5.871536731719971, -6.9187750816345215, -12.12998104095459, -11.762956619262695, -13.307403564453125, -10.667623519897461, -11.00846004486084, -14.697165489196777, -11.7566499710083]","[50259, 50359, 50363, 1222, 4892, 630, 589, 1152, 13, 1240, 1907, 385, 750, 390, 516, 281, 312, 257]",18,1.369,unknown
pcm_f_PT1F1_ev_read_494,whisper-small, I don't get job for that company I tell you about.,-inf,-inf,"[-14.60212230682373, -Infinity, -18.502431869506836, -10.416813850402832, -10.99789810180664, -9.029886245727539, -14.884827613830566, -12.382525444030762, -10.033696174621582, -12.793196678161621, -18.00710678100586, -7.260892391204834, -14.478217124938965, -8.00690746307373]","[50259, 50359, 50363, 286, 500, 380, 483, 1691, 337, 300, 2237, 286, 980, 291]",14,1.111,unknown
pcm_f_PT1F1_ev_read_563,whisper-small," To the capture candid moments, the help families remember childhood beauty.",-inf,-inf,"[-14.321213722229004, -Infinity, -14.774310111999512, -13.604132652282715, -8.28471565246582, -16.004913330078125, -16.69786262512207, -13.771539688110352, -7.151500701904297, -10.770853996276855, -16.7466983795166, -16.69931411743164, -15.099188804626465, -15.880071640014648]","[50259, 50359, 50363, 1407, 264, 7983, 6268, 6065, 11, 264, 854, 4466, 1604, 9278]",14,1.112,unknown
pcm_f_PT1F2_ev_read_256,whisper-small, Are they meditate on the word of God and how I fit apply in my life?,-inf,-inf,"[-13.532079696655273, -Infinity, -10.882243156433105, -12.79207992553711, -10.148356437683105, -14.15591049194336, -7.76107120513916, -6.8483662605285645, -14.444623947143555, -8.796159744262695, -8.190503120422363, -11.32020092010498, -10.16036605834961, -2.4184107780456543, -15.280182838439941, -16.136137008666992, -8.367839813232422, -10.892793655395508]","[50259, 50359, 50363, 2014, 436, 29989, 322, 264, 1349, 295, 1265, 293, 577, 286, 3318, 3079, 294, 452]",18,1.28,unknown
pcm_f_PT1F2_ev_read_280,whisper-small, My money now go complete without reflecting on God's grace in my life.,-inf,-inf,"[-13.560073852539062, -Infinity, -15.055030822753906, -13.13611888885498, -8.503744125366211, -10.528240203857422, -12.273306846618652, -14.5242280960083, -15.3410062789917, -17.88604164123535, -17.40888023376465, -14.261329650878906, -14.753375053405762, -18.751550674438477, -10.813855171203613, -10.389945983886719]","[50259, 50359, 50363, 1222, 1460, 586, 352, 3566, 1553, 23543, 322, 1265, 311, 10042, 294, 452]",16,1.113,unknown
pcm_f_PT1F2_ev_read_448,whisper-small, I did start my day with some yoga to help me wake up.,-inf,-inf,"[-13.23482608795166, -Infinity, -13.704314231872559, -10.514891624450684, -14.133097648620605, -14.257894515991211, -9.135671615600586, -13.855669975280762, -9.779245376586914, -13.131597518920898, -12.512191772460938, -6.171072006225586, -15.140701293945312, -10.62574577331543, -15.576157569885254]","[50259, 50359, 50363, 286, 630, 722, 452, 786, 365, 512, 15128, 281, 854, 385, 6634]",15,1.168,unknown
pcm_f_PT1F2_ev_read_499,whisper-small, Add a sweep and arrange the kitchen before I leave house.,-inf,-inf,"[-13.31053352355957, -Infinity, -12.112252235412598, -11.958012580871582, -8.517998695373535, -20.758769989013672, -16.126401901245117, -16.64688491821289, -8.317776679992676, -18.503585815429688, -10.46111011505127, -7.368268966674805, -14.218074798583984]","[50259, 50359, 50363, 5349, 257, 22169, 293, 9424, 264, 6525, 949, 286, 1856]",13,1.246,unknown
pcm_f_PT1F2_ev_read_583,whisper-small," If Eldar's plan theory, now you go sit on that deshade.",-inf,-inf,"[-12.63007926940918, -Infinity, -17.844844818115234, -13.296996116638184, -16.538063049316406, -11.581040382385254, -10.535531044006348, -13.119751930236816, -15.42884635925293, -6.676618576049805, -13.158660888671875, -13.406647682189941, -14.693888664245605, -11.061027526855469, -14.608267784118652, -12.093754768371582, -14.613653182983398, -13.006903648376465]","[50259, 50359, 50363, 759, 19705, 289, 311, 1393, 5261, 11, 586, 291, 352, 1394, 322, 300, 730, 71]",18,1.237,unknown
pcm_f_PT1F3_ev_read_423,whisper-small, Nainutral cleaning products we do use when we want to reduce waste.,-inf,-inf,"[-11.411958694458008, -Infinity, -13.616069793701172, -12.066600799560547, -17.943016052246094, -15.650341033935547, -16.114479064941406, -16.236572265625, -12.422106742858887, -7.460299491882324, -9.549851417541504, -5.565089702606201, -10.759346008300781, -9.897117614746094, -11.25066089630127, -8.717227935791016, -16.070693969726562]","[50259, 50359, 50363, 426, 491, 325, 2155, 8924, 3383, 321, 360, 764, 562, 321, 528, 281, 5407]",17,1.194,unknown
pcm_f_PT1F3_ev_read_482,whisper-small, You fit use gas cooker instead of electric stove to save light.,-inf,-inf,"[-14.140891075134277, -Infinity, -13.860184669494629, -13.226107597351074, -17.418527603149414, -10.573740005493164, -15.50475788116455, -14.39526081085205, -13.94627857208252, -10.277453422546387, -13.670804977416992, -13.06828784942627, -9.336198806762695, -14.569584846496582]","[50259, 50359, 50363, 509, 3318, 764, 4211, 31476, 2602, 295, 5210, 19263, 281, 3155]",14,1.025,unknown
pcm_f_PT1F4_ev_read_147,whisper-small, I don't deserve money where I go use built new house for my papa.,-inf,-inf,"[-13.789246559143066, -Infinity, -18.004085540771484, -8.473031044006348, -16.113025665283203, -14.024751663208008, -16.788043975830078, -13.036422729492188, -10.649249076843262, -8.041205406188965, -13.109749794006348, -11.636170387268066, -14.44540786743164, -14.755254745483398, -14.285897254943848, -11.082383155822754, -11.131965637207031]","[50259, 50359, 50363, 286, 500, 380, 9948, 1460, 689, 286, 352, 764, 3094, 777, 1782, 337, 452]",17,1.156,unknown
pcm_f_PT1F4_ev_read_417,whisper-small, These things still they shock me. See some people they turn to catch go strats people for a dream.,-inf,-inf,"[-14.66126537322998, -Infinity, -12.72591781616211, -12.052091598510742, -13.408618927001953, -15.501681327819824, -9.191038131713867, -13.636558532714844, -9.731587409973145, -10.256209373474121, -16.560203552246094, -10.743551254272461, -11.260299682617188, -12.064289093017578, -15.030500411987305, -5.921471118927002, -14.786548614501953, -7.927395343780518, -16.836746215820312, -16.644943237304688, -17.04132080078125, -10.967719078063965, -11.455368995666504]","[50259, 50359, 50363, 1981, 721, 920, 436, 5588, 385, 13, 3008, 512, 561, 436, 1261, 281, 3745, 352, 1056, 1720, 561, 337, 257]",23,1.501,unknown
pcm_f_PT1F4_ev_read_434,whisper-small, Will you fit handle the situation where someone did I choose another person of using juju?,-inf,-inf,"[-14.396561622619629, -Infinity, -12.219300270080566, -13.526744842529297, -10.13795280456543, -14.88221263885498, -15.428293228149414, -6.646624565124512, -12.316305160522461, -10.827591896057129, -10.101499557495117, -14.157086372375488, -10.720675468444824, -13.484960556030273, -15.15050220489502, -15.080649375915527, -12.99930477142334, -11.249846458435059, -13.414746284484863]","[50259, 50359, 50363, 3099, 291, 3318, 4813, 264, 2590, 689, 1580, 630, 286, 2826, 1071, 954, 295, 1228, 3649]",19,1.244,unknown
pcm_f_PT1F4_ev_read_534,whisper-small, I fit Balanzam by recognizing the humanity and imperfection for the role model and focus on the positive qualities.,-inf,-inf,"[-14.531726837158203, -Infinity, -13.356289863586426, -14.406120300292969, -16.02167320251465, -13.641136169433594, -18.950332641601562, -18.02256965637207, -14.885942459106445, -20.522647857666016, -4.521994590759277, -17.52401351928711, -8.806355476379395, -18.757734298706055, -17.17430877685547, -13.336562156677246, -12.406402587890625, -16.01134490966797, -15.507039070129395, -11.764986991882324, -15.384124755859375, -13.13071060180664, -10.906922340393066, -15.445371627807617]","[50259, 50359, 50363, 286, 3318, 13140, 3910, 335, 538, 18538, 264, 10243, 293, 26714, 313, 337, 264, 3090, 2316, 293, 1879, 322, 264, 3353]",24,1.552,unknown
pcm_f_PT1F4_ev_read_542,whisper-small," A fifth look up to local success stories by reading their stories, listening to their challenges and learn from them.",-inf,-inf,"[-10.833106994628906, -Infinity, -17.037494659423828, -13.187204360961914, -18.263771057128906, -9.859356880187988, -13.647542953491211, -8.76070499420166, -15.9529390335083, -18.690092086791992, -5.049310207366943, -14.878156661987305, -10.547821044921875, -11.062042236328125, -15.00694465637207, -11.26132869720459, -17.380624771118164, -9.89250373840332, -9.728588104248047, -16.00419044494629, -12.75328540802002, -15.354400634765625, -13.379829406738281]","[50259, 50359, 50363, 316, 9266, 574, 493, 281, 2654, 2245, 3676, 538, 3760, 641, 3676, 11, 4764, 281, 641, 4759, 293, 1466, 490]",23,1.459,unknown
pcm_f_PT2F1_ev_read_146,whisper-small, And make sure say I chop food we get all the nutrients,-inf,-inf,"[-14.763813018798828, -Infinity, -15.251166343688965, -12.952884674072266, -9.341691017150879, -13.936158180236816, -14.055803298950195, -8.726944923400879, -14.053587913513184, -13.203008651733398, -12.32861614227295, -16.100263595581055, -10.147378921508789]","[50259, 50359, 50363, 400, 652, 988, 584, 286, 7931, 1755, 321, 483, 439]",13,1.072,unknown
pcm_f_PT2F1_ev_read_256,whisper-small," My quiet time, now when I delete my book or just the think alone.",-inf,-inf,"[-9.897233963012695, -Infinity, -12.673110961914062, -11.81794261932373, -14.192422866821289, -11.827665328979492, -9.381820678710938, -9.171295166015625, -11.757989883422852, -13.087493896484375, -15.89854621887207, -10.330025672912598, -12.92265796661377, -11.65211009979248, -11.080546379089355, -10.665864944458008, -14.881829261779785]","[50259, 50359, 50363, 1222, 5677, 565, 11, 586, 562, 286, 12097, 452, 1446, 420, 445, 264, 519]",17,1.24,unknown
pcm_f_PT2F1_ev_read_267,whisper-small," My sister, I just said don't, they think of all the good good things they do.",-inf,-inf,"[-11.267290115356445, -Infinity, -10.829118728637695, -9.505617141723633, -16.732173919677734, -8.174643516540527, -5.4376397132873535, -16.255996704101562, -13.227949142456055, -3.7275118827819824, -11.035262107849121, -7.5193047523498535, -10.689769744873047, -13.275821685791016, -11.88245964050293, -11.024564743041992, -8.517001152038574, -12.143156051635742, -13.44064712524414, -13.781776428222656, -9.382601737976074]","[50259, 50359, 50363, 1222, 4892, 11, 286, 445, 848, 500, 380, 11, 436, 519, 295, 439, 264, 665, 665, 721, 436]",21,1.419,unknown
pcm_f_PT2F1_ev_read_307,whisper-small, Now the sound of the gunshot wake me now I don't they get headache,-inf,-inf,"[-12.62735652923584, -Infinity, -15.176809310913086, -13.633031845092773, -0.044314995408058167, -12.042448043823242, -12.328479766845703, -9.812939643859863, -16.38286590576172, -19.4794921875, -14.002245903015137, -12.914753913879395, -14.254754066467285, -5.832404136657715, -8.38880729675293, -16.700027465820312, -10.023589134216309]","[50259, 50359, 50363, 823, 264, 1626, 295, 264, 3874, 18402, 6634, 385, 586, 286, 500, 380, 436]",17,1.244,unknown
pcm_f_PT2F1_ev_read_331,whisper-small," Uncle, good afternoon all. You know good as you forget us for here.",-inf,-inf,"[-12.324100494384766, -Infinity, -15.513192176818848, -17.336610794067383, -1.6778587102890015, -9.899554252624512, -16.914167404174805, -9.908946990966797, -9.509278297424316, -12.16958999633789, -14.158514022827148, -16.931285858154297, -2.5935540199279785, -10.572366714477539, -11.476078033447266, -15.197114944458008, -13.130265235900879]","[50259, 50359, 50363, 12347, 11, 665, 6499, 439, 13, 509, 458, 665, 382, 291, 2870, 505, 337]",17,1.2,unknown
pcm_f_PT2F1_ev_read_389,whisper-small, I wake up with joy it be like say today go better past yesterday,-inf,-inf,"[-10.589006423950195, -Infinity, -16.25470733642578, -10.456502914428711, -19.032772064208984, -12.125804901123047, -11.117669105529785, -14.376980781555176, -4.952089786529541, -11.24545955657959, -11.776789665222168, -10.216147422790527, -9.491157531738281, -16.003843307495117, -11.857505798339844]","[50259, 50359, 50363, 286, 6634, 493, 365, 6258, 309, 312, 411, 584, 965, 352, 1101]",15,1.242,unknown
pcm_f_PT2F1_ev_read_483,whisper-small, I did check all my WhatsApp messages before I sleep for a night.,-inf,-inf,"[-15.580710411071777, -Infinity, -17.507701873779297, -11.266660690307617, -14.267959594726562, -12.2761869430542, -12.525335311889648, -12.436046600341797, -16.764421463012695, -18.399017333984375, -9.020054817199707, -10.767229080200195, -11.878475189208984, -10.593021392822266, -11.383126258850098]","[50259, 50359, 50363, 286, 630, 1520, 439, 452, 30513, 7897, 949, 286, 2817, 337, 257]",15,1.116,unknown
pcm_f_PT2F1_ev_read_571,whisper-small," I don't tell you not to save money, I go use the one I saved pay my school fees.",-inf,-inf,"[-16.031282424926758, -Infinity, -18.504138946533203, -9.139822006225586, -13.158975601196289, -12.348977088928223, -12.264301300048828, -7.93308687210083, -12.639495849609375, -7.5571393966674805, -13.853811264038086, -13.7158784866333, -8.436321258544922, -7.763024806976318, -11.371495246887207, -11.662983894348145, -11.320060729980469, -12.156765937805176, -12.015902519226074, -16.832429885864258, -12.253205299377441, -10.7531099319458, -14.325155258178711]","[50259, 50359, 50363, 286, 500, 380, 980, 291, 406, 281, 3155, 1460, 11, 286, 352, 764, 264, 472, 286, 6624, 1689, 452, 1395]",23,1.414,unknown
pcm_f_PT2F2_ev_read_183,whisper-small, Where can we bring people who love themselves?,-inf,-inf,"[-12.09678840637207, -Infinity, -15.433573722839355, -13.83757209777832, -10.117382049560547, -6.151029109954834, -7.789980888366699, -6.539546966552734, -9.495401382446289, -15.009614944458008]","[50259, 50359, 50363, 2305, 393, 321, 1565, 561, 567, 959]",10,0.94,unknown
pcm_f_PT2F2_ev_read_205,whisper-small, Try this report even if it's small as it will go far for them.,-inf,-inf,"[-9.246707916259766, -Infinity, -12.735992431640625, -16.282011032104492, -9.042259216308594, -13.621221542358398, -13.448749542236328, -13.185922622680664, -8.79197883605957, -11.672593116760254, -13.139208793640137, -13.316906929016113, -14.816618919372559, -13.122014999389648, -15.709432601928711, -15.520919799804688, -11.258878707885742]","[50259, 50359, 50363, 6526, 341, 2275, 754, 498, 309, 311, 1359, 382, 309, 486, 352, 1400, 337]",17,1.196,unknown
pcm_f_PT2F2_ev_read_274,whisper-small, Let's go open for everyone with better career opportunities.,-inf,-inf,"[-13.842489242553711, -Infinity, -16.55063819885254, -14.03689956665039, -14.652046203613281, -11.62410831451416, -12.290900230407715, -8.644402503967285, -16.638225555419922, -12.153970718383789, -13.211250305175781, -13.573944091796875]","[50259, 50359, 50363, 961, 311, 352, 1269, 337, 1518, 365, 1101, 3988]",12,1.154,unknown
pcm_f_PT2F2_ev_read_427,whisper-small, Now your budget will determine whether you will drop your rice with toys.,-inf,-inf,"[-13.686665534973145, -Infinity, -12.732466697692871, -12.554550170898438, -16.193174362182617, -16.391624450683594, -5.478214263916016, -12.102152824401855, -10.031329154968262, -6.290371894836426, -13.511971473693848, -14.38122272491455, -5.620388507843018, -11.39992904663086, -12.264755249023438]","[50259, 50359, 50363, 823, 428, 4706, 486, 6997, 1968, 291, 486, 3270, 428, 5090, 365]",15,1.28,unknown
pcm_f_PT2F2_ev_read_474,whisper-small," If you plan your future, monthly planning will help you achieve your financial dreams.",-inf,-inf,"[-15.05320930480957, -Infinity, -11.905769348144531, -15.157470703125, -12.386382102966309, -13.292527198791504, -10.516217231750488, -13.446428298950195, -6.516140937805176, -19.25396156311035, -17.138818740844727, -10.53396987915039, -14.511683464050293, -13.836896896362305, -12.818220138549805, -12.572444915771484, -14.261893272399902]","[50259, 50359, 50363, 759, 291, 1393, 428, 2027, 11, 12878, 5038, 486, 854, 291, 4584, 428, 4669]",17,1.241,unknown
pcm_f_PT2F3_ev_read_137,whisper-small, that you're picking mean business who she don't open saloon already.,-inf,-inf,"[-14.00738525390625, -Infinity, -15.921897888183594, -11.667800903320312, -11.165181159973145, -15.76185417175293, -16.827878952026367, -13.048919677734375, -14.377424240112305, -13.753280639648438, -13.382792472839355, -14.552376747131348, -18.30194854736328, -14.027247428894043, -16.795989990234375, -16.773242950439453]","[50259, 50359, 50363, 300, 291, 434, 8867, 914, 1606, 567, 750, 500, 380, 1269, 1845, 4106]",16,1.107,unknown
pcm_f_PT2F3_ev_read_458,whisper-small," You'll never hear see age in our process. You know fit stop ham, but you fit make ham beautiful.",-inf,-inf,"[-14.37277889251709, -Infinity, -17.376375198364258, -15.450411796569824, -10.182557106018066, -15.918193817138672, -12.530351638793945, -14.521918296813965, -15.067237854003906, -10.785109519958496, -16.274097442626953, -15.475903511047363, -6.73763370513916, -11.4305419921875, -12.421600341796875, -16.083087921142578, -14.59292984008789, -15.196980476379395, -8.272624015808105, -11.393303871154785, -9.98626708984375, -13.889762878417969, -13.74724006652832, -15.879617691040039]","[50259, 50359, 50363, 509, 603, 1128, 1568, 536, 3205, 294, 527, 1399, 13, 509, 458, 3318, 1590, 7852, 11, 457, 291, 3318, 652, 7852]",24,1.464,unknown
pcm_f_PT3F2_ev_read_062,whisper-small, Regular appointment with the vet doctor. Fit be another way to fit bond with pet.,-inf,-inf,"[-14.647531509399414, -Infinity, -16.197580337524414, -11.70993709564209, -12.038275718688965, -10.222867965698242, -9.622467041015625, -14.346598625183105, -12.73078441619873, -7.898415565490723, -14.67072582244873, -10.68221664428711, -14.923754692077637, -13.818106651306152, -8.508524894714355, -10.505727767944336, -15.41591739654541, -12.13200855255127]","[50259, 50359, 50363, 45659, 13653, 365, 264, 12423, 4631, 13, 29263, 312, 1071, 636, 281, 3318, 6086, 365]",18,1.247,unknown
pcm_f_PT3F2_ev_read_305,whisper-small, I define way where I go take make this emotional connection deep.,-inf,-inf,"[-17.818391799926758, -Infinity, -13.807072639465332, -5.782208442687988, -13.457043647766113, -12.247568130493164, -11.431687355041504, -9.548014640808105, -13.542465209960938, -17.011089324951172, -16.127817153930664, -10.814508438110352, -15.502915382385254, -15.263044357299805]","[50259, 50359, 50363, 286, 6964, 636, 689, 286, 352, 747, 652, 341, 6863, 4984]",14,1.111,unknown
pcm_f_PT3F2_ev_read_452,whisper-small," I didn't say decorations and lights, they add for the festive atmosphere.",-inf,-inf,"[-11.283425331115723, -Infinity, -18.753177642822266, -10.362099647521973, -13.47603988647461, -15.299493789672852, -16.320451736450195, -14.688389778137207, -9.045137405395508, -14.072371482849121, -8.774452209472656, -12.899497985839844, -16.924009323120117, -13.758954048156738, -10.15771484375, -17.320661544799805]","[50259, 50359, 50363, 286, 994, 380, 584, 32367, 293, 5811, 11, 436, 909, 337, 264, 42729]",16,1.157,unknown
pcm_f_PT3F2_ev_read_501,whisper-small, I did happy say my papa won't put gate for our house.,-inf,-inf,"[-12.512171745300293, -Infinity, -13.596030235290527, -6.8803510665893555, -11.591739654541016, -11.465394020080566, -11.901383399963379, -9.581104278564453, -15.982683181762695, -13.575471878051758, -13.275224685668945, -15.508399963378906, -14.516275405883789, -10.145092010498047, -13.381461143493652]","[50259, 50359, 50363, 286, 630, 2055, 584, 452, 31015, 1582, 380, 829, 8539, 337, 527]",15,1.114,unknown
pcm_f_PT3F2_ev_read_502,whisper-small, Why you leave your car key inside your car? You know do well at all.,-inf,-inf,"[-15.911808013916016, -Infinity, -16.897686004638672, -16.331497192382812, -12.865646362304688, -18.574922561645508, -8.766220092773438, -9.015032768249512, -13.25159740447998, -15.316071510314941, -11.22766399383545, -16.248775482177734, -6.495607376098633, -16.634876251220703, -14.89734935760498, -11.019783020019531, -11.709293365478516, -13.50587272644043]","[50259, 50359, 50363, 1545, 291, 1856, 428, 1032, 2141, 1854, 428, 1032, 30, 509, 458, 360, 731, 412]",18,1.243,unknown
pcm_m_PAGS1M6_ag_spontaneous_383,whisper-small," The Headsmen, they arrange the cow according to their age, how big and how fine they are.",-inf,-inf,"[-18.307653427124023, -Infinity, -18.696962356567383, -10.674145698547363, -8.027295112609863, -15.546294212341309, -10.118210792541504, -7.698553085327148, -13.589428901672363, -15.338395118713379, -7.272671222686768, -14.890935897827148, -14.320622444152832, -8.823896408081055, -8.333446502685547, -12.011942863464355, -3.645035743713379, -0.028523432090878487, -6.1626152992248535, -4.1397705078125, -10.568446159362793, -12.66710090637207, -9.01244068145752]","[50259, 50359, 50363, 440, 634, 5834, 2558, 11, 436, 9424, 264, 8408, 4650, 281, 641, 3205, 11, 577, 955, 293, 577, 2489, 436]",23,1.507,unknown
pcm_m_PAGS1M7_ag_spontaneous_112,whisper-small, them use computer-create-model-of-farm.,-inf,-inf,"[-13.84353256225586, -Infinity, -13.039844512939453, -13.880145072937012, -14.561038970947266, -18.7714786529541, -0.8511066436767578, -14.207595825195312, -14.710638046264648, -0.23112836480140686, -12.295360565185547, -11.94428539276123, -10.621973037719727, -11.959826469421387, -7.925134658813477, -10.256612777709961]","[50259, 50359, 50363, 552, 764, 3820, 12, 14066, 473, 12, 8014, 338, 12, 2670, 12, 69]",16,1.11,unknown
pcm_m_PAGT1M10_ag_spontaneous_533,whisper-small," As they learn the name and root, come make the price of the farm, cause past others with the inside bush.",-inf,-inf,"[-13.777816772460938, -Infinity, -14.596683502197266, -12.069279670715332, -8.018304824829102, -10.685153007507324, -4.423180103302002, -9.337449073791504, -9.899215698242188, -12.99105167388916, -8.519885063171387, -12.890702247619629, -10.677303314208984, -0.03501947969198227, -2.5205442905426025, -7.631524085998535, -6.772934913635254, -11.65811824798584, -3.8114607334136963, -13.069144248962402, -15.935070037841797, -13.287714004516602, -12.113747596740723, -9.252063751220703, -15.489152908325195]","[50259, 50359, 50363, 1018, 436, 1466, 264, 1315, 293, 5593, 11, 808, 652, 264, 3218, 295, 264, 5421, 11, 3082, 1791, 2357, 365, 264, 1854]",25,1.598,unknown
pcm_m_PAGT1M12_ag_spontaneous_204,whisper-small, and she collect the garden boot and she plant Ugu exactly where mama show her.,-inf,-inf,"[-16.35491180419922, -Infinity, -13.568608283996582, -9.151796340942383, -9.835183143615723, -10.799674034118652, -9.03524398803711, -13.379162788391113, -19.145069122314453, -7.789210319519043, -11.692692756652832, -12.574118614196777, -13.398117065429688, -16.14751434326172, -12.847097396850586, -11.760015487670898, -13.23755168914795, -15.130315780639648]","[50259, 50359, 50363, 293, 750, 2500, 264, 7431, 11450, 293, 750, 3709, 624, 2794, 2293, 689, 18775, 855]",18,1.2,unknown
pcm_m_PAGT1M13_ag_spontaneous_272,whisper-small, Mama check the foul mouth if something there go on top or if you know good.,-inf,-inf,"[-12.201909065246582, -Infinity, -14.704705238342285, -12.823749542236328, -12.590968132019043, -10.561223030090332, -15.893892288208008, -12.878178596496582, -10.27696418762207, -12.023212432861328, -9.818441390991211, -12.444973945617676, -8.019598007202148, -14.31574535369873, -10.87661361694336, -10.280980110168457, -7.221357345581055, -13.76036548614502]","[50259, 50359, 50363, 17775, 1520, 264, 23491, 4525, 498, 746, 456, 352, 322, 1192, 420, 498, 291, 458]",18,1.199,unknown
pcm_m_PAGT1M15_ag_spontaneous_138,whisper-small, Let me just change back the Plago workshop after I break.,-inf,-inf,"[-15.69006633758545, -Infinity, -10.440011978149414, -13.42916202545166, -12.678783416748047, -12.607732772827148, -14.207283973693848, -9.739615440368652, -11.327862739562988, -16.668079376220703, -18.644990921020508, -12.902875900268555, -13.583337783813477, -8.879152297973633]","[50259, 50359, 50363, 961, 385, 445, 1319, 646, 264, 2149, 6442, 13541, 934, 286]",14,1.071,unknown
pcm_m_PAGT1M19_ag_spontaneous_239,whisper-small," When my, when my papa, they spread green leaf fertilizer for ground, it is a thing about harvest where you see for him children.",-inf,-inf,"[-13.392730712890625, -Infinity, -12.451383590698242, -3.780949115753174, -0.00432947464287281, -3.983414649963379, -8.678372383117676, -7.7350172996521, -13.404727935791016, -6.019804954528809, -10.88454532623291, -15.858094215393066, -13.207676887512207, -12.034482955932617, -16.610666275024414, -9.743481636047363, -15.845507621765137, -6.541736602783203, -13.82514762878418, -10.02309799194336, -7.951236724853516, -10.939449310302734, -13.370343208312988, -8.333797454833984, -6.172359466552734, -4.376934051513672, -12.073771476745605, -9.574074745178223, -12.401264190673828]","[50259, 50359, 50363, 1133, 452, 11, 562, 452, 31015, 11, 436, 3974, 3092, 10871, 31549, 337, 2727, 11, 309, 307, 257, 551, 466, 11917, 689, 291, 536, 337, 796]",29,1.726,unknown
pcm_m_PAGT1M52_ag_spontaneous_575,whisper-small, The rice cleaner they remove stone before they put the rice for bulk.,-inf,-inf,"[-13.689804077148438, -Infinity, -12.567153930664062, -8.156585693359375, -15.039862632751465, -17.370149612426758, -9.273563385009766, -11.108846664428711, -13.453311920166016, -11.877565383911133, -15.003931999206543, -9.211512565612793, -6.653182029724121, -9.995522499084473, -11.631009101867676]","[50259, 50359, 50363, 440, 5090, 16532, 436, 4159, 7581, 949, 436, 829, 264, 5090, 337]",15,1.246,unknown
pcm_m_PAGT1M60_ag_spontaneous_035,whisper-small," We cause greenery grass from far end and plant some for wet grass, no plenty.",-inf,-inf,"[-13.725946426391602, -Infinity, -14.40841293334961, -12.277129173278809, -11.583850860595703, -12.462211608886719, -15.076415061950684, -12.406506538391113, -7.534165859222412, -12.858473777770996, -11.4109468460083, -5.146602153778076, -6.570296764373779, -12.742419242858887, -7.2620320320129395, -14.09730339050293, -9.629258155822754, -5.4362921714782715, -11.760334968566895]","[50259, 50359, 50363, 492, 3082, 3092, 2109, 8054, 490, 1400, 917, 293, 3709, 512, 337, 6630, 8054, 11, 572]",19,1.288,unknown
pcm_m_PAGT1M63_ag_spontaneous_524,whisper-small," them caught fresh aloe vera, tie them around the puputri, make the smear, drive animals.",-inf,-inf,"[-14.539300918579102, -Infinity, -12.747054100036621, -10.884973526000977, -18.97311782836914, -14.002741813659668, -19.7514591217041, -14.004013061523438, -14.646135330200195, -10.21585464477539, -8.034732818603516, -14.706961631774902, -10.768622398376465, -13.281557083129883, -12.697299003601074, -15.657102584838867, -16.91942596435547, -17.81019401550293, -9.6496000289917, -13.91471004486084, -7.367236137390137, -14.08461856842041, -15.814387321472168, -3.955782175064087, -17.132274627685547]","[50259, 50359, 50363, 552, 5415, 4451, 419, 7921, 1306, 64, 11, 7582, 552, 926, 264, 19784, 325, 470, 11, 652, 264, 899, 14881, 11, 3332]",25,1.501,unknown
pcm_m_PAGT1M8_ag_spontaneous_026,whisper-small," Then others talk, say, if a person's savvy old body will to park, which is far don't bring gobetas.",-inf,-inf,"[-15.151998519897461, -Infinity, -14.387147903442383, -13.34621810913086, -12.314963340759277, -13.864075660705566, -12.321911811828613, -8.909430503845215, -9.072530746459961, -10.368608474731445, -5.198032855987549, -7.249333381652832, -10.164617538452148, -14.532187461853027, -14.760875701904297, -14.485231399536133, -9.95561408996582, -10.065136909484863, -11.201780319213867, -3.063080310821533, -10.025125503540039, -18.750272750854492, -17.414779663085938, -10.637157440185547, -13.40182876586914, -15.138407707214355, -10.903154373168945, -18.7529354095459]","[50259, 50359, 50363, 1396, 2357, 751, 11, 584, 11, 498, 257, 954, 311, 47506, 1331, 1772, 486, 281, 3884, 11, 597, 307, 1400, 500, 380, 1565, 352, 10671]",28,1.637,unknown
pcm_m_PAGT1M9_ag_spontaneous_069,whisper-small," Then they give more food for night, we cool to balance energy.",-inf,-inf,"[-15.995119094848633, -Infinity, -16.14968490600586, -15.513853073120117, -14.818108558654785, -15.051519393920898, -9.135799407958984, -10.119572639465332, -7.234867572784424, -15.249658584594727, -3.3355326652526855, -12.232492446899414, -15.328210830688477, -9.34078598022461, -15.633625984191895]","[50259, 50359, 50363, 1396, 436, 976, 544, 1755, 337, 1818, 11, 321, 1627, 281, 4772]",15,1.07,unknown
pcm_m_PAGT2M36_ag_spontaneous_212,whisper-small," Children, they help dig small gutter around vegetables, with them just blunt.",-inf,-inf,"[-12.953014373779297, -Infinity, -16.64644432067871, -16.54081916809082, -9.143628120422363, -11.49984359741211, -13.252275466918945, -17.7174015045166, -14.725327491760254, -13.759407043457031, -14.983580589294434, -11.469696998596191, -10.331558227539062, -6.0480146408081055, -10.479598999023438, -9.021177291870117, -14.068662643432617]","[50259, 50359, 50363, 13354, 11, 436, 854, 2528, 1359, 5228, 391, 926, 9320, 11, 365, 552, 445]",17,1.239,unknown
pcm_m_PAGT2M36_ag_spontaneous_550,whisper-small, them join their harvester with trailer to Kari Croco House.,-inf,-inf,"[-15.628779411315918, -Infinity, -16.68609619140625, -11.688459396362305, -21.310701370239258, -18.997169494628906, -14.042448997497559, -17.05132293701172, -16.280941009521484, -12.213492393493652, -12.705330848693848, -11.756651878356934, -10.392818450927734, -15.927804946899414, -15.87852668762207, -15.509069442749023]","[50259, 50359, 50363, 552, 3917, 641, 2233, 85, 3011, 365, 11724, 281, 591, 3504, 18965, 1291]",16,1.201,unknown
pcm_m_PAGT2M37_ag_spontaneous_183,whisper-small, We did do farming. We now go kill souls. So land go last long for us.,-inf,-inf,"[-15.72362995147705, -Infinity, -11.363548278808594, -12.641575813293457, -12.572965621948242, -12.220728874206543, -16.741418838500977, -9.21286392211914, -12.916437149047852, -11.584726333618164, -8.919500350952148, -13.406238555908203, -15.832637786865234, -3.1523470878601074, -17.282434463500977, -8.027639389038086, -11.767217636108398, -13.257894515991211, -13.331538200378418, -10.145833969116211]","[50259, 50359, 50363, 492, 630, 360, 16557, 13, 492, 586, 352, 1961, 16588, 13, 407, 2117, 352, 1036, 938, 337]",20,1.331,unknown
pcm_m_PAGT2M37_ag_spontaneous_230,whisper-small, I've been teaching my good to bow when they do celebration song performance.,-inf,-inf,"[-15.94444751739502, -Infinity, -17.626314163208008, -10.56663703918457, -14.421687126159668, -12.65025520324707, -11.445988655090332, -9.066695213317871, -13.338010787963867, -6.229972839355469, -14.279256820678711, -11.033296585083008, -14.907147407531738, -11.805727005004883, -18.128507614135742, -14.881115913391113]","[50259, 50359, 50363, 286, 600, 668, 4571, 452, 665, 281, 4503, 562, 436, 360, 14184, 2153]",16,1.201,unknown
pcm_m_PAGT2M42_ag_spontaneous_195,whisper-small," Sheep, they follow the one-way delete on base AE, on thruster, and they don't move before.",-inf,-inf,"[-11.587870597839355, -Infinity, -13.174687385559082, -13.645575523376465, -16.015214920043945, -3.5810372829437256, -11.879045486450195, -14.446608543395996, -15.548624992370605, -12.290719032287598, -6.628002643585205, -13.354803085327148, -10.93653678894043, -0.9146885275840759, -12.212835311889648, -13.767069816589355, -14.732725143432617, -5.813334941864014, -15.523183822631836, -20.64906120300293, -9.420210838317871, -14.503820419311523, -3.5386431217193604, -15.266168594360352, -13.60455322265625, -16.127397537231445]","[50259, 50359, 50363, 1240, 595, 11, 436, 1524, 264, 472, 12, 676, 12097, 322, 3096, 32207, 11, 322, 739, 8393, 11, 293, 436, 500, 380, 1286]",26,1.544,unknown
pcm_m_PAGT2M42_ag_spontaneous_591,whisper-small," My uncle both cut last the day inside shields. We be handmade, we be handmade. We don't come tie with rope.",-inf,-inf,"[-14.460049629211426, -Infinity, -14.193923950195312, -14.567146301269531, -15.175985336303711, -12.999359130859375, -15.76607894897461, -13.356086730957031, -4.567913055419922, -14.327197074890137, -15.069215774536133, -15.648011207580566, -12.843995094299316, -3.8997788429260254, -8.722442626953125, -7.667460918426514, -10.885353088378906, -3.2643020153045654, -12.649541854858398, -16.21286392211914, -12.751955032348633, -13.359840393066406, -13.7739896774292, -12.725080490112305, -17.027772903442383, -17.35283851623535, -11.63431453704834]","[50259, 50359, 50363, 1222, 9153, 1293, 1723, 1036, 264, 786, 1854, 33466, 13, 492, 312, 39446, 11, 321, 312, 39446, 13, 492, 500, 380, 808, 7582, 365]",27,1.59,unknown
pcm_m_PAGT2M44_ag_spontaneous_080,whisper-small," Drip irrigation is the method where they use small, small water when they drop from plastic pipes, when they get home to water farms reduced.",-inf,-inf,"[-9.50694465637207, -Infinity, -20.567670822143555, -13.586087226867676, -16.401655197143555, -14.764325141906738, -8.542643547058105, -3.6803178787231445, -12.243741035461426, -10.892057418823242, -11.230688095092773, -11.577466011047363, -12.087092399597168, -0.9843729138374329, -11.924948692321777, -11.776845932006836, -11.243392944335938, -13.213358879089355, -11.342754364013672, -8.60287094116211, -14.548401832580566, -11.260851860046387, -8.595991134643555, -11.72382640838623, -6.957998275756836, -9.439778327941895, -8.800317764282227, -3.520076036453247, -9.353545188903809, -18.38270378112793]","[50259, 50359, 50363, 413, 8400, 31753, 307, 264, 3170, 689, 436, 764, 1359, 11, 1359, 1281, 562, 436, 3270, 490, 5900, 21882, 11, 562, 436, 483, 1280, 281, 1281, 20366]",30,1.76,unknown
pcm_m_PBUT1M15_bu_spontaneous_130,whisper-small," Plenty money experts, plenty money experts the advice make person use mobile app like Quapital to track daily spendings.",-inf,-inf,"[-15.594014167785645, -Infinity, -15.016091346740723, -14.219043731689453, -12.648155212402344, -8.922306060791016, -6.95589542388916, -6.660503387451172, -14.8419189453125, -13.700535774230957, -10.326722145080566, -4.167035102844238, -16.06098747253418, -12.933309555053711, -14.201470375061035, -12.346625328063965, -7.736562252044678, -8.846150398254395, -10.77346420288086, -12.776054382324219, -16.670272827148438, -15.608924865722656, -12.087379455566406, -17.136625289916992, -14.406651496887207, -16.256668090820312]","[50259, 50359, 50363, 2149, 4179, 1460, 8572, 11, 7140, 1460, 8572, 264, 5192, 652, 954, 764, 6013, 724, 411, 2326, 569, 1686, 281, 2837, 5212, 3496]",26,1.633,unknown
pcm_m_PBUT1M8_bu_spontaneous_555,whisper-small, 8% they save money every day if they have a pump to increase in money.,-inf,-inf,"[-10.510834693908691, -Infinity, -11.92989730834961, -15.201323509216309, -14.466019630432129, -11.036209106445312, -17.129697799682617, -13.286413192749023, -9.535465240478516, -10.949396133422852, -11.518385887145996, -12.725618362426758, -11.65814208984375, -10.33358097076416, -15.22341537475586, -10.66979694366455, -14.245281219482422, -11.508484840393066]","[50259, 50359, 50363, 1649, 4, 436, 3155, 1460, 633, 786, 498, 436, 362, 257, 5889, 281, 3488, 294]",18,1.198,unknown
pcm_m_PECS1M19_ev_spontaneous_113,whisper-small," the safety and security of all Nigerians, the paramounts, the presidential",-inf,-inf,"[-15.501631736755371, -Infinity, -14.393901824951172, -4.919419765472412, -12.258247375488281, -12.048563957214355, -9.61758041381836, -21.11770248413086, -11.506600379943848, -10.953933715820312, -15.274950981140137, -13.174260139465332, -4.643655776977539, -17.088294982910156, -17.336986541748047, -12.8219633102417, -4.572994232177734]","[50259, 50359, 50363, 264, 4514, 293, 3825, 295, 439, 21489, 2567, 11, 264, 6220, 792, 82, 11]",17,1.288,unknown
pcm_m_PECS1M4_ev_spontaneous_011,whisper-small," I always tell myself, say, if I work hard, I'm not hip-hop. Substance is crucial.",-inf,-inf,"[-12.057206153869629, -Infinity, -13.256153106689453, -10.581047058105469, -9.349142074584961, -7.8046722412109375, -13.045611381530762, -11.196727752685547, -12.008833885192871, -10.402839660644531, -14.32466983795166, -2.0679287910461426, -10.676911354064941, -12.207792282104492, -9.518651008605957, -9.314057350158691, -14.43665599822998, -13.39747142791748, -13.461318016052246, -12.095914840698242, -15.267845153808594, -5.696828842163086, -13.960600852966309, -18.531356811523438, -14.752309799194336]","[50259, 50359, 50363, 286, 1009, 980, 2059, 11, 584, 11, 498, 286, 589, 1152, 11, 286, 478, 406, 8103, 12, 9050, 13, 42090, 719, 307]",25,1.547,unknown
pcm_m_PECS1M4_ev_spontaneous_061,whisper-small," We talk time-to-time with police, which helps you get more extractive, so before then, so you can ask.",-inf,-inf,"[-11.365034103393555, -Infinity, -10.280704498291016, -12.296761512756348, -10.632351875305176, -5.007162094116211, -10.27846622467041, -14.918855667114258, -11.712980270385742, -12.965264320373535, -6.2861409187316895, -10.422560691833496, -5.485943794250488, -12.128766059875488, -12.241559028625488, -13.837093353271484, -12.415912628173828, -9.585351943969727, -16.51715850830078, -14.741541862487793, -5.703141689300537, -3.6695213317871094, -10.515579223632812, -10.75003433227539, -8.642439842224121, -11.627242088317871, -8.451556205749512, -13.011348724365234]","[50259, 50359, 50363, 492, 751, 565, 12, 1353, 12, 3766, 365, 3804, 11, 597, 3665, 291, 483, 544, 8947, 488, 11, 370, 949, 550, 11, 370, 291, 393]",28,1.676,unknown
pcm_m_PECS2M1_ev_spontaneous_058,whisper-small, What do they do to achieve your life goals? You get any plans?,-inf,-inf,"[-10.954154968261719, -Infinity, -15.712606430053711, -14.510872840881348, -9.287309646606445, -11.838082313537598, -11.479235649108887, -11.055253028869629, -15.571537017822266, -10.995158195495605, -16.392480850219727, -14.647083282470703, -10.399798393249512, -11.732563018798828, -13.239588737487793, -12.547127723693848]","[50259, 50359, 50363, 708, 360, 436, 360, 281, 4584, 428, 993, 5493, 30, 509, 483, 604]",16,1.159,unknown
pcm_m_PECS2M1_ev_spontaneous_269,whisper-small, Everybody get their own culture and as them they take do things.,-inf,-inf,"[-13.636998176574707, -Infinity, -14.43234920501709, -18.132495880126953, -14.662997245788574, -8.962637901306152, -9.579050064086914, -13.034571647644043, -6.7559099197387695, -12.280841827392578, -6.175217628479004, -8.31825065612793, -12.63464641571045, -12.514901161193848]","[50259, 50359, 50363, 7646, 483, 641, 1065, 3713, 293, 382, 552, 436, 747, 360]",14,1.072,unknown
pcm_m_PECS2M1_ev_spontaneous_320,whisper-small," If God help me and I get better, I will change to a new person.",-inf,-inf,"[-13.352825164794922, -Infinity, -15.012382507324219, -12.548072814941406, -10.838127136230469, -6.2972259521484375, -12.195291519165039, -11.295817375183105, -0.6364306211471558, -11.645414352416992, -9.476723670959473, -10.64069938659668, -9.113423347473145, -10.426836967468262, -12.02498722076416, -14.409764289855957, -10.8577880859375, -12.517294883728027]","[50259, 50359, 50363, 759, 1265, 854, 385, 293, 286, 483, 1101, 11, 286, 486, 1319, 281, 257, 777]",18,1.366,unknown
pcm_m_PECS2M1_ev_spontaneous_360,whisper-small," Studies don't show people where they're happy, where they get at attack quick.",-inf,-inf,"[-14.670734405517578, -Infinity, -17.50479507446289, -16.999855041503906, -12.542787551879883, -10.876228332519531, -16.392841339111328, -9.807642936706543, -11.509760856628418, -5.389382839202881, -13.343559265136719, -15.156055450439453, -10.132844924926758, -12.353155136108398, -9.331562042236328, -14.25209903717041, -12.315447807312012, -17.005441665649414]","[50259, 50359, 50363, 17515, 500, 380, 855, 561, 689, 436, 434, 2055, 11, 689, 436, 483, 412, 2690]",18,1.198,unknown
pcm_m_PECS2M1_ev_spontaneous_425,whisper-small, Congo realistically needs two big wins to spoil the party.,-inf,-inf,"[-17.02871322631836, -Infinity, -15.817530632019043, -16.052654266357422, -17.797014236450195, -14.662956237792969, -10.521352767944336, -14.435209274291992, -16.25633430480957, -12.857047080993652, -17.045169830322266, -9.881421089172363]","[50259, 50359, 50363, 42839, 40734, 2203, 732, 955, 10641, 281, 18630, 264]",12,0.939,unknown
pcm_m_PECS2M1_ev_spontaneous_488,whisper-small, They call me inside office and tell me the bad news.,-inf,-inf,"[-14.763608932495117, -Infinity, -15.767041206359863, -13.329601287841797, -12.231481552124023, -11.249815940856934, -14.027947425842285, -17.135385513305664, -8.322652816772461, -10.523666381835938, -6.149531364440918, -10.013821601867676, -14.759483337402344]","[50259, 50359, 50363, 814, 818, 385, 1854, 3398, 293, 980, 385, 264, 1578]",13,1.029,unknown
pcm_m_PECS2M1_ev_spontaneous_571,whisper-small, Nakalu Brother win the wrestling competition they do for the community.,-inf,-inf,"[-14.065217971801758, -Infinity, -12.706293106079102, -14.820460319519043, -17.856197357177734, -18.100704193115234, -15.27601146697998, -4.764554500579834, -15.489051818847656, -17.506254196166992, -7.633546829223633, -13.198752403259277, -9.973799705505371, -10.134373664855957]","[50259, 50359, 50363, 25779, 4929, 8904, 1942, 264, 19274, 6211, 436, 360, 337, 264]",14,1.114,unknown
pcm_m_PECT1M107_ev_spontaneous_270,whisper-small, I want to become governor for those states because I don't ever imagine life as in a day like this before.,-inf,-inf,"[-14.9325590133667, -Infinity, -15.720611572265625, -11.605633735656738, -9.704143524169922, -7.068233489990234, -16.094669342041016, -13.970638275146484, -8.928861618041992, -10.953583717346191, -15.909732818603516, -15.251884460449219, -8.515363693237305, -8.022909164428711, -16.056028366088867, -11.742619514465332, -12.110989570617676, -6.649079322814941, -13.774381637573242, -11.755188941955566, -10.265167236328125, -13.273764610290527, -10.833070755004883, -10.767125129699707]","[50259, 50359, 50363, 286, 528, 281, 1813, 12965, 337, 729, 4368, 570, 286, 500, 380, 1562, 3811, 993, 382, 294, 257, 786, 411, 341]",24,1.504,unknown
pcm_m_PECT1M113_ev_spontaneous_084,whisper-small, Talks really make them investigate the National Service from 2018-2024. Ah!,-inf,-inf,"[-12.012577056884766, -Infinity, -13.625329971313477, -16.432802200317383, -14.276127815246582, -11.812259674072266, -14.55161190032959, -12.758753776550293, -15.921539306640625, -9.40128231048584, -14.228761672973633, -15.576592445373535, -9.140409469604492, -19.4317569732666, -5.443600654602051, -12.991519927978516, -15.324200630187988, -10.955265045166016]","[50259, 50359, 50363, 8780, 82, 534, 652, 552, 15013, 264, 4862, 9561, 490, 6096, 12, 2009, 7911, 13]",18,1.212,unknown
pcm_m_PECT1M115_ev_spontaneous_554,whisper-small, family the play biggest role in passing down our cultural traditions.,-inf,-inf,"[-11.890765190124512, -Infinity, -13.790637016296387, -13.154780387878418, -10.991077423095703, -15.88892936706543, -20.601255416870117, -18.63022804260254, -9.012035369873047, -17.0087947845459, -18.069652557373047, -12.3729829788208, -16.129364013671875]","[50259, 50359, 50363, 1605, 264, 862, 3880, 3090, 294, 8437, 760, 527, 6988]",13,1.074,unknown
pcm_m_PECT1M116_ev_spontaneous_173,whisper-small, I do only check how we use water and light for apps so we know go use pass our budget,-inf,-inf,"[-15.180939674377441, -Infinity, -13.736276626586914, -9.96303939819336, -12.308632850646973, -11.55477237701416, -11.982178688049316, -8.615463256835938, -12.599738121032715, -11.6243257522583, -13.379399299621582, -9.445762634277344, -15.34561538696289, -9.542814254760742, -13.087180137634277, -7.907956600189209, -6.824774742126465, -13.663213729858398, -11.929424285888672, -13.429190635681152, -10.754653930664062]","[50259, 50359, 50363, 286, 360, 787, 1520, 577, 321, 764, 1281, 293, 1442, 337, 7733, 370, 321, 458, 352, 764, 1320]",21,1.377,unknown
pcm_m_PECT1M116_ev_spontaneous_177,whisper-small," They always shake the metal within herself to confirm she won't leave me with them, they give her courage.",-inf,-inf,"[-15.358268737792969, -Infinity, -13.574100494384766, -11.85873031616211, -15.86610221862793, -12.691696166992188, -6.703771591186523, -17.813806533813477, -13.325005531311035, -7.218615531921387, -10.960138320922852, -17.126583099365234, -10.600966453552246, -12.935426712036133, -13.719979286193848, -13.018458366394043, -12.875268936157227, -11.778670310974121, -14.074197769165039, -8.543364524841309, -12.088412284851074, -15.074106216430664, -12.132044792175293]","[50259, 50359, 50363, 814, 1009, 10283, 264, 5760, 1951, 7530, 281, 9064, 750, 1582, 380, 1856, 385, 365, 552, 11, 436, 976, 720]",23,1.457,unknown
pcm_m_PECT1M119_ev_spontaneous_320,whisper-small," People really live close, suppose no one to give each other space.",-inf,-inf,"[-16.073484420776367, -Infinity, -17.51486587524414, -16.56819725036621, -12.65903091430664, -15.477169036865234, -14.044480323791504, -5.554574489593506, -15.976776123046875, -14.334356307983398, -9.183467864990234, -9.992422103881836, -14.865347862243652, -14.454036712646484, -15.1287841796875]","[50259, 50359, 50363, 3432, 534, 1621, 1998, 11, 7297, 572, 472, 281, 976, 1184, 661]",15,1.112,unknown
pcm_m_PECT1M125_ev_spontaneous_111,whisper-small, which you did to take build strong support network.,-inf,-inf,"[-12.580812454223633, -Infinity, -13.149763107299805, -11.059947967529297, -10.412851333618164, -11.689130783081055, -8.41676139831543, -18.1987247467041, -14.67323112487793, -14.413514137268066, -15.004316329956055]","[50259, 50359, 50363, 597, 291, 630, 281, 747, 1322, 2068, 1406]",11,0.984,unknown
pcm_m_PECT1M125_ev_spontaneous_447,whisper-small, try to understand the reason why the government overpits.,-inf,-inf,"[-16.36646842956543, -Infinity, -17.12980079650879, -15.265265464782715, -16.606220245361328, -15.76136302947998, -0.01637144945561886, -14.847825050354004, -14.249103546142578, -10.166885375976562, -11.610336303710938, -11.221220970153809, -15.195842742919922]","[50259, 50359, 50363, 853, 281, 1223, 264, 1778, 983, 264, 2463, 670, 79]",13,0.983,unknown
pcm_m_PECT1M12_ev_spontaneous_057,whisper-small, This is a big thing for my community. Just like that we don't get boho.,-inf,-inf,"[-13.303314208984375, -Infinity, -13.602984428405762, -12.52303695678711, -10.331066131591797, -10.807488441467285, -12.515629768371582, -12.385481834411621, -8.408434867858887, -14.173095703125, -15.138493537902832, -11.007365226745605, -14.128838539123535, -10.582118034362793, -13.753188133239746, -10.412992477416992, -10.53239917755127, -13.346375465393066, -13.180488586425781, -13.008638381958008]","[50259, 50359, 50363, 639, 307, 257, 955, 551, 337, 452, 1768, 13, 1449, 411, 300, 321, 500, 380, 483, 748]",20,1.328,unknown
pcm_m_PECT1M132_ev_spontaneous_008,whisper-small, 30bn grossed out on Tuesday and another 125bn in 21 days.,-inf,-inf,"[-14.240994453430176, -Infinity, -13.142988204956055, -14.508387565612793, -20.135072708129883, -18.014448165893555, -12.726451873779297, -11.865804672241211, -6.437710285186768, -17.43214225769043, -12.213008880615234, -10.349020957946777, -16.862754821777344, -15.840011596679688, -8.787086486816406, -11.946627616882324]","[50259, 50359, 50363, 2217, 19404, 11367, 292, 484, 322, 10017, 293, 1071, 25276, 19404, 294, 5080]",16,1.209,unknown
pcm_m_PECT1M135_ev_spontaneous_553,whisper-small, them they're thankful but they still want to make their identity no depend on the money within the college from others.,-inf,-inf,"[-15.094991683959961, -Infinity, -12.99501895904541, -12.449382781982422, -7.926730632781982, -12.647382736206055, -17.921245574951172, -10.975152969360352, -7.5686774253845215, -12.506417274475098, -1.2351875305175781, -11.669387817382812, -11.19534969329834, -10.19293212890625, -16.02281951904297, -12.660921096801758, -20.429683685302734, -9.11944580078125, -0.07813184708356857, -9.147981643676758, -13.528539657592773, -5.0291032791137695, -14.742177963256836, -12.264009475708008]","[50259, 50359, 50363, 552, 436, 434, 13611, 457, 436, 920, 528, 281, 652, 641, 6575, 572, 5672, 322, 264, 1460, 1951, 264, 3859, 490]",24,1.546,unknown
pcm_m_PECT1M144_ev_spontaneous_209,whisper-small," She they come, conscious, and they talk to the end, prani recall.",-inf,-inf,"[-13.368789672851562, -Infinity, -15.072043418884277, -10.24766731262207, -8.99600887298584, -13.843106269836426, -12.140946388244629, -15.44267749786377, -11.382699012756348, -10.336804389953613, -7.0447516441345215, -16.69590950012207, -8.680392265319824, -7.187073230743408, -15.548638343811035, -2.4018783569335938, -16.239295959472656, -15.258647918701172]","[50259, 50359, 50363, 1240, 436, 808, 11, 6648, 11, 293, 436, 751, 281, 264, 917, 11, 582, 3782]",18,1.247,unknown
pcm_m_PECT1M14_ev_spontaneous_142,whisper-small, Everybody gets waiting them fit discourse. I'm waiting them no-fit discourse.,-inf,-inf,"[-12.031203269958496, -Infinity, -9.83862018585205, -14.379006385803223, -9.782632827758789, -12.932844161987305, -9.993208885192871, -18.02602195739746, -17.521167755126953, -8.173033714294434, -9.907235145568848, -13.567121505737305, -15.263010025024414, -19.603727340698242, -11.119175910949707, -4.671231746673584, -16.369903564453125]","[50259, 50359, 50363, 7646, 2170, 3806, 552, 3318, 23938, 13, 286, 478, 3806, 552, 572, 12, 6845]",17,1.16,unknown
pcm_m_PECT1M19_ev_spontaneous_268,whisper-small, We don't devour plantic loot and food for the sake of your compassion.,-inf,-inf,"[-9.703046798706055, -Infinity, -16.271265029907227, -10.624716758728027, -12.94587230682373, -10.265403747558594, -14.311142921447754, -9.704727172851562, -14.702925682067871, -17.321178436279297, -17.639869689941406, -12.775402069091797, -6.317762851715088, -7.818558692932129, -2.8556201457977295, -8.993894577026367, -10.349849700927734, -11.699901580810547]","[50259, 50359, 50363, 492, 500, 380, 1905, 396, 3709, 299, 26206, 293, 1755, 337, 264, 9717, 295, 428]",18,1.247,unknown
pcm_m_PECT1M34_ev_spontaneous_057,whisper-small, I will take the polluted web for me to promote.,-inf,-inf,"[-14.247714042663574, -Infinity, -12.75295639038086, -9.637469291687012, -8.70559310913086, -14.250383377075195, -8.344219207763672, -8.469505310058594, -13.75383472442627, -11.459035873413086, -5.24488639831543, -7.678145885467529, -11.148898124694824]","[50259, 50359, 50363, 286, 486, 747, 264, 6418, 4866, 3670, 337, 385, 281]",13,1.112,unknown
pcm_m_PECT1M35_ev_spontaneous_173,whisper-small," According to the Nigerian police, the ECMR will provide first-hand database for the police go use fight vehicular crimes.",-inf,-inf,"[-15.370406150817871, -Infinity, -13.633923530578613, -17.9855899810791, -17.506895065307617, -11.993321418762207, -18.579500198364258, -16.901018142700195, -11.380041122436523, -8.96615982055664, -12.018043518066406, -19.00554847717285, -14.84898853302002, -14.082620620727539, -20.470508575439453, -12.032645225524902, -11.052122116088867, -17.932716369628906, -18.321043014526367, -5.727153778076172, -11.499517440795898, -10.128912925720215, -10.26903247833252, -19.121328353881836, -14.40163803100586, -19.085399627685547, -18.632108688354492]","[50259, 50359, 50363, 7328, 281, 264, 21489, 952, 3804, 11, 264, 19081, 21173, 486, 2893, 700, 12, 5543, 8149, 337, 264, 3804, 352, 764, 2092, 4221, 14646]",27,1.805,unknown
pcm_m_PECT1M43_ev_spontaneous_294,whisper-small, to show gratitude most time. No need much. Not simple thank you.,-inf,-inf,"[-14.516189575195312, -Infinity, -13.27286148071289, -4.702498435974121, -15.146512985229492, -16.332874298095703, -13.35726547241211, -13.030117988586426, -7.291915416717529, -8.30359172821045, -13.150738716125488, -10.28934097290039, -2.7824764251708984, -18.016456604003906, -13.96314525604248, -10.64138412475586]","[50259, 50359, 50363, 281, 855, 16935, 881, 565, 13, 883, 643, 709, 13, 1726, 2199, 1309]",16,1.17,unknown
pcm_m_PECT1M55_ev_spontaneous_251,whisper-small," Cut the building where you come into small size. Depends. Small, small.",-inf,-inf,"[-12.30880355834961, -Infinity, -12.296041488647461, -11.429961204528809, -4.126777648925781, -15.301981925964355, -11.974193572998047, -10.955464363098145, -15.331062316894531, -9.07791519165039, -10.5310640335083, -18.488061904907227, -0.6069135069847107, -12.747304916381836, -16.542490005493164, -12.940817832946777, -13.159767150878906, -14.180010795593262]","[50259, 50359, 50363, 9431, 264, 2390, 689, 291, 808, 666, 1359, 2744, 13, 4056, 2581, 13, 15287, 11]",18,1.208,unknown
pcm_m_PECT1M68_ev_spontaneous_123,whisper-small, I know go grief for this one. No way. Oh No way we died here,-inf,-inf,"[-13.346782684326172, -Infinity, -12.049063682556152, -10.388965606689453, -9.80817699432373, -13.41403579711914, -16.114864349365234, -9.607789993286133, -14.747767448425293, -8.135324478149414, -0.7144389152526855, -1.020873785018921, -11.204244613647461, -5.081509113311768, -10.644224166870117, -12.454938888549805, -11.362466812133789, -10.792871475219727]","[50259, 50359, 50363, 286, 458, 352, 18998, 337, 341, 472, 13, 883, 636, 13, 876, 883, 636, 321]",18,1.244,unknown
pcm_m_PECT1M68_ev_spontaneous_222,whisper-small," And that small gay be deprived of our nation, and she in good will.",-inf,-inf,"[-12.09237289428711, -Infinity, -11.885141372680664, -12.244384765625, -8.961536407470703, -15.592925071716309, -18.262168884277344, -14.767964363098145, -19.176191329956055, -11.07054615020752, -10.461127281188965, -15.43515682220459, -3.7426633834838867, -9.714217185974121, -11.923768043518066, -6.250889778137207, -12.659092903137207]","[50259, 50359, 50363, 400, 300, 1359, 9049, 312, 42086, 295, 527, 4790, 11, 293, 750, 294, 665]",17,1.243,unknown
pcm_m_PECT2M10_ev_spontaneous_314,whisper-small, She worked at Gold Boat Schools by herself before she finally decided yet to put her pick in.,-inf,-inf,"[-17.43275260925293, -Infinity, -14.289092063903809, -11.66500473022461, -12.440539360046387, -13.978339195251465, -13.3654203414917, -12.771880149841309, -18.6291561126709, -20.541790008544922, -14.254966735839844, -14.015705108642578, -13.65438461303711, -5.80827522277832, -12.757267951965332, -16.887897491455078, -16.62967872619629, -7.569164276123047, -15.296712875366211, -8.583661079406738, -18.253835678100586]","[50259, 50359, 50363, 1240, 2732, 412, 6731, 3286, 267, 26997, 538, 7530, 949, 750, 2721, 3047, 1939, 281, 829, 720, 1888]",21,1.371,unknown
pcm_m_PECT2M15_ev_spontaneous_134,whisper-small, I like the way my picking the play ball. I go put them for football academy.,-inf,-inf,"[-12.995318412780762, -Infinity, -15.880870819091797, -16.00230598449707, -11.026945114135742, -9.220083236694336, -3.0086445808410645, -10.94643497467041, -12.766744613647461, -6.651895523071289, -13.909663200378418, -11.82061767578125, -9.771106719970703, -8.24936294555664, -9.32556438446045, -8.152238845825195, -10.823046684265137, -9.11218547821045, -12.201973915100098]","[50259, 50359, 50363, 286, 411, 264, 636, 452, 8867, 264, 862, 2594, 13, 286, 352, 829, 552, 337, 7346]",19,1.367,unknown
pcm_m_PECT2M20_ev_spontaneous_395,whisper-small, Just as you think let people know your limit. Try to know other people's limits.,-inf,-inf,"[-15.122944831848145, -Infinity, -18.880781173706055, -14.267341613769531, -8.908370018005371, -9.892852783203125, -12.324674606323242, -14.028753280639648, -15.228414535522461, -11.94873332977295, -14.793079376220703, -11.705070495605469, -11.95898723602295, -17.278444290161133, -10.384317398071289, -11.46406364440918, -11.156354904174805, -14.491973876953125, -13.635335922241211]","[50259, 50359, 50363, 1449, 382, 291, 519, 718, 561, 458, 428, 4948, 13, 6526, 281, 458, 661, 561, 311]",19,1.284,unknown
pcm_m_PECT2M22_ev_spontaneous_008,whisper-small," Modern leaders, they allow their workers to contribute their ideas.",-inf,-inf,"[-15.583775520324707, -Infinity, -14.588227272033691, -17.34442138671875, -16.629716873168945, -6.310526371002197, -13.47122859954834, -15.009819030761719, -12.882405281066895, -17.276626586914062, -13.897279739379883, -16.93939781188965, -13.131165504455566]","[50259, 50359, 50363, 19814, 3523, 11, 436, 2089, 641, 5600, 281, 10586, 641]",13,1.023,unknown
pcm_m_PECT2M23_ev_spontaneous_041,whisper-small, I received floor instead of using vacuum cleaner to reduce electricity use.,-inf,-inf,"[-13.240900993347168, -Infinity, -14.142221450805664, -8.613886833190918, -16.009971618652344, -12.400654792785645, -15.330402374267578, -14.04496955871582, -11.039352416992188, -16.319124221801758, -19.49894905090332, -8.428117752075195, -15.767728805541992, -17.009000778198242]","[50259, 50359, 50363, 286, 4613, 4123, 2602, 295, 1228, 14224, 16532, 281, 5407, 10356]",14,1.114,unknown
pcm_m_PECT2M24_ev_spontaneous_297,whisper-small," Religious places, sometimes, they offer small caregiving, caregiving support for members.",-inf,-inf,"[-14.048783302307129, -Infinity, -15.366312026977539, -17.427627563476562, -19.079837799072266, -13.65267562866211, -9.83101749420166, -14.472757339477539, -8.211849212646484, -9.883543014526367, -16.147478103637695, -10.853241920471191, -0.17489726841449738, -0.006408852990716696, -Infinity, -14.82192325592041, -17.635087966918945, -14.848925590515137, -11.256016731262207]","[50259, 50359, 50363, 8738, 21883, 3190, 11, 2171, 11, 436, 2626, 1359, 1127, 15441, 11, 1127, 15441, 1406, 337]",19,1.245,unknown
pcm_m_PECT2M29_ev_spontaneous_211,whisper-small," As I did take handle this matter, make me to say I don't agree.",-inf,-inf,"[-14.598379135131836, -Infinity, -13.122597694396973, -11.855413436889648, -8.185089111328125, -10.442822456359863, -15.520903587341309, -15.213164329528809, -8.395365715026855, -12.438851356506348, -6.049529075622559, -10.668783187866211, -13.336187362670898, -11.324845314025879, -15.003889083862305, -8.40235424041748, -14.160778045654297, -15.012327194213867]","[50259, 50359, 50363, 1018, 286, 630, 747, 4813, 341, 1871, 11, 652, 385, 281, 584, 286, 500, 380]",18,1.286,unknown
pcm_m_PECT2M34_ev_spontaneous_083,whisper-small, Wait for me. Make I help this old woman cross the road.,-inf,-inf,"[-12.422910690307617, -Infinity, -15.380141258239746, -10.817451477050781, -13.969730377197266, -3.966036796569824, -9.162853240966797, -16.03058624267578, -11.162016868591309, -13.99782657623291, -12.284378051757812, -12.23271656036377, -15.879981994628906, -15.00277328491211, -11.634042739868164]","[50259, 50359, 50363, 3802, 337, 385, 13, 4387, 286, 854, 341, 1331, 3059, 3278, 264]",15,1.069,unknown
pcm_m_PECT2M34_ev_spontaneous_123,whisper-small," In a conflict resolution, by promoting understanding and empathy, reduce tension and anger.",-inf,-inf,"[-17.102678298950195, -Infinity, -18.098838806152344, -15.883210182189941, -11.098785400390625, -15.94313907623291, -15.598210334777832, -3.623260259628296, -11.995784759521484, -17.508785247802734, -14.890305519104004, -8.189920425415039, -15.829530715942383, -5.049269676208496, -16.470014572143555, -15.886534690856934, -8.414199829101562]","[50259, 50359, 50363, 682, 257, 6596, 8669, 11, 538, 16383, 3701, 293, 18701, 11, 5407, 8980, 293]",17,1.158,unknown
pcm_m_PECT2M35_ev_spontaneous_422,whisper-small," Go where people you like, they. Go if it be club or church.",-inf,-inf,"[-14.927351951599121, -Infinity, -17.890575408935547, -16.507905960083008, -13.387429237365723, -9.934836387634277, -8.83992862701416, -13.332457542419434, -13.340904235839844, -9.832649230957031, -11.539100646972656, -17.477140426635742, -11.322226524353027, -12.284031867980957, -15.878127098083496, -16.515260696411133, -10.879868507385254]","[50259, 50359, 50363, 1037, 689, 561, 291, 411, 11, 436, 13, 1037, 498, 309, 312, 6482, 420]",17,1.202,unknown
pcm_m_PECT2M4_ev_spontaneous_348,whisper-small," You know Abi, you know Abi. You know. Say one man food, now another man poison.",-inf,-inf,"[-12.251959800720215, -Infinity, -15.368158340454102, -2.350503921508789, -8.63804817199707, -16.88252830505371, -6.445231914520264, -0.7339469194412231, -11.245386123657227, -18.451786041259766, -0.7796391844749451, -7.7184882164001465, -14.53014087677002, -9.417634010314941, -13.055512428283691, -9.459198951721191, -10.885174751281738, -15.155671119689941, -7.649454593658447, -14.667889595031738, -11.497304916381836, -13.641324996948242]","[50259, 50359, 50363, 509, 458, 31205, 11, 291, 458, 31205, 13, 509, 458, 13, 6463, 472, 587, 1755, 11, 586, 1071, 587]",22,1.499,unknown
pcm_m_PECT2M60_ev_spontaneous_346,whisper-small, Blessing feet come from your hard work. Make you continue.,-inf,-inf,"[-11.408929824829102, -Infinity, -12.142374038696289, -13.673206329345703, -15.508270263671875, -14.65555191040039, -12.045605659484863, -14.566059112548828, -11.513769149780273, -13.740341186523438, -12.436882019042969, -7.9632768630981445, -12.11515998840332, -8.576934814453125]","[50259, 50359, 50363, 21562, 278, 3521, 808, 490, 428, 1152, 589, 13, 4387, 291]",14,1.07,unknown
pcm_m_PECT2M62_ev_spontaneous_203,whisper-small, Our pastor talks see no weapon fashioned against us group plus and I received arm,-inf,-inf,"[-13.031270980834961, -Infinity, -13.634537696838379, -14.164180755615234, -18.920570373535156, -18.285776138305664, -12.650933265686035, -14.511415481567383, -14.159889221191406, -15.745197296142578, -13.287148475646973, -7.906252384185791, -13.191479682922363, -14.757532119750977, -5.170577049255371, -5.011831760406494]","[50259, 50359, 50363, 2621, 21193, 6686, 536, 572, 7463, 40646, 1970, 505, 1594, 1804, 293, 286]",16,1.158,unknown
pcm_m_PECT2M72_ev_spontaneous_498,whisper-small, She might crawl out from under the rubble and I would also make me come out alive.,-inf,-inf,"[-16.042612075805664, -Infinity, -13.008031845092773, -15.641936302185059, -13.992449760437012, -17.77567481994629, -11.195199966430664, -14.396538734436035, -15.297863006591797, -11.31611156463623, -12.627646446228027, -11.544690132141113, -8.933788299560547, -9.337981224060059, -10.150832176208496, -10.10531234741211, -13.538442611694336, -16.31610870361328, -12.371257781982422, -13.512475967407227]","[50259, 50359, 50363, 1240, 1062, 24767, 484, 490, 833, 264, 5915, 638, 293, 286, 576, 611, 652, 385, 808, 484]",20,1.289,unknown
pcm_m_PECT2M72_ev_spontaneous_591,whisper-small," The White House, the DBCC, the National Security Council, no comment on personnel matters.",-inf,-inf,"[-12.020898818969727, -Infinity, -14.578575134277344, -5.821126937866211, -10.876324653625488, -7.692496299743652, -8.643465995788574, -11.836079597473145, -7.865196704864502, -17.732812881469727, -15.900313377380371, -13.79853343963623, -16.235666275024414, -10.804874420166016, -15.359698295593262, -10.986346244812012, -6.01762056350708, -9.416254043579102, -17.838973999023438, -8.959301948547363, -17.382505416870117]","[50259, 50359, 50363, 440, 5552, 4928, 11, 264, 413, 7869, 34, 11, 264, 4862, 11164, 7076, 11, 572, 2871, 322, 14988]",21,1.459,unknown
pcm_m_PECT2M77_ev_spontaneous_342,whisper-small, the guy talks in the cell for traffic because he will get job,-inf,-inf,"[-15.117716789245605, -Infinity, -13.654339790344238, -4.1246137619018555, -11.196499824523926, -13.188308715820312, -9.266157150268555, -6.5229878425598145, -14.524921417236328, -9.738105773925781, -15.097376823425293, -12.642026901245117, -9.996838569641113, -10.581282615661621]","[50259, 50359, 50363, 264, 2146, 6686, 294, 264, 2815, 337, 6419, 570, 415, 486]",14,1.068,unknown
pcm_m_PECT2M77_ev_spontaneous_458,whisper-small," Those people will pay for this goofy story, oh... Oh...",-inf,-inf,"[-10.754127502441406, -Infinity, -11.796327590942383, -16.313949584960938, -14.254671096801758, -14.520918846130371, -13.499645233154297, -10.756362915039062, -11.255285263061523, -13.886260032653809, -14.442015647888184, -8.842327117919922, -5.9531755447387695, -10.3209867477417]","[50259, 50359, 50363, 3950, 561, 486, 1689, 337, 341, 42995, 1657, 11, 1954, 485]",14,1.024,unknown
pcm_m_PECT2M79_ev_spontaneous_010,whisper-small," Since then Natasha had dealt with suspicions, but she still didn't do anything.",-inf,-inf,"[-13.592002868652344, -Infinity, -15.912007331848145, -13.223649024963379, -9.13904094696045, -15.9521484375, -11.649833679199219, -15.162400245666504, -20.29938507080078, -14.453055381774902, -13.048151016235352, -15.582646369934082, -6.737935543060303, -14.455252647399902, -15.00368595123291, -11.67541790008545, -12.094758987426758, -13.644189834594727, -13.202302932739258]","[50259, 50359, 50363, 4162, 550, 40624, 632, 15991, 365, 6535, 299, 626, 11, 457, 750, 920, 994, 380, 360]",19,1.284,unknown
pcm_m_PECT2M7_ev_spontaneous_158,whisper-small, The emptiness in my heart reminds me of the love we've been shared.,-inf,-inf,"[-17.74287223815918, -Infinity, -17.382829666137695, -14.755763053894043, -12.812065124511719, -10.083795547485352, -7.776564121246338, -13.763551712036133, -17.896142959594727, -12.014016151428223, -8.266068458557129, -11.854910850524902, -14.51081657409668, -10.41295337677002, -13.012133598327637, -16.2569580078125]","[50259, 50359, 50363, 440, 41993, 294, 452, 1917, 12025, 385, 295, 264, 959, 321, 600, 668]",16,1.154,unknown
pcm_m_PECT2M84_ev_spontaneous_197,whisper-small," For the peace and stability of South Asia, we strongly beg both India and Pakistan to make them hold themselves and stabilize the situation through talk-talk.",-inf,-inf,"[-15.240340232849121, -Infinity, -17.75160026550293, -18.12993621826172, -6.378441333770752, -15.002456665039062, -11.169477462768555, -18.25623321533203, -12.322748184204102, -13.278416633605957, -18.85456085205078, -10.365143775939941, -13.637919425964355, -19.065048217773438, -18.395973205566406, -12.81709098815918, -15.689029693603516, -9.87379264831543, -13.979338645935059, -7.810124397277832, -15.924259185791016, -14.802433013916016, -13.664612770080566, -11.537668228149414, -15.251387596130371, -17.129980087280273, -5.2985124588012695, -16.738924026489258, -14.238617897033691, -12.406468391418457, -12.943408012390137]","[50259, 50359, 50363, 1171, 264, 4336, 293, 11826, 295, 4242, 10038, 11, 321, 10613, 4612, 1293, 5282, 293, 15985, 281, 652, 552, 1797, 2969, 293, 31870, 264, 2590, 807, 751, 12]",31,1.807,unknown
pcm_m_PECT2M84_ev_spontaneous_214,whisper-small," But the TRF later denied involvement, saying someone with access to their social media accounts don't wrongly claim rule in the attack.",-inf,-inf,"[-19.567768096923828, -Infinity, -14.227895736694336, -18.479236602783203, -12.949872016906738, -20.054668426513672, -20.459396362304688, -13.1693115234375, -15.750712394714355, -14.516417503356934, -6.132993698120117, -17.884286880493164, -16.251895904541016, -13.43624496459961, -12.057138442993164, -16.002466201782227, -13.853737831115723, -15.725491523742676, -19.750791549682617, -16.159109115600586, -17.440134048461914, -17.22266960144043, -7.057377338409424, -16.507287979125977, -17.506513595581055, -14.944938659667969, -10.5344820022583, -11.004364013671875]","[50259, 50359, 50363, 583, 264, 15176, 37, 1780, 17774, 17447, 11, 1566, 1580, 365, 2105, 281, 641, 2093, 3021, 9402, 500, 380, 2085, 356, 3932, 4978, 294, 264]",28,1.682,unknown
pcm_m_PECT2M85_ev_spontaneous_122,whisper-small, You fit ask questions respectfully without challenging the authority outright.,-inf,-inf,"[-15.486427307128906, -Infinity, -14.678009986877441, -12.538909912109375, -12.441801071166992, -16.138370513916016, -16.068838119506836, -18.525325775146484, -13.409353256225586, -16.56598663330078, -10.626399040222168, -16.81926155090332]","[50259, 50359, 50363, 509, 3318, 1029, 1651, 45201, 1553, 7595, 264, 8281]",12,1.156,unknown
pcm_m_PECT2M89_ev_spontaneous_333,whisper-small," Special advisor information and strategy to President Tinubu Bayo Onanuga say,",-inf,-inf,"[-14.492304801940918, -Infinity, -16.649181365966797, -16.65318489074707, -16.644786834716797, -13.530179977416992, -11.521395683288574, -13.455822944641113, -14.86706256866455, -17.952667236328125, -13.736717224121094, -12.208855628967285, -11.238561630249023, -16.357227325439453, -10.689980506896973, -11.441221237182617, -14.671676635742188, -15.346961975097656]","[50259, 50359, 50363, 11863, 19161, 1589, 293, 5206, 281, 3117, 47741, 836, 84, 7840, 78, 1282, 282, 19364]",18,1.412,unknown
pcm_m_PECT2M93_ev_spontaneous_466,whisper-small, I decided to remind her for my deadlines and make her finish her work on time.,-inf,-inf,"[-15.958198547363281, -Infinity, -15.576043128967285, -9.121155738830566, -16.67529296875, -4.353854656219482, -12.28971004486084, -16.183475494384766, -6.106034278869629, -6.530465126037598, -16.365886688232422, -4.653299331665039, -11.758626937866211, -10.381974220275879, -15.138043403625488, -7.381473064422607, -13.19647216796875, -11.881543159484863]","[50259, 50359, 50363, 286, 3047, 281, 4160, 720, 337, 452, 37548, 293, 652, 720, 2413, 720, 589, 322]",18,1.241,unknown
pcm_m_PECT2M97_ev_spontaneous_040,whisper-small," Many people they wander waiting church they use all the offering with and they collect, do.",-inf,-inf,"[-17.176197052001953, -Infinity, -13.66209602355957, -17.950368881225586, -13.356438636779785, -10.035082817077637, -18.53289031982422, -19.15480613708496, -16.280296325683594, -3.594841957092285, -16.50391387939453, -11.7728910446167, -5.231213569641113, -14.526372909545898, -14.075360298156738, -6.608932971954346, -7.080014705657959, -17.34786033630371, -14.880243301391602]","[50259, 50359, 50363, 5126, 561, 436, 27541, 3806, 4128, 436, 764, 439, 264, 8745, 365, 293, 436, 2500, 11]",19,1.331,unknown
pcm_m_PECT2M98_ev_spontaneous_578,whisper-small, Israel Defense Forces never talk pimp for the matter but them previously been accused Hamas say them they use civilian cell charge as military basis.,-inf,-inf,"[-15.069586753845215, -Infinity, -17.16560935974121, -14.411408424377441, -16.049745559692383, -14.505525588989258, -12.7919340133667, -10.335054397583008, -14.775113105773926, -16.067947387695312, -7.0234198570251465, -2.4690189361572266, -15.443635940551758, -10.074697494506836, -16.138002395629883, -12.033145904541016, -15.107521057128906, -8.283550262451172, -11.409928321838379, -13.622455596923828, -11.769525527954102, -9.384635925292969, -10.004609107971191, -10.03864574432373, -14.101778030395508, -19.3782958984375, -15.355690002441406, -9.975847244262695, -12.382386207580566]","[50259, 50359, 50363, 5674, 17410, 27445, 1128, 751, 280, 8814, 337, 264, 1871, 457, 552, 8046, 668, 17085, 8234, 296, 584, 552, 436, 764, 23386, 2815, 4602, 382, 4632]",29,1.718,unknown
pcm_m_PHTS1M1_he_spontaneous_066,whisper-small, Sexual consent is now within we all supposed to talk for everywhere through through.,-inf,-inf,"[-15.549789428710938, -Infinity, -12.714701652526855, -16.00538444519043, -11.908952713012695, -10.888315200805664, -9.467283248901367, -11.000304222106934, -9.0094575881958, -12.631181716918945, -16.753753662109375, -10.992216110229492, -11.881927490234375, -9.947092056274414, -14.226486206054688, -13.755681991577148]","[50259, 50359, 50363, 45449, 14546, 307, 586, 1951, 321, 439, 3442, 281, 751, 337, 5315, 807]",16,1.197,unknown
pcm_m_PHTS1M1_he_spontaneous_235,whisper-small, They're supposed to talk about community outreach programs well and well for schools and churches.,-inf,-inf,"[-14.76398754119873, -Infinity, -14.292804718017578, -11.756695747375488, -12.409319877624512, -14.762262344360352, -8.018860816955566, -14.613503456115723, -10.414886474609375, -16.023117065429688, -16.86704444885254, -17.300060272216797, -10.018852233886719, -10.770140647888184, -14.386137008666992, -11.315089225769043, -13.548004150390625, -9.134764671325684]","[50259, 50359, 50363, 814, 434, 3442, 281, 751, 466, 1768, 19638, 4268, 731, 293, 731, 337, 4656, 293]",18,1.245,unknown
pcm_m_PHTS1M1_he_spontaneous_364,whisper-small, My arrangement de-packed tights but I still make space for ways to de-chillax.,-inf,-inf,"[-12.800992965698242, -Infinity, -12.012497901916504, -13.6298828125, -14.144002914428711, -13.23619270324707, -7.923302173614502, -17.48201560974121, -10.637161254882812, -15.210396766662598, -12.140036582946777, -11.974082946777344, -9.924195289611816, -10.898748397827148, -10.591282844543457, -13.510234832763672, -12.451099395751953, -16.635068893432617, -14.632765769958496, -16.192169189453125, -5.1860671043396, -11.594785690307617, -17.25562858581543]","[50259, 50359, 50363, 1222, 17620, 368, 12, 9539, 292, 4524, 82, 457, 286, 920, 652, 1901, 337, 2098, 281, 368, 12, 339, 373]",23,1.506,unknown
pcm_m_PHTS1M2_he_spontaneous_287,whisper-small," To the here patients without judge-judge arm, they build better understanding, like for inside hospitals.",-inf,-inf,"[-12.389692306518555, -Infinity, -15.123991966247559, -16.684158325195312, -10.395051002502441, -11.519715309143066, -14.082989692687988, -10.151118278503418, -18.322290420532227, -1.937528133392334, -16.328767776489258, -14.582334518432617, -16.514490127563477, -4.973459243774414, -14.229833602905273, -14.983867645263672, -12.272007942199707, -15.168389320373535, -9.115979194641113, -12.48811149597168, -9.19774341583252, -16.5033016204834]","[50259, 50359, 50363, 1407, 264, 510, 4209, 1553, 6995, 12, 9218, 432, 3726, 11, 436, 1322, 1101, 3701, 11, 411, 337, 1854]",22,1.371,unknown
pcm_m_PHTS1M2_he_spontaneous_335,whisper-small, Real real when everybody respects each other. Both prayer and hospital medicine go work smooth like seeing a team.,-inf,-inf,"[-12.778059959411621, -Infinity, -14.62393569946289, -17.295717239379883, -11.835311889648438, -13.628433227539062, -15.507518768310547, -16.930540084838867, -15.65015697479248, -11.745640754699707, -8.762364387512207, -16.4256591796875, -13.357694625854492, -9.880058288574219, -16.480125427246094, -15.213796615600586, -13.199453353881836, -13.617876052856445, -17.557281494140625, -13.379640579223633, -14.559792518615723, -10.88646411895752]","[50259, 50359, 50363, 8467, 957, 562, 2201, 24126, 1184, 661, 13, 6767, 8767, 293, 4530, 7195, 352, 589, 5508, 411, 2577, 257]",22,1.502,unknown
pcm_m_PHTT1M11_he_spontaneous_147,whisper-small, Now from one health program my sister see health for breast cancer.,-inf,-inf,"[-10.177517890930176, -Infinity, -13.749504089355469, -14.479056358337402, -11.079763412475586, -11.030314445495605, -14.66884994506836, -10.38841438293457, -12.092135429382324, -14.390729904174805, -19.082420349121094, -12.939671516418457, -10.249937057495117, -14.757143020629883]","[50259, 50359, 50363, 823, 490, 472, 1585, 1461, 452, 4892, 536, 1585, 337, 9934]",14,1.112,unknown
pcm_m_PHTT1M11_he_spontaneous_502,whisper-small, Now normal thing for people to get different belief for how healing they come,-inf,-inf,"[-11.561275482177734, -Infinity, -13.707673072814941, -12.099067687988281, -12.6376314163208, -14.018224716186523, -13.258668899536133, -8.095175743103027, -8.508491516113281, -11.613326072692871, -12.973016738891602, -16.97300148010254, -10.856685638427734, -9.941829681396484, -15.100967407226562]","[50259, 50359, 50363, 823, 2710, 551, 337, 561, 281, 483, 819, 7107, 337, 577, 9745]",15,1.154,unknown
pcm_m_PHTT1M13_he_spontaneous_481,whisper-small," Like true true, nobody else if people believe say. Now everybody did well, the same way. And that one safe, nobody bad thing.",-inf,-inf,"[-13.294923782348633, -Infinity, -13.241539001464844, -9.974390983581543, -13.09040355682373, -14.39331340789795, -3.917142391204834, -7.41472053527832, -11.672844886779785, -10.393705368041992, -9.577765464782715, -15.561773300170898, -12.860939979553223, -7.916515350341797, -17.134016036987305, -15.054854393005371, -6.09496545791626, -14.376033782958984, -9.753744125366211, -10.232766151428223, -14.57629680633545, -15.791831016540527, -10.912897109985352, -13.962383270263672, -11.33996295928955, -11.472675323486328, -12.97179126739502, -1.310839295387268, -13.446002960205078, -14.886882781982422]","[50259, 50359, 50363, 1743, 2074, 2074, 11, 5079, 1646, 498, 561, 1697, 584, 13, 823, 2201, 630, 731, 11, 264, 912, 636, 13, 400, 300, 472, 3273, 11, 5079, 1578]",30,1.931,unknown
pcm_m_PHTT1M15_he_spontaneous_307,whisper-small, pause fast actually eh? Even just 5 minutes of quiet meditation will change how I feel inside.,-inf,-inf,"[-10.4529390335083, -Infinity, -11.427969932556152, -12.165273666381836, -14.497316360473633, -10.881803512573242, -15.511787414550781, -12.891532897949219, -14.936599731445312, -12.64538288116455, -12.82193660736084, -13.776605606079102, -10.55122184753418, -16.25524139404297, -16.138076782226562, -9.10743522644043, -13.257122993469238, -13.818826675415039, -8.264287948608398, -12.454906463623047]","[50259, 50359, 50363, 10465, 2370, 767, 7670, 30, 2754, 445, 1025, 2077, 295, 5677, 12537, 486, 1319, 577, 286, 841]",20,1.289,unknown
pcm_m_PHTT1M17_he_spontaneous_429,whisper-small," We've been getting one community outreach on Heja Vimata and he helped, Shah, open people eye well well.",-inf,-inf,"[-10.770191192626953, -Infinity, -13.107038497924805, -12.61120891571045, -13.473459243774414, -14.638331413269043, -19.086894989013672, -9.66340446472168, -10.926772117614746, -15.135738372802734, -9.108050346374512, -9.851934432983398, -14.170381546020508, -13.513370513916016, -14.494430541992188, -15.122464179992676, -5.648368835449219, -6.027337074279785, -9.605816841125488, -10.825273513793945, -18.804975509643555, -5.787736892700195, -14.428540229797363, -12.082275390625, -15.413789749145508, -12.635590553283691]","[50259, 50359, 50363, 492, 600, 668, 1242, 472, 1768, 19638, 322, 634, 2938, 691, 332, 3274, 293, 415, 4254, 11, 21159, 11, 1269, 561, 3313, 731]",26,1.601,unknown
pcm_m_PHTT1M35_he_spontaneous_364,whisper-small, Now mindfulness makes me notice small things like the flow of my hand.,-inf,-inf,"[-13.873381614685059, -Infinity, -14.329185485839844, -14.039240837097168, -12.200191497802734, -14.392743110656738, -14.77352237701416, -15.44755744934082, -9.441291809082031, -8.41919231414795, -8.542900085449219, -2.932311534881592, -9.316751480102539, -8.761104583740234, -10.582589149475098]","[50259, 50359, 50363, 823, 25655, 1669, 385, 3449, 1359, 721, 411, 264, 3095, 295, 452]",15,1.288,unknown
pcm_m_PHTT1M4_he_spontaneous_329,whisper-small," Actually, to use more rock in it, go really help people for that area.",-inf,-inf,"[-15.388530731201172, -Infinity, -15.037625312805176, -12.822434425354004, -8.958900451660156, -8.439428329467773, -11.204795837402344, -8.910394668579102, -12.390349388122559, -10.466565132141113, -8.597674369812012, -6.007038116455078, -12.76249885559082, -13.331405639648438, -16.38099479675293, -14.019340515136719, -10.729083061218262, -11.630167007446289]","[50259, 50359, 50363, 5135, 11, 281, 764, 544, 3727, 294, 309, 11, 352, 534, 854, 561, 337, 300]",18,1.196,unknown
pcm_m_PHTT1M7_he_spontaneous_397,whisper-small," Residents, fit find ways, make hospital closer. Make hospital closer to enjoy better health care.",-inf,-inf,"[-13.442378997802734, -Infinity, -11.042634963989258, -10.30349063873291, -19.310832977294922, -5.189828872680664, -11.639411926269531, -10.503020286560059, -11.937604904174805, -7.040477275848389, -3.2202298641204834, -13.62056827545166, -12.288538932800293, -8.309464454650879, -13.21811294555664, -15.762925148010254, -13.578048706054688, -9.724411964416504, -15.647397994995117, -11.717376708984375, -11.8221435546875]","[50259, 50359, 50363, 5015, 6026, 11, 3318, 915, 2098, 11, 652, 4530, 4966, 13, 4387, 4530, 4966, 281, 2103, 1101, 1585]",21,1.371,unknown
pcm_m_PHTT1M8_he_spontaneous_599,whisper-small," When you mix medical care and the bleep system, better results go show for patients.",-inf,-inf,"[-14.885703086853027, -Infinity, -15.658307075500488, -14.829680442810059, -12.253825187683105, -14.408108711242676, -10.922670364379883, -11.985272407531738, -17.324859619140625, -9.862629890441895, -14.442253112792969, -17.56967544555664, -13.114620208740234, -5.068173885345459, -9.551095008850098, -11.910841941833496, -12.626012802124023, -16.460329055786133, -12.254551887512207]","[50259, 50359, 50363, 1133, 291, 2890, 4625, 1127, 293, 264, 5408, 595, 1185, 11, 1101, 3542, 352, 855, 337]",19,1.244,unknown
pcm_m_PHTT2M10_he_spontaneous_153,whisper-small, Some families go and pray or do virtual before you know treatment go start.,-inf,-inf,"[-15.699725151062012, -Infinity, -13.904788970947266, -13.611711502075195, -17.82040023803711, -10.95494270324707, -11.130133628845215, -12.976222038269043, -6.817296028137207, -9.11350154876709, -16.25758171081543, -13.548035621643066, -7.874870300292969, -15.870770454406738, -14.282432556152344, -11.573214530944824]","[50259, 50359, 50363, 2188, 4466, 352, 293, 3690, 420, 360, 6374, 949, 291, 458, 5032, 352]",16,1.203,unknown
pcm_m_PHTT2M10_he_spontaneous_457,whisper-small, mindfulness they teach me make I know miss the small small joy on like how what are the wrong for my aunt hmm,-inf,-inf,"[-14.30846881866455, -Infinity, -14.38821792602539, -16.393465042114258, -7.757602691650391, -14.761324882507324, -7.989105224609375, -5.629276275634766, -11.462831497192383, -12.955131530761719, -11.916550636291504, -11.716943740844727, -11.395910263061523, -14.52538776397705, -13.637409210205078, -11.465782165527344, -10.475029945373535, -13.442570686340332, -10.431777000427246, -11.601933479309082, -10.25814151763916, -10.615926742553711, -9.017499923706055, -8.574463844299316]","[50259, 50359, 50363, 25655, 436, 2924, 385, 652, 286, 458, 1713, 264, 1359, 1359, 6258, 322, 411, 577, 437, 366, 264, 2085, 337, 452]",24,1.634,unknown
pcm_m_PHTT2M10_he_spontaneous_519,whisper-small, Nurses for hospital go make sure them checkmate new infection. Today will and no complicate things.,-inf,-inf,"[-9.716411590576172, -Infinity, -15.650659561157227, -13.820389747619629, -10.95775318145752, -10.016592025756836, -15.013138771057129, -11.810453414916992, -8.642172813415527, -17.184534072875977, -10.893607139587402, -14.741125106811523, -18.770370483398438, -18.145658493041992, -16.244070053100586, -3.364518642425537, -15.90084171295166, -10.105729103088379, -15.60023021697998, -13.769235610961914, -18.251863479614258, -17.94403839111328]","[50259, 50359, 50363, 32992, 279, 337, 4530, 352, 652, 988, 552, 1520, 13963, 777, 11764, 13, 2692, 486, 293, 572, 1209, 8700]",22,1.431,unknown
pcm_m_PHTT2M12_he_spontaneous_076,whisper-small, Plenty benefit there if passing put relaxation techniques join everyday habit.,-inf,-inf,"[-15.815961837768555, -Infinity, -11.875755310058594, -14.317816734313965, -17.818254470825195, -12.126914024353027, -10.015585899353027, -12.416942596435547, -15.466079711914062, -11.197436332702637, -17.515583038330078, -13.043734550476074, -14.98862075805664, -16.572189331054688]","[50259, 50359, 50363, 2149, 4179, 5121, 456, 498, 8437, 829, 30315, 7512, 3917, 7429]",14,1.073,unknown
pcm_m_PHTT2M13_he_spontaneous_313,whisper-small, It can explain reproductive health well. Ego helps students make correct decisions for school as we play as they like pause.,-inf,-inf,"[-13.057464599609375, -Infinity, -12.433043479919434, -15.738478660583496, -15.38631820678711, -14.370243072509766, -15.842945098876953, -10.741421699523926, -14.648896217346191, -9.029875755310059, -12.883132934570312, -17.901567459106445, -14.521209716796875, -15.518325805664062, -14.362093925476074, -14.170268058776855, -13.420873641967773, -8.221373558044434, -12.982421875, -0.9008282423019409, -3.007077932357788, -8.388262748718262, -8.423126220703125, -10.359502792358398, -15.231782913208008]","[50259, 50359, 50363, 467, 393, 2903, 33569, 1585, 731, 13, 462, 1571, 3665, 1731, 652, 3006, 5327, 337, 1395, 382, 321, 862, 382, 436, 411]",25,1.68,unknown
pcm_m_PHTT2M18_he_spontaneous_048,whisper-small, I say with the train me yes exercise they are important reach to the top food way good for your body,-inf,-inf,"[-10.133354187011719, -Infinity, -11.87412166595459, -9.302010536193848, -8.030882835388184, -9.165868759155273, -5.64614200592041, -13.683792114257812, -9.253861427307129, -8.280594825744629, -16.48027229309082, -8.535042762756348, -13.670286178588867, -16.647916793823242, -11.617966651916504, -9.416014671325684, -7.621075630187988, -14.811003684997559, -8.753979682922363, -17.507169723510742, -11.575161933898926, -8.5994873046875]","[50259, 50359, 50363, 286, 584, 365, 264, 3847, 385, 2086, 5380, 436, 366, 1021, 2524, 281, 264, 1192, 1755, 636, 665, 337]",22,1.681,unknown
pcm_m_PHTT2M23_he_spontaneous_074,whisper-small," Big people, they always check how they chop to keep their body in good shape.",-inf,-inf,"[-15.175023078918457, -Infinity, -13.990476608276367, -15.901034355163574, -13.020994186401367, -8.881845474243164, -6.192456245422363, -11.026836395263672, -8.800724029541016, -8.269842147827148, -11.006348609924316, -17.395044326782227, -11.21489429473877, -11.649585723876953, -9.150418281555176, -14.254518508911133, -8.988969802856445, -11.131183624267578]","[50259, 50359, 50363, 5429, 561, 11, 436, 1009, 1520, 577, 436, 7931, 281, 1066, 641, 1772, 294, 665]",18,1.244,unknown
pcm_m_PHTT2M29_he_spontaneous_046,whisper-small, them they tell sick people make them allow noses they give they give them medicine and injection make the feet get better help,-inf,-inf,"[-15.284921646118164, -Infinity, -12.965917587280273, -9.142187118530273, -10.011578559875488, -10.876996994018555, -17.00737190246582, -10.369593620300293, -10.586991310119629, -11.112198829650879, -14.408890724182129, -15.634096145629883, -13.42164421081543, -8.256878852844238, -10.71021842956543, -8.043054580688477, -12.653182029724121, -13.330628395080566, -14.927506446838379, -10.821532249450684, -12.675556182861328, -9.784895896911621, -6.901917457580566, -10.18424129486084, -11.19664192199707]","[50259, 50359, 50363, 552, 436, 980, 4998, 561, 652, 552, 2089, 3269, 279, 436, 976, 436, 976, 552, 7195, 293, 22873, 652, 264, 3521, 483]",25,1.765,unknown
pcm_m_PHTT2M2_he_spontaneous_076,whisper-small," Waiting, I mean, they say, before before, I did fear injunction. But now, I don't say if they help person.",-inf,-inf,"[-11.994539260864258, -Infinity, -15.03162956237793, -16.10127067565918, -0.614468514919281, -7.716803073883057, -14.031235694885254, -0.7670598030090332, -7.7095561027526855, -12.080092430114746, -0.4729796051979065, -10.90933895111084, -10.079184532165527, -7.729743003845215, -11.703275680541992, -10.922922134399414, -16.516098022460938, -18.546079635620117, -19.67852783203125, -6.393401145935059, -13.754264831542969, -4.707780838012695, -12.502511978149414, -10.172075271606445, -12.138299942016602, -14.024846076965332, -9.426042556762695, -9.08368968963623, -9.862970352172852, -14.884295463562012]","[50259, 50359, 50363, 37291, 11, 286, 914, 11, 436, 584, 11, 949, 949, 11, 286, 630, 4240, 5580, 32627, 13, 583, 586, 11, 286, 500, 380, 584, 498, 436, 854]",30,1.772,unknown
pcm_m_PHTT2M3_he_spontaneous_455,whisper-small," The thing I did try to say, mixed school, they talk about STI, about the STI Test in Health class.",-inf,-inf,"[-8.706624984741211, -Infinity, -13.662945747375488, -9.862377166748047, -13.74425220489502, -7.2160964012146, -8.191252708435059, -12.256305694580078, -4.540791988372803, -9.629814147949219, -0.6757457852363586, -15.414103507995605, -15.427729606628418, -7.757294654846191, -9.751121520996094, -18.617938995361328, -1.156653881072998, -3.805285930633545, -14.586030960083008, -10.225528717041016, -14.018247604370117, -8.767451286315918, -14.810133934020996, -15.514684677124023, -11.011100769042969, -9.706527709960938, -13.262282371520996]","[50259, 50359, 50363, 440, 551, 286, 630, 853, 281, 584, 11, 7467, 1395, 11, 436, 751, 466, 4904, 40, 11, 466, 264, 4904, 40, 9279, 294, 5912]",27,1.642,unknown
pcm_m_PHTT2M5_he_spontaneous_268,whisper-small," to join medical treatment and patients. Beliefs the help to bring good results, good results for patients.",-inf,-inf,"[-13.633804321289062, -Infinity, -15.344809532165527, -12.549870491027832, -17.686017990112305, -10.87942886352539, -16.080121994018555, -9.588814735412598, -14.72713851928711, -9.024551391601562, -14.455324172973633, -16.172380447387695, -12.257166862487793, -11.127864837646484, -12.381648063659668, -11.301263809204102, -11.946526527404785, -0.008229867555201054, -0.03197118267416954, -Infinity, -12.643853187561035, -15.532092094421387, -12.503584861755371]","[50259, 50359, 50363, 281, 3917, 4625, 5032, 293, 4209, 13, 6248, 2521, 82, 264, 854, 281, 1565, 665, 3542, 11, 665, 3542, 337]",23,1.423,unknown
pcm_m_PHTT2M5_he_spontaneous_544,whisper-small," For steady protection and protection, wear no hat to maintain. You pitch come out your hormonal IUDs, hormonalIUDs anytime.",-inf,-inf,"[-11.229110717773438, -Infinity, -15.973699569702148, -12.110787391662598, -14.108197212219238, -13.20486068725586, -9.479092597961426, -11.52106761932373, -8.913660049438477, -13.138733863830566, -11.516584396362305, -15.253222465515137, -11.12072467803955, -15.215039253234863, -6.599034309387207, -14.293533325195312, -14.575238227844238, -14.227595329284668, -20.969907760620117, -9.69718074798584, -17.800792694091797, -17.238502502441406, -10.194486618041992, -17.803327560424805, -17.563003540039062, -3.074084997177124, -21.963632583618164, -19.32376480102539, -15.583147048950195, -18.840909957885742, -12.82611083984375]","[50259, 50359, 50363, 1171, 13211, 6334, 293, 6334, 11, 3728, 572, 2385, 281, 6909, 13, 509, 7293, 808, 484, 428, 11876, 21523, 286, 9438, 82, 11, 11876, 21523, 40, 9438, 82]",31,1.852,unknown
pcm_m_PHTT2M6_he_spontaneous_211,whisper-small," True true, if respect, they both sides. They both sides, fit and medicine go work way together.",-inf,-inf,"[-15.907791137695312, -Infinity, -14.537864685058594, -10.867279052734375, -11.174399375915527, -1.1385514736175537, -8.836484909057617, -14.952388763427734, -8.270204544067383, -3.2610199451446533, -6.675287246704102, -10.87792682647705, -10.009984970092773, -9.741628646850586, -5.058581352233887, -15.36344051361084, -6.567579746246338, -11.930289268493652, -6.412382125854492, -15.218412399291992, -13.028770446777344, -13.200878143310547, -14.39335823059082]","[50259, 50359, 50363, 13587, 2074, 11, 498, 3104, 11, 436, 1293, 4881, 13, 814, 1293, 4881, 11, 3318, 293, 7195, 352, 589, 636]",23,1.591,unknown
pcm_m_PHTT2M6_he_spontaneous_356,whisper-small, that clinic don't wise up them the share free POS brought you now now beta level,-inf,-inf,"[-13.233022689819336, -Infinity, -11.678683280944824, -13.128738403320312, -14.00245189666748, -10.780232429504395, -12.42785358428955, -15.41791820526123, -11.144233703613281, -11.144062042236328, -9.388336181640625, -11.717822074890137, -8.84401798248291, -11.910609245300293, -14.816137313842773, -12.564590454101562, -7.974430084228516, -10.136981964111328, -6.557433128356934]","[50259, 50359, 50363, 300, 14947, 500, 380, 10829, 493, 552, 264, 2073, 1737, 430, 4367, 3038, 291, 586, 586]",19,1.288,unknown
pcm_m_PHTT2M8_he_spontaneous_441,whisper-small, Some people don't believe in a medicine and prayer alone.,-inf,-inf,"[-16.869136810302734, -Infinity, -14.56434154510498, -19.252429962158203, -10.696120262145996, -11.420883178710938, -12.171477317810059, -13.896111488342285, -7.303391933441162, -4.349035263061523, -14.728816986083984, -3.5161004066467285, -16.4630069732666]","[50259, 50359, 50363, 2188, 561, 500, 380, 1697, 294, 257, 7195, 293, 8767]",13,1.246,unknown
pcm_m_PM4M1_ev_read_169,whisper-small, Person need to shine light to know the people were in the policy.,-inf,-inf,"[-15.022562026977539, -Infinity, -13.894264221191406, -17.202499389648438, -12.328272819519043, -0.12117183953523636, -12.761375427246094, -14.970219612121582, -11.630125045776367, -10.964896202087402, -5.899847507476807, -8.6903715133667, -10.510705947875977, -8.009170532226562, -9.758932113647461]","[50259, 50359, 50363, 8443, 643, 281, 12207, 1442, 281, 458, 264, 561, 645, 294, 264]",15,1.122,unknown
pcm_m_PM4M1_ev_read_182,whisper-small, Use beta and virus for your gadget to keep comod virus.,-inf,-inf,"[-14.493240356445312, -Infinity, -16.07908821105957, -13.29595947265625, -15.266172409057617, -13.632083892822266, -12.776586532592773, -9.079930305480957, -11.38234806060791, -14.737735748291016, -12.814385414123535, -15.494293212890625, -13.164682388305664, -15.75776195526123]","[50259, 50359, 50363, 8278, 9861, 293, 5752, 337, 428, 38090, 281, 1066, 395, 378]",14,1.077,unknown
pcm_m_PM4M1_ev_read_265,whisper-small," The post turned not to Sabisei, everybody know the Edison.",-inf,-inf,"[-13.696356773376465, -Infinity, -12.331391334533691, -12.693639755249023, -14.581228256225586, -13.379373550415039, -12.370016098022461, -8.919696807861328, -15.251983642578125, -16.55517578125, -12.48323917388916, -6.802379608154297, -12.971821784973145, -12.662809371948242, -9.009591102600098]","[50259, 50359, 50363, 440, 2183, 3574, 406, 281, 13915, 908, 72, 11, 2201, 458, 264]",15,1.202,unknown
pcm_m_PM4M1_ev_read_327,whisper-small, Social media help well-well during the answers and Black Lives Matter movement.,-inf,-inf,"[-16.776174545288086, -Infinity, -17.12941551208496, -15.427409172058105, -14.71992015838623, -14.933183670043945, -13.396358489990234, -10.012977600097656, -11.531429290771484, -11.066716194152832, -6.180401802062988, -17.828325271606445, -13.689326286315918, -15.427026748657227, -19.33468246459961, -14.631658554077148]","[50259, 50359, 50363, 9909, 3021, 854, 731, 12, 6326, 1830, 264, 6338, 293, 4076, 25791, 20285]",16,1.158,unknown
pcm_m_PM4M1_ev_read_569,whisper-small, to save and invest the make person feed gather plenty money.,-inf,-inf,"[-12.824286460876465, -Infinity, -15.14071273803711, -10.002583503723145, -14.451051712036133, -11.880510330200195, -11.774449348449707, -7.155635833740234, -13.328232765197754, -9.39401626586914, -16.85133171081543, -17.292207717895508, -15.511937141418457]","[50259, 50359, 50363, 281, 3155, 293, 1963, 264, 652, 954, 3154, 5448, 7140]",13,1.245,unknown
pcm_m_PM4M2_ev_read_073,whisper-small," You're one day loyal. Let me say, you know, get your own life to live.",-inf,-inf,"[-13.669063568115234, -Infinity, -15.229024887084961, -14.901093482971191, -11.69825553894043, -8.838027954101562, -13.541970252990723, -19.456787109375, -11.895761489868164, -13.109624862670898, -12.851607322692871, -11.644266128540039, -0.3486826419830322, -5.3931169509887695, -14.90353775024414, -8.924988746643066, -16.00174903869629, -13.784523963928223, -15.764094352722168, -13.072887420654297, -11.005050659179688]","[50259, 50359, 50363, 509, 434, 472, 786, 12682, 13, 961, 385, 584, 11, 291, 458, 11, 483, 428, 1065, 993, 281]",21,1.506,unknown
pcm_m_PM4M2_ev_read_107,whisper-small," You go to a room, make them hear a voice.",-inf,-inf,"[-13.953989028930664, -Infinity, -14.428540229797363, -10.538131713867188, -4.904113292694092, -4.1739935874938965, -8.55990982055664, -11.894083976745605, -6.507011413574219, -14.261282920837402, -15.09814739227295, -13.01119327545166, -9.831446647644043]","[50259, 50359, 50363, 509, 352, 281, 257, 1808, 11, 652, 552, 1568, 257]",13,1.075,unknown
pcm_m_PM4M2_ev_read_196,whisper-small," If you are afraid and calm, make you try to charm well.",-inf,-inf,"[-14.677959442138672, -Infinity, -13.76076889038086, -11.920366287231445, -5.7595062255859375, -6.506626605987549, -16.377357482910156, -8.434466361999512, -16.618148803710938, -9.078197479248047, -13.38119125366211, -10.059698104858398, -16.628719329833984, -9.27127742767334, -15.89134407043457]","[50259, 50359, 50363, 759, 291, 366, 4638, 293, 7151, 11, 652, 291, 853, 281, 18904]",15,1.124,unknown
pcm_m_PM4M2_ev_read_229,whisper-small," Taking on friends, they make bombs stronger, and if they make piercing, feel like safe longer.",-inf,-inf,"[-15.082085609436035, -Infinity, -14.373290061950684, -16.70484733581543, -12.774072647094727, -15.882145881652832, -9.516670227050781, -11.880204200744629, -13.404324531555176, -18.654556274414062, -15.711150169372559, -10.507841110229492, -13.008353233337402, -10.210002899169922, -5.12036657333374, -10.24338436126709, -17.270736694335938, -4.786269187927246, -11.126091003417969, -12.470492362976074, -15.443360328674316]","[50259, 50359, 50363, 17837, 322, 1855, 11, 436, 652, 19043, 7249, 11, 293, 498, 436, 652, 42972, 11, 841, 411, 3273]",21,1.426,unknown
pcm_m_PM4M2_ev_read_318,whisper-small, I just take in with myself regularly to ensure I stay on track.,-inf,-inf,"[-15.941880226135254, -Infinity, -13.701284408569336, -11.270218849182129, -14.759758949279785, -14.884812355041504, -10.772726058959961, -10.358808517456055, -14.61909008026123, -16.389925003051758, -10.888696670532227, -16.664003372192383, -12.010296821594238, -14.753519058227539, -12.507527351379395]","[50259, 50359, 50363, 286, 445, 747, 294, 365, 2059, 11672, 281, 5586, 286, 1754, 322]",15,1.117,unknown
pcm_m_PM4M2_ev_read_349,whisper-small," Empathy, the natural compassion, it helps us grow together as a community.",-inf,-inf,"[-14.651422500610352, -Infinity, -14.7138090133667, -14.69287109375, -16.966779708862305, -10.321496963500977, -9.474937438964844, -16.74564552307129, -14.997162818908691, -8.309539794921875, -12.428106307983398, -16.459152221679688, -9.81666088104248, -16.758724212646484, -14.7555570602417, -8.32907485961914, -11.194080352783203]","[50259, 50359, 50363, 8599, 9527, 11, 264, 3303, 12601, 11, 309, 3665, 505, 1852, 1214, 382, 257]",17,1.202,unknown
pcm_m_PM4M2_ev_read_435,whisper-small, I don't become confident after the day I worked that woman for news.,-inf,-inf,"[-17.528120040893555, -Infinity, -18.753103256225586, -10.016302108764648, -14.416711807250977, -13.93986701965332, -13.384734153747559, -14.621826171875, -11.022101402282715, -12.219691276550293, -7.990123271942139, -10.826676368713379, -15.786779403686523, -12.101350784301758, -14.45785140991211, -10.757498741149902]","[50259, 50359, 50363, 286, 500, 380, 1813, 6679, 934, 264, 786, 286, 2732, 300, 3059, 337]",16,1.115,unknown
pcm_m_PM4M2_ev_read_450,whisper-small, I happy very well when they tell me say I go follow Goyuki. I go see beautiful sights.,-inf,-inf,"[-12.715481758117676, -Infinity, -14.625336647033691, -10.514484405517578, -13.338129997253418, -13.876334190368652, -11.77260971069336, -10.89057731628418, -4.348048686981201, -11.685064315795898, -12.267416954040527, -10.682113647460938, -7.743757247924805, -11.724132537841797, -17.65997314453125, -11.282872200012207, -14.73150634765625, -18.579500198364258, -10.637078285217285, -10.790817260742188, -16.053377151489258, -10.767931938171387, -13.699207305908203]","[50259, 50359, 50363, 286, 2055, 588, 731, 562, 436, 980, 385, 584, 286, 352, 1524, 460, 939, 11788, 13, 286, 352, 536, 2238]",23,1.461,unknown
pcm_m_PM4M2_ev_read_453,whisper-small," Chika, tell me, say, she met Jill Cloud Bandyam when she go France.",-inf,-inf,"[-11.37002944946289, -Infinity, -10.997686386108398, -12.524954795837402, -16.6707706451416, -1.5437986850738525, -7.146464824676514, -7.785819053649902, -10.827165603637695, -11.354650497436523, -6.5754899978637695, -10.779535293579102, -15.356364250183105, -14.029146194458008, -15.883406639099121, -15.822267532348633, -14.753508567810059, -14.132669448852539, -11.414839744567871, -10.178552627563477, -14.003931999206543]","[50259, 50359, 50363, 761, 5439, 11, 980, 385, 11, 584, 11, 750, 1131, 24690, 8061, 15462, 88, 335, 562, 750, 352]",21,1.378,unknown
pcm_m_PM4M2_ev_read_573,whisper-small, my pranking me ticket to final show where they happen to pass over,-inf,-inf,"[-12.773755073547363, -Infinity, -11.3954439163208, -6.936245918273926, -15.642653465270996, -11.363068580627441, -11.614940643310547, -14.194252967834473, -8.12194538116455, -14.475281715393066, -11.011855125427246, -7.782621383666992, -12.784421920776367, -9.685659408569336, -7.2694268226623535]","[50259, 50359, 50363, 452, 19794, 278, 385, 10550, 281, 2572, 855, 689, 436, 1051, 281]",15,1.112,unknown
pcm_m_PM4M3_ev_read_063,whisper-small, community engagement. Now the best way we feed pigs are be waiting to happen for the local communities.,-inf,-inf,"[-13.433675765991211, -Infinity, -12.66816234588623, -15.24841594696045, -18.819913864135742, -14.37984561920166, -15.889627456665039, -5.166815280914307, -10.520453453063965, -12.80976390838623, -6.129507541656494, -12.39812183380127, -12.381808280944824, -9.000041007995605, -4.156072616577148, -15.55262279510498, -7.798519134521484, -14.888564109802246, -11.979828834533691, -9.974332809448242, -12.763614654541016]","[50259, 50359, 50363, 1768, 8742, 13, 823, 264, 1151, 636, 321, 3154, 24380, 366, 312, 3806, 281, 1051, 337, 264, 2654]",21,1.375,unknown
pcm_m_PM4M3_ev_read_073,whisper-small, Are they think safe reservoirs and determination be the key to overcoming adversity?,-inf,-inf,"[-12.384552955627441, -Infinity, -10.41013240814209, -12.876712799072266, -10.930756568908691, -18.447620391845703, -16.044727325439453, -15.723238945007324, -15.769513130187988, -13.077939987182617, -18.376937866210938, -13.254372596740723, -6.027492523193359, -16.849992752075195, -10.822529792785645, -19.134984970092773]","[50259, 50359, 50363, 2014, 436, 519, 3273, 26316, 82, 293, 18432, 312, 264, 2141, 281, 38047]",16,1.214,unknown
pcm_m_PM4M3_ev_read_098,whisper-small," When we do go through hard times, we fit depend on friends and family.",-inf,-inf,"[-13.99012279510498, -Infinity, -16.025192260742188, -16.765872955322266, -14.010337829589844, -13.670635223388672, -15.588294982910156, -13.099949836730957, -17.142711639404297, -13.87249755859375, -3.688668966293335, -11.779296875, -16.261371612548828, -16.279590606689453, -8.77441692352295, -12.434721946716309, -10.008262634277344]","[50259, 50359, 50363, 1133, 321, 360, 352, 807, 1152, 1413, 11, 321, 3318, 5672, 322, 1855, 293]",17,1.157,unknown
pcm_m_PM4M3_ev_read_135,whisper-small, What do you think about the impact of beauty standards on mental health?,-inf,-inf,"[-11.765213012695312, -Infinity, -16.003421783447266, -14.37939167022705, -11.774992942810059, -11.384571075439453, -14.646042823791504, -9.258530616760254, -5.850464820861816, -18.565969467163086, -4.3632707595825195, -15.69255542755127, -15.877542495727539, -10.818867683410645, -13.758719444274902]","[50259, 50359, 50363, 708, 360, 291, 519, 466, 264, 2712, 295, 6643, 7787, 322, 4973]",15,1.072,unknown
pcm_m_PM4M3_ev_read_172,whisper-small, Waiting you they do to support ethical fashion brand you get any favorite,-inf,-inf,"[-11.488850593566895, -Infinity, -12.318927764892578, -16.664966583251953, -8.274707794189453, -11.136937141418457, -15.610159873962402, -12.847021102905273, -15.69301700592041, -18.509241104125977, -20.259502410888672, -16.34082794189453, -10.79210376739502, -12.027796745300293]","[50259, 50359, 50363, 37291, 291, 436, 360, 281, 1406, 18890, 6700, 3360, 291, 483]",14,1.157,unknown
pcm_m_PM4M3_ev_read_234,whisper-small, Waiting you know about the risk of excessive drinking. You get any knowledge.,-inf,-inf,"[-9.880584716796875, -Infinity, -15.042783737182617, -19.76747703552246, -9.257501602172852, -13.450167655944824, -9.382821083068848, -9.940390586853027, -15.632662773132324, -10.871097564697266, -18.73686408996582, -17.285375595092773, -11.420272827148438, -14.255446434020996, -13.139530181884766, -12.57763385772705]","[50259, 50359, 50363, 37291, 291, 458, 466, 264, 3148, 295, 22704, 7583, 13, 509, 483, 604]",16,1.201,unknown
pcm_m_PM4M3_ev_read_270,whisper-small, Vaccinations play a crucial role in preventing infectious diseases and protecting public health.,-inf,-inf,"[-16.096637725830078, -Infinity, -14.797706604003906, -20.4101505279541, -17.951208114624023, -11.00674819946289, -11.384299278259277, -15.317634582519531, -20.00807762145996, -12.759434700012207, -12.301900863647461, -15.65124797821045, -16.2554931640625, -11.004164695739746, -16.549348831176758, -11.510819435119629]","[50259, 50359, 50363, 48579, 10325, 862, 257, 11462, 3090, 294, 19965, 26780, 11044, 293, 12316, 1908]",16,1.2,unknown
pcm_m_PM4M3_ev_read_276,whisper-small, Waiting you think about the importance of community and support groups in the recovery.,-inf,-inf,"[-9.504501342773438, -Infinity, -15.306918144226074, -19.13751220703125, -12.128089904785156, -14.086456298828125, -12.002371788024902, -6.018531322479248, -14.017677307128906, -11.629678726196289, -13.259998321533203, -6.761713027954102, -14.822269439697266, -18.011995315551758, -10.605380058288574, -9.010885238647461]","[50259, 50359, 50363, 37291, 291, 519, 466, 264, 7379, 295, 1768, 293, 1406, 3935, 294, 264]",16,1.202,unknown
pcm_m_PM4M3_ev_read_288,whisper-small, Understanding addiction as a chronic disease may help reduce stigma and promote effective treatment.,-inf,-inf,"[-13.479174613952637, -Infinity, -15.935650825500488, -19.139265060424805, -18.196937561035156, -15.188974380493164, -10.727924346923828, -17.88306999206543, -14.458613395690918, -15.581486701965332, -14.147486686706543, -13.135966300964355, -18.448741912841797, -10.391876220703125, -16.341367721557617, -15.539963722229004]","[50259, 50359, 50363, 36858, 16835, 382, 257, 14493, 4752, 815, 854, 5407, 27880, 293, 9773, 4942]",16,1.159,unknown
pcm_m_PM4M3_ev_read_469,whisper-small, We can plan the run through the entire weekend till everybody resume their work.,-inf,-inf,"[-15.178421974182129, -Infinity, -17.480314254760742, -12.440366744995117, -14.516878128051758, -13.267666816711426, -0.01416732743382454, -14.255425453186035, -15.077054977416992, -9.486331939697266, -14.266924858093262, -13.995438575744629, -14.261598587036133, -15.552536010742188, -19.024669647216797, -14.758882522583008]","[50259, 50359, 50363, 492, 393, 1393, 264, 1190, 807, 264, 2302, 6711, 4288, 2201, 15358, 641]",16,1.16,unknown
pcm_m_PM4M3_ev_read_507,whisper-small," After work or gym passing, go need to bath, then wear clothes, wear daylight.",-inf,-inf,"[-15.183866500854492, -Infinity, -14.19421672821045, -12.771710395812988, -8.157999992370605, -6.920788764953613, -12.50875186920166, -16.21224594116211, -9.77194595336914, -7.094325065612793, -14.43964672088623, -9.538537979125977, -14.654353141784668, -9.641873359680176, -10.125463485717773, -0.00882723554968834, -9.248711585998535, -3.7574784755706787, -14.630513191223145]","[50259, 50359, 50363, 2381, 589, 420, 9222, 8437, 11, 352, 643, 281, 6079, 11, 550, 3728, 5534, 11, 3728]",19,1.248,unknown
pcm_m_PM4M3_ev_read_520,whisper-small, Reflecting fit helpers and fit know how to take interact with them colleague for work.,-inf,-inf,"[-13.436788558959961, -Infinity, -14.984615325927734, -12.498000144958496, -16.914716720581055, -12.647507667541504, -5.612087726593018, -10.208146095275879, -8.682604789733887, -9.791086196899414, -13.754033088684082, -11.285956382751465, -12.016910552978516, -8.387218475341797, -12.580065727233887, -14.36910343170166, -9.653894424438477, -11.210871696472168, -15.989110946655273, -11.010233879089355]","[50259, 50359, 50363, 16957, 1809, 278, 3318, 854, 433, 293, 3318, 458, 577, 281, 747, 4648, 365, 552, 13532, 337]",20,1.416,unknown
pcm_m_PM4M3_ev_read_521,whisper-small," When passing comes from work, the first thing not to come out close, when take go work.",-inf,-inf,"[-12.527800559997559, -Infinity, -14.182236671447754, -15.141613960266113, -17.109790802001953, -12.294734001159668, -12.441654205322266, -12.525924682617188, -8.886350631713867, -7.508296489715576, -14.503746032714844, -13.314017295837402, -9.637754440307617, -4.819558620452881, -10.206297874450684, -12.45479679107666, -15.552183151245117, -5.289056301116943, -10.385703086853027, -12.243783950805664, -12.823661804199219]","[50259, 50359, 50363, 1133, 8437, 1487, 490, 589, 11, 264, 700, 551, 406, 281, 808, 484, 1998, 11, 562, 747, 352]",21,1.374,unknown
pcm_m_PM4M3_ev_read_545,whisper-small," This evening, I will walk around small, enjoy the fresh air.",-inf,-inf,"[-11.01179313659668, -Infinity, -14.06640625, -13.280451774597168, -17.920734405517578, -8.862936973571777, -7.785341262817383, -9.93818187713623, -13.7745361328125, -14.785202980041504, -12.432767868041992, -12.065836906433105, -16.063758850097656, -10.894896507263184, -15.694657325744629]","[50259, 50359, 50363, 639, 5634, 11, 286, 486, 1792, 926, 1359, 11, 2103, 264, 4451]",15,1.115,unknown
pcm_m_PM4M3_ev_read_582,whisper-small," Brother, good morning. I am Bawede Pregnant, Dom Bono.",-inf,-inf,"[-10.98920726776123, -Infinity, -15.343862533569336, -14.277584075927734, -2.3971199989318848, -10.26120376586914, -11.586898803710938, -8.589507102966309, -13.699349403381348, -14.794919967651367, -6.942741394042969, -16.002243041992188, -19.401430130004883, -10.337264060974121, -13.095452308654785, -15.15267562866211, -10.405861854553223, -13.789434432983398, -12.00756549835205]","[50259, 50359, 50363, 8904, 11, 665, 2446, 13, 286, 669, 363, 1607, 4858, 430, 3375, 25928, 11, 16674, 7368]",19,1.286,unknown
pcm_m_PP1M2_ev_read_075,whisper-small, My daughter's house rents the important past anything else now.,-inf,-inf,"[-14.48427677154541, -Infinity, -13.980422973632812, -14.955426216125488, -15.102298736572266, -5.002914905548096, -14.03484058380127, -12.751249313354492, -9.636170387268066, -9.273451805114746, -16.61594009399414, -16.67616081237793, -13.624496459960938, -15.570024490356445]","[50259, 50359, 50363, 1222, 4653, 311, 1782, 6214, 82, 264, 1021, 1791, 1340, 1646]",14,1.029,unknown
pcm_m_PP1M2_ev_read_127,whisper-small," Mama, I beg, tell your daughter, make she not touch my pulse again.",-inf,-inf,"[-10.996572494506836, -Infinity, -13.14121150970459, -17.15216636657715, -1.5693641901016235, -10.633913040161133, -16.132617950439453, -13.675308227539062, -11.187970161437988, -12.518599510192871, -11.682936668395996, -5.291965961456299, -12.88644790649414, -12.257255554199219, -12.534431457519531, -17.642807006835938, -12.835579872131348, -17.19165802001953]","[50259, 50359, 50363, 17775, 11, 286, 4612, 11, 980, 428, 4653, 11, 652, 750, 406, 2557, 452, 17709]",18,1.244,unknown
pcm_m_PP1M2_ev_read_168,whisper-small," I don't know anything I do that man, he call it that you are tough for me as I do work for streets.",-inf,-inf,"[-12.916609764099121, -Infinity, -17.503612518310547, -10.966368675231934, -12.208843231201172, -13.425052642822266, -10.159584045410156, -12.085768699645996, -6.614936351776123, -10.773917198181152, -8.896333694458008, -14.976395606994629, -7.771010398864746, -3.3246960639953613, -12.36857795715332, -9.147833824157715, -4.2464189529418945, -11.98167610168457, -12.254621505737305, -14.827641487121582, -10.525320053100586, -10.43886947631836, -8.14212417602539, -9.784219741821289, -13.082488059997559, -13.949644088745117, -12.132843017578125]","[50259, 50359, 50363, 286, 500, 380, 458, 1340, 286, 360, 300, 587, 11, 415, 818, 309, 300, 291, 366, 4930, 337, 385, 382, 286, 360, 589, 337]",27,1.605,unknown
pcm_m_PP1M2_ev_read_374,whisper-small, He gets some children where I won't give this right to.,-inf,-inf,"[-13.516732215881348, -Infinity, -15.375290870666504, -11.67408561706543, -15.173226356506348, -12.767468452453613, -16.516660690307617, -17.001907348632812, -13.038620948791504, -17.0851993560791, -11.34572696685791, -15.360209465026855, -10.327688217163086, -13.381446838378906]","[50259, 50359, 50363, 634, 2170, 512, 2227, 689, 286, 1582, 380, 976, 341, 558]",14,1.116,unknown
pcm_m_PP1M2_ev_read_430,whisper-small, My mama would shout for me if I leave television on when I know the water.,-inf,-inf,"[-14.196843147277832, -Infinity, -11.50644588470459, -16.55638313293457, -17.70231056213379, -14.251789093017578, -18.532825469970703, -12.028748512268066, -10.329440116882324, -11.75514030456543, -12.443846702575684, -14.493972778320312, -18.900545120239258, -11.008716583251953, -12.389815330505371, -11.122172355651855, -13.256077766418457, -10.757917404174805]","[50259, 50359, 50363, 1222, 18775, 576, 8043, 337, 385, 498, 286, 1856, 8815, 322, 562, 286, 458, 264]",18,1.245,unknown
pcm_m_PP1M2_ev_read_441,whisper-small," I cut my picking for where she deweights water, but I no guess trying to beat her.",-inf,-inf,"[-14.600631713867188, -Infinity, -17.006290435791016, -11.468194961547852, -13.712950706481934, -10.48492431640625, -18.915246963500977, -13.233444213867188, -9.807018280029297, -12.926923751831055, -13.602126121520996, -16.28120994567871, -18.397109985351562, -14.058625221252441, -9.491766929626465, -12.07844352722168, -7.674060821533203, -11.259000778198242, -12.54248332977295, -13.32733154296875, -9.450423240661621, -16.756771087646484]","[50259, 50359, 50363, 286, 1723, 452, 8867, 337, 689, 750, 368, 826, 5761, 1281, 11, 457, 286, 572, 2041, 1382, 281, 4224]",22,1.415,unknown
pcm_m_PP1M2_ev_read_477,whisper-small, I won't type everything first before I put to copy them.,-inf,-inf,"[-15.777434349060059, -Infinity, -17.503726959228516, -10.631921768188477, -16.766357421875, -14.080262184143066, -14.246870994567871, -15.640957832336426, -12.144081115722656, -13.677188873291016, -13.546173095703125, -16.859861373901367, -8.80245590209961, -15.508206367492676]","[50259, 50359, 50363, 286, 1582, 380, 2010, 1203, 700, 949, 286, 829, 281, 5055]",14,1.075,unknown
pcm_m_PP1M2_ev_read_486,whisper-small," I beg novice, but this thing I did check the important.",-inf,-inf,"[-11.44656753540039, -Infinity, -11.124564170837402, -14.254715919494629, -13.329522132873535, -14.70740795135498, -13.883697509765625, -7.483575344085693, -13.223908424377441, -11.9150972366333, -13.70431900024414, -10.454465866088867, -14.975576400756836, -12.066247940063477, -10.135905265808105]","[50259, 50359, 50363, 286, 4612, 23883, 573, 11, 457, 341, 551, 286, 630, 1520, 264]",15,1.115,unknown
pcm_m_PP1M2_ev_read_533,whisper-small," If you like, no add money to waiting you get already. Another person feedback.",-inf,-inf,"[-12.34112548828125, -Infinity, -15.190078735351562, -11.761187553405762, -6.242316722869873, -10.822173118591309, -7.9387688636779785, -10.27420425415039, -10.926407814025879, -12.297146797180176, -5.24210262298584, -13.11645221710205, -11.20733642578125, -14.040441513061523, -14.765439987182617, -6.570222854614258, -12.388575553894043, -14.889802932739258]","[50259, 50359, 50363, 759, 291, 411, 11, 572, 909, 1460, 281, 3806, 291, 483, 1217, 13, 3996, 954]",18,1.287,unknown
pcm_m_PP1M2_ev_read_557,whisper-small, I don't know where I will carry this my room key tip now.,-inf,-inf,"[-14.770577430725098, -Infinity, -17.752838134765625, -12.004121780395508, -15.450115203857422, -14.944439888000488, -13.533452987670898, -11.96252727508545, -12.557402610778809, -9.213985443115234, -12.512560844421387, -13.770278930664062, -10.334031105041504, -12.79195499420166, -16.342552185058594, -16.25681495666504]","[50259, 50359, 50363, 286, 500, 380, 458, 689, 286, 486, 3985, 341, 452, 1808, 2141, 4125]",16,1.158,unknown
pcm_m_PP1M2_ev_read_584,whisper-small, We won't go receive our monthly vaccination from the vet doctor.,-inf,-inf,"[-13.132628440856934, -Infinity, -18.751083374023438, -11.087700843811035, -12.939065933227539, -14.412359237670898, -12.50864315032959, -11.90587043762207, -13.028474807739258, -14.885538101196289, -8.88833236694336, -12.550300598144531, -12.125632286071777, -15.256081581115723]","[50259, 50359, 50363, 492, 1582, 380, 352, 4774, 527, 12878, 16498, 490, 264, 12423]",14,1.077,unknown
pcm_m_PP1M2_ev_read_600,whisper-small," If you de-manage your stress well, you no good that early.",-inf,-inf,"[-16.44426918029785, -Infinity, -11.629426956176758, -12.29271125793457, -12.156603813171387, -14.085491180419922, -8.714262962341309, -13.91209888458252, -14.629219055175781, -8.98172664642334, -16.543378829956055, -13.095824241638184, -7.48615026473999, -9.891736030578613, -12.99891471862793, -12.329235076904297, -11.009206771850586]","[50259, 50359, 50363, 759, 291, 368, 12, 1601, 609, 428, 4244, 731, 11, 291, 572, 665, 300]",17,1.16,unknown
pcm_m_PP2M1_ev_read_035,whisper-small, Now through mass media people will be fed up waiting them feel on top matter.,-inf,-inf,"[-13.796838760375977, -Infinity, -14.618552207946777, -17.255634307861328, -10.58082389831543, -14.039189338684082, -11.341348648071289, -8.953927993774414, -10.692697525024414, -13.201404571533203, -12.903676986694336, -10.910752296447754, -13.932953834533691, -12.789714813232422, -13.519776344299316, -10.148518562316895, -15.260188102722168]","[50259, 50359, 50363, 823, 807, 2758, 3021, 561, 486, 312, 4636, 493, 3806, 552, 841, 322, 1192]",17,1.244,unknown
pcm_m_PP2M1_ev_read_262,whisper-small," During New Year, we play card games and enjoy local snacks together.",-inf,-inf,"[-11.381956100463867, -Infinity, -17.585784912109375, -15.105562210083008, -16.5726375579834, -13.50070858001709, -8.53449535369873, -15.008347511291504, -9.816983222961426, -16.817150115966797, -10.219700813293457, -10.872376441955566, -14.774956703186035, -14.886506080627441, -17.629505157470703]","[50259, 50359, 50363, 6842, 1873, 10289, 11, 321, 862, 2920, 2813, 293, 2103, 2654, 16160]",15,1.156,unknown
pcm_m_PP2M1_ev_read_366,whisper-small," Make we hear this song, it'll tell us agreed no good.",-inf,-inf,"[-12.47204875946045, -Infinity, -14.717655181884766, -17.27825355529785, -16.90818977355957, -10.966983795166016, -8.148809432983398, -13.272835731506348, -8.315130233764648, -10.837162971496582, -11.75527572631836, -16.164873123168945, -15.639102935791016, -17.356046676635742, -11.38275146484375]","[50259, 50359, 50363, 4387, 321, 1568, 341, 2153, 11, 309, 603, 980, 505, 9166, 572]",15,1.111,unknown
pcm_m_PP2M1_ev_read_463,whisper-small," Cultural tradition, they help the mental health as they make people feel like they belong somewhere.",-inf,-inf,"[-12.642707824707031, -Infinity, -13.545286178588867, -15.61495304107666, -17.7467041015625, -6.9258880615234375, -13.95652961730957, -7.383276462554932, -10.533210754394531, -16.101713180541992, -14.956595420837402, -14.75357437133789, -11.752668380737305, -14.841742515563965, -7.851546287536621, -11.583345413208008, -11.040489196777344, -10.008244514465332, -19.191213607788086]","[50259, 50359, 50363, 31450, 6994, 11, 436, 854, 264, 4973, 1585, 382, 436, 652, 561, 841, 411, 436, 5784]",19,1.288,unknown
pcm_m_PP2M1_ev_read_479,whisper-small," Culture, they affect how people take the express and interpret emotion.",-inf,-inf,"[-12.177331924438477, -Infinity, -15.664111137390137, -17.36574363708496, -6.2580084800720215, -9.501994132995605, -9.229764938354492, -12.233691215515137, -15.313987731933594, -15.819151878356934, -7.888093948364258, -15.458966255187988, -7.896224021911621, -17.13167381286621]","[50259, 50359, 50363, 27539, 11, 436, 3345, 577, 561, 747, 264, 5109, 293, 7302]",14,1.069,unknown
pcm_m_PP2M1_ev_read_575,whisper-small, Those people will pay for the school fees trial.,-inf,-inf,"[-15.258011817932129, -Infinity, -14.376411437988281, -15.024962425231934, -13.633203506469727, -12.860859870910645, -15.174077987670898, -7.538303375244141, -8.411975860595703, -15.135842323303223, -17.63041114807129]","[50259, 50359, 50363, 3950, 561, 486, 1689, 337, 264, 1395, 13370]",11,0.942,unknown
pcm_m_PP3M1_ev_read_384,whisper-small," Some people, they use social media to showcase them skills and find jobs.",-inf,-inf,"[-16.239253997802734, -Infinity, -14.855570793151855, -15.14098834991455, -12.358372688293457, -9.134662628173828, -15.502293586730957, -11.51511287689209, -17.378246307373047, -14.233659744262695, -9.336137771606445, -18.553424835205078, -12.243224143981934, -13.567776679992676, -8.649584770202637, -16.25667953491211]","[50259, 50359, 50363, 2188, 561, 11, 436, 764, 2093, 3021, 281, 20388, 552, 3942, 293, 915]",16,1.159,unknown
pcm_m_PP3M1_ev_read_434,whisper-small," Because of food, sometimes they affect by the season of the year.",-inf,-inf,"[-15.652647018432617, -Infinity, -14.28715705871582, -12.765750885009766, -10.918216705322266, -12.668161392211914, -6.693244934082031, -12.783210754394531, -9.018877983093262, -13.713269233703613, -12.133213996887207, -0.1083003357052803, -7.718155860900879, -10.431197166442871, -10.881882667541504]","[50259, 50359, 50363, 1436, 295, 1755, 11, 2171, 436, 3345, 538, 264, 3196, 295, 264]",15,1.126,unknown
pcm_m_PP3M1_ev_read_555,whisper-small, Establish your own personal space when with the follow passing leaf.,-inf,-inf,"[-13.21859359741211, -Infinity, -17.03973960876465, -17.074356079101562, -20.00528907775879, -19.860628128051758, -13.567325592041016, -13.73812198638916, -14.285903930664062, -16.580251693725586, -13.12049388885498, -8.371068000793457, -7.477736473083496, -13.00806713104248, -18.378376007080078]","[50259, 50359, 50363, 4410, 455, 1933, 428, 1065, 2973, 1901, 562, 365, 264, 1524, 8437]",15,1.155,unknown
pcm_m_PP3M1_ev_read_573,whisper-small," Because domestic workers, they work for private, nobody really value their service.",-inf,-inf,"[-17.05672836303711, -Infinity, -16.534353256225586, -14.710901260375977, -11.690889358520508, -9.33444595336914, -8.136831283569336, -10.142940521240234, -6.873373031616211, -10.578998565673828, -14.907700538635254, -7.545424938201904, -15.39088249206543, -14.620080947875977, -15.484543800354004, -13.00597858428955]","[50259, 50359, 50363, 1436, 10939, 5600, 11, 436, 589, 337, 4551, 11, 5079, 534, 2158, 641]",16,1.119,unknown
pcm_m_PP3M1_ev_read_591,whisper-small," Osilas did a very hard working, and Demdesabi adopted well to situasio.",-inf,-inf,"[-14.621161460876465, -Infinity, -16.131160736083984, -14.723793983459473, -14.85599422454834, -15.900190353393555, -13.757320404052734, -10.305334091186523, -12.28964614868164, -12.604419708251953, -11.895524024963379, -8.147919654846191, -11.25988483428955, -14.860021591186523, -11.38565444946289, -16.02761459350586, -13.732780456542969, -17.33001708984375, -13.862407684326172, -10.60604476928711, -11.624876022338867, -16.472883224487305, -13.007776260375977]","[50259, 50359, 50363, 8875, 388, 296, 630, 257, 588, 1152, 1364, 11, 293, 4686, 14792, 18884, 614, 5747, 292, 731, 281, 2054, 296]",23,1.417,unknown
pcm_m_PS1M3_ev_read_439,whisper-small, I don't know why people didn't see with the work for government the special.,-inf,-inf,"[-17.370920181274414, -Infinity, -18.75336456298828, -10.253960609436035, -13.155693054199219, -11.333651542663574, -10.632268905639648, -18.751062393188477, -12.036666870117188, -12.082491874694824, -14.26533317565918, -12.472393989562988, -6.22399377822876, -3.5469188690185547, -13.524545669555664, -12.519638061523438, -8.104039192199707, -9.510422706604004]","[50259, 50359, 50363, 286, 500, 380, 458, 983, 561, 994, 380, 536, 365, 264, 589, 337, 2463, 264]",18,1.416,unknown
pcm_m_PS1M4_ev_read_481,whisper-small," See eh? Road full everywhere. We go feet, follow that road. Way lead to Suya bus stop.",-inf,-inf,"[-10.049053192138672, -Infinity, -10.928356170654297, -10.783463478088379, -13.372920036315918, -12.389983177185059, -15.763556480407715, -14.232653617858887, -12.571718215942383, -7.891536235809326, -12.189966201782227, -10.287113189697266, -13.927626609802246, -9.879372596740723, -13.57453727722168, -12.235834121704102, -11.17195987701416, -7.525987148284912, -10.765607833862305, -15.000051498413086, -8.790008544921875, -19.118186950683594, -16.376401901245117, -13.883254051208496]","[50259, 50359, 50363, 3008, 7670, 30, 11507, 1577, 5315, 13, 492, 352, 3521, 11, 1524, 300, 3060, 13, 9558, 1477, 281, 2746, 3016, 1255]",24,1.501,unknown
pcm_m_PS1M4_ev_read_528,whisper-small," It be like, say, Rain 1-4. Abegh, me kuna bring ay, de kluts.",-inf,-inf,"[-13.256797790527344, -Infinity, -14.793217658996582, -10.506875038146973, -9.811358451843262, -10.31369686126709, -8.808516502380371, -13.913545608520508, -2.060120105743408, -18.561208724975586, -11.585050582885742, -12.203771591186523, -11.686548233032227, -3.912381172180176, -12.923124313354492, -12.98717212677002, -3.023175001144409, -17.093292236328125, -12.746586799621582, -9.287205696105957, -14.871075630187988, -13.766608238220215, -13.160412788391113, -15.19651985168457, -10.789464950561523, -13.512228012084961]","[50259, 50359, 50363, 467, 312, 411, 11, 584, 11, 14487, 502, 12, 19, 13, 2847, 1146, 71, 11, 385, 350, 5051, 1565, 7494, 11, 368, 9671]",26,1.63,unknown
pcm_m_PS2M1_ev_read_327,whisper-small, Resilience and support be the major things persons go need to live long on earth.,-inf,-inf,"[-14.74984359741211, -Infinity, -22.39275360107422, -15.267599105834961, -14.700274467468262, -20.997987747192383, -13.00446605682373, -12.260828018188477, -12.53990364074707, -5.442808628082275, -14.032037734985352, -12.511377334594727, -15.41064739227295, -10.408141136169434, -14.266178131103516, -8.395859718322754, -15.210636138916016, -13.558626174926758, -12.321135520935059]","[50259, 50359, 50363, 5015, 388, 1182, 293, 1406, 312, 264, 2563, 721, 14453, 352, 643, 281, 1621, 938, 322]",19,1.245,unknown
pcm_m_PT1M1_ev_read_291,whisper-small," You go green jump, you put away the clean straight for free.",-inf,-inf,"[-14.128347396850586, -Infinity, -12.15829849243164, -12.61069107055664, -9.16998291015625, -12.65738296508789, -12.239442825317383, -7.856332302093506, -7.390451431274414, -13.957342147827148, -12.380228042602539, -11.890628814697266, -14.63027286529541, -14.349345207214355, -11.511253356933594]","[50259, 50359, 50363, 509, 352, 3092, 3012, 11, 291, 829, 1314, 264, 2541, 2997, 337]",15,1.069,unknown
pcm_m_PT1M2_ev_read_288,whisper-small, Now rice and stew are the cook when I'd expect visitors for house.,-inf,-inf,"[-6.283333778381348, -Infinity, -15.53049087524414, -17.880290985107422, -9.968232154846191, -10.920690536499023, -12.240734100341797, -12.024269104003906, -3.8484408855438232, -11.371603965759277, -11.22793960571289, -13.463239669799805, -14.656038284301758, -16.862768173217773, -16.020492553710938, -12.627422332763672]","[50259, 50359, 50363, 823, 5090, 293, 22654, 366, 264, 2543, 562, 286, 1116, 2066, 14315, 337]",16,1.156,unknown
pcm_m_PT1M2_ev_read_411,whisper-small," Eating on the go helped me save time, but you know the healthy.",-inf,-inf,"[-13.691173553466797, -Infinity, -14.306671142578125, -13.547253608703613, -11.771812438964844, -9.151110649108887, -11.211915016174316, -16.524879455566406, -12.250068664550781, -13.154338836669922, -12.295138359069824, -8.565881729125977, -11.168086051940918, -10.963217735290527, -10.788837432861328, -10.07282543182373]","[50259, 50359, 50363, 29234, 322, 264, 352, 4254, 385, 3155, 565, 11, 457, 291, 458, 264]",16,1.242,unknown
pcm_m_PT1M2_ev_read_438,whisper-small, Morning exercise to help keep my body kakra kaa and my energy level ku kondi kapi.,-inf,-inf,"[-12.76444149017334, -Infinity, -12.344364166259766, -16.950885772705078, -13.757522583007812, -11.7597074508667, -16.50385093688965, -7.456180572509766, -12.826908111572266, -14.030976295471191, -1.4236276149749756, -1.0852396488189697, -11.765767097473145, -13.483928680419922, -18.201526641845703, -10.810009956359863, -11.031370162963867, -10.422297477722168, -14.515934944152832, -6.879703521728516, -0.5423268675804138, -13.981086730957031, -7.3751115798950195, -10.948038101196289]","[50259, 50359, 50363, 17967, 5380, 281, 854, 1066, 452, 1772, 350, 514, 424, 350, 4332, 293, 452, 2281, 1496, 17807, 350, 684, 72, 350]",24,1.458,unknown
pcm_m_PT1M3_ev_read_119,whisper-small, they had to speak up when you they fail for your safety.,-inf,-inf,"[-14.393855094909668, -Infinity, -18.377777099609375, -13.402030944824219, -15.503758430480957, -5.456941604614258, -15.235513687133789, -13.159320831298828, -12.264177322387695, -8.02073860168457, -12.419844627380371, -16.633281707763672, -10.780800819396973, -10.136579513549805]","[50259, 50359, 50363, 436, 632, 281, 1710, 493, 562, 291, 436, 3061, 337, 428]",14,1.073,unknown
pcm_m_PT1M3_ev_read_136,whisper-small, I will try vote for the next election where they come. I promise.,-inf,-inf,"[-16.411224365234375, -Infinity, -14.179250717163086, -11.449051856994629, -10.14708423614502, -15.041126251220703, -12.515237808227539, -13.231003761291504, -5.443828105926514, -12.574092864990234, -13.702823638916016, -12.991150856018066, -12.053372383117676, -14.170575141906738, -0.5294435024261475, -6.761724948883057]","[50259, 50359, 50363, 286, 486, 853, 4740, 337, 264, 958, 6618, 689, 436, 808, 13, 286]",16,1.114,unknown
pcm_m_PT1M3_ev_read_291,whisper-small, Consider the skills where you get to offer first before you volunteer.,-inf,-inf,"[-16.051626205444336, -Infinity, -15.163259506225586, -17.80587387084961, -8.525991439819336, -15.29901123046875, -12.021343231201172, -11.638445854187012, -13.023602485656738, -8.5910062789917, -14.899206161499023, -11.784820556640625, -9.301206588745117, -8.507256507873535]","[50259, 50359, 50363, 17416, 264, 3942, 689, 291, 483, 281, 2626, 700, 949, 291]",14,1.072,unknown
pcm_m_PT1M3_ev_read_450,whisper-small, You never hear individuals suppose they file personal tax income return every year.,-inf,-inf,"[-13.408662796020508, -Infinity, -15.900541305541992, -13.8820161819458, -14.805035591125488, -14.266031265258789, -16.09061050415039, -15.135103225708008, -14.8460693359375, -13.710556030273438, -14.209931373596191, -13.436159133911133, -13.948680877685547, -15.887516021728516, -12.508005142211914]","[50259, 50359, 50363, 509, 1128, 1568, 5346, 7297, 436, 3991, 2973, 3366, 5742, 2736, 633]",15,1.155,unknown
pcm_m_PT1M3_ev_read_542,whisper-small, Schooling is an attempt to learn and prepare for the future.,-inf,-inf,"[-14.354612350463867, -Infinity, -16.565410614013672, -19.777612686157227, -17.50594711303711, -12.002549171447754, -12.660133361816406, -13.362292289733887, -6.158987045288086, -18.754018783569336, -11.759079933166504, -18.938859939575195, -9.79999828338623, -10.632004737854004]","[50259, 50359, 50363, 5070, 278, 307, 364, 5217, 281, 1466, 293, 5940, 337, 264]",14,1.081,unknown
pcm_m_PT1M3_ev_read_563,whisper-small," I get friends who play keyboard and nobody teach them, not just their hard work keep them.",-inf,-inf,"[-15.213248252868652, -Infinity, -15.334485054016113, -11.318492889404297, -7.308979511260986, -14.588240623474121, -9.418516159057617, -10.234430313110352, -13.807820320129395, -6.777512073516846, -10.96798038482666, -14.646931648254395, -10.387825965881348, -7.885894775390625, -12.197943687438965, -14.081189155578613, -10.739631652832031, -13.890376091003418, -12.02469539642334, -14.259859085083008]","[50259, 50359, 50363, 286, 483, 1855, 567, 862, 10186, 293, 5079, 2924, 552, 11, 406, 445, 641, 1152, 589, 1066]",20,1.327,unknown
pcm_m_PT1M4_ev_read_001,whisper-small," Using folders for documents, they help me find things quickly when I need them.",-inf,-inf,"[-12.644523620605469, -Infinity, -17.006078720092773, -15.804826736450195, -19.34626007080078, -13.014355659484863, -17.162826538085938, -10.509653091430664, -13.388442039489746, -14.380547523498535, -14.14095401763916, -14.516940116882324, -13.519768714904785, -17.751150131225586, -12.755271911621094, -10.589510917663574, -15.13485050201416]","[50259, 50359, 50363, 11142, 31082, 337, 8512, 11, 436, 854, 385, 915, 721, 2661, 562, 286, 643]",17,1.244,unknown
pcm_m_PT1M4_ev_read_011,whisper-small," Once the children come back for evening, they go and do their homework.",-inf,-inf,"[-13.99682331085205, -Infinity, -16.274066925048828, -17.4027042388916, -11.504404067993164, -15.581212043762207, -11.330673217773438, -11.00223159790039, -11.60084056854248, -20.724035263061523, -2.2548346519470215, -2.147745132446289, -12.525579452514648, -14.006020545959473, -13.59054946899414, -12.256348609924316]","[50259, 50359, 50363, 3443, 264, 2227, 808, 646, 337, 5634, 11, 436, 352, 293, 360, 641]",16,1.157,unknown
pcm_m_PT1M4_ev_read_072,whisper-small, I just did check where I saved money from this list.,-inf,-inf,"[-15.894502639770508, -Infinity, -12.320111274719238, -8.058056831359863, -11.51630973815918, -7.653536796569824, -10.01950454711914, -13.454767227172852, -9.525941848754883, -15.311768531799316, -14.252909660339355, -10.668197631835938, -11.130698204040527]","[50259, 50359, 50363, 286, 445, 630, 1520, 689, 286, 6624, 1460, 490, 341]",13,0.985,unknown
pcm_m_PT1M4_ev_read_094,whisper-small, I did check on my elderly family members regularly to ensure see them do okay.,-inf,-inf,"[-15.604965209960938, -Infinity, -17.211185455322266, -10.765863418579102, -15.142040252685547, -13.472469329833984, -12.131345748901367, -14.38720417022705, -15.508655548095703, -16.273197174072266, -19.299060821533203, -14.853796005249023, -8.896002769470215, -14.10362434387207, -10.301826477050781, -12.295799255371094, -14.006068229675293]","[50259, 50359, 50363, 286, 630, 1520, 322, 452, 19682, 1605, 2679, 11672, 281, 5586, 536, 552, 360]",17,1.2,unknown
pcm_m_PT1M4_ev_read_403,whisper-small, ISE is my picking daily for the rendition they go to.,-inf,-inf,"[-9.428067207336426, -Infinity, -10.903806686401367, -8.519661903381348, -16.485393524169922, -7.811043739318848, -10.015962600708008, -14.928826332092285, -10.340124130249023, -14.310163497924805, -3.8940176963806152, -16.474899291992188, -17.59251594543457, -10.306593894958496, -12.258100509643555]","[50259, 50359, 50363, 286, 5879, 307, 452, 8867, 5212, 337, 264, 6125, 849, 436, 352]",15,1.071,unknown
pcm_m_PT1M4_ev_read_466,whisper-small," To get shared experience with other people, we need to spend time with them through hobbies and other things.",-inf,-inf,"[-12.631427764892578, -Infinity, -15.887834548950195, -14.828958511352539, -13.013579368591309, -13.152372360229492, -16.00479507446289, -9.000365257263184, -14.661750793457031, -15.012081146240234, -8.532015800476074, -10.080096244812012, -11.93975830078125, -6.774264335632324, -9.276946067810059, -12.557594299316406, -12.588582992553711, -12.984603881835938, -10.071958541870117, -9.809338569641113, -7.847239971160889, -14.322153091430664]","[50259, 50359, 50363, 1407, 483, 5507, 1752, 365, 661, 561, 11, 321, 643, 281, 3496, 565, 365, 552, 807, 35750, 293, 661]",22,1.457,unknown
pcm_m_PT1M4_ev_read_589,whisper-small, Now my first time for aeroplane bidis waiting. I enjoy past bidding sky view,-inf,-inf,"[-14.274054527282715, -Infinity, -16.383974075317383, -14.357169151306152, -12.276567459106445, -13.606467247009277, -18.031715393066406, -18.0318660736084, -12.121891021728516, -16.797935485839844, -14.780730247497559, -17.01631736755371, -18.1295166015625, -17.1286678314209, -6.04429817199707, -7.953320026397705, -12.300335884094238, -16.25904083251953, -19.417985916137695]","[50259, 50359, 50363, 823, 452, 700, 565, 337, 11207, 33224, 1929, 12957, 271, 3806, 13, 286, 2103, 1791, 39702]",19,1.302,unknown
pcm_m_PT2M1_ev_read_343,whisper-small, Evening classes are deflexible as per some way they work.,-inf,-inf,"[-15.562865257263184, -Infinity, -13.532864570617676, -14.490896224975586, -13.926466941833496, -13.791215896606445, -15.028993606567383, -17.777206420898438, -15.546339988708496, -16.982622146606445, -9.49767017364502, -14.119088172912598, -15.460235595703125, -10.352529525756836, -7.512204170227051]","[50259, 50359, 50363, 2754, 278, 5359, 366, 1060, 2021, 964, 382, 680, 512, 636, 436]",15,1.286,unknown
pcm_m_PT2M1_ev_read_345,whisper-small," Some career-oriented courses, they need certificate and experience to practice.",-inf,-inf,"[-14.140778541564941, -Infinity, -15.241803169250488, -17.01171875, -11.558781623840332, -6.783046245574951, -17.970401763916016, -19.007234573364258, -7.918678283691406, -9.985054969787598, -15.761665344238281, -15.39033031463623, -11.569679260253906, -12.876556396484375, -11.50766372680664]","[50259, 50359, 50363, 2188, 3988, 12, 27414, 7712, 11, 436, 643, 15953, 293, 1752, 281]",15,1.071,unknown
pcm_m_PT2M2_ev_read_516,whisper-small, Our students need to read again. Let's put them take the right exam.,-inf,-inf,"[-13.554184913635254, -Infinity, -13.02811336517334, -15.153459548950195, -16.275096893310547, -13.625874519348145, -4.872465133666992, -14.300887107849121, -13.222723007202148, -9.300708770751953, -15.140131950378418, -10.651466369628906, -15.597237586975098, -12.73318099975586, -14.365974426269531, -11.035566329956055, -14.130097389221191]","[50259, 50359, 50363, 2621, 1731, 643, 281, 1401, 797, 13, 961, 311, 829, 552, 747, 264, 558]",17,1.155,unknown
pcm_m_PT2M3_ev_read_181,whisper-small, I join community clean off every time where I volunteer to make the area better.,-inf,-inf,"[-13.905433654785156, -Infinity, -15.419819831848145, -9.42205810546875, -16.236534118652344, -15.262569427490234, -11.763273239135742, -14.106134414672852, -13.542861938476562, -17.259334564208984, -11.507353782653809, -11.762284278869629, -17.022661209106445, -13.380057334899902, -11.516867637634277, -11.09290599822998, -14.507218360900879]","[50259, 50359, 50363, 286, 3917, 1768, 2541, 766, 633, 565, 689, 286, 13835, 281, 652, 264, 1859]",17,1.242,unknown
pcm_m_PT2M3_ev_read_459,whisper-small, Try to do it with the wash every day. No go ever smell bad.,-inf,-inf,"[-14.224785804748535, -Infinity, -12.775751113891602, -13.88702392578125, -6.653019905090332, -10.767739295959473, -12.123220443725586, -10.460393905639648, -11.25268840789795, -14.40053653717041, -13.852599143981934, -10.500101089477539, -7.375043869018555, -13.768394470214844, -11.187652587890625, -13.641908645629883, -14.575352668762207]","[50259, 50359, 50363, 6526, 281, 360, 309, 365, 264, 5675, 633, 786, 13, 883, 352, 1562, 4316]",17,1.2,unknown
pcm_m_PT3M1_ev_read_070,whisper-small, In the Cospace in Better Trouble and Wahala for the community.,-inf,-inf,"[-15.528371810913086, -Infinity, -11.911022186279297, -14.401628494262695, -9.01701545715332, -15.716934204101562, -15.398938179016113, -14.679893493652344, -16.734495162963867, -14.130451202392578, -14.359703063964844, -8.300285339355469, -15.6553373336792, -16.07059097290039, -10.907732009887695, -10.505841255187988]","[50259, 50359, 50363, 682, 264, 15855, 17940, 294, 15753, 1765, 33147, 293, 24598, 5159, 337, 264]",16,1.204,unknown
pcm_m_PT3M1_ev_read_144,whisper-small, I will just compromise make my family members resolve this conflict,-inf,-inf,"[-15.495996475219727, -Infinity, -16.26072120666504, -11.474132537841797, -9.883679389953613, -13.513124465942383, -17.06644058227539, -11.638898849487305, -12.915024757385254, -16.777883529663086, -19.006752014160156, -18.401735305786133]","[50259, 50359, 50363, 286, 486, 445, 18577, 652, 452, 1605, 2679, 14151]",12,1.025,unknown
pcm_m_PT3M1_ev_read_333,whisper-small, I won't go hangouts with my friends for our usual sport.,-inf,-inf,"[-14.242656707763672, -Infinity, -17.25553321838379, -11.947253227233887, -14.81131362915039, -15.078577995300293, -16.005643844604492, -15.636930465698242, -16.262880325317383, -7.280248165130615, -7.395105361938477, -11.71180534362793, -10.311867713928223, -13.651067733764648, -17.569501876831055]","[50259, 50359, 50363, 286, 1582, 380, 352, 3967, 7711, 365, 452, 1855, 337, 527, 7713]",15,1.072,unknown
pcm_m_PT3M1_ev_read_380,whisper-small, Life too precious. I know if you think of taking my life again.,-inf,-inf,"[-11.563811302185059, -Infinity, -16.230403900146484, -11.857389450073242, -15.08652114868164, -20.62024688720703, -8.143781661987305, -6.5479607582092285, -10.643186569213867, -7.825634479522705, -8.400673866271973, -15.522154808044434, -14.002260208129883, -15.256752014160156, -9.964622497558594, -10.896611213684082]","[50259, 50359, 50363, 7720, 886, 12406, 13, 286, 458, 498, 291, 519, 295, 1940, 452, 993]",16,1.125,unknown
pcm_m_PT3M1_ev_read_403,whisper-small," You just saved my life. Person like you, they come once in century.",-inf,-inf,"[-13.399239540100098, -Infinity, -16.754531860351562, -16.503154754638672, -13.627811431884766, -15.844921112060547, -13.30642032623291, -8.153485298156738, -10.25637435913086, -14.988746643066406, -12.23833179473877, -10.722304344177246, -3.926999568939209, -4.820528507232666, -12.534608840942383, -11.771734237670898, -11.389373779296875]","[50259, 50359, 50363, 509, 445, 6624, 452, 993, 13, 8443, 411, 291, 11, 436, 808, 1564, 294]",17,1.247,unknown
pcm_m_PT3M1_ev_read_411,whisper-small," If you can't watch performance, apply the effort of the performance.",-inf,-inf,"[-15.342387199401855, -Infinity, -13.935766220092773, -14.184035301208496, -9.015161514282227, -11.108675956726074, -12.64737606048584, -7.735185146331787, -9.145194053649902, -12.156575202941895, -13.27839183807373, -0.0420682430267334, -11.583168983459473, -8.805353164672852, -11.25549030303955]","[50259, 50359, 50363, 759, 291, 393, 380, 1159, 3389, 11, 3079, 264, 4630, 295, 264]",15,1.199,unknown
pcm_m_PT3M1_ev_read_446,whisper-small, Traveling fit makers understand people by our self instead of waiting we hear.,-inf,-inf,"[-13.570643424987793, -Infinity, -11.904712677001953, -13.813822746276855, -16.112062454223633, -12.630300521850586, -15.997039794921875, -13.911462783813477, -11.899640083312988, -10.416105270385742, -9.254435539245605, -14.872611045837402, -12.505255699157715, -14.414381980895996, -15.43718147277832, -9.57220458984375]","[50259, 50359, 50363, 20610, 278, 3318, 19323, 1223, 561, 538, 527, 2698, 2602, 295, 3806, 321]",16,1.241,unknown
pcm_m_PT3M2_ev_read_027,whisper-small," If you notice why I don't cut, call electrician.",-inf,-inf,"[-13.349821090698242, -Infinity, -14.02467155456543, -11.371566772460938, -7.971110820770264, -13.444326400756836, -18.5079345703125, -8.121092796325684, -10.985623359680176, -15.153579711914062, -11.055058479309082, -11.567912101745605, -12.976717948913574, -15.693794250488281]","[50259, 50359, 50363, 759, 291, 3449, 983, 286, 500, 380, 1723, 11, 818, 5210]",14,1.113,unknown
pcm_m_PT3M2_ev_read_075,whisper-small, Use generator with sense. Know the on-arm anyhow unless it is important.,-inf,-inf,"[-12.341757774353027, -Infinity, -12.553744316101074, -11.803899765014648, -16.01348114013672, -10.659850120544434, -17.82111167907715, -8.53486442565918, -13.020649909973145, -12.87446403503418, -8.257424354553223, -8.060602188110352, -13.268708229064941, -13.872483253479004, -16.400815963745117, -9.528636932373047, -12.507367134094238]","[50259, 50359, 50363, 8278, 19265, 365, 2020, 13, 10265, 264, 322, 12, 4452, 44995, 5969, 309, 307]",17,1.206,unknown
pcm_m_PT3M2_ev_read_141,whisper-small," Blue, French, Fishy, Khan, Ainyan, but strangers go just north and waka.",-inf,-inf,"[-12.53526782989502, -Infinity, -11.18708324432373, -14.030256271362305, -10.430427551269531, -11.605011940002441, -0.1563362181186676, -8.345175743103027, -9.58358383178711, -7.394665718078613, -10.48699951171875, -12.522340774536133, -10.505922317504883, -16.24378776550293, -15.340760231018066, -1.9842278957366943, -12.644679069519043, -14.136138916015625, -11.57420539855957, -9.291047096252441, -16.603355407714844, -8.088383674621582, -13.008394241333008]","[50259, 50359, 50363, 8510, 11, 5522, 11, 18096, 88, 11, 18136, 11, 316, 3519, 282, 11, 457, 22724, 352, 445, 6830, 293, 261]",23,1.417,unknown
