ref_word,hyp_word,sample_id,model_id,accent_background
finsh,finish,pcm_f_PAGS1F7_ag_spontaneous_122,naija-finetuned,yoruba
flat,flat-flat,pcm_f_PAGT1F10_ag_spontaneous_237,naija-finetuned,igbo
[um],um,pcm_f_PAGT1F12_ag_spontaneous_033,naija-finetuned,igbo
rain,raincalling,pcm_f_PAGT1F12_ag_spontaneous_033,naija-finetuned,igbo
[um],um,pcm_f_PAGT1F12_ag_spontaneous_033,naija-finetuned,igbo
[um],um,pcm_f_PAGT1F12_ag_spontaneous_198,naija-finetuned,igbo
[um],um,pcm_f_PAGT1F12_ag_spontaneous_198,naija-finetuned,igbo
con,corn,pcm_f_PAGT1F13_ag_spontaneous_324,naija-finetuned,igbo
con,corn,pcm_f_PAGT1F13_ag_spontaneous_324,naija-finetuned,igbo
momo,mor.,pcm_f_PAGT1F13_ag_spontaneous_324,naija-finetuned,igbo
[um],um,pcm_f_PAGT1F18_ag_spontaneous_083,naija-finetuned,igbo
slowly,slowly.,pcm_f_PAGT1F26_ag_spontaneous_300,naija-finetuned,igbo
hoe,hold,pcm_f_PAGT1F78_ag_spontaneous_376,naija-finetuned,igbo
soybean,beans,pcm_f_PAGT2F49_ag_spontaneous_293,naija-finetuned,igbo
fees,fee,pcm_f_PBUT2F12_bu_spontaneous_545,naija-finetuned,igbo
dey,de,pcm_f_PECS1F16_ev_spontaneous_193,naija-finetuned,yoruba
dey,de,pcm_f_PECS1F16_ev_spontaneous_193,naija-finetuned,yoruba
[um],um,pcm_f_PECS1F18_ev_spontaneous_375,naija-finetuned,yoruba
[um],um,pcm_f_PECS1F18_ev_spontaneous_375,naija-finetuned,yoruba
their,dia,pcm_f_PECS1F18_ev_spontaneous_375,naija-finetuned,yoruba
loose,lose.,pcm_f_PECS1F18_ev_spontaneous_375,naija-finetuned,yoruba
age;,"age,",pcm_f_PECS1F22_ev_spontaneous_456,naija-finetuned,yoruba
"interest,",interest,pcm_f_PECS1F22_ev_spontaneous_456,naija-finetuned,yoruba
learn.,learn,pcm_f_PECS1F22_ev_spontaneous_456,naija-finetuned,yoruba
depression,pressure.,pcm_f_PECS1F25_ev_spontaneous_128,naija-finetuned,yoruba
monie,money,pcm_f_PECS1F25_ev_spontaneous_395,naija-finetuned,yoruba
monie.,moni,pcm_f_PECS1F25_ev_spontaneous_395,naija-finetuned,yoruba
"arrival,",arrival,pcm_f_PECS1F27_ev_spontaneous_293,naija-finetuned,yoruba
o,oo,pcm_f_PECS1F28_ev_spontaneous_267,naija-finetuned,yoruba
[um],dey,pcm_f_PECS1F29_ev_spontaneous_245,naija-finetuned,yoruba
healthy,healthy.,pcm_f_PECS1F29_ev_spontaneous_245,naija-finetuned,yoruba
them,dem,pcm_f_PECS1F30_ev_spontaneous_199,naija-finetuned,yoruba
do,"do,",pcm_f_PECS1F30_ev_spontaneous_387,naija-finetuned,yoruba
small,small.,pcm_f_PECS1F30_ev_spontaneous_387,naija-finetuned,yoruba
too,too.,pcm_f_PECS1F35_ev_spontaneous_358,naija-finetuned,yoruba
perosn,person,pcm_f_PECS1F38_ev_spontaneous_085,naija-finetuned,yoruba
dey,de,pcm_f_PECS1F38_ev_spontaneous_085,naija-finetuned,yoruba
perosn,person,pcm_f_PECS1F38_ev_spontaneous_085,naija-finetuned,yoruba
dey,de,pcm_f_PECS1F38_ev_spontaneous_085,naija-finetuned,yoruba
dey,de,pcm_f_PECS1F38_ev_spontaneous_085,naija-finetuned,yoruba
pipu,pipo,pcm_f_PECS1F38_ev_spontaneous_319,naija-finetuned,yoruba
"naija,",naija,pcm_f_PECS1F38_ev_spontaneous_319,naija-finetuned,yoruba
[um],ehm,pcm_f_PECS1F38_ev_spontaneous_319,naija-finetuned,yoruba
to,too,pcm_f_PECS1F38_ev_spontaneous_319,naija-finetuned,yoruba
match,much,pcm_f_PECS1F38_ev_spontaneous_319,naija-finetuned,yoruba
[um],erm,pcm_f_PECS1F38_ev_spontaneous_319,naija-finetuned,yoruba
to,too,pcm_f_PECS1F38_ev_spontaneous_319,naija-finetuned,yoruba
match,much,pcm_f_PECS1F38_ev_spontaneous_319,naija-finetuned,yoruba
[um],ehm,pcm_f_PECS1F38_ev_spontaneous_319,naija-finetuned,yoruba
they,dey,pcm_f_PECS1F39_ev_spontaneous_093,naija-finetuned,yoruba
where,wey,pcm_f_PECS1F39_ev_spontaneous_093,naija-finetuned,yoruba
he,him,pcm_f_PECS1F39_ev_spontaneous_093,naija-finetuned,yoruba
their,dia,pcm_f_PECS1F39_ev_spontaneous_253,naija-finetuned,yoruba
of,for,pcm_f_PECS1F39_ev_spontaneous_292,naija-finetuned,yoruba
dia,their,pcm_f_PECS1F39_ev_spontaneous_292,naija-finetuned,yoruba
neigbhors,neighbors,pcm_f_PECS1F39_ev_spontaneous_292,naija-finetuned,yoruba
arts,art,pcm_f_PECS1F40_ev_spontaneous_018,naija-finetuned,yoruba
skool.,school,pcm_f_PECS1F40_ev_spontaneous_018,naija-finetuned,yoruba
every,everytime.,pcm_f_PECS1F40_ev_spontaneous_359,naija-finetuned,yoruba
"evening,",evening,pcm_f_PECS1F41_ev_spontaneous_500,naija-finetuned,yoruba
"phone,",phone,pcm_f_PECS1F41_ev_spontaneous_589,naija-finetuned,yoruba
[um],think,pcm_f_PECS1F44_ev_spontaneous_559,naija-finetuned,yoruba
we,you,pcm_f_PECS1F47_ev_spontaneous_156,naija-finetuned,yoruba
community,"community,",pcm_f_PECS1F47_ev_spontaneous_156,naija-finetuned,yoruba
de,di,pcm_f_PECS1F47_ev_spontaneous_156,naija-finetuned,yoruba
uses,use,pcm_f_PECS1F50_ev_spontaneous_175,naija-finetuned,yoruba
services,service.,pcm_f_PECS1F50_ev_spontaneous_175,naija-finetuned,yoruba
well.,well,pcm_f_PECS1F51_ev_spontaneous_056,naija-finetuned,yoruba
"together,",together,pcm_f_PECS1F51_ev_spontaneous_332,naija-finetuned,yoruba
receipt,receipts,pcm_f_PECS1F51_ev_spontaneous_332,naija-finetuned,yoruba
each,"each,",pcm_f_PECS1F51_ev_spontaneous_360,naija-finetuned,yoruba
loose,lose,pcm_f_PECS1F53_ev_spontaneous_359,naija-finetuned,yoruba
person,pesin,pcm_f_PECS1F53_ev_spontaneous_536,naija-finetuned,yoruba
them,dem,pcm_f_PECS1F54_ev_spontaneous_043,naija-finetuned,yoruba
behaviour,behavior,pcm_f_PECS1F54_ev_spontaneous_043,naija-finetuned,yoruba
influence,influence.,pcm_f_PECS1F54_ev_spontaneous_043,naija-finetuned,yoruba
route,"route,",pcm_f_PECS1F55_ev_spontaneous_287,naija-finetuned,yoruba
[um],um,pcm_f_PECS1F55_ev_spontaneous_401,naija-finetuned,yoruba
[um],um,pcm_f_PECS1F55_ev_spontaneous_401,naija-finetuned,yoruba
[um],dey,pcm_f_PECS1F55_ev_spontaneous_401,naija-finetuned,yoruba
traveling,travelling,pcm_f_PECS1F55_ev_spontaneous_519,naija-finetuned,yoruba
friend,friends,pcm_f_PECS1F55_ev_spontaneous_519,naija-finetuned,yoruba
your,you.,pcm_f_PECS1F55_ev_spontaneous_519,naija-finetuned,yoruba
house,house.,pcm_f_PECS1F56_ev_spontaneous_164,naija-finetuned,yoruba
"""hapi",hapi,pcm_f_PECS1F56_ev_spontaneous_238,naija-finetuned,yoruba
this,dis,pcm_f_PECS1F56_ev_spontaneous_238,naija-finetuned,yoruba
"us""",us.,pcm_f_PECS1F56_ev_spontaneous_238,naija-finetuned,yoruba
"enugu,",enugu,pcm_f_PECS1F56_ev_spontaneous_279,naija-finetuned,yoruba
"enugu,",enigu,pcm_f_PECS1F56_ev_spontaneous_279,naija-finetuned,yoruba
do,don,pcm_f_PECS1F56_ev_spontaneous_279,naija-finetuned,yoruba
pesin,person,pcm_f_PECS1F59_ev_spontaneous_594,naija-finetuned,yoruba
judge.,judge,pcm_f_PECS1F59_ev_spontaneous_594,naija-finetuned,yoruba
house.,"house,",pcm_f_PECS1F5_ev_spontaneous_334,naija-finetuned,yoruba
studyrest,rest,pcm_f_PECS1F70_ev_spontaneous_129,naija-finetuned,yoruba
over,overspend,pcm_f_PECS1F71_ev_spontaneous_013,naija-finetuned,yoruba
[um],um,pcm_f_PECS1F71_ev_spontaneous_490,naija-finetuned,yoruba
choke,chokro,pcm_f_PECS1F71_ev_spontaneous_490,naija-finetuned,yoruba
nor,no,pcm_f_PECS1F73_ev_spontaneous_440,naija-finetuned,yoruba
[um],um,pcm_f_PECS1F73_ev_spontaneous_440,naija-finetuned,yoruba
tink,think,pcm_f_PECS1F76_ev_spontaneous_076,naija-finetuned,yoruba
[um],ehm,pcm_f_PECS1F76_ev_spontaneous_076,naija-finetuned,yoruba
gud,good,pcm_f_PECS1F76_ev_spontaneous_076,naija-finetuned,yoruba
safe,na,pcm_f_PECS1F76_ev_spontaneous_076,naija-finetuned,yoruba
[um],wah,pcm_f_PECS1F76_ev_spontaneous_076,naija-finetuned,yoruba
jus,just,pcm_f_PECS1F76_ev_spontaneous_076,naija-finetuned,yoruba
[?],ehm,pcm_f_PECS1F76_ev_spontaneous_076,naija-finetuned,yoruba
kukuma,hukuma,pcm_f_PECS1F76_ev_spontaneous_076,naija-finetuned,yoruba
am,am.,pcm_f_PECS1F76_ev_spontaneous_076,naija-finetuned,yoruba
obodo,ogbodo,pcm_f_PECS1F79_ev_spontaneous_532,naija-finetuned,yoruba
respekt,respect,pcm_f_PECS1F79_ev_spontaneous_532,naija-finetuned,yoruba
wella,wella.,pcm_f_PECS1F79_ev_spontaneous_532,naija-finetuned,yoruba
person,persin,pcm_f_PECS1F79_ev_spontaneous_603,naija-finetuned,yoruba
love,lose,pcm_f_PECS1F79_ev_spontaneous_603,naija-finetuned,yoruba
health,healthcare,pcm_f_PECS1F7_ev_spontaneous_264,naija-finetuned,yoruba
care,facilities,pcm_f_PECS1F7_ev_spontaneous_264,naija-finetuned,yoruba
health,health.,pcm_f_PECS1F7_ev_spontaneous_264,naija-finetuned,yoruba
[um],hmmm,pcm_f_PECS1F9_ev_spontaneous_543,naija-finetuned,yoruba
[um],ehm,pcm_f_PECS1F9_ev_spontaneous_543,naija-finetuned,yoruba
[um],hmmm,pcm_f_PECS1F9_ev_spontaneous_543,naija-finetuned,yoruba
dia,their,pcm_f_PECS1F9_ev_spontaneous_553,naija-finetuned,yoruba
pointsbased,pointbased,pcm_f_PECT1F105_ev_spontaneous_277,naija-finetuned,igbo
[um],um,pcm_f_PECT1F105_ev_spontaneous_277,naija-finetuned,igbo
[um],um,pcm_f_PECT1F116_ev_spontaneous_380,naija-finetuned,igbo
you,use,pcm_f_PECT1F125_ev_spontaneous_044,naija-finetuned,igbo
[um],um,pcm_f_PECT1F130_ev_spontaneous_571,naija-finetuned,igbo
telegram,peligam,pcm_f_PECT1F142_ev_spontaneous_481,naija-finetuned,igbo
mangione,manjion,pcm_f_PECT1F148_ev_spontaneous_386,naija-finetuned,igbo
truecar,car,pcm_f_PECT1F148_ev_spontaneous_386,naija-finetuned,igbo
dey,de,pcm_f_PECT1F14_ev_spontaneous_557,naija-finetuned,igbo
dose,those,pcm_f_PECT1F150_ev_spontaneous_351,naija-finetuned,igbo
di,d,pcm_f_PECT1F150_ev_spontaneous_351,naija-finetuned,igbo
and,or,pcm_f_PECT1F150_ev_spontaneous_351,naija-finetuned,igbo
[um],um,pcm_f_PECT1F157_ev_spontaneous_182,naija-finetuned,igbo
perosn,person,pcm_f_PECT1F160_ev_spontaneous_325,naija-finetuned,igbo
mysef,myself,pcm_f_PECT1F161_ev_spontaneous_521,naija-finetuned,igbo
wit,with,pcm_f_PECT1F161_ev_spontaneous_521,naija-finetuned,igbo
action,actions,pcm_f_PECT1F166_ev_spontaneous_114,naija-finetuned,igbo
ecowas,ekobas,pcm_f_PECT1F166_ev_spontaneous_188,naija-finetuned,igbo
be,bi,pcm_f_PECT1F166_ev_spontaneous_188,naija-finetuned,igbo
im,a,pcm_f_PECT1F168_ev_spontaneous_312,naija-finetuned,igbo
enta,enter,pcm_f_PECT1F191_ev_spontaneous_277,naija-finetuned,igbo
practice,parties,pcm_f_PECT1F192_ev_spontaneous_544,naija-finetuned,igbo
totally,total,pcm_f_PECT1F20_ev_spontaneous_264,naija-finetuned,igbo
goment.,government.,pcm_f_PECT1F20_ev_spontaneous_264,naija-finetuned,igbo
evribody.,everybodi.,pcm_f_PECT1F26_ev_spontaneous_541,naija-finetuned,igbo
everyting,day,pcm_f_PECT1F2_ev_spontaneous_209,naija-finetuned,igbo
kingsley,ginsley,pcm_f_PECT1F2_ev_spontaneous_584,naija-finetuned,igbo
terapi,therapy,pcm_f_PECT1F3_ev_spontaneous_457,naija-finetuned,igbo
he,e,pcm_f_PECT1F45_ev_spontaneous_106,naija-finetuned,igbo
[um],um,pcm_f_PECT1F47_ev_spontaneous_566,naija-finetuned,igbo
[um],um,pcm_f_PECT1F47_ev_spontaneous_566,naija-finetuned,igbo
[um],um,pcm_f_PECT1F47_ev_spontaneous_566,naija-finetuned,igbo
farm,fan,pcm_f_PECT1F47_ev_spontaneous_566,naija-finetuned,igbo
sounds,sand,pcm_f_PECT1F56_ev_spontaneous_184,naija-finetuned,igbo
wen,when,pcm_f_PECT1F56_ev_spontaneous_184,naija-finetuned,igbo
[um],birds,pcm_f_PECT1F56_ev_spontaneous_184,naija-finetuned,igbo
bird,and,pcm_f_PECT1F56_ev_spontaneous_184,naija-finetuned,igbo
and,crickets,pcm_f_PECT1F56_ev_spontaneous_184,naija-finetuned,igbo
cricket,bin,pcm_f_PECT1F56_ev_spontaneous_184,naija-finetuned,igbo
begin,get,pcm_f_PECT1F56_ev_spontaneous_184,naija-finetuned,igbo
nite,night,pcm_f_PECT1F56_ev_spontaneous_184,naija-finetuned,igbo
rest,rest.,pcm_f_PECT1F6_ev_spontaneous_021,naija-finetuned,igbo
been,bin,pcm_f_PECT2F15_ev_spontaneous_139,naija-finetuned,igbo
animals,animal,pcm_f_PECT2F15_ev_spontaneous_139,naija-finetuned,igbo
volunteers,volunteer,pcm_f_PECT2F15_ev_spontaneous_139,naija-finetuned,igbo
animals,animal,pcm_f_PECT2F15_ev_spontaneous_139,naija-finetuned,igbo
been,bin,pcm_f_PECT2F15_ev_spontaneous_235,naija-finetuned,igbo
money,moni,pcm_f_PECT2F15_ev_spontaneous_235,naija-finetuned,igbo
sports,sport,pcm_f_PECT2F24_ev_spontaneous_621,naija-finetuned,igbo
kodwa,khodua,pcm_f_PECT2F24_ev_spontaneous_621,naija-finetuned,igbo
"""saddened",sadden,pcm_f_PECT2F24_ev_spontaneous_621,naija-finetuned,igbo
cut,cause,pcm_f_PECT2F24_ev_spontaneous_621,naija-finetuned,igbo
short,shots,pcm_f_PECT2F24_ev_spontaneous_621,naija-finetuned,igbo
"crime"".",crime.,pcm_f_PECT2F24_ev_spontaneous_621,naija-finetuned,igbo
with,wit,pcm_f_PECT2F26_ev_spontaneous_445,naija-finetuned,igbo
holoday,holiday,pcm_f_PECT2F41_ev_spontaneous_437,naija-finetuned,igbo
[um],um,pcm_f_PECT2F41_ev_spontaneous_437,naija-finetuned,igbo
[um],um,pcm_f_PECT2F41_ev_spontaneous_437,naija-finetuned,igbo
with,wit,pcm_f_PECT2F41_ev_spontaneous_437,naija-finetuned,igbo
[um],um,pcm_f_PECT2F41_ev_spontaneous_437,naija-finetuned,igbo
[um],um,pcm_f_PHTT1F11_he_spontaneous_555,naija-finetuned,hausa
[um],um,pcm_f_PHTT1F11_he_spontaneous_555,naija-finetuned,hausa
[um],um,pcm_f_PHTT1F14_he_spontaneous_399,naija-finetuned,hausa
many,many-many,pcm_f_PHTT1F17_he_spontaneous_320,naija-finetuned,hausa
diseases,disease,pcm_f_PHTT1F17_he_spontaneous_320,naija-finetuned,hausa
pesin,person,pcm_f_PHTT1F17_he_spontaneous_320,naija-finetuned,hausa
plenti,plenty.,pcm_f_PHTT1F17_he_spontaneous_320,naija-finetuned,hausa
dey,e,pcm_f_PHTT1F18_he_spontaneous_435,naija-finetuned,hausa
her,how,pcm_f_PHTT1F18_he_spontaneous_435,naija-finetuned,hausa
her.,her,pcm_f_PHTT1F18_he_spontaneous_435,naija-finetuned,hausa
rest,rest.,pcm_f_PHTT1F18_he_spontaneous_593,naija-finetuned,hausa
been,bin,pcm_f_PHTT1F19_he_spontaneous_219,naija-finetuned,hausa
been,bin,pcm_f_PHTT1F19_he_spontaneous_219,naija-finetuned,hausa
fast,fast.,pcm_f_PHTT1F19_he_spontaneous_219,naija-finetuned,hausa
de,dey,pcm_f_PHTT1F21_he_spontaneous_395,naija-finetuned,hausa
de,dey,pcm_f_PHTT1F21_he_spontaneous_395,naija-finetuned,hausa
them,dem,pcm_f_PHTT1F21_he_spontaneous_395,naija-finetuned,hausa
fine,find,pcm_f_PHTT1F21_he_spontaneous_395,naija-finetuned,hausa
other,oda,pcm_f_PHTT1F21_he_spontaneous_395,naija-finetuned,hausa
sum,some,pcm_f_PHTT1F23_he_spontaneous_256,naija-finetuned,hausa
[um],ehm,pcm_f_PHTT1F23_he_spontaneous_256,naija-finetuned,hausa
[?],ehm,pcm_f_PHTT1F23_he_spontaneous_256,naija-finetuned,hausa
[um],anything.,pcm_f_PHTT1F23_he_spontaneous_256,naija-finetuned,hausa
no,nobody,pcm_f_PHTT1F23_he_spontaneous_352,naija-finetuned,hausa
beta,better,pcm_f_PHTT1F23_he_spontaneous_352,naija-finetuned,hausa
them,dem,pcm_f_PHTT1F23_he_spontaneous_449,naija-finetuned,hausa
them,dem,pcm_f_PHTT1F23_he_spontaneous_449,naija-finetuned,hausa
on,ontop,pcm_f_PHTT1F23_he_spontaneous_449,naija-finetuned,hausa
wen,wey,pcm_f_PHTT1F23_he_spontaneous_449,naija-finetuned,hausa
stopplenty,plenty,pcm_f_PHTT1F23_he_spontaneous_449,naija-finetuned,hausa
am.,am,pcm_f_PHTT1F23_he_spontaneous_449,naija-finetuned,hausa
days,this,pcm_f_PHTT1F23_he_spontaneous_452,naija-finetuned,hausa
am.,am,pcm_f_PHTT1F23_he_spontaneous_452,naija-finetuned,hausa
[um],eh,pcm_f_PHTT1F24_he_spontaneous_364,naija-finetuned,hausa
[um],sha,pcm_f_PHTT1F24_he_spontaneous_364,naija-finetuned,hausa
de,the,pcm_f_PHTT1F25_he_spontaneous_193,naija-finetuned,hausa
sayvillage,village,pcm_f_PHTT1F25_he_spontaneous_193,naija-finetuned,hausa
plenti,plenty,pcm_f_PHTT1F25_he_spontaneous_193,naija-finetuned,hausa
want,wan,pcm_f_PHTT1F31_he_spontaneous_164,naija-finetuned,hausa
am--,am,pcm_f_PHTT1F31_he_spontaneous_164,naija-finetuned,hausa
drug.,drug,pcm_f_PHTT1F32_he_spontaneous_123,naija-finetuned,hausa
[um],um,pcm_f_PHTT1F32_he_spontaneous_123,naija-finetuned,hausa
dey,de,pcm_f_PHTT1F32_he_spontaneous_123,naija-finetuned,hausa
u,you,pcm_f_PHTT1F32_he_spontaneous_409,naija-finetuned,hausa
u,you,pcm_f_PHTT1F32_he_spontaneous_409,naija-finetuned,hausa
belief,believe,pcm_f_PHTT1F32_he_spontaneous_409,naija-finetuned,hausa
pesin,person,pcm_f_PHTT1F32_he_spontaneous_409,naija-finetuned,hausa
beta,better,pcm_f_PHTT1F32_he_spontaneous_409,naija-finetuned,hausa
every,everyday,pcm_f_PHTT1F35_he_spontaneous_345,naija-finetuned,hausa
every,everyday,pcm_f_PHTT1F35_he_spontaneous_345,naija-finetuned,hausa
[?],you,pcm_f_PHTT1F37_he_spontaneous_316,naija-finetuned,hausa
[um],um,pcm_f_PHTT1F37_he_spontaneous_316,naija-finetuned,hausa
[um],um,pcm_f_PHTT1F38_he_spontaneous_071,naija-finetuned,hausa
[um],um,pcm_f_PHTT1F38_he_spontaneous_071,naija-finetuned,hausa
u,you,pcm_f_PHTT1F40_he_spontaneous_094,naija-finetuned,hausa
knw,know,pcm_f_PHTT1F40_he_spontaneous_094,naija-finetuned,hausa
check,checkup,pcm_f_PHTT1F40_he_spontaneous_094,naija-finetuned,hausa
test,test.,pcm_f_PHTT1F40_he_spontaneous_094,naija-finetuned,hausa
question,questions,pcm_f_PHTT1F40_he_spontaneous_546,naija-finetuned,hausa
[um],erm,pcm_f_PHTT1F40_he_spontaneous_546,naija-finetuned,hausa
this,dis,pcm_f_PHTT1F41_he_spontaneous_164,naija-finetuned,hausa
[um],eh,pcm_f_PHTT1F41_he_spontaneous_313,naija-finetuned,hausa
[um],eh,pcm_f_PHTT1F41_he_spontaneous_313,naija-finetuned,hausa
amwhen,when,pcm_f_PHTT1F43_he_spontaneous_159,naija-finetuned,hausa
hmm,um,pcm_f_PHTT1F43_he_spontaneous_298,naija-finetuned,hausa
[um],hmmm,pcm_f_PHTT1F44_he_spontaneous_324,naija-finetuned,hausa
[um],hmmm,pcm_f_PHTT1F44_he_spontaneous_324,naija-finetuned,hausa
[um],hmmm,pcm_f_PHTT1F44_he_spontaneous_324,naija-finetuned,hausa
[um],um,pcm_f_PHTT1F49_he_spontaneous_294,naija-finetuned,hausa
[um],um,pcm_f_PHTT1F49_he_spontaneous_294,naija-finetuned,hausa
hep,help,pcm_f_PHTT1F49_he_spontaneous_375,naija-finetuned,hausa
persin,person,pcm_f_PHTT1F49_he_spontaneous_375,naija-finetuned,hausa
da,dey,pcm_f_PHTT1F49_he_spontaneous_375,naija-finetuned,hausa
dey,de,pcm_f_PHTT1F52_he_spontaneous_077,naija-finetuned,hausa
dey,de,pcm_f_PHTT1F52_he_spontaneous_077,naija-finetuned,hausa
dey,de,pcm_f_PHTT1F52_he_spontaneous_077,naija-finetuned,hausa
and[um]the,the,pcm_f_PHTT1F54_he_spontaneous_317,naija-finetuned,hausa
[um],erm,pcm_f_PHTT1F55_he_spontaneous_340,naija-finetuned,hausa
hmm,hm,pcm_f_PHTT1F56_he_spontaneous_600,naija-finetuned,hausa
centre,center,pcm_f_PHTT1F57_he_spontaneous_410,naija-finetuned,hausa
[um],um,pcm_f_PHTT1F57_he_spontaneous_410,naija-finetuned,hausa
[um],um,pcm_f_PHTT1F57_he_spontaneous_410,naija-finetuned,hausa
patient,patients,pcm_f_PHTT1F64_he_spontaneous_138,naija-finetuned,hausa
[um],ehm,pcm_f_PHTT1F7_he_spontaneous_036,naija-finetuned,hausa
dem[um]operate,operate,pcm_f_PHTT1F7_he_spontaneous_036,naija-finetuned,hausa
scientist,scientists,pcm_f_PHTT1F7_he_spontaneous_159,naija-finetuned,hausa
be,bin,pcm_f_PHTT1F7_he_spontaneous_159,naija-finetuned,hausa
mata,matter,pcm_f_PHTT1F7_he_spontaneous_159,naija-finetuned,hausa
community,communities,pcm_f_PHTT1F7_he_spontaneous_159,naija-finetuned,hausa
self,sef,pcm_f_PHTT1F7_he_spontaneous_159,naija-finetuned,hausa
matter,matter.,pcm_f_PHTT1F8_he_spontaneous_083,naija-finetuned,hausa
[um],ehm,pcm_f_PHTT1F8_he_spontaneous_450,naija-finetuned,hausa
back-up,backup,pcm_f_PHTT1F9_he_spontaneous_031,naija-finetuned,hausa
well,wellgo,pcm_f_PHTT2F14_he_spontaneous_177,naija-finetuned,hausa
mind.,mind,pcm_f_PHTT2F14_he_spontaneous_382,naija-finetuned,hausa
[um],um,pcm_f_PHTT2F15_he_spontaneous_340,naija-finetuned,hausa
dey,de,pcm_f_PHTT2F15_he_spontaneous_340,naija-finetuned,hausa
long.,long,pcm_f_PHTT2F15_he_spontaneous_340,naija-finetuned,hausa
[um],um,pcm_f_PHTT2F15_he_spontaneous_340,naija-finetuned,hausa
breathing—na,na,pcm_f_PHTT2F15_he_spontaneous_574,naija-finetuned,hausa
gain,game,pcm_f_PHTT2F16_he_spontaneous_264,naija-finetuned,hausa
at,attend,pcm_f_PHTT2F17_he_spontaneous_557,naija-finetuned,hausa
[um],sha,pcm_f_PHTT2F17_he_spontaneous_557,naija-finetuned,hausa
eh,eeh,pcm_f_PHTT2F23_he_spontaneous_103,naija-finetuned,hausa
top,talk,pcm_f_PHTT2F35_he_spontaneous_221,naija-finetuned,hausa
[um],um,pcm_f_PHTT2F35_he_spontaneous_221,naija-finetuned,hausa
[um],eh,pcm_f_PHTT2F7_he_spontaneous_091,naija-finetuned,hausa
[um],in,pcm_f_PHTT2F8_he_spontaneous_175,naija-finetuned,hausa
[um],eh,pcm_f_PHTT2F8_he_spontaneous_175,naija-finetuned,hausa
they,dey,pcm_f_PHTT2F8_he_spontaneous_175,naija-finetuned,hausa
we,wey,pcm_f_PHTT2F8_he_spontaneous_175,naija-finetuned,hausa
never,neva,pcm_f_PHTT2F8_he_spontaneous_175,naija-finetuned,hausa
[um],um,pcm_f_PHTT2F8_he_spontaneous_528,naija-finetuned,hausa
[um],asin,pcm_f_PHTT2F8_he_spontaneous_528,naija-finetuned,hausa
beta,better,pcm_f_PHTT2F9_he_spontaneous_116,naija-finetuned,hausa
tinz,things,pcm_f_PHTT2F9_he_spontaneous_116,naija-finetuned,hausa
everyday.,day.,pcm_f_PHTT2F9_he_spontaneous_116,naija-finetuned,hausa
parti,"party,",pcm_f_PM4F1_ev_read_149,naija-finetuned,multilingual
empty,"empty-handed,",pcm_f_PM4F1_ev_read_149,naija-finetuned,multilingual
dey,dia,pcm_f_PM4F1_ev_read_192,naija-finetuned,pidgin
advice,advise,pcm_f_PM4F1_ev_read_192,naija-finetuned,pidgin
in,incase,pcm_f_PM4F1_ev_read_192,naija-finetuned,pidgin
case,sometin,pcm_f_PM4F1_ev_read_192,naija-finetuned,pidgin
roof,rope,pcm_f_PM4F1_ev_read_245,naija-finetuned,multilingual
estate.,estate,pcm_f_PM4F1_ev_read_245,naija-finetuned,multilingual
well,well.,pcm_f_PM4F1_ev_read_252,naija-finetuned,pidgin
mallam,mahala,pcm_f_PM4F1_ev_read_292,naija-finetuned,pidgin
"sey,",sey,pcm_f_PM4F1_ev_read_420,naija-finetuned,multilingual
pass,fast,pcm_f_PM4F1_ev_read_420,naija-finetuned,multilingual
food,food.,pcm_f_PM4F1_ev_read_420,naija-finetuned,multilingual
say,sey,pcm_f_PM4F3_ev_read_033,naija-finetuned,multilingual
iike.,like.,pcm_f_PM4F3_ev_read_033,naija-finetuned,multilingual
with,with?,pcm_f_PM4F3_ev_read_043,naija-finetuned,multilingual
something,"something,",pcm_f_PM4F3_ev_read_181,naija-finetuned,multilingual
now,now.,pcm_f_PM4F3_ev_read_181,naija-finetuned,multilingual
"far,",far,pcm_f_PM4F3_ev_read_342,naija-finetuned,multilingual
today.,today,pcm_f_PM4F3_ev_read_342,naija-finetuned,multilingual
say,sey,pcm_f_PM4F3_ev_read_388,naija-finetuned,multilingual
im,imself,pcm_f_PM4F3_ev_read_418,naija-finetuned,pidgin
small-small,small,pcm_f_PM4F3_ev_read_538,naija-finetuned,pidgin
togeda,together,pcm_f_PM4F3_ev_read_538,naija-finetuned,pidgin
tin.,thing,pcm_f_PM4F3_ev_read_538,naija-finetuned,pidgin
"repair,",repair,pcm_f_PP1F1_ev_read_275,naija-finetuned,pidgin
them,dem,pcm_f_PP1F2_ev_read_083,naija-finetuned,pidgin
challenge,make,pcm_f_PP1F2_ev_read_306,naija-finetuned,pidgin
de,dey,pcm_f_PP1F3_ev_read_137,naija-finetuned,pidgin
clothe.,cloth,pcm_f_PP2F1_ev_read_149,naija-finetuned,pidgin
beta,better,pcm_f_PP2F1_ev_read_206,naija-finetuned,pidgin
health,health.,pcm_f_PP2F1_ev_read_206,naija-finetuned,pidgin
ada,adia,pcm_f_PP2F1_ev_read_259,naija-finetuned,pidgin
dis,distance,pcm_f_PP2F1_ev_read_259,naija-finetuned,pidgin
thing,"oo,",pcm_f_PP2F1_ev_read_259,naija-finetuned,pidgin
take,tak,pcm_f_PP2F1_ev_read_259,naija-finetuned,pidgin
well,well.,pcm_f_PP2F1_ev_read_259,naija-finetuned,pidgin
walks,works,pcm_f_PP3F1_ev_read_035,naija-finetuned,pidgin
in,immature,pcm_f_PP3F1_ev_read_035,naija-finetuned,pidgin
living,living.,pcm_f_PP3F1_ev_read_035,naija-finetuned,pidgin
dem,dey,pcm_f_PS1F1_ev_read_120,naija-finetuned,yoruba
approach,"approach,",pcm_f_PS1F1_ev_read_394,naija-finetuned,yoruba
persin,person,pcm_f_PS1F1_ev_read_394,naija-finetuned,yoruba
say,sey,pcm_f_PS1F3_ev_read_442,naija-finetuned,yoruba
"boy,",boy!,pcm_f_PS1F3_ev_read_465,naija-finetuned,yoruba
sha,sha.,pcm_f_PS1F3_ev_read_465,naija-finetuned,yoruba
hard.,"hard,",pcm_f_PS2F2_ev_read_313,naija-finetuned,yoruba
billionaire,billionaire.,pcm_f_PS2F2_ev_read_313,naija-finetuned,yoruba
about,about.,pcm_f_PT1F1_ev_read_494,naija-finetuned,pidgin
where,when,pcm_f_PT1F4_ev_read_434,naija-finetuned,pidgin
anoda,another,pcm_f_PT1F4_ev_read_434,naija-finetuned,pidgin
pesin,person,pcm_f_PT1F4_ev_read_434,naija-finetuned,pidgin
recognizing,recognising,pcm_f_PT1F4_ev_read_534,naija-finetuned,pidgin
of,for,pcm_f_PT1F4_ev_read_534,naija-finetuned,pidgin
nutrients.,nutrient.,pcm_f_PT2F1_ev_read_146,naija-finetuned,pidgin
"sista,",sister,pcm_f_PT2F1_ev_read_267,naija-finetuned,pidgin
siddon,down,pcm_f_PT2F1_ev_read_267,naija-finetuned,pidgin
tink,think,pcm_f_PT2F1_ev_read_267,naija-finetuned,pidgin
di,good,pcm_f_PT2F1_ev_read_267,naija-finetuned,pidgin
good-good,good,pcm_f_PT2F1_ev_read_267,naija-finetuned,pidgin
do.,do,pcm_f_PT2F1_ev_read_267,naija-finetuned,pidgin
gun,gunshot,pcm_f_PT2F1_ev_read_307,naija-finetuned,pidgin
here.,here,pcm_f_PT2F1_ev_read_331,naija-finetuned,pidgin
una,na,pcm_f_PT2F1_ev_read_571,naija-finetuned,pidgin
fees,fees.,pcm_f_PT2F1_ev_read_571,naija-finetuned,pidgin
ways,way,pcm_f_PT2F2_ev_read_183,naija-finetuned,yoruba
try,crive,pcm_f_PT2F2_ev_read_205,naija-finetuned,yoruba
sopport,support,pcm_f_PT2F2_ev_read_205,naija-finetuned,yoruba
doors,house,pcm_f_PT2F2_ev_read_274,naija-finetuned,pidgin
you,rural,pcm_f_PT2F2_ev_read_274,naija-finetuned,pidgin
yakata,culture,pcm_f_PT2F2_ev_read_274,naija-finetuned,pidgin
wit,with,pcm_f_PT2F2_ev_read_274,naija-finetuned,pidgin
beta,better,pcm_f_PT2F2_ev_read_274,naija-finetuned,pidgin
opportunity,opportunities.,pcm_f_PT2F2_ev_read_274,naija-finetuned,pidgin
whether,weda,pcm_f_PT2F2_ev_read_427,naija-finetuned,pidgin
ooo.,"oo,",pcm_f_PT2F3_ev_read_137,naija-finetuned,yoruba
neva,never,pcm_f_PT2F3_ev_read_458,naija-finetuned,yoruba
beautiful.,beautiful,pcm_f_PT2F3_ev_read_458,naija-finetuned,yoruba
anoda,another,pcm_f_PT3F2_ev_read_062,naija-finetuned,pidgin
pet,pet.,pcm_f_PT3F2_ev_read_062,naija-finetuned,pidgin
atmosphere,atmosphere.,pcm_f_PT3F2_ev_read_452,naija-finetuned,yoruba
say,sey,pcm_f_PT3F2_ev_read_501,naija-finetuned,pidgin
house,house.,pcm_f_PT3F2_ev_read_501,naija-finetuned,pidgin
car,car?,pcm_f_PT3F2_ev_read_502,naija-finetuned,yoruba
[um],um,pcm_m_PAGS1M6_ag_spontaneous_383,naija-finetuned,yoruba
them,dem,pcm_m_PAGS1M6_ag_spontaneous_383,naija-finetuned,yoruba
[um],um,pcm_m_PAGS1M6_ag_spontaneous_383,naija-finetuned,yoruba
them,dem,pcm_m_PAGS1M6_ag_spontaneous_383,naija-finetuned,yoruba
con,come,pcm_m_PAGT1M10_ag_spontaneous_533,naija-finetuned,igbo
of,for,pcm_m_PAGT1M10_ag_spontaneous_533,naija-finetuned,igbo
"""na",na,pcm_m_PAGT1M12_ag_spontaneous_204,naija-finetuned,igbo
"her.""",her.,pcm_m_PAGT1M12_ag_spontaneous_204,naija-finetuned,igbo
[um],um,pcm_m_PAGT1M19_ag_spontaneous_239,naija-finetuned,igbo
[um],um,pcm_m_PAGT1M19_ag_spontaneous_239,naija-finetuned,igbo
[um],um,pcm_m_PAGT1M60_ag_spontaneous_035,naija-finetuned,igbo
guinea,green,pcm_m_PAGT1M60_ag_spontaneous_035,naija-finetuned,igbo
[um],um,pcm_m_PAGT1M60_ag_spontaneous_035,naija-finetuned,igbo
[um],um,pcm_m_PAGT1M8_ag_spontaneous_026,naija-finetuned,igbo
better.,better,pcm_m_PAGT1M8_ag_spontaneous_026,naija-finetuned,igbo
way,wey,pcm_m_PAGT1M9_ag_spontaneous_069,naija-finetuned,igbo
[um],um,pcm_m_PAGT2M37_ag_spontaneous_183,naija-finetuned,igbo
wey,we,pcm_m_PAGT2M37_ag_spontaneous_183,naija-finetuned,igbo
[um],um,pcm_m_PAGT2M37_ag_spontaneous_183,naija-finetuned,igbo
been,bin,pcm_m_PAGT2M37_ag_spontaneous_230,naija-finetuned,igbo
teach,teyh,pcm_m_PAGT2M37_ag_spontaneous_230,naija-finetuned,igbo
[um],um,pcm_m_PAGT2M37_ag_spontaneous_230,naija-finetuned,igbo
[um],um,pcm_m_PAGT2M37_ag_spontaneous_230,naija-finetuned,igbo
[um],um,pcm_m_PAGT2M37_ag_spontaneous_230,naija-finetuned,igbo
performance,perfomance,pcm_m_PAGT2M37_ag_spontaneous_230,naija-finetuned,igbo
[um],um,pcm_m_PAGT2M42_ag_spontaneous_195,naija-finetuned,igbo
de,dey,pcm_m_PAGT2M42_ag_spontaneous_195,naija-finetuned,igbo
[um],um,pcm_m_PAGT2M42_ag_spontaneous_195,naija-finetuned,igbo
sheath,shield,pcm_m_PAGT2M42_ag_spontaneous_591,naija-finetuned,igbo
everyday,day,pcm_m_PBUT1M8_bu_spontaneous_555,naija-finetuned,igbo
tok,tok.,pcm_m_PECS1M19_ev_spontaneous_113,naija-finetuned,yoruba
and,i,pcm_m_PECS1M4_ev_spontaneous_011,naija-finetuned,yoruba
up,"up,",pcm_m_PECS1M4_ev_spontaneous_011,naija-finetuned,yoruba
fine-fine,time,pcm_m_PECS1M4_ev_spontaneous_061,naija-finetuned,yoruba
chase,check,pcm_m_PECS1M4_ev_spontaneous_061,naija-finetuned,yoruba
comot.,connect.,pcm_m_PECS1M4_ev_spontaneous_061,naija-finetuned,yoruba
[um],um,pcm_m_PECS2M1_ev_spontaneous_058,naija-finetuned,yoruba
everybody,everybodi,pcm_m_PECS2M1_ev_spontaneous_269,naija-finetuned,yoruba
dia,dier,pcm_m_PECS2M1_ev_spontaneous_269,naija-finetuned,yoruba
own,ojoh,pcm_m_PECS2M1_ev_spontaneous_269,naija-finetuned,yoruba
[um],dem,pcm_m_PECS2M1_ev_spontaneous_269,naija-finetuned,yoruba
person,pesin,pcm_m_PECS2M1_ev_spontaneous_320,naija-finetuned,yoruba
[um],eh,pcm_m_PECS2M1_ev_spontaneous_360,naija-finetuned,yoruba
[um],eh,pcm_m_PECS2M1_ev_spontaneous_360,naija-finetuned,yoruba
me,the,pcm_m_PECS2M1_ev_spontaneous_488,naija-finetuned,yoruba
[um],um,pcm_m_PECS2M1_ev_spontaneous_571,naija-finetuned,yoruba
[um],um,pcm_m_PECS2M1_ev_spontaneous_571,naija-finetuned,yoruba
becos,i,pcm_m_PECT1M107_ev_spontaneous_270,naija-finetuned,igbo
edo,don,pcm_m_PECT1M107_ev_spontaneous_270,naija-finetuned,igbo
never,ever,pcm_m_PECT1M107_ev_spontaneous_270,naija-finetuned,igbo
say,sey,pcm_m_PECT1M113_ev_spontaneous_084,naija-finetuned,igbo
eighteen,eighteen-two,pcm_m_PECT1M113_ev_spontaneous_084,naija-finetuned,igbo
[um],ah,pcm_m_PECT1M113_ev_spontaneous_084,naija-finetuned,igbo
appso,so,pcm_m_PECT1M116_ev_spontaneous_173,naija-finetuned,igbo
meter,metal,pcm_m_PECT1M116_ev_spontaneous_177,naija-finetuned,igbo
we,wey,pcm_m_PECT1M116_ev_spontaneous_177,naija-finetuned,igbo
wen,when,pcm_m_PECT1M119_ev_spontaneous_320,naija-finetuned,igbo
governement,government,pcm_m_PECT1M125_ev_spontaneous_447,naija-finetuned,igbo
[um],um,pcm_m_PECT1M12_ev_spontaneous_057,naija-finetuned,igbo
[um],um,pcm_m_PECT1M12_ev_spontaneous_057,naija-finetuned,igbo
[um],um,pcm_m_PECT1M12_ev_spontaneous_057,naija-finetuned,igbo
community.,community,pcm_m_PECT1M12_ev_spontaneous_057,naija-finetuned,igbo
borehole.,boho.,pcm_m_PECT1M12_ev_spontaneous_057,naija-finetuned,igbo
[um],ehm,pcm_m_PECT1M14_ev_spontaneous_142,naija-finetuned,igbo
[um],eh.,pcm_m_PECT1M14_ev_spontaneous_142,naija-finetuned,igbo
[um],um,pcm_m_PECT1M34_ev_spontaneous_057,naija-finetuned,igbo
[um],um,pcm_m_PECT1M34_ev_spontaneous_057,naija-finetuned,igbo
nigeria,nigerian,pcm_m_PECT1M35_ev_spontaneous_173,naija-finetuned,igbo
e-cmr,ecmr,pcm_m_PECT1M35_ev_spontaneous_173,naija-finetuned,igbo
firsthand,first-hand,pcm_m_PECT1M35_ev_spontaneous_173,naija-finetuned,igbo
much,"much,",pcm_m_PECT1M43_ev_spontaneous_294,naija-finetuned,igbo
'thank,thank,pcm_m_PECT1M43_ev_spontaneous_294,naija-finetuned,igbo
you',you.,pcm_m_PECT1M43_ev_spontaneous_294,naija-finetuned,igbo
oo.,"oo,",pcm_m_PECT1M68_ev_spontaneous_123,naija-finetuned,igbo
"way,",way,pcm_m_PECT1M68_ev_spontaneous_123,naija-finetuned,igbo
here.,here,pcm_m_PECT1M68_ev_spontaneous_123,naija-finetuned,igbo
[um],im,pcm_m_PECT1M68_ev_spontaneous_222,naija-finetuned,igbo
way,wey,pcm_m_PECT2M15_ev_spontaneous_134,naija-finetuned,igbo
[um],erm,pcm_m_PECT2M24_ev_spontaneous_297,naija-finetuned,igbo
me,"me,",pcm_m_PECT2M34_ev_spontaneous_083,naija-finetuned,igbo
kindness,findingers,pcm_m_PECT2M34_ev_spontaneous_123,naija-finetuned,igbo
church.,church,pcm_m_PECT2M35_ev_spontaneous_422,naija-finetuned,igbo
anoda,another,pcm_m_PECT2M4_ev_spontaneous_348,naija-finetuned,igbo
[um],sha,pcm_m_PECT2M4_ev_spontaneous_348,naija-finetuned,igbo
am,am.,pcm_m_PECT2M62_ev_spontaneous_203,naija-finetuned,igbo
[?],um,pcm_m_PECT2M62_ev_spontaneous_203,naija-finetuned,igbo
[um],um,pcm_m_PECT2M77_ev_spontaneous_342,naija-finetuned,igbo
[um],um,pcm_m_PECT2M77_ev_spontaneous_342,naija-finetuned,igbo
[um],um,pcm_m_PECT2M77_ev_spontaneous_342,naija-finetuned,igbo
den,then,pcm_m_PECT2M79_ev_spontaneous_010,naija-finetuned,igbo
her,all,pcm_m_PECT2M79_ev_spontaneous_010,naija-finetuned,igbo
tinubu,tinugu,pcm_m_PECT2M89_ev_spontaneous_333,naija-finetuned,igbo
[um],um,pcm_m_PECT2M93_ev_spontaneous_466,naija-finetuned,igbo
[um],um,pcm_m_PECT2M93_ev_spontaneous_466,naija-finetuned,igbo
[um],um,pcm_m_PECT2M93_ev_spontaneous_466,naija-finetuned,igbo
pim,pimp,pcm_m_PECT2M98_ev_spontaneous_578,naija-finetuned,igbo
shelters,celsha,pcm_m_PECT2M98_ev_spontaneous_578,naija-finetuned,igbo
[um],um,pcm_m_PECT2M98_ev_spontaneous_578,naija-finetuned,igbo
bases,basis,pcm_m_PECT2M98_ev_spontaneous_578,naija-finetuned,igbo
watin,wetin,pcm_m_PHTS1M1_he_spontaneous_066,naija-finetuned,yoruba
[um],em,pcm_m_PHTS1M1_he_spontaneous_235,naija-finetuned,yoruba
de,dey,pcm_m_PHTS1M1_he_spontaneous_235,naija-finetuned,yoruba
well,wellem,pcm_m_PHTS1M1_he_spontaneous_235,naija-finetuned,yoruba
[um],um,pcm_m_PHTS1M2_he_spontaneous_287,naija-finetuned,yoruba
real,realreal,pcm_m_PHTS1M2_he_spontaneous_335,naija-finetuned,yoruba
cancer.,cancer,pcm_m_PHTT1M11_he_spontaneous_147,naija-finetuned,hausa
believe,belief,pcm_m_PHTT1M11_he_spontaneous_502,naija-finetuned,hausa
[um],ten,pcm_m_PHTT1M13_he_spontaneous_481,naija-finetuned,hausa
—,eh,pcm_m_PHTT1M15_he_spontaneous_307,naija-finetuned,hausa
actually[um]even,even,pcm_m_PHTT1M15_he_spontaneous_307,naija-finetuned,hausa
inside,inside.,pcm_m_PHTT1M15_he_spontaneous_307,naija-finetuned,hausa
mata,matter,pcm_m_PHTT1M17_he_spontaneous_429,naija-finetuned,hausa
[um],um,pcm_m_PHTT1M35_he_spontaneous_364,naija-finetuned,hausa
[um],um,pcm_m_PHTT1M35_he_spontaneous_364,naija-finetuned,hausa
[um],uh,pcm_m_PHTT1M35_he_spontaneous_364,naija-finetuned,hausa
[um],um,pcm_m_PHTT1M7_he_spontaneous_397,naija-finetuned,hausa
hospital,hospitals,pcm_m_PHTT1M7_he_spontaneous_397,naija-finetuned,hausa
start,start.,pcm_m_PHTT2M10_he_spontaneous_153,naija-finetuned,hausa
[um],um,pcm_m_PHTT2M10_he_spontaneous_457,naija-finetuned,hausa
hand,hand.,pcm_m_PHTT2M10_he_spontaneous_457,naija-finetuned,hausa
[um],um,pcm_m_PHTT2M10_he_spontaneous_457,naija-finetuned,hausa
hospitu,hospital,pcm_m_PHTT2M10_he_spontaneous_519,naija-finetuned,hausa
tings,things,pcm_m_PHTT2M10_he_spontaneous_519,naija-finetuned,hausa
decision,decisions,pcm_m_PHTT2M13_he_spontaneous_313,naija-finetuned,hausa
ah,e,pcm_m_PHTT2M13_he_spontaneous_313,naija-finetuned,hausa
i,way,pcm_m_PHTT2M13_he_spontaneous_313,naija-finetuned,hausa
swear,as,pcm_m_PHTT2M13_he_spontaneous_313,naija-finetuned,hausa
[um],e,pcm_m_PHTT2M13_he_spontaneous_313,naija-finetuned,hausa
[um],um,pcm_m_PHTT2M18_he_spontaneous_048,naija-finetuned,hausa
ahh,ah,pcm_m_PHTT2M18_he_spontaneous_048,naija-finetuned,hausa
[um],um,pcm_m_PHTT2M18_he_spontaneous_048,naija-finetuned,hausa
big,bik,pcm_m_PHTT2M23_he_spontaneous_074,naija-finetuned,hausa
always,zek,pcm_m_PHTT2M23_he_spontaneous_074,naija-finetuned,hausa
check,h,pcm_m_PHTT2M23_he_spontaneous_074,naija-finetuned,hausa
[um],m,pcm_m_PHTT2M23_he_spontaneous_074,naija-finetuned,hausa
keep,kip,pcm_m_PHTT2M23_he_spontaneous_074,naija-finetuned,hausa
their,dia,pcm_m_PHTT2M23_he_spontaneous_074,naija-finetuned,hausa
body,bodi,pcm_m_PHTT2M23_he_spontaneous_074,naija-finetuned,hausa
[um],m,pcm_m_PHTT2M23_he_spontaneous_074,naija-finetuned,hausa
pipo,pipu,pcm_m_PHTT2M29_he_spontaneous_046,naija-finetuned,hausa
give,giv,pcm_m_PHTT2M29_he_spontaneous_046,naija-finetuned,hausa
better,beta,pcm_m_PHTT2M29_he_spontaneous_046,naija-finetuned,hausa
help,help.,pcm_m_PHTT2M29_he_spontaneous_046,naija-finetuned,hausa
watin,wetin,pcm_m_PHTT2M3_he_spontaneous_455,naija-finetuned,hausa
they,dey,pcm_m_PHTT2M3_he_spontaneous_455,naija-finetuned,hausa
they,dey,pcm_m_PHTT2M3_he_spontaneous_455,naija-finetuned,hausa
sti,spi,pcm_m_PHTT2M3_he_spontaneous_455,naija-finetuned,hausa
class,class.,pcm_m_PHTT2M3_he_spontaneous_455,naija-finetuned,hausa
patient,patients',pcm_m_PHTT2M5_he_spontaneous_268,naija-finetuned,hausa
[?],beliefs,pcm_m_PHTT2M5_he_spontaneous_268,naija-finetuned,hausa
patient,patients.,pcm_m_PHTT2M5_he_spontaneous_268,naija-finetuned,hausa
together,together.,pcm_m_PHTT2M6_he_spontaneous_211,naija-finetuned,hausa
pcos,pos,pcm_m_PHTT2M6_he_spontaneous_356,naija-finetuned,hausa
now.,now,pcm_m_PHTT2M6_he_spontaneous_356,naija-finetuned,hausa
pipu,people,pcm_m_PHTT2M8_he_spontaneous_441,naija-finetuned,hausa
em,im,pcm_m_PHTT2M8_he_spontaneous_441,naija-finetuned,hausa
[um],sha,pcm_m_PHTT2M8_he_spontaneous_441,naija-finetuned,hausa
well,well-well,pcm_m_PM4M1_ev_read_327,naija-finetuned,multilingual
movement,movement.,pcm_m_PM4M1_ev_read_327,naija-finetuned,multilingual
meeting,"meeting,",pcm_m_PM4M2_ev_read_107,naija-finetuned,pidgin
persin,person,pcm_m_PM4M2_ev_read_229,naija-finetuned,multilingual
say,sey,pcm_m_PM4M2_ev_read_229,naija-finetuned,multilingual
belong,belong.,pcm_m_PM4M2_ev_read_229,naija-finetuned,multilingual
compassion;,"compassion,",pcm_m_PM4M2_ev_read_349,naija-finetuned,multilingual
news,news.,pcm_m_PM4M2_ev_read_435,naija-finetuned,multilingual
sights,sights.,pcm_m_PM4M2_ev_read_450,naija-finetuned,multilingual
phyno,final,pcm_m_PM4M2_ev_read_573,naija-finetuned,multilingual
asaba,asaba.,pcm_m_PM4M2_ev_read_573,naija-finetuned,multilingual
perseverance,preservance,pcm_m_PM4M3_ev_read_073,naija-finetuned,pidgin
favorite?,favourites?,pcm_m_PM4M3_ev_read_172,naija-finetuned,multilingual
risks,risk,pcm_m_PM4M3_ev_read_234,naija-finetuned,multilingual
de,dey,pcm_m_PM4M3_ev_read_469,naija-finetuned,multilingual
baff,"baff,",pcm_m_PM4M3_ev_read_507,naija-finetuned,multilingual
then,dem,pcm_m_PM4M3_ev_read_507,naija-finetuned,multilingual
det,dey,pcm_m_PM4M3_ev_read_507,naija-finetuned,multilingual
man.,man,pcm_m_PP1M2_ev_read_168,naija-finetuned,pidgin
he,e,pcm_m_PP1M2_ev_read_168,naija-finetuned,pidgin
pour,for,pcm_m_PP1M2_ev_read_168,naija-finetuned,pidgin
street,street.,pcm_m_PP1M2_ev_read_168,naija-finetuned,pidgin
waste,wait,pcm_m_PP1M2_ev_read_441,naija-finetuned,pidgin
dey,de,pcm_m_PP3M1_ev_read_384,naija-finetuned,pidgin
jobs.,jobs,pcm_m_PP3M1_ev_read_384,naija-finetuned,pidgin
worker,workers,pcm_m_PP3M1_ev_read_573,naija-finetuned,pidgin
nobodi,nobody,pcm_m_PP3M1_ev_read_573,naija-finetuned,pidgin
services,service.,pcm_m_PP3M1_ev_read_573,naija-finetuned,pidgin
special,special.,pcm_m_PS1M3_ev_read_439,naija-finetuned,yoruba
say,sey,pcm_m_PS1M4_ev_read_528,naija-finetuned,yoruba
cloths.,cloth.,pcm_m_PS1M4_ev_read_528,naija-finetuned,yoruba
pesin,person,pcm_m_PS2M1_ev_read_327,naija-finetuned,yoruba
earth.,earth,pcm_m_PS2M1_ev_read_327,naija-finetuned,yoruba
pipu,pipo,pcm_m_PT1M1_ev_read_291,naija-finetuned,pidgin
dey,de,pcm_m_PT1M2_ev_read_288,naija-finetuned,yoruba
when,wen,pcm_m_PT1M2_ev_read_288,naija-finetuned,yoruba
dey,de,pcm_m_PT1M2_ev_read_288,naija-finetuned,yoruba
on-the-go,go,pcm_m_PT1M2_ev_read_411,naija-finetuned,pidgin
"time,",time,pcm_m_PT1M2_ev_read_411,naija-finetuned,pidgin
"kakaraka,",kaka,pcm_m_PT1M2_ev_read_438,naija-finetuned,pidgin
come,con,pcm_m_PT1M2_ev_read_438,naija-finetuned,pidgin
kampe.,kapi.,pcm_m_PT1M2_ev_read_438,naija-finetuned,pidgin
come,"come,",pcm_m_PT1M3_ev_read_136,naija-finetuned,yoruba
promise,promise.,pcm_m_PT1M3_ev_read_136,naija-finetuned,yoruba
neva,never,pcm_m_PT1M3_ev_read_450,naija-finetuned,pidgin
year?,year.,pcm_m_PT1M3_ev_read_450,naija-finetuned,pidgin
skooling,schooling,pcm_m_PT1M3_ev_read_542,naija-finetuned,pidgin
nah,na,pcm_m_PT1M3_ev_read_563,naija-finetuned,pidgin
dier,hard,pcm_m_PT1M3_ev_read_563,naija-finetuned,pidgin
hardwork,work,pcm_m_PT1M3_ev_read_563,naija-finetuned,pidgin
dem,dem.,pcm_m_PT1M3_ev_read_563,naija-finetuned,pidgin
dey,dem,pcm_m_PT1M4_ev_read_011,naija-finetuned,pidgin
homework.,homework,pcm_m_PT1M4_ev_read_011,naija-finetuned,pidgin
say,sey,pcm_m_PT1M4_ev_read_403,naija-finetuned,pidgin
do,do.,pcm_m_PT1M4_ev_read_403,naija-finetuned,pidgin
or,and,pcm_m_PT1M4_ev_read_466,naija-finetuned,pidgin
view,view.,pcm_m_PT1M4_ev_read_589,naija-finetuned,yoruba
career,career-oriented,pcm_m_PT2M1_ev_read_345,naija-finetuned,yoruba
oriented,courses,pcm_m_PT2M1_ev_read_345,naija-finetuned,yoruba
course,dey,pcm_m_PT2M1_ev_read_345,naija-finetuned,yoruba
practice,practice.,pcm_m_PT2M1_ev_read_345,naija-finetuned,yoruba
students,student,pcm_m_PT2M2_ev_read_516,naija-finetuned,pidgin
exam.,exams.,pcm_m_PT2M2_ev_read_516,naija-finetuned,pidgin
clean,cleanup,pcm_m_PT2M3_ev_read_181,naija-finetuned,pidgin
up,every,pcm_m_PT2M3_ev_read_181,naija-finetuned,pidgin
"everytime,",time,pcm_m_PT2M3_ev_read_181,naija-finetuned,pidgin
better.,beta.,pcm_m_PT2M3_ev_read_181,naija-finetuned,pidgin
de,di,pcm_m_PT3M1_ev_read_070,naija-finetuned,yoruba
di,dis,pcm_m_PT3M1_ev_read_144,naija-finetuned,yoruba
hangout,hangouts,pcm_m_PT3M1_ev_read_333,naija-finetuned,yoruba
spot,spot.,pcm_m_PT3M1_ev_read_333,naija-finetuned,yoruba
again.,again,pcm_m_PT3M1_ev_read_380,naija-finetuned,yoruba
pesin,person,pcm_m_PT3M1_ev_read_403,naija-finetuned,pidgin
century.,century,pcm_m_PT3M1_ev_read_403,naija-finetuned,pidgin
travelling,traveling,pcm_m_PT3M1_ev_read_446,naija-finetuned,pidgin
ourself,ourselves,pcm_m_PT3M1_ev_read_446,naija-finetuned,pidgin
electrician,electrician.,pcm_m_PT3M2_ev_read_027,naija-finetuned,yoruba
wit,with,pcm_m_PT3M2_ev_read_075,naija-finetuned,pidgin
sense,"sense,",pcm_m_PT3M2_ev_read_075,naija-finetuned,pidgin
"yarn,",yarn,pcm_m_PT3M2_ev_read_141,naija-finetuned,yoruba
stranger,strangers,pcm_m_PT3M2_ev_read_141,naija-finetuned,yoruba
fowl,phao,pcm_f_PAGS1F7_ag_spontaneous_122,whisper-large-v3,yoruba
finsh,finish.,pcm_f_PAGS1F7_ag_spontaneous_122,whisper-large-v3,yoruba
him,in,pcm_f_PAGT1F10_ag_spontaneous_237,whisper-large-v3,igbo
[um],ring-calling,pcm_f_PAGT1F12_ag_spontaneous_033,whisper-large-v3,igbo
rain,rituals.,pcm_f_PAGT1F12_ag_spontaneous_033,whisper-large-v3,igbo
wey,we,pcm_f_PAGT1F12_ag_spontaneous_198,whisper-large-v3,igbo
[um],fought,pcm_f_PAGT1F12_ag_spontaneous_198,whisper-large-v3,igbo
years,years.,pcm_f_PAGT1F12_ag_spontaneous_198,whisper-large-v3,igbo
when,one,pcm_f_PAGT1F12_ag_spontaneous_336,whisper-large-v3,igbo
wey,more,pcm_f_PAGT1F12_ag_spontaneous_336,whisper-large-v3,igbo
small,than,pcm_f_PAGT1F12_ag_spontaneous_336,whisper-large-v3,igbo
sickness,signals,pcm_f_PAGT1F12_ag_spontaneous_336,whisper-large-v3,igbo
dey,is,pcm_f_PAGT1F12_ag_spontaneous_336,whisper-large-v3,igbo
fast,fast.,pcm_f_PAGT1F12_ag_spontaneous_336,whisper-large-v3,igbo
con,"corn,",pcm_f_PAGT1F13_ag_spontaneous_324,whisper-large-v3,igbo
con,"corn,",pcm_f_PAGT1F13_ag_spontaneous_324,whisper-large-v3,igbo
be,bi,pcm_f_PAGT1F13_ag_spontaneous_324,whisper-large-v3,igbo
well,"well,",pcm_f_PAGT1F13_ag_spontaneous_324,whisper-large-v3,igbo
as,a,pcm_f_PAGT1F13_ag_spontaneous_324,whisper-large-v3,igbo
momo,mormor.,pcm_f_PAGT1F13_ag_spontaneous_324,whisper-large-v3,igbo
to,soil.,pcm_f_PAGT1F17_ag_spontaneous_120,whisper-large-v3,igbo
soil,they,pcm_f_PAGT1F17_ag_spontaneous_120,whisper-large-v3,igbo
breathe,breed,pcm_f_PAGT1F17_ag_spontaneous_120,whisper-large-v3,igbo
gree,agree,pcm_f_PAGT1F17_ag_spontaneous_120,whisper-large-v3,igbo
grow,grow.,pcm_f_PAGT1F17_ag_spontaneous_120,whisper-large-v3,igbo
he,hiderepe,pcm_f_PAGT1F18_ag_spontaneous_083,whisper-large-v3,igbo
dey,shunye,pcm_f_PAGT1F18_ag_spontaneous_083,whisper-large-v3,igbo
repair,"hun,",pcm_f_PAGT1F18_ag_spontaneous_083,whisper-large-v3,igbo
shoe,the,pcm_f_PAGT1F18_ag_spontaneous_083,whisper-large-v3,igbo
near,boy,pcm_f_PAGT1F18_ag_spontaneous_083,whisper-large-v3,igbo
[um],who,pcm_f_PAGT1F18_ag_spontaneous_083,whisper-large-v3,igbo
di,went,pcm_f_PAGT1F18_ag_spontaneous_083,whisper-large-v3,igbo
don,don't,pcm_f_PAGT1F26_ag_spontaneous_300,whisper-large-v3,igbo
to,they,pcm_f_PAGT1F26_ag_spontaneous_300,whisper-large-v3,igbo
song,songs,pcm_f_PAGT1F30_ag_spontaneous_333,whisper-large-v3,igbo
season,season.,pcm_f_PAGT1F30_ag_spontaneous_333,whisper-large-v3,igbo
book,"book,",pcm_f_PAGT1F78_ag_spontaneous_017,whisper-large-v3,igbo
wey,we,pcm_f_PAGT1F78_ag_spontaneous_017,whisper-large-v3,igbo
checkups,checkups.,pcm_f_PAGT1F78_ag_spontaneous_017,whisper-large-v3,igbo
dey,don't,pcm_f_PAGT1F78_ag_spontaneous_017,whisper-large-v3,igbo
body,body.,pcm_f_PAGT1F78_ag_spontaneous_017,whisper-large-v3,igbo
dey,diana,pcm_f_PAGT1F78_ag_spontaneous_376,whisper-large-v3,igbo
yarn,say,pcm_f_PAGT1F78_ag_spontaneous_376,whisper-large-v3,igbo
hoe,hold,pcm_f_PAGT1F78_ag_spontaneous_376,whisper-large-v3,igbo
di,dey,pcm_f_PAGT1F78_ag_spontaneous_376,whisper-large-v3,igbo
grass,"grass,",pcm_f_PAGT1F78_ag_spontaneous_376,whisper-large-v3,igbo
plenty,"plenty,",pcm_f_PAGT1F78_ag_spontaneous_376,whisper-large-v3,igbo
water,water.,pcm_f_PAGT1F78_ag_spontaneous_376,whisper-large-v3,igbo
rain,rain.,pcm_f_PAGT1M12_ag_spontaneous_497,whisper-large-v3,igbo
na,now,pcm_f_PAGT2F49_ag_spontaneous_293,whisper-large-v3,igbo
soybean,beans,pcm_f_PAGT2F49_ag_spontaneous_293,whisper-large-v3,igbo
we,with,pcm_f_PAGT2F49_ag_spontaneous_293,whisper-large-v3,igbo
dey,a,pcm_f_PAGT2F49_ag_spontaneous_293,whisper-large-v3,igbo
soil,soy,pcm_f_PAGT2F49_ag_spontaneous_293,whisper-large-v3,igbo
get,gets,pcm_f_PAGT2F49_ag_spontaneous_293,whisper-large-v3,igbo
round,round.,pcm_f_PAGT2F49_ag_spontaneous_293,whisper-large-v3,igbo
too,two,pcm_f_PBUT2F11_bu_spontaneous_410,whisper-large-v3,igbo
fit,feet,pcm_f_PBUT2F11_bu_spontaneous_410,whisper-large-v3,igbo
hand,hands,pcm_f_PBUT2F11_bu_spontaneous_410,whisper-large-v3,igbo
save,"say,",pcm_f_PBUT2F11_bu_spontaneous_410,whisper-large-v3,igbo
main,maintenance,pcm_f_PBUT2F12_bu_spontaneous_545,whisper-large-v3,igbo
ten,fee,pcm_f_PBUT2F12_bu_spontaneous_545,whisper-large-v3,igbo
ance,where,pcm_f_PBUT2F12_bu_spontaneous_545,whisper-large-v3,igbo
dey,come,pcm_f_PBUT2F12_bu_spontaneous_545,whisper-large-v3,igbo
comot,out,pcm_f_PBUT2F12_bu_spontaneous_545,whisper-large-v3,igbo
don,don't,pcm_f_PBUT2F12_bu_spontaneous_545,whisper-large-v3,igbo
don,don't,pcm_f_PBUT2F6_bu_spontaneous_055,whisper-large-v3,igbo
well,"well,",pcm_f_PBUT2F6_bu_spontaneous_055,whisper-large-v3,igbo
well,well.,pcm_f_PBUT2F6_bu_spontaneous_055,whisper-large-v3,igbo
dey,do,pcm_f_PBUT2F6_bu_spontaneous_055,whisper-large-v3,igbo
think,things,pcm_f_PECS1F12_ev_spontaneous_580,whisper-large-v3,yoruba
crowd,"crowds,",pcm_f_PECS1F12_ev_spontaneous_580,whisper-large-v3,yoruba
dey,did,pcm_f_PECS1F16_ev_spontaneous_193,whisper-large-v3,yoruba
do,to,pcm_f_PECS1F16_ev_spontaneous_193,whisper-large-v3,yoruba
"herself,",herself.,pcm_f_PECS1F16_ev_spontaneous_193,whisper-large-v3,yoruba
dey,did.,pcm_f_PECS1F16_ev_spontaneous_193,whisper-large-v3,yoruba
breaks,"breaks,",pcm_f_PECS1F18_ev_spontaneous_246,whisper-large-v3,yoruba
dey,take,pcm_f_PECS1F18_ev_spontaneous_246,whisper-large-v3,yoruba
rich,which,pcm_f_PECS1F18_ev_spontaneous_375,whisper-large-v3,yoruba
settle,settled,pcm_f_PECS1F18_ev_spontaneous_375,whisper-large-v3,yoruba
pikin,peking,pcm_f_PECS1F18_ev_spontaneous_375,whisper-large-v3,yoruba
odas,others,pcm_f_PECS1F18_ev_spontaneous_375,whisper-large-v3,yoruba
go,will,pcm_f_PECS1F18_ev_spontaneous_375,whisper-large-v3,yoruba
loose,lose?,pcm_f_PECS1F18_ev_spontaneous_375,whisper-large-v3,yoruba
age;,age,pcm_f_PECS1F22_ev_spontaneous_456,whisper-large-v3,yoruba
"interest,",interest,pcm_f_PECS1F22_ev_spontaneous_456,whisper-large-v3,yoruba
go,will,pcm_f_PECS1F22_ev_spontaneous_456,whisper-large-v3,yoruba
fit,feel,pcm_f_PECS1F22_ev_spontaneous_456,whisper-large-v3,yoruba
learn.,then,pcm_f_PECS1F22_ev_spontaneous_456,whisper-large-v3,yoruba
e,is,pcm_f_PECS1F23_ev_spontaneous_079,whisper-large-v3,yoruba
dey,it,pcm_f_PECS1F23_ev_spontaneous_079,whisper-large-v3,yoruba
pikin,pekin,pcm_f_PECS1F23_ev_spontaneous_079,whisper-large-v3,yoruba
values.,values?,pcm_f_PECS1F23_ev_spontaneous_079,whisper-large-v3,yoruba
dey,then,pcm_f_PECS1F24_ev_spontaneous_042,whisper-large-v3,yoruba
sometimes,"sometimes,",pcm_f_PECS1F25_ev_spontaneous_128,whisper-large-v3,yoruba
di,depression,pcm_f_PECS1F25_ev_spontaneous_128,whisper-large-v3,yoruba
sometimes,don't,pcm_f_PECS1F25_ev_spontaneous_128,whisper-large-v3,yoruba
much,"much,",pcm_f_PECS1F25_ev_spontaneous_128,whisper-large-v3,yoruba
depression,depression.,pcm_f_PECS1F25_ev_spontaneous_128,whisper-large-v3,yoruba
no,don't,pcm_f_PECS1F25_ev_spontaneous_395,whisper-large-v3,yoruba
monie,money,pcm_f_PECS1F25_ev_spontaneous_395,whisper-large-v3,yoruba
basket,basket.,pcm_f_PECS1F25_ev_spontaneous_395,whisper-large-v3,yoruba
channels,channels.,pcm_f_PECS1F25_ev_spontaneous_395,whisper-large-v3,yoruba
your,yo,pcm_f_PECS1F25_ev_spontaneous_395,whisper-large-v3,yoruba
monie.,money?,pcm_f_PECS1F25_ev_spontaneous_395,whisper-large-v3,yoruba
"arrival,",arrival.,pcm_f_PECS1F27_ev_spontaneous_293,whisper-large-v3,yoruba
i,had,pcm_f_PECS1F28_ev_spontaneous_267,whisper-large-v3,yoruba
dey,a,pcm_f_PECS1F28_ev_spontaneous_267,whisper-large-v3,yoruba
hail,halo.,pcm_f_PECS1F28_ev_spontaneous_267,whisper-large-v3,yoruba
don,don't,pcm_f_PECS1F28_ev_spontaneous_267,whisper-large-v3,yoruba
see,"see,",pcm_f_PECS1F28_ev_spontaneous_267,whisper-large-v3,yoruba
sey,"say,",pcm_f_PECS1F28_ev_spontaneous_267,whisper-large-v3,yoruba
don,don't,pcm_f_PECS1F28_ev_spontaneous_267,whisper-large-v3,yoruba
meals,meals.,pcm_f_PECS1F29_ev_spontaneous_245,whisper-large-v3,yoruba
[um],they,pcm_f_PECS1F29_ev_spontaneous_245,whisper-large-v3,yoruba
de,are,pcm_f_PECS1F29_ev_spontaneous_245,whisper-large-v3,yoruba
dey,be,pcm_f_PECS1F29_ev_spontaneous_245,whisper-large-v3,yoruba
healthy,healthy.,pcm_f_PECS1F29_ev_spontaneous_245,whisper-large-v3,yoruba
experience,experience.,pcm_f_PECS1F30_ev_spontaneous_199,whisper-large-v3,yoruba
affect,effect,pcm_f_PECS1F30_ev_spontaneous_199,whisper-large-v3,yoruba
marriage,marriage.,pcm_f_PECS1F30_ev_spontaneous_199,whisper-large-v3,yoruba
village?,village.,pcm_f_PECS1F30_ev_spontaneous_199,whisper-large-v3,yoruba
know,waiting,pcm_f_PECS1F30_ev_spontaneous_387,whisper-large-v3,yoruba
want,"want,",pcm_f_PECS1F30_ev_spontaneous_387,whisper-large-v3,yoruba
do,"do,",pcm_f_PECS1F30_ev_spontaneous_387,whisper-large-v3,yoruba
promise,"promise,",pcm_f_PECS1F30_ev_spontaneous_387,whisper-large-v3,yoruba
i,"i,",pcm_f_PECS1F30_ev_spontaneous_387,whisper-large-v3,yoruba
[um],cause,pcm_f_PECS1F30_ev_spontaneous_387,whisper-large-v3,yoruba
go,they,pcm_f_PECS1F30_ev_spontaneous_387,whisper-large-v3,yoruba
small,"small,",pcm_f_PECS1F30_ev_spontaneous_387,whisper-large-v3,yoruba
small,small.,pcm_f_PECS1F30_ev_spontaneous_387,whisper-large-v3,yoruba
papa,papa.,pcm_f_PECS1F35_ev_spontaneous_358,whisper-large-v3,yoruba
too,too.,pcm_f_PECS1F35_ev_spontaneous_358,whisper-large-v3,yoruba
society,"society,",pcm_f_PECS1F35_ev_spontaneous_582,whisper-large-v3,yoruba
work?,work.,pcm_f_PECS1F35_ev_spontaneous_582,whisper-large-v3,yoruba
access,assess,pcm_f_PECS1F36_ev_spontaneous_316,whisper-large-v3,yoruba
assistance?,assistance.,pcm_f_PECS1F36_ev_spontaneous_316,whisper-large-v3,yoruba
perosn,per,pcm_f_PECS1F38_ev_spontaneous_085,whisper-large-v3,yoruba
go,single,pcm_f_PECS1F38_ev_spontaneous_085,whisper-large-v3,yoruba
dey,"day,",pcm_f_PECS1F38_ev_spontaneous_085,whisper-large-v3,yoruba
perosn,per,pcm_f_PECS1F38_ev_spontaneous_085,whisper-large-v3,yoruba
go,single,pcm_f_PECS1F38_ev_spontaneous_085,whisper-large-v3,yoruba
safe,safe.,pcm_f_PECS1F38_ev_spontaneous_085,whisper-large-v3,yoruba
ogbonge,obonge,pcm_f_PECS1F38_ev_spontaneous_085,whisper-large-v3,yoruba
software,"software,",pcm_f_PECS1F38_ev_spontaneous_085,whisper-large-v3,yoruba
wey,will,pcm_f_PECS1F38_ev_spontaneous_085,whisper-large-v3,yoruba
updated,updated?,pcm_f_PECS1F38_ev_spontaneous_085,whisper-large-v3,yoruba
dey,do,pcm_f_PECS1F38_ev_spontaneous_319,whisper-large-v3,yoruba
pipu,people,pcm_f_PECS1F38_ev_spontaneous_319,whisper-large-v3,yoruba
"naija,","niger,",pcm_f_PECS1F38_ev_spontaneous_319,whisper-large-v3,yoruba
go,don't,pcm_f_PECS1F38_ev_spontaneous_319,whisper-large-v3,yoruba
wen,when,pcm_f_PECS1F38_ev_spontaneous_319,whisper-large-v3,yoruba
[um],too,pcm_f_PECS1F38_ev_spontaneous_319,whisper-large-v3,yoruba
to,much,pcm_f_PECS1F38_ev_spontaneous_319,whisper-large-v3,yoruba
match,breaks.,pcm_f_PECS1F38_ev_spontaneous_319,whisper-large-v3,yoruba
pastor,pastor's,pcm_f_PECS1F39_ev_spontaneous_093,whisper-large-v3,yoruba
son,"son,",pcm_f_PECS1F39_ev_spontaneous_093,whisper-large-v3,yoruba
where,wear,pcm_f_PECS1F39_ev_spontaneous_093,whisper-large-v3,yoruba
he,him,pcm_f_PECS1F39_ev_spontaneous_093,whisper-large-v3,yoruba
suppose,supposed,pcm_f_PECS1F39_ev_spontaneous_253,whisper-large-v3,yoruba
dey,to,pcm_f_PECS1F39_ev_spontaneous_253,whisper-large-v3,yoruba
mata,mata'awe,pcm_f_PECS1F39_ev_spontaneous_253,whisper-large-v3,yoruba
wey,day,pcm_f_PECS1F39_ev_spontaneous_253,whisper-large-v3,yoruba
church,judge,pcm_f_PECS1F39_ev_spontaneous_292,whisper-large-v3,yoruba
suppose,supposed,pcm_f_PECS1F39_ev_spontaneous_292,whisper-large-v3,yoruba
considerate,concentrate,pcm_f_PECS1F39_ev_spontaneous_292,whisper-large-v3,yoruba
of,for,pcm_f_PECS1F39_ev_spontaneous_292,whisper-large-v3,yoruba
dia,their,pcm_f_PECS1F39_ev_spontaneous_292,whisper-large-v3,yoruba
neigbhors,neighbors,pcm_f_PECS1F39_ev_spontaneous_292,whisper-large-v3,yoruba
fit,feel,pcm_f_PECS1F40_ev_spontaneous_018,whisper-large-v3,yoruba
arts,art,pcm_f_PECS1F40_ev_spontaneous_018,whisper-large-v3,yoruba
skool.,school.,pcm_f_PECS1F40_ev_spontaneous_018,whisper-large-v3,yoruba
debate,debates,pcm_f_PECS1F40_ev_spontaneous_227,whisper-large-v3,yoruba
sey,saying,pcm_f_PECS1F40_ev_spontaneous_227,whisper-large-v3,yoruba
[?],this,pcm_f_PECS1F40_ev_spontaneous_359,whisper-large-v3,yoruba
dis,"area,",pcm_f_PECS1F40_ev_spontaneous_359,whisper-large-v3,yoruba
time,time.,pcm_f_PECS1F40_ev_spontaneous_359,whisper-large-v3,yoruba
flog,"flog,",pcm_f_PECS1F41_ev_spontaneous_189,whisper-large-v3,yoruba
wen,when,pcm_f_PECS1F41_ev_spontaneous_189,whisper-large-v3,yoruba
we,wi,pcm_f_PECS1F41_ev_spontaneous_189,whisper-large-v3,yoruba
anthem,anthem.,pcm_f_PECS1F41_ev_spontaneous_189,whisper-large-v3,yoruba
mama,"mama,",pcm_f_PECS1F41_ev_spontaneous_500,whisper-large-v3,yoruba
"evening,",evening,pcm_f_PECS1F41_ev_spontaneous_500,whisper-large-v3,yoruba
papa,"papa,",pcm_f_PECS1F41_ev_spontaneous_500,whisper-large-v3,yoruba
say,the,pcm_f_PECS1F41_ev_spontaneous_500,whisper-large-v3,yoruba
light,lights,pcm_f_PECS1F41_ev_spontaneous_500,whisper-large-v3,yoruba
no,don't,pcm_f_PECS1F41_ev_spontaneous_500,whisper-large-v3,yoruba
comot,out,pcm_f_PECS1F41_ev_spontaneous_589,whisper-large-v3,yoruba
hand,hand.,pcm_f_PECS1F41_ev_spontaneous_589,whisper-large-v3,yoruba
dey,think,pcm_f_PECS1F44_ev_spontaneous_559,whisper-large-v3,yoruba
we,want,pcm_f_PECS1F47_ev_spontaneous_156,whisper-large-v3,yoruba
wan,to,pcm_f_PECS1F47_ev_spontaneous_156,whisper-large-v3,yoruba
community,"community,",pcm_f_PECS1F47_ev_spontaneous_156,whisper-large-v3,yoruba
de,the,pcm_f_PECS1F47_ev_spontaneous_156,whisper-large-v3,yoruba
don,don't,pcm_f_PECS1F49_ev_spontaneous_398,whisper-large-v3,yoruba
cancel,consume,pcm_f_PECS1F49_ev_spontaneous_398,whisper-large-v3,yoruba
because,"because,",pcm_f_PECS1F49_ev_spontaneous_398,whisper-large-v3,yoruba
protest.,protests.,pcm_f_PECS1F49_ev_spontaneous_398,whisper-large-v3,yoruba
uses,use,pcm_f_PECS1F50_ev_spontaneous_175,whisper-large-v3,yoruba
na,now,pcm_f_PECS1F50_ev_spontaneous_175,whisper-large-v3,yoruba
services,service.,pcm_f_PECS1F50_ev_spontaneous_175,whisper-large-v3,yoruba
be,is,pcm_f_PECS1F51_ev_spontaneous_281,whisper-large-v3,yoruba
say,to,pcm_f_PECS1F51_ev_spontaneous_281,whisper-large-v3,yoruba
e,be,pcm_f_PECS1F51_ev_spontaneous_281,whisper-large-v3,yoruba
concise,"concise,",pcm_f_PECS1F51_ev_spontaneous_281,whisper-large-v3,yoruba
receipt,received,pcm_f_PECS1F51_ev_spontaneous_332,whisper-large-v3,yoruba
gree,agree,pcm_f_PECS1F51_ev_spontaneous_360,whisper-large-v3,yoruba
go,good,pcm_f_PECS1F51_ev_spontaneous_360,whisper-large-v3,yoruba
de,they,pcm_f_PECS1F51_ev_spontaneous_360,whisper-large-v3,yoruba
gree,agree,pcm_f_PECS1F51_ev_spontaneous_360,whisper-large-v3,yoruba
na,this,pcm_f_PECS1F52_ev_spontaneous_333,whisper-large-v3,yoruba
dis,is,pcm_f_PECS1F52_ev_spontaneous_333,whisper-large-v3,yoruba
group,group.,pcm_f_PECS1F52_ev_spontaneous_333,whisper-large-v3,yoruba
exercise,exercise.,pcm_f_PECS1F52_ev_spontaneous_333,whisper-large-v3,yoruba
fit,female,pcm_f_PECS1F53_ev_spontaneous_359,whisper-large-v3,yoruba
loose,lose,pcm_f_PECS1F53_ev_spontaneous_359,whisper-large-v3,yoruba
e,there,pcm_f_PECS1F53_ev_spontaneous_425,whisper-large-v3,yoruba
dey,a,pcm_f_PECS1F53_ev_spontaneous_425,whisper-large-v3,yoruba
risky,risk,pcm_f_PECS1F53_ev_spontaneous_425,whisper-large-v3,yoruba
resign,desire,pcm_f_PECS1F53_ev_spontaneous_425,whisper-large-v3,yoruba
wen,when,pcm_f_PECS1F53_ev_spontaneous_425,whisper-large-v3,yoruba
neva,never,pcm_f_PECS1F53_ev_spontaneous_425,whisper-large-v3,yoruba
anoda,another,pcm_f_PECS1F53_ev_spontaneous_425,whisper-large-v3,yoruba
wey,with,pcm_f_PECS1F53_ev_spontaneous_425,whisper-large-v3,yoruba
beta.,them?,pcm_f_PECS1F53_ev_spontaneous_425,whisper-large-v3,yoruba
don,don't,pcm_f_PECS1F53_ev_spontaneous_536,whisper-large-v3,yoruba
dey,detry,pcm_f_PECS1F53_ev_spontaneous_536,whisper-large-v3,yoruba
dey,define,pcm_f_PECS1F53_ev_spontaneous_536,whisper-large-v3,yoruba
find,persuading,pcm_f_PECS1F53_ev_spontaneous_536,whisper-large-v3,yoruba
person,honeys,pcm_f_PECS1F53_ev_spontaneous_536,whisper-large-v3,yoruba
pikin,the,pcm_f_PECS1F54_ev_spontaneous_043,whisper-large-v3,yoruba
them,kingdom,pcm_f_PECS1F54_ev_spontaneous_043,whisper-large-v3,yoruba
behaviour,behavior,pcm_f_PECS1F54_ev_spontaneous_043,whisper-large-v3,yoruba
sabi,be,pcm_f_PECS1F54_ev_spontaneous_043,whisper-large-v3,yoruba
influence,influenced.,pcm_f_PECS1F54_ev_spontaneous_043,whisper-large-v3,yoruba
don,don't,pcm_f_PECS1F55_ev_spontaneous_287,whisper-large-v3,yoruba
route,route.,pcm_f_PECS1F55_ev_spontaneous_287,whisper-large-v3,yoruba
na,now,pcm_f_PECS1F55_ev_spontaneous_287,whisper-large-v3,yoruba
na,now,pcm_f_PECS1F55_ev_spontaneous_401,whisper-large-v3,yoruba
dat,the,pcm_f_PECS1F55_ev_spontaneous_401,whisper-large-v3,yoruba
outreach,outreach.,pcm_f_PECS1F55_ev_spontaneous_401,whisper-large-v3,yoruba
we,will,pcm_f_PECS1F55_ev_spontaneous_401,whisper-large-v3,yoruba
[um],they,pcm_f_PECS1F55_ev_spontaneous_401,whisper-large-v3,yoruba
do.,do?,pcm_f_PECS1F55_ev_spontaneous_401,whisper-large-v3,yoruba
go,will,pcm_f_PECS1F55_ev_spontaneous_519,whisper-large-v3,yoruba
friend,friends.,pcm_f_PECS1F55_ev_spontaneous_519,whisper-large-v3,yoruba
your,you.,pcm_f_PECS1F55_ev_spontaneous_519,whisper-large-v3,yoruba
fit,feel,pcm_f_PECS1F56_ev_spontaneous_164,whisper-large-v3,yoruba
greet,great,pcm_f_PECS1F56_ev_spontaneous_164,whisper-large-v3,yoruba
greet,friends,pcm_f_PECS1F56_ev_spontaneous_164,whisper-large-v3,yoruba
name,"name,",pcm_f_PECS1F56_ev_spontaneous_164,whisper-large-v3,yoruba
or,always,pcm_f_PECS1F56_ev_spontaneous_164,whisper-large-v3,yoruba
house,house.,pcm_f_PECS1F56_ev_spontaneous_164,whisper-large-v3,yoruba
for,happy,pcm_f_PECS1F56_ev_spontaneous_238,whisper-large-v3,yoruba
year,year.,pcm_f_PECS1F56_ev_spontaneous_238,whisper-large-v3,yoruba
na,this,pcm_f_PECS1F56_ev_spontaneous_238,whisper-large-v3,yoruba
o,will,pcm_f_PECS1F56_ev_spontaneous_238,whisper-large-v3,yoruba
beta,better,pcm_f_PECS1F56_ev_spontaneous_238,whisper-large-v3,yoruba
"us""",us.,pcm_f_PECS1F56_ev_spontaneous_238,whisper-large-v3,yoruba
don,don't,pcm_f_PECS1F56_ev_spontaneous_279,whisper-large-v3,yoruba
[um],enter,pcm_f_PECS1F56_ev_spontaneous_279,whisper-large-v3,yoruba
[um],ghost.,pcm_f_PECS1F56_ev_spontaneous_279,whisper-large-v3,yoruba
do,don't,pcm_f_PECS1F56_ev_spontaneous_279,whisper-large-v3,yoruba
dey,declare.,pcm_f_PECS1F56_ev_spontaneous_279,whisper-large-v3,yoruba
go,will,pcm_f_PECS1F59_ev_spontaneous_594,whisper-large-v3,yoruba
pesin,person's,pcm_f_PECS1F59_ev_spontaneous_594,whisper-large-v3,yoruba
wan,to,pcm_f_PECS1F5_ev_spontaneous_334,whisper-large-v3,yoruba
njideka,car,pcm_f_PECS1F5_ev_spontaneous_334,whisper-large-v3,yoruba
wan,to,pcm_f_PECS1F5_ev_spontaneous_334,whisper-large-v3,yoruba
she,should,pcm_f_PECS1F70_ev_spontaneous_129,whisper-large-v3,yoruba
dey,a,pcm_f_PECS1F70_ev_spontaneous_129,whisper-large-v3,yoruba
use,youth's,pcm_f_PECS1F70_ev_spontaneous_129,whisper-large-v3,yoruba
calender,calendar,pcm_f_PECS1F70_ev_spontaneous_129,whisper-large-v3,yoruba
fit,fits,pcm_f_PECS1F70_ev_spontaneous_129,whisper-large-v3,yoruba
use,youths?,pcm_f_PECS1F70_ev_spontaneous_129,whisper-large-v3,yoruba
use,youths,pcm_f_PECS1F70_ev_spontaneous_129,whisper-large-v3,yoruba
studyrest,"rest,",pcm_f_PECS1F70_ev_spontaneous_129,whisper-large-v3,yoruba
recheck,research.,pcm_f_PECS1F70_ev_spontaneous_129,whisper-large-v3,yoruba
make,may,pcm_f_PECS1F71_ev_spontaneous_013,whisper-large-v3,yoruba
no,not,pcm_f_PECS1F71_ev_spontaneous_013,whisper-large-v3,yoruba
over,overspend,pcm_f_PECS1F71_ev_spontaneous_013,whisper-large-v3,yoruba
month,month.,pcm_f_PECS1F71_ev_spontaneous_013,whisper-large-v3,yoruba
[um],um,pcm_f_PECS1F71_ev_spontaneous_490,whisper-large-v3,yoruba
join,joined,pcm_f_PECS1F71_ev_spontaneous_490,whisper-large-v3,yoruba
the,it,pcm_f_PECS1F71_ev_spontaneous_490,whisper-large-v3,yoruba
join,joined,pcm_f_PECS1F71_ev_spontaneous_490,whisper-large-v3,yoruba
though,the,pcm_f_PECS1F71_ev_spontaneous_490,whisper-large-v3,yoruba
choke,true,pcm_f_PECS1F71_ev_spontaneous_490,whisper-large-v3,yoruba
cloth,clothes,pcm_f_PECS1F73_ev_spontaneous_122,whisper-large-v3,yoruba
wey,with,pcm_f_PECS1F73_ev_spontaneous_122,whisper-large-v3,yoruba
dey,it,pcm_f_PECS1F73_ev_spontaneous_122,whisper-large-v3,yoruba
finish,finish.,pcm_f_PECS1F73_ev_spontaneous_122,whisper-large-v3,yoruba
nor,don't,pcm_f_PECS1F73_ev_spontaneous_440,whisper-large-v3,yoruba
beta,better,pcm_f_PECS1F73_ev_spontaneous_440,whisper-large-v3,yoruba
cloth,"clothes,",pcm_f_PECS1F73_ev_spontaneous_440,whisper-large-v3,yoruba
smile,i,pcm_f_PECS1F73_ev_spontaneous_440,whisper-large-v3,yoruba
dem,there.,pcm_f_PECS1F73_ev_spontaneous_440,whisper-large-v3,yoruba
wetin,waiting,pcm_f_PECS1F75_ev_spontaneous_512,whisper-large-v3,yoruba
tomorrow,tomorrow.,pcm_f_PECS1F75_ev_spontaneous_512,whisper-large-v3,yoruba
tink,think,pcm_f_PECS1F76_ev_spontaneous_076,whisper-large-v3,yoruba
weda,whether,pcm_f_PECS1F76_ev_spontaneous_076,whisper-large-v3,yoruba
[um],you,pcm_f_PECS1F76_ev_spontaneous_076,whisper-large-v3,yoruba
e,want,pcm_f_PECS1F76_ev_spontaneous_076,whisper-large-v3,yoruba
safe,save,pcm_f_PECS1F76_ev_spontaneous_076,whisper-large-v3,yoruba
[um],the,pcm_f_PECS1F76_ev_spontaneous_076,whisper-large-v3,yoruba
jus,just,pcm_f_PECS1F76_ev_spontaneous_076,whisper-large-v3,yoruba
am,it.,pcm_f_PECS1F76_ev_spontaneous_076,whisper-large-v3,yoruba
tok,talks,pcm_f_PECS1F79_ev_spontaneous_443,whisper-large-v3,yoruba
na,now,pcm_f_PECS1F79_ev_spontaneous_532,whisper-large-v3,yoruba
evri,every,pcm_f_PECS1F79_ev_spontaneous_532,whisper-large-v3,yoruba
dis,obudu,pcm_f_PECS1F79_ev_spontaneous_532,whisper-large-v3,yoruba
obodo,"naija,",pcm_f_PECS1F79_ev_spontaneous_532,whisper-large-v3,yoruba
naija,they,pcm_f_PECS1F79_ev_spontaneous_532,whisper-large-v3,yoruba
dey,respect,pcm_f_PECS1F79_ev_spontaneous_532,whisper-large-v3,yoruba
respekt,kula,pcm_f_PECS1F79_ev_spontaneous_532,whisper-large-v3,yoruba
kolanut,not,pcm_f_PECS1F79_ev_spontaneous_532,whisper-large-v3,yoruba
wella,wela?,pcm_f_PECS1F79_ev_spontaneous_532,whisper-large-v3,yoruba
grief,great,pcm_f_PECS1F79_ev_spontaneous_603,whisper-large-v3,yoruba
fit,feat,pcm_f_PECS1F79_ev_spontaneous_603,whisper-large-v3,yoruba
person,"person,",pcm_f_PECS1F79_ev_spontaneous_603,whisper-large-v3,yoruba
lose,"lose,",pcm_f_PECS1F79_ev_spontaneous_603,whisper-large-v3,yoruba
wey,with,pcm_f_PECS1F79_ev_spontaneous_603,whisper-large-v3,yoruba
love,lost.,pcm_f_PECS1F79_ev_spontaneous_603,whisper-large-v3,yoruba
out,our,pcm_f_PECS1F7_ev_spontaneous_083,whisper-large-v3,yoruba
spend,spent,pcm_f_PECS1F7_ev_spontaneous_083,whisper-large-v3,yoruba
togeda,"together,",pcm_f_PECS1F7_ev_spontaneous_083,whisper-large-v3,yoruba
dey,is,pcm_f_PECS1F7_ev_spontaneous_240,whisper-large-v3,yoruba
no,don't,pcm_f_PECS1F7_ev_spontaneous_264,whisper-large-v3,yoruba
fit,affects,pcm_f_PECS1F7_ev_spontaneous_264,whisper-large-v3,yoruba
health,health.,pcm_f_PECS1F7_ev_spontaneous_264,whisper-large-v3,yoruba
e,you,pcm_f_PECS1F7_ev_spontaneous_270,whisper-large-v3,yoruba
wey,a,pcm_f_PECS1F7_ev_spontaneous_270,whisper-large-v3,yoruba
"dey,",dead.,pcm_f_PECS1F7_ev_spontaneous_270,whisper-large-v3,yoruba
im,you,pcm_f_PECS1F7_ev_spontaneous_270,whisper-large-v3,yoruba
no,don't,pcm_f_PECS1F7_ev_spontaneous_270,whisper-large-v3,yoruba
drink,"drink,",pcm_f_PECS1F7_ev_spontaneous_270,whisper-large-v3,yoruba
example,"example,",pcm_f_PECS1F7_ev_spontaneous_270,whisper-large-v3,yoruba
sick,sick.,pcm_f_PECS1F7_ev_spontaneous_270,whisper-large-v3,yoruba
alarm,"alarm,",pcm_f_PECS1F9_ev_spontaneous_099,whisper-large-v3,yoruba
[um],volunteer,pcm_f_PECS1F9_ev_spontaneous_543,whisper-large-v3,yoruba
volunteering,will,pcm_f_PECS1F9_ev_spontaneous_543,whisper-large-v3,yoruba
opportunties,opportunities,pcm_f_PECS1F9_ev_spontaneous_543,whisper-large-v3,yoruba
volunteering,"volunteering,",pcm_f_PECS1F9_ev_spontaneous_553,whisper-large-v3,yoruba
dia,their,pcm_f_PECS1F9_ev_spontaneous_553,whisper-large-v3,yoruba
meanwhile,"meanwhile,",pcm_f_PECT1F105_ev_spontaneous_277,whisper-large-v3,igbo
go,goal,pcm_f_PECT1F105_ev_spontaneous_277,whisper-large-v3,igbo
one,one-point,pcm_f_PECT1F105_ev_spontaneous_277,whisper-large-v3,igbo
pointsbased,based,pcm_f_PECT1F105_ev_spontaneous_277,whisper-large-v3,igbo
longterm,long-term,pcm_f_PECT1F105_ev_spontaneous_277,whisper-large-v3,igbo
reliance,brilliance,pcm_f_PECT1F105_ev_spontaneous_277,whisper-large-v3,igbo
workers,workers.,pcm_f_PECT1F105_ev_spontaneous_277,whisper-large-v3,igbo
wey,we'll,pcm_f_PECT1F111_ev_spontaneous_415,whisper-large-v3,igbo
law,long,pcm_f_PECT1F111_ev_spontaneous_415,whisper-large-v3,igbo
wey,wedding,pcm_f_PECT1F111_ev_spontaneous_415,whisper-large-v3,igbo
dey,base,pcm_f_PECT1F111_ev_spontaneous_415,whisper-large-v3,igbo
abuja,abuja.,pcm_f_PECT1F111_ev_spontaneous_415,whisper-large-v3,igbo
[um],know,pcm_f_PECT1F116_ev_spontaneous_380,whisper-large-v3,igbo
no,they,pcm_f_PECT1F116_ev_spontaneous_380,whisper-large-v3,igbo
earthquakes,"earthquakes,",pcm_f_PECT1F116_ev_spontaneous_380,whisper-large-v3,igbo
structural,feed,pcm_f_PECT1F116_ev_spontaneous_380,whisper-large-v3,igbo
damage,their,pcm_f_PECT1F116_ev_spontaneous_380,whisper-large-v3,igbo
fit,significance.,pcm_f_PECT1F116_ev_spontaneous_380,whisper-large-v3,igbo
stop,"stop,",pcm_f_PECT1F125_ev_spontaneous_044,whisper-large-v3,igbo
to,should,pcm_f_PECT1F125_ev_spontaneous_044,whisper-large-v3,igbo
time,"time,",pcm_f_PECT1F125_ev_spontaneous_044,whisper-large-v3,igbo
go,could,pcm_f_PECT1F125_ev_spontaneous_044,whisper-large-v3,igbo
alcohol,goal.,pcm_f_PECT1F125_ev_spontaneous_044,whisper-large-v3,igbo
train,trained,pcm_f_PECT1F12_ev_spontaneous_449,whisper-large-v3,igbo
wey,with,pcm_f_PECT1F12_ev_spontaneous_449,whisper-large-v3,igbo
protection,"protection,",pcm_f_PECT1F12_ev_spontaneous_449,whisper-large-v3,igbo
i,i'm,pcm_f_PECT1F12_ev_spontaneous_449,whisper-large-v3,igbo
no,not,pcm_f_PECT1F12_ev_spontaneous_449,whisper-large-v3,igbo
believe,a,pcm_f_PECT1F12_ev_spontaneous_449,whisper-large-v3,igbo
am.,believer.,pcm_f_PECT1F12_ev_spontaneous_449,whisper-large-v3,igbo
stress,"stress,",pcm_f_PECT1F130_ev_spontaneous_571,whisper-large-v3,igbo
office,office.,pcm_f_PECT1F130_ev_spontaneous_571,whisper-large-v3,igbo
ones,ones.,pcm_f_PECT1F130_ev_spontaneous_571,whisper-large-v3,igbo
dey,is,pcm_f_PECT1F142_ev_spontaneous_481,whisper-large-v3,igbo
russia,"russia,",pcm_f_PECT1F142_ev_spontaneous_481,whisper-large-v3,igbo
states,states.,pcm_f_PECT1F142_ev_spontaneous_481,whisper-large-v3,igbo
mangione,manjio,pcm_f_PECT1F148_ev_spontaneous_386,whisper-large-v3,igbo
bin,mbinde,pcm_f_PECT1F148_ev_spontaneous_386,whisper-large-v3,igbo
truecar,"trucar,",pcm_f_PECT1F148_ev_spontaneous_386,whisper-large-v3,igbo
cars,"cars,",pcm_f_PECT1F148_ev_spontaneous_386,whisper-large-v3,igbo
profiles,profiles.,pcm_f_PECT1F148_ev_spontaneous_386,whisper-large-v3,igbo
important,importance,pcm_f_PECT1F14_ev_spontaneous_557,whisper-large-v3,igbo
find,fine,pcm_f_PECT1F14_ev_spontaneous_557,whisper-large-v3,igbo
go,can,pcm_f_PECT1F150_ev_spontaneous_351,whisper-large-v3,igbo
say,a,pcm_f_PECT1F150_ev_spontaneous_351,whisper-large-v3,igbo
dose,those,pcm_f_PECT1F150_ev_spontaneous_351,whisper-large-v3,igbo
words,"words,",pcm_f_PECT1F150_ev_spontaneous_351,whisper-large-v3,igbo
wey,if,pcm_f_PECT1F150_ev_spontaneous_351,whisper-large-v3,igbo
fit,it,pcm_f_PECT1F150_ev_spontaneous_351,whisper-large-v3,igbo
mean,means,pcm_f_PECT1F150_ev_spontaneous_351,whisper-large-v3,igbo
di,d,pcm_f_PECT1F150_ev_spontaneous_351,whisper-large-v3,igbo
and,or,pcm_f_PECT1F150_ev_spontaneous_351,whisper-large-v3,igbo
on,on.,pcm_f_PECT1F150_ev_spontaneous_351,whisper-large-v3,igbo
bin,we,pcm_f_PECT1F151_ev_spontaneous_576,whisper-large-v3,igbo
say,to,pcm_f_PECT1F151_ev_spontaneous_576,whisper-large-v3,igbo
romania,romania.,pcm_f_PECT1F151_ev_spontaneous_576,whisper-large-v3,igbo
don,don't,pcm_f_PECT1F152_ev_spontaneous_104,whisper-large-v3,igbo
gree,agree,pcm_f_PECT1F152_ev_spontaneous_104,whisper-large-v3,igbo
finalise,finalize,pcm_f_PECT1F152_ev_spontaneous_104,whisper-large-v3,igbo
na,now,pcm_f_PECT1F152_ev_spontaneous_104,whisper-large-v3,igbo
wetin,waiting,pcm_f_PECT1F152_ev_spontaneous_104,whisper-large-v3,igbo
tok,talk.,pcm_f_PECT1F152_ev_spontaneous_104,whisper-large-v3,igbo
2024,2024.,pcm_f_PECT1F153_ev_spontaneous_083,whisper-large-v3,igbo
fit,faith,pcm_f_PECT1F157_ev_spontaneous_182,whisper-large-v3,igbo
board,but,pcm_f_PECT1F157_ev_spontaneous_182,whisper-large-v3,igbo
perosn,person,pcm_f_PECT1F160_ev_spontaneous_325,whisper-large-v3,igbo
sports,"sports,",pcm_f_PECT1F160_ev_spontaneous_325,whisper-large-v3,igbo
don,don't,pcm_f_PECT1F160_ev_spontaneous_325,whisper-large-v3,igbo
something,something.,pcm_f_PECT1F160_ev_spontaneous_325,whisper-large-v3,igbo
i,the,pcm_f_PECT1F161_ev_spontaneous_521,whisper-large-v3,igbo
dey,"time,",pcm_f_PECT1F161_ev_spontaneous_521,whisper-large-v3,igbo
try,i,pcm_f_PECT1F161_ev_spontaneous_521,whisper-large-v3,igbo
mysef,myself,pcm_f_PECT1F161_ev_spontaneous_521,whisper-large-v3,igbo
wit,with,pcm_f_PECT1F161_ev_spontaneous_521,whisper-large-v3,igbo
me,me.,pcm_f_PECT1F161_ev_spontaneous_521,whisper-large-v3,igbo
kogi,kogi's,pcm_f_PECT1F166_ev_spontaneous_114,whisper-large-v3,igbo
don,don't,pcm_f_PECT1F166_ev_spontaneous_114,whisper-large-v3,igbo
action,actions,pcm_f_PECT1F166_ev_spontaneous_114,whisper-large-v3,igbo
wey,with,pcm_f_PECT1F166_ev_spontaneous_114,whisper-large-v3,igbo
suspend,suspender.,pcm_f_PECT1F166_ev_spontaneous_114,whisper-large-v3,igbo
but,"but,",pcm_f_PECT1F166_ev_spontaneous_188,whisper-large-v3,igbo
wetin,waiting,pcm_f_PECT1F166_ev_spontaneous_188,whisper-large-v3,igbo
dis,this,pcm_f_PECT1F166_ev_spontaneous_188,whisper-large-v3,igbo
wey,equip,pcm_f_PECT1F166_ev_spontaneous_188,whisper-large-v3,igbo
ecowas,as,pcm_f_PECT1F166_ev_spontaneous_188,whisper-large-v3,igbo
propose,"purpose,",pcm_f_PECT1F166_ev_spontaneous_188,whisper-large-v3,igbo
work,work?,pcm_f_PECT1F166_ev_spontaneous_188,whisper-large-v3,igbo
wetin,waiting,pcm_f_PECT1F166_ev_spontaneous_188,whisper-large-v3,igbo
am,ram?,pcm_f_PECT1F166_ev_spontaneous_188,whisper-large-v3,igbo
im,a,pcm_f_PECT1F168_ev_spontaneous_312,whisper-large-v3,igbo
masters,master's,pcm_f_PECT1F168_ev_spontaneous_312,whisper-large-v3,igbo
liverpool,"liverpool,",pcm_f_PECT1F168_ev_spontaneous_312,whisper-large-v3,igbo
kingdom,kingdom.,pcm_f_PECT1F168_ev_spontaneous_312,whisper-large-v3,igbo
police,"police,",pcm_f_PECT1F191_ev_spontaneous_277,whisper-large-v3,igbo
enta,nkawahala.,pcm_f_PECT1F191_ev_spontaneous_277,whisper-large-v3,igbo
dis,these,pcm_f_PECT1F192_ev_spontaneous_544,whisper-large-v3,igbo
practice,parties,pcm_f_PECT1F192_ev_spontaneous_544,whisper-large-v3,igbo
no,don't,pcm_f_PECT1F192_ev_spontaneous_544,whisper-large-v3,igbo
wetin,meeting,pcm_f_PECT1F192_ev_spontaneous_544,whisper-large-v3,igbo
pipo,"people,",pcm_f_PECT1F192_ev_spontaneous_544,whisper-large-v3,igbo
don,don't,pcm_f_PECT1F192_ev_spontaneous_544,whisper-large-v3,igbo
do,"do,",pcm_f_PECT1F192_ev_spontaneous_544,whisper-large-v3,igbo
bifor,before?,pcm_f_PECT1F192_ev_spontaneous_544,whisper-large-v3,igbo
e,they're,pcm_f_PECT1F192_ev_spontaneous_544,whisper-large-v3,igbo
no,not,pcm_f_PECT1F192_ev_spontaneous_544,whisper-large-v3,igbo
too,so,pcm_f_PECT1F192_ev_spontaneous_544,whisper-large-v3,igbo
im,in,pcm_f_PECT1F192_ev_spontaneous_544,whisper-large-v3,igbo
tok,utoku.,pcm_f_PECT1F192_ev_spontaneous_544,whisper-large-v3,igbo
totally,total,pcm_f_PECT1F20_ev_spontaneous_264,whisper-large-v3,igbo
goment.,government.,pcm_f_PECT1F20_ev_spontaneous_264,whisper-large-v3,igbo
plan,"plan,",pcm_f_PECT1F22_ev_spontaneous_016,whisper-large-v3,igbo
music,"music,",pcm_f_PECT1F26_ev_spontaneous_541,whisper-large-v3,igbo
housework,houseworks,pcm_f_PECT1F26_ev_spontaneous_541,whisper-large-v3,igbo
sweet,with,pcm_f_PECT1F26_ev_spontaneous_541,whisper-large-v3,igbo
evribody.,everybody.,pcm_f_PECT1F26_ev_spontaneous_541,whisper-large-v3,igbo
don,don't,pcm_f_PECT1F28_ev_spontaneous_472,whisper-large-v3,igbo
to,today,pcm_f_PECT1F28_ev_spontaneous_472,whisper-large-v3,igbo
chop,shop,pcm_f_PECT1F28_ev_spontaneous_472,whisper-large-v3,igbo
na,not,pcm_f_PECT1F2_ev_spontaneous_209,whisper-large-v3,igbo
teacher,teacher.,pcm_f_PECT1F2_ev_spontaneous_209,whisper-large-v3,igbo
everyting,every,pcm_f_PECT1F2_ev_spontaneous_209,whisper-large-v3,igbo
wey,day,pcm_f_PECT1F2_ev_spontaneous_209,whisper-large-v3,igbo
you,we,pcm_f_PECT1F2_ev_spontaneous_209,whisper-large-v3,igbo
you,we,pcm_f_PECT1F2_ev_spontaneous_209,whisper-large-v3,igbo
go,must,pcm_f_PECT1F2_ev_spontaneous_209,whisper-large-v3,igbo
master,learn.,pcm_f_PECT1F2_ev_spontaneous_209,whisper-large-v3,igbo
kingsley,kinsley,pcm_f_PECT1F2_ev_spontaneous_584,whisper-large-v3,igbo
no,don't,pcm_f_PECT1F2_ev_spontaneous_584,whisper-large-v3,igbo
service,"service,",pcm_f_PECT1F2_ev_spontaneous_584,whisper-large-v3,igbo
do,do.,pcm_f_PECT1F2_ev_spontaneous_584,whisper-large-v3,igbo
e,ego,pcm_f_PECT1F2_ev_spontaneous_584,whisper-large-v3,igbo
wahala,while,pcm_f_PECT1F2_ev_spontaneous_584,whisper-large-v3,igbo
with,i'm,pcm_f_PECT1F2_ev_spontaneous_584,whisper-large-v3,igbo
im,eating,pcm_f_PECT1F2_ev_spontaneous_584,whisper-large-v3,igbo
papa,papa.,pcm_f_PECT1F2_ev_spontaneous_584,whisper-large-v3,igbo
don,don't,pcm_f_PECT1F3_ev_spontaneous_457,whisper-large-v3,igbo
sista,sister,pcm_f_PECT1F3_ev_spontaneous_457,whisper-large-v3,igbo
wey,with,pcm_f_PECT1F3_ev_spontaneous_457,whisper-large-v3,igbo
dey,me,pcm_f_PECT1F3_ev_spontaneous_457,whisper-large-v3,igbo
terapi,therapy.,pcm_f_PECT1F3_ev_spontaneous_457,whisper-large-v3,igbo
mind,mind.,pcm_f_PECT1F40_ev_spontaneous_478,whisper-large-v3,igbo
me,me.,pcm_f_PECT1F45_ev_spontaneous_106,whisper-large-v3,igbo
butterfly,butterfly.,pcm_f_PECT1F45_ev_spontaneous_106,whisper-large-v3,igbo
[um],ono,pcm_f_PECT1F47_ev_spontaneous_566,whisper-large-v3,igbo
no,om,pcm_f_PECT1F47_ev_spontaneous_566,whisper-large-v3,igbo
[um],temi,pcm_f_PECT1F47_ev_spontaneous_566,whisper-large-v3,igbo
tell,se,pcm_f_PECT1F47_ev_spontaneous_566,whisper-large-v3,igbo
me,nafo,pcm_f_PECT1F47_ev_spontaneous_566,whisper-large-v3,igbo
say,unafan,pcm_f_PECT1F47_ev_spontaneous_566,whisper-large-v3,igbo
na,yu,pcm_f_PECT1F47_ev_spontaneous_566,whisper-large-v3,igbo
for,machi,pcm_f_PECT1F47_ev_spontaneous_566,whisper-large-v3,igbo
[um],li,pcm_f_PECT1F47_ev_spontaneous_566,whisper-large-v3,igbo
una,juju.,pcm_f_PECT1F47_ev_spontaneous_566,whisper-large-v3,igbo
am,and,pcm_f_PECT1F51_ev_spontaneous_016,whisper-large-v3,igbo
looks,"looks,",pcm_f_PECT1F51_ev_spontaneous_016,whisper-large-v3,igbo
character,character.,pcm_f_PECT1F51_ev_spontaneous_016,whisper-large-v3,igbo
di,plan,pcm_f_PECT1F56_ev_spontaneous_126,whisper-large-v3,igbo
planning,ni,pcm_f_PECT1F56_ev_spontaneous_126,whisper-large-v3,igbo
go,go.,pcm_f_PECT1F56_ev_spontaneous_126,whisper-large-v3,igbo
wey,when,pcm_f_PECT1F56_ev_spontaneous_184,whisper-large-v3,igbo
[um],they,pcm_f_PECT1F56_ev_spontaneous_184,whisper-large-v3,igbo
nature,shout,pcm_f_PECT1F56_ev_spontaneous_184,whisper-large-v3,igbo
wen,when,pcm_f_PECT1F56_ev_spontaneous_184,whisper-large-v3,igbo
[um],birds,pcm_f_PECT1F56_ev_spontaneous_184,whisper-large-v3,igbo
cricket,crickets,pcm_f_PECT1F56_ev_spontaneous_184,whisper-large-v3,igbo
nite,nights.,pcm_f_PECT1F56_ev_spontaneous_184,whisper-large-v3,igbo
dey,did,pcm_f_PECT1F6_ev_spontaneous_021,whisper-large-v3,igbo
well,"well,",pcm_f_PECT1F6_ev_spontaneous_021,whisper-large-v3,igbo
rest,rest.,pcm_f_PECT1F6_ev_spontaneous_021,whisper-large-v3,igbo
advice,advice.,pcm_f_PECT1F8_ev_spontaneous_527,whisper-large-v3,igbo
add,ad,pcm_f_PECT1P1_ev_spontaneous_409,whisper-large-v3,igbo
pull,put,pcm_f_PECT1P1_ev_spontaneous_409,whisper-large-v3,igbo
wey,we,pcm_f_PECT1P1_ev_spontaneous_409,whisper-large-v3,igbo
weak,weak.,pcm_f_PECT1P1_ev_spontaneous_409,whisper-large-v3,igbo
couple,kopu,pcm_f_PECT2F14_ev_spontaneous_131,whisper-large-v3,igbo
quarrel,kore,pcm_f_PECT2F14_ev_spontaneous_131,whisper-large-v3,igbo
dia,their,pcm_f_PECT2F14_ev_spontaneous_131,whisper-large-v3,igbo
house,house.,pcm_f_PECT2F14_ev_spontaneous_131,whisper-large-v3,igbo
animals,animal.,pcm_f_PECT2F15_ev_spontaneous_139,whisper-large-v3,igbo
volunteers,volunteer,pcm_f_PECT2F15_ev_spontaneous_139,whisper-large-v3,igbo
animals,animal,pcm_f_PECT2F15_ev_spontaneous_139,whisper-large-v3,igbo
i,i've,pcm_f_PECT2F15_ev_spontaneous_235,whisper-large-v3,igbo
explain,explained,pcm_f_PECT2F15_ev_spontaneous_235,whisper-large-v3,igbo
money,"money,",pcm_f_PECT2F15_ev_spontaneous_235,whisper-large-v3,igbo
nebor,"neighbor,",pcm_f_PECT2F20_ev_spontaneous_293,whisper-large-v3,igbo
don,don't,pcm_f_PECT2F20_ev_spontaneous_293,whisper-large-v3,igbo
don,know,pcm_f_PECT2F20_ev_spontaneous_293,whisper-large-v3,igbo
wake,where,pcm_f_PECT2F20_ev_spontaneous_293,whisper-large-v3,igbo
hear,heard,pcm_f_PECT2F20_ev_spontaneous_293,whisper-large-v3,igbo
night,night.,pcm_f_PECT2F20_ev_spontaneous_293,whisper-large-v3,igbo
sports,port,pcm_f_PECT2F24_ev_spontaneous_621,whisper-large-v3,igbo
tok,toxic,pcm_f_PECT2F24_ev_spontaneous_621,whisper-large-v3,igbo
say,him,pcm_f_PECT2F24_ev_spontaneous_621,whisper-large-v3,igbo
im,this,pcm_f_PECT2F24_ev_spontaneous_621,whisper-large-v3,igbo
dey,"sudden,",pcm_f_PECT2F24_ev_spontaneous_621,whisper-large-v3,igbo
anoda,another,pcm_f_PECT2F24_ev_spontaneous_621,whisper-large-v3,igbo
dey,"they,",pcm_f_PECT2F24_ev_spontaneous_621,whisper-large-v3,igbo
cut,cause,pcm_f_PECT2F24_ev_spontaneous_621,whisper-large-v3,igbo
"crime"".",crime.,pcm_f_PECT2F24_ev_spontaneous_621,whisper-large-v3,igbo
pet,pet.,pcm_f_PECT2F26_ev_spontaneous_445,whisper-large-v3,igbo
family,"family,",pcm_f_PECT2F32_ev_spontaneous_035,whisper-large-v3,igbo
evening,evening.,pcm_f_PECT2F32_ev_spontaneous_035,whisper-large-v3,igbo
holoday,"holiday,",pcm_f_PECT2F41_ev_spontaneous_437,whisper-large-v3,igbo
[um],they,pcm_f_PECT2F41_ev_spontaneous_437,whisper-large-v3,igbo
side,side.,pcm_f_PECT2F41_ev_spontaneous_437,whisper-large-v3,igbo
wen,when,pcm_f_PECT2F58_ev_spontaneous_201,whisper-large-v3,igbo
transport,transports,pcm_f_PECT2F58_ev_spontaneous_201,whisper-large-v3,igbo
to,over,pcm_f_PECT2F58_ev_spontaneous_201,whisper-large-v3,igbo
our,ppe,pcm_f_PECT2F58_ev_spontaneous_201,whisper-large-v3,igbo
cds,"cds,",pcm_f_PECT2F58_ev_spontaneous_201,whisper-large-v3,igbo
dey,repay,pcm_f_PECT2F69_ev_spontaneous_252,whisper-large-v3,igbo
patient,person,pcm_f_PHTS1F1_he_spontaneous_490,whisper-large-v3,yoruba
true,through,pcm_f_PHTS1F1_he_spontaneous_490,whisper-large-v3,yoruba
true,truth,pcm_f_PHTS1F1_he_spontaneous_490,whisper-large-v3,yoruba
fit,will,pcm_f_PHTS1F1_he_spontaneous_490,whisper-large-v3,yoruba
and,strong.,pcm_f_PHTS1F1_he_spontaneous_490,whisper-large-v3,yoruba
true,through,pcm_f_PHTS1F7_he_spontaneous_063,whisper-large-v3,yoruba
long,nongwakako,pcm_f_PHTS1F7_he_spontaneous_063,whisper-large-v3,yoruba
health,centre,pcm_f_PHTS1F7_he_spontaneous_063,whisper-large-v3,yoruba
checkup,check-up,pcm_f_PHTS1F7_he_spontaneous_063,whisper-large-v3,yoruba
before,before.,pcm_f_PHTS1F7_he_spontaneous_063,whisper-large-v3,yoruba
sick,this,pcm_f_PHTT1F11_he_spontaneous_555,whisper-large-v3,hausa
distance,times,pcm_f_PHTT1F11_he_spontaneous_555,whisper-large-v3,hausa
dey,did,pcm_f_PHTT1F12_he_spontaneous_549,whisper-large-v3,hausa
wey,the,pcm_f_PHTT1F12_he_spontaneous_549,whisper-large-v3,hausa
medicine,"medicine,",pcm_f_PHTT1F14_he_spontaneous_399,whisper-large-v3,hausa
belief,belief.,pcm_f_PHTT1F14_he_spontaneous_399,whisper-large-v3,hausa
hospital,they,pcm_f_PHTT1F14_he_spontaneous_399,whisper-large-v3,hausa
adjust,just,pcm_f_PHTT1F14_he_spontaneous_399,whisper-large-v3,hausa
patient,patients.,pcm_f_PHTT1F14_he_spontaneous_399,whisper-large-v3,hausa
patient,patients,pcm_f_PHTT1F14_he_spontaneous_399,whisper-large-v3,hausa
on,on...,pcm_f_PHTT1F14_he_spontaneous_399,whisper-large-v3,hausa
i,a,pcm_f_PHTT1F16_he_spontaneous_104,whisper-large-v3,hausa
dey,detox,pcm_f_PHTT1F16_he_spontaneous_104,whisper-large-v3,hausa
talk,says,pcm_f_PHTT1F16_he_spontaneous_104,whisper-large-v3,hausa
fit,feed,pcm_f_PHTT1F16_he_spontaneous_104,whisper-large-v3,hausa
wan,one,pcm_f_PHTT1F16_he_spontaneous_104,whisper-large-v3,hausa
pray,prey,pcm_f_PHTT1F16_he_spontaneous_104,whisper-large-v3,hausa
do,through,pcm_f_PHTT1F16_he_spontaneous_104,whisper-large-v3,hausa
yamayama,yama,pcm_f_PHTT1F17_he_spontaneous_320,whisper-large-v3,hausa
diseases,disease,pcm_f_PHTT1F17_he_spontaneous_320,whisper-large-v3,hausa
pesin,person,pcm_f_PHTT1F17_he_spontaneous_320,whisper-large-v3,hausa
put,foot,pcm_f_PHTT1F17_he_spontaneous_320,whisper-large-v3,hausa
plenti,plenty.,pcm_f_PHTT1F17_he_spontaneous_320,whisper-large-v3,hausa
dey,tell,pcm_f_PHTT1F18_he_spontaneous_435,whisper-large-v3,hausa
tell,a,pcm_f_PHTT1F18_he_spontaneous_435,whisper-large-v3,hausa
pikin,picking,pcm_f_PHTT1F18_he_spontaneous_435,whisper-large-v3,hausa
breast,berries,pcm_f_PHTT1F18_he_spontaneous_435,whisper-large-v3,hausa
go,goes,pcm_f_PHTT1F18_he_spontaneous_435,whisper-large-v3,hausa
soft,off,pcm_f_PHTT1F18_he_spontaneous_435,whisper-large-v3,hausa
waka,wake,pcm_f_PHTT1F18_he_spontaneous_593,whisper-large-v3,hausa
e,"up,",pcm_f_PHTT1F18_he_spontaneous_593,whisper-large-v3,hausa
dey,it,pcm_f_PHTT1F18_he_spontaneous_593,whisper-large-v3,hausa
help,helps,pcm_f_PHTT1F18_he_spontaneous_593,whisper-large-v3,hausa
rest,rest.,pcm_f_PHTT1F18_he_spontaneous_593,whisper-large-v3,hausa
learn,learned,pcm_f_PHTT1F18_he_spontaneous_598,whisper-large-v3,hausa
dey,"rest,",pcm_f_PHTT1F18_he_spontaneous_598,whisper-large-v3,hausa
rest,it,pcm_f_PHTT1F18_he_spontaneous_598,whisper-large-v3,hausa
e,helped,pcm_f_PHTT1F18_he_spontaneous_598,whisper-large-v3,hausa
been,bin.,pcm_f_PHTT1F19_he_spontaneous_219,whisper-large-v3,hausa
been,bin,pcm_f_PHTT1F19_he_spontaneous_219,whisper-large-v3,hausa
know,no,pcm_f_PHTT1F19_he_spontaneous_219,whisper-large-v3,hausa
fast,fast.,pcm_f_PHTT1F19_he_spontaneous_219,whisper-large-v3,hausa
de,works,pcm_f_PHTT1F21_he_spontaneous_395,whisper-large-v3,hausa
e,if,pcm_f_PHTT1F21_he_spontaneous_395,whisper-large-v3,hausa
de,they,pcm_f_PHTT1F21_he_spontaneous_395,whisper-large-v3,hausa
fine,find,pcm_f_PHTT1F21_he_spontaneous_395,whisper-large-v3,hausa
sum,some,pcm_f_PHTT1F23_he_spontaneous_256,whisper-large-v3,hausa
[um],they,pcm_f_PHTT1F23_he_spontaneous_256,whisper-large-v3,hausa
[?],anything.,pcm_f_PHTT1F23_he_spontaneous_256,whisper-large-v3,hausa
dey,"day,",pcm_f_PHTT1F23_he_spontaneous_352,whisper-large-v3,hausa
clinic,"clinic,",pcm_f_PHTT1F23_he_spontaneous_352,whisper-large-v3,hausa
no,nobody,pcm_f_PHTT1F23_he_spontaneous_352,whisper-large-v3,hausa
beta,better,pcm_f_PHTT1F23_he_spontaneous_352,whisper-large-v3,hausa
treatment,treatment.,pcm_f_PHTT1F23_he_spontaneous_352,whisper-large-v3,hausa
them,dem,pcm_f_PHTT1F23_he_spontaneous_449,whisper-large-v3,hausa
them,dem,pcm_f_PHTT1F23_he_spontaneous_449,whisper-large-v3,hausa
wen,when,pcm_f_PHTT1F23_he_spontaneous_449,whisper-large-v3,hausa
stopplenty,plenty,pcm_f_PHTT1F23_he_spontaneous_449,whisper-large-v3,hausa
am.,ah.,pcm_f_PHTT1F23_he_spontaneous_449,whisper-large-v3,hausa
days,this,pcm_f_PHTT1F23_he_spontaneous_452,whisper-large-v3,hausa
matter,"matter,",pcm_f_PHTT1F23_he_spontaneous_452,whisper-large-v3,hausa
e,if,pcm_f_PHTT1F24_he_spontaneous_364,whisper-large-v3,hausa
fit,it,pcm_f_PHTT1F24_he_spontaneous_364,whisper-large-v3,hausa
make,makes,pcm_f_PHTT1F24_he_spontaneous_364,whisper-large-v3,hausa
wey,when,pcm_f_PHTT1F24_he_spontaneous_364,whisper-large-v3,hausa
[um],"belly,",pcm_f_PHTT1F24_he_spontaneous_364,whisper-large-v3,hausa
[um],shall,pcm_f_PHTT1F24_he_spontaneous_364,whisper-large-v3,hausa
much,"much,",pcm_f_PHTT1F24_he_spontaneous_364,whisper-large-v3,hausa
bad,bad.,pcm_f_PHTT1F24_he_spontaneous_364,whisper-large-v3,hausa
scientists,"scientists,",pcm_f_PHTT1F24_he_spontaneous_417,whisper-large-v3,hausa
show,"show,",pcm_f_PHTT1F24_he_spontaneous_417,whisper-large-v3,hausa
important,important.,pcm_f_PHTT1F24_he_spontaneous_417,whisper-large-v3,hausa
prayer,"prayer,",pcm_f_PHTT1F24_he_spontaneous_417,whisper-large-v3,hausa
join,joy,pcm_f_PHTT1F24_he_spontaneous_417,whisper-large-v3,hausa
medicine,medicine.,pcm_f_PHTT1F24_he_spontaneous_417,whisper-large-v3,hausa
de,the,pcm_f_PHTT1F25_he_spontaneous_193,whisper-large-v3,hausa
be,village,pcm_f_PHTT1F25_he_spontaneous_193,whisper-large-v3,hausa
sayvillage,health.,pcm_f_PHTT1F25_he_spontaneous_193,whisper-large-v3,hausa
health,say,pcm_f_PHTT1F25_he_spontaneous_193,whisper-large-v3,hausa
sayvillage,village,pcm_f_PHTT1F25_he_spontaneous_193,whisper-large-v3,hausa
center,"center,",pcm_f_PHTT1F25_he_spontaneous_193,whisper-large-v3,hausa
no,now,pcm_f_PHTT1F25_he_spontaneous_193,whisper-large-v3,hausa
plenti,plenty,pcm_f_PHTT1F25_he_spontaneous_193,whisper-large-v3,hausa
wey,we,pcm_f_PHTT1F25_he_spontaneous_193,whisper-large-v3,hausa
hormonal,and,pcm_f_PHTT1F26_he_spontaneous_244,whisper-large-v3,hausa
iud,"iud,",pcm_f_PHTT1F26_he_spontaneous_244,whisper-large-v3,hausa
many-many,many,pcm_f_PHTT1F26_he_spontaneous_244,whisper-large-v3,hausa
years,years.,pcm_f_PHTT1F26_he_spontaneous_244,whisper-large-v3,hausa
go,will,pcm_f_PHTT1F26_he_spontaneous_244,whisper-large-v3,hausa
medicines.,medicine.,pcm_f_PHTT1F26_he_spontaneous_244,whisper-large-v3,hausa
dey,did,pcm_f_PHTT1F27_he_spontaneous_030,whisper-large-v3,hausa
say,seeing,pcm_f_PHTT1F27_he_spontaneous_030,whisper-large-v3,hausa
na,a,pcm_f_PHTT1F27_he_spontaneous_030,whisper-large-v3,hausa
bird,bear,pcm_f_PHTT1F27_he_spontaneous_030,whisper-large-v3,hausa
sometimes,sometimes.,pcm_f_PHTT1F27_he_spontaneous_030,whisper-large-v3,hausa
dey,did,pcm_f_PHTT1F27_he_spontaneous_030,whisper-large-v3,hausa
to,understand,pcm_f_PHTT1F28_he_spontaneous_018,whisper-large-v3,hausa
understand,what's,pcm_f_PHTT1F28_he_spontaneous_018,whisper-large-v3,hausa
wetin,in,pcm_f_PHTT1F28_he_spontaneous_018,whisper-large-v3,hausa
patient,belief,pcm_f_PHTT1F28_he_spontaneous_018,whisper-large-v3,hausa
believe,through,pcm_f_PHTT1F28_he_spontaneous_018,whisper-large-v3,hausa
truetrue,to,pcm_f_PHTT1F28_he_spontaneous_018,whisper-large-v3,hausa
e,if,pcm_f_PHTT1F28_he_spontaneous_018,whisper-large-v3,hausa
fit,he,pcm_f_PHTT1F28_he_spontaneous_018,whisper-large-v3,hausa
help,helped,pcm_f_PHTT1F28_he_spontaneous_018,whisper-large-v3,hausa
to,so,pcm_f_PHTT1F28_he_spontaneous_044,whisper-large-v3,hausa
vegetables,vegetables.,pcm_f_PHTT1F28_he_spontaneous_044,whisper-large-v3,hausa
really,"really,",pcm_f_PHTT1F28_he_spontaneous_044,whisper-large-v3,hausa
well,more,pcm_f_PHTT1F28_he_spontaneous_044,whisper-large-v3,hausa
well,well.,pcm_f_PHTT1F28_he_spontaneous_044,whisper-large-v3,hausa
know,not,pcm_f_PHTT1F28_he_spontaneous_421,whisper-large-v3,hausa
say,see,pcm_f_PHTT1F28_he_spontaneous_421,whisper-large-v3,hausa
wey,with,pcm_f_PHTT1F28_he_spontaneous_421,whisper-large-v3,hausa
from,for,pcm_f_PHTT1F28_he_spontaneous_421,whisper-large-v3,hausa
fit,fittings,pcm_f_PHTT1F28_he_spontaneous_421,whisper-large-v3,hausa
healthcare,care.,pcm_f_PHTT1F28_he_spontaneous_421,whisper-large-v3,hausa
you,yusabi,pcm_f_PHTT1F29_he_spontaneous_029,whisper-large-v3,hausa
calming,coming,pcm_f_PHTT1F29_he_spontaneous_029,whisper-large-v3,hausa
hin,in,pcm_f_PHTT1F29_he_spontaneous_029,whisper-large-v3,hausa
coil,there,pcm_f_PHTT1F31_he_spontaneous_164,whisper-large-v3,hausa
na,a,pcm_f_PHTT1F31_he_spontaneous_164,whisper-large-v3,hausa
e,you,pcm_f_PHTT1F31_he_spontaneous_164,whisper-large-v3,hausa
am--,down,pcm_f_PHTT1F31_he_spontaneous_164,whisper-large-v3,hausa
belle,wants,pcm_f_PHTT1F31_he_spontaneous_164,whisper-large-v3,hausa
wan,to,pcm_f_PHTT1F31_he_spontaneous_164,whisper-large-v3,hausa
enter,enter.,pcm_f_PHTT1F31_he_spontaneous_164,whisper-large-v3,hausa
drug.,drug,pcm_f_PHTT1F32_he_spontaneous_123,whisper-large-v3,hausa
dey,do,pcm_f_PHTT1F32_he_spontaneous_123,whisper-large-v3,hausa
[um],the,pcm_f_PHTT1F32_he_spontaneous_123,whisper-large-v3,hausa
sharp,shop,pcm_f_PHTT1F32_he_spontaneous_123,whisper-large-v3,hausa
na,now,pcm_f_PHTT1F32_he_spontaneous_123,whisper-large-v3,hausa
way,with,pcm_f_PHTT1F32_he_spontaneous_123,whisper-large-v3,hausa
dey,default,pcm_f_PHTT1F32_he_spontaneous_123,whisper-large-v3,hausa
on,"on,",pcm_f_PHTT1F32_he_spontaneous_409,whisper-large-v3,hausa
u,you,pcm_f_PHTT1F32_he_spontaneous_409,whisper-large-v3,hausa
wetin,waiting,pcm_f_PHTT1F32_he_spontaneous_409,whisper-large-v3,hausa
u,you,pcm_f_PHTT1F32_he_spontaneous_409,whisper-large-v3,hausa
belief,believe,pcm_f_PHTT1F32_he_spontaneous_409,whisper-large-v3,hausa
together,"together,",pcm_f_PHTT1F32_he_spontaneous_409,whisper-large-v3,hausa
pesin,person,pcm_f_PHTT1F32_he_spontaneous_409,whisper-large-v3,hausa
beta,better,pcm_f_PHTT1F32_he_spontaneous_409,whisper-large-v3,hausa
result,results.,pcm_f_PHTT1F32_he_spontaneous_409,whisper-large-v3,hausa
suppose,supposed,pcm_f_PHTT1F35_he_spontaneous_059,whisper-large-v3,hausa
checkup,every,pcm_f_PHTT1F35_he_spontaneous_059,whisper-large-v3,hausa
everytime,time.,pcm_f_PHTT1F35_he_spontaneous_059,whisper-large-v3,hausa
fit,feel,pcm_f_PHTT1F35_he_spontaneous_059,whisper-large-v3,hausa
know,no,pcm_f_PHTT1F35_he_spontaneous_059,whisper-large-v3,hausa
watin,waiting,pcm_f_PHTT1F35_he_spontaneous_059,whisper-large-v3,hausa
you,you.,pcm_f_PHTT1F35_he_spontaneous_059,whisper-large-v3,hausa
how,now,pcm_f_PHTT1F35_he_spontaneous_059,whisper-large-v3,hausa
fit,feel,pcm_f_PHTT1F35_he_spontaneous_059,whisper-large-v3,hausa
well,well.,pcm_f_PHTT1F35_he_spontaneous_059,whisper-large-v3,hausa
start,starts,pcm_f_PHTT1F35_he_spontaneous_345,whisper-large-v3,hausa
say,see,pcm_f_PHTT1F35_he_spontaneous_345,whisper-large-v3,hausa
e,in,pcm_f_PHTT1F35_he_spontaneous_345,whisper-large-v3,hausa
dey,nature,pcm_f_PHTT1F35_he_spontaneous_345,whisper-large-v3,hausa
every,everyday,pcm_f_PHTT1F35_he_spontaneous_345,whisper-large-v3,hausa
wan,on,pcm_f_PHTT1F36_he_spontaneous_434,whisper-large-v3,hausa
medicine,medicine.,pcm_f_PHTT1F36_he_spontaneous_434,whisper-large-v3,hausa
[?],"suppose,",pcm_f_PHTT1F37_he_spontaneous_316,whisper-large-v3,hausa
suppose,"um,",pcm_f_PHTT1F37_he_spontaneous_316,whisper-large-v3,hausa
[um],savvy,pcm_f_PHTT1F37_he_spontaneous_316,whisper-large-v3,hausa
sabi,said,pcm_f_PHTT1F37_he_spontaneous_316,whisper-large-v3,hausa
say,chores,pcm_f_PHTT1F37_he_spontaneous_316,whisper-large-v3,hausa
chws,don't,pcm_f_PHTT1F37_he_spontaneous_316,whisper-large-v3,hausa
early,early.,pcm_f_PHTT1F37_he_spontaneous_316,whisper-large-v3,hausa
fit,feet,pcm_f_PHTT1F37_he_spontaneous_316,whisper-large-v3,hausa
pikin,picking,pcm_f_PHTT1F38_he_spontaneous_071,whisper-large-v3,hausa
go,will,pcm_f_PHTT1F38_he_spontaneous_071,whisper-large-v3,hausa
[um],um,pcm_f_PHTT1F38_he_spontaneous_071,whisper-large-v3,hausa
wella,well,pcm_f_PHTT1F38_he_spontaneous_071,whisper-large-v3,hausa
gonorrhea,gloria,pcm_f_PHTT1F38_he_spontaneous_222,whisper-large-v3,hausa
talk,talk.,pcm_f_PHTT1F38_he_spontaneous_222,whisper-large-v3,hausa
help,have,pcm_f_PHTT1F39_he_spontaneous_360,whisper-large-v3,hausa
milk,"milk,",pcm_f_PHTT1F39_he_spontaneous_360,whisper-large-v3,hausa
na,not,pcm_f_PHTT1F39_he_spontaneous_360,whisper-large-v3,hausa
true,true-true,pcm_f_PHTT1F39_he_spontaneous_360,whisper-large-v3,hausa
u,you,pcm_f_PHTT1F40_he_spontaneous_094,whisper-large-v3,hausa
knw,"know,",pcm_f_PHTT1F40_he_spontaneous_094,whisper-large-v3,hausa
outreach,"outreach,",pcm_f_PHTT1F40_he_spontaneous_094,whisper-large-v3,hausa
plenti,"plenty,",pcm_f_PHTT1F40_he_spontaneous_094,whisper-large-v3,hausa
plenti,plenty,pcm_f_PHTT1F40_he_spontaneous_094,whisper-large-v3,hausa
check,checkup,pcm_f_PHTT1F40_he_spontaneous_094,whisper-large-v3,hausa
test,tests.,pcm_f_PHTT1F40_he_spontaneous_094,whisper-large-v3,hausa
doctor,"doctor,",pcm_f_PHTT1F40_he_spontaneous_418,whisper-large-v3,hausa
sabi,service,pcm_f_PHTT1F40_he_spontaneous_418,whisper-large-v3,hausa
belief,believe,pcm_f_PHTT1F40_he_spontaneous_418,whisper-large-v3,hausa
well,"well,",pcm_f_PHTT1F40_he_spontaneous_418,whisper-large-v3,hausa
go,gonna,pcm_f_PHTT1F40_he_spontaneous_418,whisper-large-v3,hausa
better,better.,pcm_f_PHTT1F40_he_spontaneous_418,whisper-large-v3,hausa
dey,work.,pcm_f_PHTT1F40_he_spontaneous_418,whisper-large-v3,hausa
and,not,pcm_f_PHTT1F40_he_spontaneous_546,whisper-large-v3,hausa
nurses,supposed,pcm_f_PHTT1F40_he_spontaneous_546,whisper-large-v3,hausa
suppose,to,pcm_f_PHTT1F40_he_spontaneous_546,whisper-large-v3,hausa
dey,be,pcm_f_PHTT1F40_he_spontaneous_546,whisper-large-v3,hausa
ask,asked,pcm_f_PHTT1F40_he_spontaneous_546,whisper-large-v3,hausa
question,questions,pcm_f_PHTT1F40_he_spontaneous_546,whisper-large-v3,hausa
wetin,waiting,pcm_f_PHTT1F40_he_spontaneous_546,whisper-large-v3,hausa
concern,concerning,pcm_f_PHTT1F40_he_spontaneous_546,whisper-large-v3,hausa
[um],people's,pcm_f_PHTT1F40_he_spontaneous_546,whisper-large-v3,hausa
needs,needs.,pcm_f_PHTT1F40_he_spontaneous_546,whisper-large-v3,hausa
healthcare,"care,",pcm_f_PHTT1F41_he_spontaneous_164,whisper-large-v3,hausa
tradition,tradition.,pcm_f_PHTT1F41_he_spontaneous_164,whisper-large-v3,hausa
one,"one,",pcm_f_PHTT1F41_he_spontaneous_164,whisper-large-v3,hausa
plan,plan.,pcm_f_PHTT1F41_he_spontaneous_164,whisper-large-v3,hausa
lis,listen,pcm_f_PHTT1F41_he_spontaneous_313,whisper-large-v3,hausa
ten,to,pcm_f_PHTT1F41_he_spontaneous_313,whisper-large-v3,hausa
to,a,pcm_f_PHTT1F41_he_spontaneous_313,whisper-large-v3,hausa
patients,patient,pcm_f_PHTT1F41_he_spontaneous_313,whisper-large-v3,hausa
dem,"them,",pcm_f_PHTT1F41_he_spontaneous_313,whisper-large-v3,hausa
[um],a,pcm_f_PHTT1F41_he_spontaneous_313,whisper-large-v3,hausa
hospital,hospital.,pcm_f_PHTT1F41_he_spontaneous_313,whisper-large-v3,hausa
see,"see,",pcm_f_PHTT1F43_he_spontaneous_159,whisper-large-v3,hausa
amwhen,when,pcm_f_PHTT1F43_he_spontaneous_159,whisper-large-v3,hausa
treatment,treatments,pcm_f_PHTT1F43_he_spontaneous_159,whisper-large-v3,hausa
respect,"respect,",pcm_f_PHTT1F43_he_spontaneous_159,whisper-large-v3,hausa
help,helps.,pcm_f_PHTT1F43_he_spontaneous_159,whisper-large-v3,hausa
dem,"them,",pcm_f_PHTT1F43_he_spontaneous_298,whisper-large-v3,hausa
informate,information,pcm_f_PHTT1F43_he_spontaneous_298,whisper-large-v3,hausa
well,well.,pcm_f_PHTT1F43_he_spontaneous_298,whisper-large-v3,hausa
actually,"actually,",pcm_f_PHTT1F44_he_spontaneous_324,whisper-large-v3,hausa
[um],it,pcm_f_PHTT1F44_he_spontaneous_324,whisper-large-v3,hausa
e,helps,pcm_f_PHTT1F44_he_spontaneous_324,whisper-large-v3,hausa
dey,when,pcm_f_PHTT1F44_he_spontaneous_324,whisper-large-v3,hausa
treatments,treatment.,pcm_f_PHTT1F44_he_spontaneous_324,whisper-large-v3,hausa
lis,listen,pcm_f_PHTT1F49_he_spontaneous_294,whisper-large-v3,hausa
dem,"them,",pcm_f_PHTT1F49_he_spontaneous_294,whisper-large-v3,hausa
hospital,the,pcm_f_PHTT1F49_he_spontaneous_294,whisper-large-v3,hausa
e,a,pcm_f_PHTT1F49_he_spontaneous_375,whisper-large-v3,hausa
good,good.,pcm_f_PHTT1F49_he_spontaneous_375,whisper-large-v3,hausa
hep,f,pcm_f_PHTT1F49_he_spontaneous_375,whisper-large-v3,hausa
persin,person,pcm_f_PHTT1F49_he_spontaneous_375,whisper-large-v3,hausa
matter,"matter,",pcm_f_PHTT1F49_he_spontaneous_375,whisper-large-v3,hausa
da,they,pcm_f_PHTT1F49_he_spontaneous_375,whisper-large-v3,hausa
para,parameter.,pcm_f_PHTT1F49_he_spontaneous_375,whisper-large-v3,hausa
areas,"areas,",pcm_f_PHTT1F52_he_spontaneous_077,whisper-large-v3,hausa
e,if,pcm_f_PHTT1F52_he_spontaneous_077,whisper-large-v3,hausa
go,"go,",pcm_f_PHTT1F52_he_spontaneous_077,whisper-large-v3,hausa
medicine,medicine.,pcm_f_PHTT1F52_he_spontaneous_077,whisper-large-v3,hausa
born,picking.,pcm_f_PHTT1F54_he_spontaneous_317,whisper-large-v3,hausa
pikin,they,pcm_f_PHTT1F54_he_spontaneous_317,whisper-large-v3,hausa
dey,may,pcm_f_PHTT1F54_he_spontaneous_317,whisper-large-v3,hausa
make,go,pcm_f_PHTT1F54_he_spontaneous_317,whisper-large-v3,hausa
both,to,pcm_f_PHTT1F54_he_spontaneous_317,whisper-large-v3,hausa
and[um]the,picking,pcm_f_PHTT1F54_he_spontaneous_317,whisper-large-v3,hausa
pikin,"body,",pcm_f_PHTT1F54_he_spontaneous_317,whisper-large-v3,hausa
body,they,pcm_f_PHTT1F54_he_spontaneous_317,whisper-large-v3,hausa
dey,can,pcm_f_PHTT1F54_he_spontaneous_317,whisper-large-v3,hausa
kampe,pay,pcm_f_PHTT1F54_he_spontaneous_317,whisper-large-v3,hausa
well,"well,",pcm_f_PHTT1F54_he_spontaneous_317,whisper-large-v3,hausa
well,well.,pcm_f_PHTT1F54_he_spontaneous_317,whisper-large-v3,hausa
na,our,pcm_f_PHTT1F55_he_spontaneous_340,whisper-large-v3,hausa
help,helped,pcm_f_PHTT1F55_he_spontaneous_340,whisper-large-v3,hausa
wella,well.,pcm_f_PHTT1F55_he_spontaneous_340,whisper-large-v3,hausa
true,"true,",pcm_f_PHTT1F56_he_spontaneous_600,whisper-large-v3,hausa
ourselves,"ourselves,",pcm_f_PHTT1F56_he_spontaneous_600,whisper-large-v3,hausa
e,ego,pcm_f_PHTT1F56_he_spontaneous_600,whisper-large-v3,hausa
go,will,pcm_f_PHTT1F56_he_spontaneous_600,whisper-large-v3,hausa
well,"well,",pcm_f_PHTT1F56_he_spontaneous_600,whisper-large-v3,hausa
well,well.,pcm_f_PHTT1F56_he_spontaneous_600,whisper-large-v3,hausa
centre,center,pcm_f_PHTT1F57_he_spontaneous_410,whisper-large-v3,hausa
don,don't,pcm_f_PHTT1F57_he_spontaneous_410,whisper-large-v3,hausa
paper,paper.,pcm_f_PHTT1F57_he_spontaneous_410,whisper-large-v3,hausa
wey,we,pcm_f_PHTT1F57_he_spontaneous_410,whisper-large-v3,hausa
cancer,cancer.,pcm_f_PHTT1F57_he_spontaneous_410,whisper-large-v3,hausa
ooo,though.,pcm_f_PHTT1F57_he_spontaneous_410,whisper-large-v3,hausa
no,knowbeeverything,pcm_f_PHTT1F63_he_spontaneous_255,whisper-large-v3,hausa
be,with,pcm_f_PHTT1F63_he_spontaneous_255,whisper-large-v3,hausa
talk,talks,pcm_f_PHTT1F63_he_spontaneous_255,whisper-large-v3,hausa
wey,with,pcm_f_PHTT1F63_he_spontaneous_255,whisper-large-v3,hausa
doctor,dr.,pcm_f_PHTT1F63_he_spontaneous_255,whisper-large-v3,hausa
go,goa,pcm_f_PHTT1F63_he_spontaneous_255,whisper-large-v3,hausa
agree,greenwich.,pcm_f_PHTT1F63_he_spontaneous_255,whisper-large-v3,hausa
patient,patients,pcm_f_PHTT1F64_he_spontaneous_138,whisper-large-v3,hausa
no,not,pcm_f_PHTT1F64_he_spontaneous_138,whisper-large-v3,hausa
dem,"them,",pcm_f_PHTT1F64_he_spontaneous_138,whisper-large-v3,hausa
dem,them.,pcm_f_PHTT1F64_he_spontaneous_138,whisper-large-v3,hausa
better,"better,",pcm_f_PHTT1F64_he_spontaneous_138,whisper-large-v3,hausa
no,not,pcm_f_PHTT1F64_he_spontaneous_138,whisper-large-v3,hausa
lie,lie.,pcm_f_PHTT1F64_he_spontaneous_138,whisper-large-v3,hausa
gonorrhea,is,pcm_f_PHTT1F65_he_spontaneous_143,whisper-large-v3,hausa
na,a,pcm_f_PHTT1F65_he_spontaneous_143,whisper-large-v3,hausa
dey,to,pcm_f_PHTT1F65_he_spontaneous_143,whisper-large-v3,hausa
honesty,honesty.,pcm_f_PHTT1F65_he_spontaneous_143,whisper-large-v3,hausa
suppose,supposedly,pcm_f_PHTT1F67_he_spontaneous_522,whisper-large-v3,hausa
person,person's,pcm_f_PHTT1F67_he_spontaneous_522,whisper-large-v3,hausa
belief,beliefs,pcm_f_PHTT1F67_he_spontaneous_522,whisper-large-v3,hausa
respect,respect.,pcm_f_PHTT1F67_he_spontaneous_522,whisper-large-v3,hausa
wan,and,pcm_f_PHTT1F7_he_spontaneous_036,whisper-large-v3,hausa
dem[um]operate,operate,pcm_f_PHTT1F7_he_spontaneous_036,whisper-large-v3,hausa
dia,their,pcm_f_PHTT1F7_he_spontaneous_036,whisper-large-v3,hausa
na,can,pcm_f_PHTT1F7_he_spontaneous_159,whisper-large-v3,hausa
scientist,scientists,pcm_f_PHTT1F7_he_spontaneous_159,whisper-large-v3,hausa
mata,matter,pcm_f_PHTT1F7_he_spontaneous_159,whisper-large-v3,hausa
one,won't,pcm_f_PHTT1F7_he_spontaneous_159,whisper-large-v3,hausa
self,save,pcm_f_PHTT1F7_he_spontaneous_159,whisper-large-v3,hausa
treatment,treatment?,pcm_f_PHTT1F7_he_spontaneous_159,whisper-large-v3,hausa
lis,listen,pcm_f_PHTT1F7_he_spontaneous_321,whisper-large-v3,hausa
work,"work,",pcm_f_PHTT1F7_he_spontaneous_321,whisper-large-v3,hausa
stress,stress.,pcm_f_PHTT1F7_he_spontaneous_321,whisper-large-v3,hausa
e,they,pcm_f_PHTT1F7_he_spontaneous_321,whisper-large-v3,hausa
breeze,breeze.,pcm_f_PHTT1F7_he_spontaneous_321,whisper-large-v3,hausa
true,"chuchu,",pcm_f_PHTT1F8_he_spontaneous_083,whisper-large-v3,hausa
pikin,picking,pcm_f_PHTT1F8_he_spontaneous_083,whisper-large-v3,hausa
and,an,pcm_f_PHTT1F8_he_spontaneous_083,whisper-large-v3,hausa
matter,matter.,pcm_f_PHTT1F8_he_spontaneous_083,whisper-large-v3,hausa
patient’s,patient's,pcm_f_PHTT1F8_he_spontaneous_450,whisper-large-v3,hausa
beliefs,believer,pcm_f_PHTT1F8_he_spontaneous_450,whisper-large-v3,hausa
fit,should,pcm_f_PHTT1F8_he_spontaneous_450,whisper-large-v3,hausa
wahala,"wahala,",pcm_f_PHTT1F9_he_spontaneous_031,whisper-large-v3,hausa
carry,career,pcm_f_PHTT1F9_he_spontaneous_031,whisper-large-v3,hausa
am,and,pcm_f_PHTT1F9_he_spontaneous_031,whisper-large-v3,hausa
waka,worker,pcm_f_PHTT1F9_he_spontaneous_031,whisper-large-v3,hausa
movie,"movie,",pcm_f_PHTT1F9_he_spontaneous_031,whisper-large-v3,hausa
back-up,backup,pcm_f_PHTT1F9_he_spontaneous_031,whisper-large-v3,hausa
something,think,pcm_f_PHTT2F10_he_spontaneous_125,whisper-large-v3,hausa
dey,they're,pcm_f_PHTT2F10_he_spontaneous_125,whisper-large-v3,hausa
you,they,pcm_f_PHTT2F10_he_spontaneous_125,whisper-large-v3,hausa
at,attend,pcm_f_PHTT2F12_he_spontaneous_302,whisper-large-v3,hausa
talk,talk.,pcm_f_PHTT2F12_he_spontaneous_302,whisper-large-v3,hausa
then,"then,",pcm_f_PHTT2F12_he_spontaneous_302,whisper-large-v3,hausa
start,study,pcm_f_PHTT2F12_he_spontaneous_302,whisper-large-v3,hausa
test,test.,pcm_f_PHTT2F12_he_spontaneous_302,whisper-large-v3,hausa
true,"true,",pcm_f_PHTT2F14_he_spontaneous_177,whisper-large-v3,hausa
true,"true,",pcm_f_PHTT2F14_he_spontaneous_177,whisper-large-v3,hausa
pikin,picking,pcm_f_PHTT2F14_he_spontaneous_177,whisper-large-v3,hausa
well,"well,",pcm_f_PHTT2F14_he_spontaneous_177,whisper-large-v3,hausa
well,well.,pcm_f_PHTT2F14_he_spontaneous_177,whisper-large-v3,hausa
always,"always,",pcm_f_PHTT2F14_he_spontaneous_177,whisper-large-v3,hausa
una,not,pcm_f_PHTT2F14_he_spontaneous_177,whisper-large-v3,hausa
dem,their,pcm_f_PHTT2F14_he_spontaneous_382,whisper-large-v3,hausa
mind.,mind,pcm_f_PHTT2F14_he_spontaneous_382,whisper-large-v3,hausa
mind.,mind,pcm_f_PHTT2F14_he_spontaneous_382,whisper-large-v3,hausa
iud,"iud,",pcm_f_PHTT2F15_he_spontaneous_340,whisper-large-v3,hausa
comot,commotum,pcm_f_PHTT2F15_he_spontaneous_340,whisper-large-v3,hausa
am,anytime.,pcm_f_PHTT2F15_he_spontaneous_340,whisper-large-v3,hausa
anytime,"um,",pcm_f_PHTT2F15_he_spontaneous_340,whisper-large-v3,hausa
e,ide,pcm_f_PHTT2F15_he_spontaneous_340,whisper-large-v3,hausa
dey,"inside,",pcm_f_PHTT2F15_he_spontaneous_340,whisper-large-v3,hausa
inside,ide,pcm_f_PHTT2F15_he_spontaneous_340,whisper-large-v3,hausa
e,blocked,pcm_f_PHTT2F15_he_spontaneous_340,whisper-large-v3,hausa
dey,by,pcm_f_PHTT2F15_he_spontaneous_340,whisper-large-v3,hausa
block,left,pcm_f_PHTT2F15_he_spontaneous_340,whisper-large-v3,hausa
true,"true,",pcm_f_PHTT2F15_he_spontaneous_340,whisper-large-v3,hausa
true,true.,pcm_f_PHTT2F15_he_spontaneous_340,whisper-large-v3,hausa
[um],um.,pcm_f_PHTT2F15_he_spontaneous_340,whisper-large-v3,hausa
ah,"ah,",pcm_f_PHTT2F15_he_spontaneous_574,whisper-large-v3,hausa
go,would,pcm_f_PHTT2F15_he_spontaneous_574,whisper-large-v3,hausa
dey,and,pcm_f_PHTT2F15_he_spontaneous_574,whisper-large-v3,hausa
breathing—na,now,pcm_f_PHTT2F15_he_spontaneous_574,whisper-large-v3,hausa
dey,did,pcm_f_PHTT2F15_he_spontaneous_574,whisper-large-v3,hausa
gain,game,pcm_f_PHTT2F16_he_spontaneous_264,whisper-large-v3,hausa
wey,with,pcm_f_PHTT2F16_he_spontaneous_264,whisper-large-v3,hausa
waka,"worker,",pcm_f_PHTT2F16_he_spontaneous_264,whisper-large-v3,hausa
fit,feed,pcm_f_PHTT2F16_he_spontaneous_264,whisper-large-v3,hausa
join,john-am,pcm_f_PHTT2F16_he_spontaneous_264,whisper-large-v3,hausa
e,is,pcm_f_PHTT2F16_he_spontaneous_264,whisper-large-v3,hausa
much,"much,",pcm_f_PHTT2F16_he_spontaneous_264,whisper-large-v3,hausa
suppose,supposed,pcm_f_PHTT2F16_he_spontaneous_485,whisper-large-v3,hausa
rest,"rest,",pcm_f_PHTT2F16_he_spontaneous_485,whisper-large-v3,hausa
suppose,supposed,pcm_f_PHTT2F16_he_spontaneous_485,whisper-large-v3,hausa
rest,rest.,pcm_f_PHTT2F16_he_spontaneous_485,whisper-large-v3,hausa
well,"well,",pcm_f_PHTT2F16_he_spontaneous_485,whisper-large-v3,hausa
enuf,enough,pcm_f_PHTT2F16_he_spontaneous_485,whisper-large-v3,hausa
water,water.,pcm_f_PHTT2F16_he_spontaneous_485,whisper-large-v3,hausa
you,your,pcm_f_PHTT2F16_he_spontaneous_485,whisper-large-v3,hausa
fit,feet,pcm_f_PHTT2F16_he_spontaneous_485,whisper-large-v3,hausa
symptoms,symptoms.,pcm_f_PHTT2F16_he_spontaneous_485,whisper-large-v3,hausa
beta,better,pcm_f_PHTT2F16_he_spontaneous_485,whisper-large-v3,hausa
at,sent,pcm_f_PHTT2F17_he_spontaneous_557,whisper-large-v3,hausa
[um],shamai,pcm_f_PHTT2F17_he_spontaneous_557,whisper-large-v3,hausa
see,"see,",pcm_f_PHTT2F23_he_spontaneous_103,whisper-large-v3,hausa
doctor,dr.,pcm_f_PHTT2F23_he_spontaneous_103,whisper-large-v3,hausa
yarn,"yancey,",pcm_f_PHTT2F23_he_spontaneous_103,whisper-large-v3,hausa
iuds,ayu,pcm_f_PHTT2F23_he_spontaneous_193,whisper-large-v3,hausa
na,dizna,pcm_f_PHTT2F23_he_spontaneous_193,whisper-large-v3,hausa
wey,wewi,pcm_f_PHTT2F23_he_spontaneous_193,whisper-large-v3,hausa
dey,de,pcm_f_PHTT2F23_he_spontaneous_193,whisper-large-v3,hausa
yarn,yan,pcm_f_PHTT2F23_he_spontaneous_193,whisper-large-v3,hausa
more,smokle,pcm_f_PHTT2F23_he_spontaneous_193,whisper-large-v3,hausa
true,chuchu.,pcm_f_PHTT2F23_he_spontaneous_193,whisper-large-v3,hausa
lie,"lie,",pcm_f_PHTT2F27_he_spontaneous_044,whisper-large-v3,hausa
wetin,waiting,pcm_f_PHTT2F27_he_spontaneous_044,whisper-large-v3,hausa
am,"arm,",pcm_f_PHTT2F27_he_spontaneous_044,whisper-large-v3,hausa
dey,will,pcm_f_PHTT2F27_he_spontaneous_044,whisper-large-v3,hausa
[um],um,pcm_f_PHTT2F35_he_spontaneous_221,whisper-large-v3,hausa
ah,our,pcm_f_PHTT2F35_he_spontaneous_221,whisper-large-v3,hausa
[um],they,pcm_f_PHTT2F7_he_spontaneous_091,whisper-large-v3,hausa
healthcare.,care.,pcm_f_PHTT2F7_he_spontaneous_091,whisper-large-v3,hausa
too,two,pcm_f_PHTT2F8_he_spontaneous_052,whisper-large-v3,hausa
drink,drinks,pcm_f_PHTT2F8_he_spontaneous_052,whisper-large-v3,hausa
sweet,we,pcm_f_PHTT2F8_he_spontaneous_052,whisper-large-v3,hausa
wan,want,pcm_f_PHTT2F8_he_spontaneous_052,whisper-large-v3,hausa
healthy.,healthy,pcm_f_PHTT2F8_he_spontaneous_052,whisper-large-v3,hausa
[um],"in,",pcm_f_PHTT2F8_he_spontaneous_175,whisper-large-v3,hausa
[um],"eh,",pcm_f_PHTT2F8_he_spontaneous_175,whisper-large-v3,hausa
we,will,pcm_f_PHTT2F8_he_spontaneous_175,whisper-large-v3,hausa
sabi,say,pcm_f_PHTT2F8_he_spontaneous_175,whisper-large-v3,hausa
sti,b.s.t.i.,pcm_f_PHTT2F8_he_spontaneous_175,whisper-large-v3,hausa
testing,testing.,pcm_f_PHTT2F8_he_spontaneous_175,whisper-large-v3,hausa
dem,"them,",pcm_f_PHTT2F8_he_spontaneous_528,whisper-large-v3,hausa
[um],in,pcm_f_PHTT2F8_he_spontaneous_528,whisper-large-v3,hausa
beta,better,pcm_f_PHTT2F9_he_spontaneous_116,whisper-large-v3,hausa
tinz,things,pcm_f_PHTT2F9_he_spontaneous_116,whisper-large-v3,hausa
wey,we,pcm_f_PHTT2F9_he_spontaneous_116,whisper-large-v3,hausa
everyday.,day.,pcm_f_PHTT2F9_he_spontaneous_116,whisper-large-v3,hausa
fit,pit-switch,pcm_f_PM4F1_ev_read_005,whisper-large-v3,multilingual
switch,the,pcm_f_PM4F1_ev_read_005,whisper-large-v3,multilingual
footprint,footprint.,pcm_f_PM4F1_ev_read_005,whisper-large-v3,multilingual
gift,"gifts,",pcm_f_PM4F1_ev_read_149,whisper-large-v3,multilingual
parti,"party,",pcm_f_PM4F1_ev_read_149,whisper-large-v3,multilingual
e,if,pcm_f_PM4F1_ev_read_149,whisper-large-v3,multilingual
fit,it,pcm_f_PM4F1_ev_read_149,whisper-large-v3,multilingual
gift,gift.,pcm_f_PM4F1_ev_read_149,whisper-large-v3,multilingual
us,of,pcm_f_PM4F1_ev_read_192,whisper-large-v3,pidgin
make,smoke,pcm_f_PM4F1_ev_read_192,whisper-large-v3,pidgin
we,will,pcm_f_PM4F1_ev_read_192,whisper-large-v3,pidgin
men,mainfaces,pcm_f_PM4F1_ev_read_192,whisper-large-v3,pidgin
happen.,happens.,pcm_f_PM4F1_ev_read_192,whisper-large-v3,pidgin
roof,rope,pcm_f_PM4F1_ev_read_245,whisper-large-v3,multilingual
comot,commot,pcm_f_PM4F1_ev_read_245,whisper-large-v3,multilingual
"word,",well.,pcm_f_PM4F1_ev_read_252,whisper-large-v3,pidgin
dis,this,pcm_f_PM4F1_ev_read_252,whisper-large-v3,pidgin
well,well.,pcm_f_PM4F1_ev_read_252,whisper-large-v3,pidgin
mallam,mile,pcm_f_PM4F1_ev_read_292,whisper-large-v3,pidgin
wey,away,pcm_f_PM4F1_ev_read_292,whisper-large-v3,pidgin
provisions,prohibitions,pcm_f_PM4F1_ev_read_292,whisper-large-v3,pidgin
gate.,gates.,pcm_f_PM4F1_ev_read_292,whisper-large-v3,pidgin
dem,"them,",pcm_f_PM4F1_ev_read_319,whisper-large-v3,multilingual
food,food.,pcm_f_PM4F1_ev_read_319,whisper-large-v3,multilingual
be,we,pcm_f_PM4F1_ev_read_420,whisper-large-v3,multilingual
"sey,",say,pcm_f_PM4F1_ev_read_420,whisper-large-v3,multilingual
e,is,pcm_f_PM4F1_ev_read_420,whisper-large-v3,multilingual
pass,past,pcm_f_PM4F1_ev_read_420,whisper-large-v3,multilingual
food,food.,pcm_f_PM4F1_ev_read_420,whisper-large-v3,multilingual
much,much.,pcm_f_PM4F1_ev_read_523,whisper-large-v3,multilingual
fit,feet,pcm_f_PM4F1_ev_read_523,whisper-large-v3,multilingual
white,white.,pcm_f_PM4F1_ev_read_523,whisper-large-v3,multilingual
you,"you,",pcm_f_PM4F3_ev_read_033,whisper-large-v3,multilingual
say,"say,",pcm_f_PM4F3_ev_read_033,whisper-large-v3,multilingual
iike.,like.,pcm_f_PM4F3_ev_read_033,whisper-large-v3,multilingual
sister,sister.,pcm_f_PM4F3_ev_read_043,whisper-large-v3,multilingual
her,"her,",pcm_f_PM4F3_ev_read_043,whisper-large-v3,multilingual
go,will,pcm_f_PM4F3_ev_read_043,whisper-large-v3,multilingual
with,with?,pcm_f_PM4F3_ev_read_043,whisper-large-v3,multilingual
matter,"matter,",pcm_f_PM4F3_ev_read_093,whisper-large-v3,multilingual
lawyer,"lawyer,",pcm_f_PM4F3_ev_read_093,whisper-large-v3,multilingual
redress,redress.,pcm_f_PM4F3_ev_read_093,whisper-large-v3,multilingual
wetin,waiting,pcm_f_PM4F3_ev_read_146,whisper-large-v3,multilingual
dey,dare,pcm_f_PM4F3_ev_read_146,whisper-large-v3,multilingual
am,him.,pcm_f_PM4F3_ev_read_146,whisper-large-v3,multilingual
wan,to,pcm_f_PM4F3_ev_read_181,whisper-large-v3,multilingual
something,something.,pcm_f_PM4F3_ev_read_181,whisper-large-v3,multilingual
go,will,pcm_f_PM4F3_ev_read_181,whisper-large-v3,multilingual
now,now.,pcm_f_PM4F3_ev_read_181,whisper-large-v3,multilingual
dey,did,pcm_f_PM4F3_ev_read_342,whisper-large-v3,multilingual
well,"well,",pcm_f_PM4F3_ev_read_342,whisper-large-v3,multilingual
babe,"babe,",pcm_f_PM4F3_ev_read_388,whisper-large-v3,multilingual
assurance,"assurance,",pcm_f_PM4F3_ev_read_388,whisper-large-v3,multilingual
say,"say,",pcm_f_PM4F3_ev_read_388,whisper-large-v3,multilingual
person,person's,pcm_f_PM4F3_ev_read_418,whisper-large-v3,pidgin
fit,feet,pcm_f_PM4F3_ev_read_418,whisper-large-v3,pidgin
know,knows,pcm_f_PM4F3_ev_read_418,whisper-large-v3,pidgin
im,himself.,pcm_f_PM4F3_ev_read_418,whisper-large-v3,pidgin
e,you,pcm_f_PM4F3_ev_read_449,whisper-large-v3,multilingual
feelings,feelings.,pcm_f_PM4F3_ev_read_449,whisper-large-v3,multilingual
moves,"moves,",pcm_f_PM4F3_ev_read_492,whisper-large-v3,multilingual
dis,this,pcm_f_PM4F3_ev_read_492,whisper-large-v3,multilingual
guy,"guy,",pcm_f_PM4F3_ev_read_492,whisper-large-v3,multilingual
"o,",if,pcm_f_PM4F3_ev_read_492,whisper-large-v3,multilingual
na,now,pcm_f_PM4F3_ev_read_497,whisper-large-v3,multilingual
well-well.,well.,pcm_f_PM4F3_ev_read_497,whisper-large-v3,multilingual
una,"small,",pcm_f_PM4F3_ev_read_538,whisper-large-v3,pidgin
small-small,small,pcm_f_PM4F3_ev_read_538,whisper-large-v3,pidgin
contribution,"contribution,",pcm_f_PM4F3_ev_read_538,whisper-large-v3,pidgin
join,joined,pcm_f_PM4F3_ev_read_538,whisper-large-v3,pidgin
togeda,"together,",pcm_f_PM4F3_ev_read_538,whisper-large-v3,pidgin
una,a,pcm_f_PM4F3_ev_read_538,whisper-large-v3,pidgin
tin.,team.,pcm_f_PM4F3_ev_read_538,whisper-large-v3,pidgin
"repair,",repair,pcm_f_PP1F1_ev_read_275,whisper-large-v3,pidgin
person,pessy,pcm_f_PP1F1_ev_read_290,whisper-large-v3,pidgin
fit,fits,pcm_f_PP1F1_ev_read_290,whisper-large-v3,pidgin
lie,like,pcm_f_PP1F1_ev_read_290,whisper-large-v3,pidgin
up,up.,pcm_f_PP1F1_ev_read_290,whisper-large-v3,pidgin
dey,deturn,pcm_f_PP1F1_ev_read_317,whisper-large-v3,pidgin
bodi,body,pcm_f_PP1F1_ev_read_317,whisper-large-v3,pidgin
loosen,losing,pcm_f_PP1F1_ev_read_317,whisper-large-v3,pidgin
obi,obite,pcm_f_PP1F1_ev_read_565,whisper-large-v3,pidgin
tell,mi,pcm_f_PP1F1_ev_read_565,whisper-large-v3,pidgin
me,se,pcm_f_PP1F1_ev_read_565,whisper-large-v3,pidgin
say,int,pcm_f_PP1F1_ev_read_565,whisper-large-v3,pidgin
im,in,pcm_f_PP1F1_ev_read_565,whisper-large-v3,pidgin
im,in,pcm_f_PP1F1_ev_read_565,whisper-large-v3,pidgin
grave,grave.,pcm_f_PP1F1_ev_read_565,whisper-large-v3,pidgin
im,in,pcm_f_PP1F1_ev_read_575,whisper-large-v3,pidgin
wen,when,pcm_f_PP1F1_ev_read_575,whisper-large-v3,pidgin
die,die.,pcm_f_PP1F1_ev_read_575,whisper-large-v3,pidgin
wan,won't,pcm_f_PP1F1_ev_read_597,whisper-large-v3,pidgin
gift,gifts,pcm_f_PP1F1_ev_read_597,whisper-large-v3,pidgin
sister,"sister,",pcm_f_PP1F1_ev_read_597,whisper-large-v3,pidgin
wan,to,pcm_f_PP1F1_ev_read_597,whisper-large-v3,pidgin
am,her.,pcm_f_PP1F1_ev_read_597,whisper-large-v3,pidgin
dey,have,pcm_f_PP1F2_ev_read_083,whisper-large-v3,pidgin
believe,been,pcm_f_PP1F2_ev_read_083,whisper-large-v3,pidgin
in,given,pcm_f_PP1F2_ev_read_083,whisper-large-v3,pidgin
charms,chance,pcm_f_PP1F2_ev_read_083,whisper-large-v3,pidgin
na,no,pcm_f_PP1F2_ev_read_083,whisper-large-v3,pidgin
and,has,pcm_f_PP1F2_ev_read_083,whisper-large-v3,pidgin
e,worked,pcm_f_PP1F2_ev_read_083,whisper-large-v3,pidgin
them,them.,pcm_f_PP1F2_ev_read_083,whisper-large-v3,pidgin
na,now,pcm_f_PP1F2_ev_read_306,whisper-large-v3,pidgin
dey,"teach,",pcm_f_PP1F2_ev_read_306,whisper-large-v3,pidgin
teach,they,pcm_f_PP1F2_ev_read_306,whisper-large-v3,pidgin
dey,make,pcm_f_PP1F2_ev_read_306,whisper-large-v3,pidgin
beta,better,pcm_f_PP1F2_ev_read_306,whisper-large-v3,pidgin
pesin.,person.,pcm_f_PP1F2_ev_read_306,whisper-large-v3,pidgin
de,they,pcm_f_PP1F3_ev_read_137,whisper-large-v3,pidgin
test,tests,pcm_f_PP1F3_ev_read_137,whisper-large-v3,pidgin
treatment,"treatment,",pcm_f_PP1F3_ev_read_137,whisper-large-v3,pidgin
medicine,"medicine,",pcm_f_PP1F3_ev_read_137,whisper-large-v3,pidgin
test,tests.,pcm_f_PP1F3_ev_read_137,whisper-large-v3,pidgin
na,"talk,",pcm_f_PP1F3_ev_read_341,whisper-large-v3,pidgin
talk,we,pcm_f_PP1F3_ev_read_341,whisper-large-v3,pidgin
wey,fi,pcm_f_PP1F3_ev_read_341,whisper-large-v3,pidgin
fit,kai,pcm_f_PP1F3_ev_read_341,whisper-large-v3,pidgin
carry,wa,pcm_f_PP1F3_ev_read_341,whisper-large-v3,pidgin
wahala,ala,pcm_f_PP1F3_ev_read_341,whisper-large-v3,pidgin
you,we,pcm_f_PP1F3_ev_read_341,whisper-large-v3,pidgin
talk,talka.,pcm_f_PP1F3_ev_read_341,whisper-large-v3,pidgin
changing,changes,pcm_f_PP1F3_ev_read_512,whisper-large-v3,pidgin
patterns,"pattern,",pcm_f_PP1F3_ev_read_512,whisper-large-v3,pidgin
extremes,extreme,pcm_f_PP1F3_ev_read_512,whisper-large-v3,pidgin
heatwaves.,waves.,pcm_f_PP1F3_ev_read_512,whisper-large-v3,pidgin
di,cost-conditioner,pcm_f_PP1F3_ev_read_600,whisper-large-v3,pidgin
festival.,festival,pcm_f_PP1F3_ev_read_600,whisper-large-v3,pidgin
i,ay,pcm_f_PP2F1_ev_read_036,whisper-large-v3,pidgin
come,"come,",pcm_f_PP2F1_ev_read_036,whisper-large-v3,pidgin
make,men,pcm_f_PP2F1_ev_read_036,whisper-large-v3,pidgin
i,kay,pcm_f_PP2F1_ev_read_036,whisper-large-v3,pidgin
medicine,"medicine,",pcm_f_PP2F1_ev_read_036,whisper-large-v3,pidgin
me,me.,pcm_f_PP2F1_ev_read_036,whisper-large-v3,pidgin
pesin,person,pcm_f_PP2F1_ev_read_055,whisper-large-v3,pidgin
fit,feel,pcm_f_PP2F1_ev_read_055,whisper-large-v3,pidgin
di,they,pcm_f_PP2F1_ev_read_055,whisper-large-v3,pidgin
pressure,pleasure,pcm_f_PP2F1_ev_read_055,whisper-large-v3,pidgin
wan,one,pcm_f_PP2F1_ev_read_107,whisper-large-v3,pidgin
tok.,talk.,pcm_f_PP2F1_ev_read_107,whisper-large-v3,pidgin
sista,sister,pcm_f_PP2F1_ev_read_149,whisper-large-v3,pidgin
go,could,pcm_f_PP2F1_ev_read_149,whisper-large-v3,pidgin
niddle,needle,pcm_f_PP2F1_ev_read_149,whisper-large-v3,pidgin
clothe.,cloth.,pcm_f_PP2F1_ev_read_149,whisper-large-v3,pidgin
beta,better,pcm_f_PP2F1_ev_read_206,whisper-large-v3,pidgin
health,health.,pcm_f_PP2F1_ev_read_206,whisper-large-v3,pidgin
ada,dare,pcm_f_PP2F1_ev_read_259,whisper-large-v3,pidgin
dis,this,pcm_f_PP2F1_ev_read_259,whisper-large-v3,pidgin
oo,so.,pcm_f_PP2F1_ev_read_259,whisper-large-v3,pidgin
well,well.,pcm_f_PP2F1_ev_read_259,whisper-large-v3,pidgin
na,now,pcm_f_PP2F1_ev_read_369,whisper-large-v3,pidgin
parent,parents,pcm_f_PP2F1_ev_read_369,whisper-large-v3,pidgin
dis,this,pcm_f_PP2F1_ev_read_369,whisper-large-v3,pidgin
wey,with,pcm_f_PP2F1_ev_read_369,whisper-large-v3,pidgin
dis,this,pcm_f_PP2F1_ev_read_369,whisper-large-v3,pidgin
pikin,speaking,pcm_f_PP2F1_ev_read_369,whisper-large-v3,pidgin
give.,gift.,pcm_f_PP2F1_ev_read_369,whisper-large-v3,pidgin
make,think,pcm_f_PP2F1_ev_read_512,whisper-large-v3,pidgin
sey,see,pcm_f_PP2F1_ev_read_512,whisper-large-v3,pidgin
everybodi,everybody,pcm_f_PP2F1_ev_read_512,whisper-large-v3,pidgin
way,way.,pcm_f_PP2F1_ev_read_512,whisper-large-v3,pidgin
tins.,things.,pcm_f_PP2F1_ev_read_512,whisper-large-v3,pidgin
fit,feet,pcm_f_PP2F1_ev_read_598,whisper-large-v3,pidgin
walks,works,pcm_f_PP3F1_ev_read_035,whisper-large-v3,pidgin
in,"immature,",pcm_f_PP3F1_ev_read_035,whisper-large-v3,pidgin
mature,they,pcm_f_PP3F1_ev_read_035,whisper-large-v3,pidgin
living,living.,pcm_f_PP3F1_ev_read_035,whisper-large-v3,pidgin
later,i,pcm_f_PP3F1_ev_read_112,whisper-large-v3,pidgin
abi,be,pcm_f_PP3F1_ev_read_112,whisper-large-v3,pidgin
come?,come.,pcm_f_PP3F1_ev_read_112,whisper-large-v3,pidgin
wrapper,wrap,pcm_f_PP3F1_ev_read_171,whisper-large-v3,pidgin
go,ago,pcm_f_PP3F1_ev_read_171,whisper-large-v3,pidgin
de,did,pcm_f_PP3F1_ev_read_252,whisper-large-v3,pidgin
drive,"right,",pcm_f_PP3F1_ev_read_252,whisper-large-v3,pidgin
seat,seatbelt.,pcm_f_PP3F1_ev_read_252,whisper-large-v3,pidgin
age,"age,",pcm_f_PP3F1_ev_read_336,whisper-large-v3,pidgin
de,is,pcm_f_PP3F1_ev_read_336,whisper-large-v3,pidgin
persin,person,pcm_f_PP3F1_ev_read_336,whisper-large-v3,pidgin
space,space.,pcm_f_PP3F1_ev_read_336,whisper-large-v3,pidgin
dey,thereby,pcm_f_PP3F1_ev_read_509,whisper-large-v3,pidgin
moni,money,pcm_f_PP3F1_ev_read_509,whisper-large-v3,pidgin
reach.,rich.,pcm_f_PP3F1_ev_read_509,whisper-large-v3,pidgin
e,is,pcm_f_PP3F1_ev_read_594,whisper-large-v3,pidgin
know,know?,pcm_f_PP3F1_ev_read_594,whisper-large-v3,pidgin
foodstuff,foodstuffs,pcm_f_PS1F1_ev_read_120,whisper-large-v3,yoruba
de,the,pcm_f_PS1F1_ev_read_224,whisper-large-v3,yoruba
when,way,pcm_f_PS1F1_ev_read_224,whisper-large-v3,yoruba
de,the,pcm_f_PS1F1_ev_read_224,whisper-large-v3,yoruba
issue,issue.,pcm_f_PS1F1_ev_read_224,whisper-large-v3,yoruba
no,not,pcm_f_PS1F1_ev_read_394,whisper-large-v3,yoruba
approach,approach.,pcm_f_PS1F1_ev_read_394,whisper-large-v3,yoruba
persin,person.,pcm_f_PS1F1_ev_read_394,whisper-large-v3,yoruba
to,"today,",pcm_f_PS1F1_ev_read_472,whisper-large-v3,yoruba
go,gonna,pcm_f_PS1F1_ev_read_472,whisper-large-v3,yoruba
go,gonna,pcm_f_PS1F1_ev_read_472,whisper-large-v3,yoruba
trust,trust.,pcm_f_PS1F1_ev_read_472,whisper-large-v3,yoruba
don,don't,pcm_f_PS1F1_ev_read_546,whisper-large-v3,yoruba
dey,think,pcm_f_PS1F1_ev_read_546,whisper-large-v3,yoruba
wey,are,pcm_f_PS1F1_ev_read_546,whisper-large-v3,yoruba
i,supposed,pcm_f_PS1F1_ev_read_546,whisper-large-v3,yoruba
suppose,to,pcm_f_PS1F1_ev_read_546,whisper-large-v3,yoruba
dis,this,pcm_f_PS1F1_ev_read_546,whisper-large-v3,yoruba
pesin,sin,pcm_f_PS1F3_ev_read_036,whisper-large-v3,yoruba
culture,"culture,",pcm_f_PS1F3_ev_read_036,whisper-large-v3,yoruba
show,should,pcm_f_PS1F3_ev_read_036,whisper-large-v3,yoruba
am,want,pcm_f_PS1F3_ev_read_036,whisper-large-v3,yoruba
e,me,pcm_f_PS1F3_ev_read_036,whisper-large-v3,yoruba
say,"say,",pcm_f_PS1F3_ev_read_442,whisper-large-v3,yoruba
too,threw,pcm_f_PS1F3_ev_read_442,whisper-large-v3,yoruba
"drink,",drink,pcm_f_PS1F3_ev_read_442,whisper-large-v3,yoruba
o,oh,pcm_f_PS1F3_ev_read_465,whisper-large-v3,yoruba
na,now,pcm_f_PS1F3_ev_read_465,whisper-large-v3,yoruba
club,"club,",pcm_f_PS1F3_ev_read_465,whisper-large-v3,yoruba
anyhow,"anyhow,",pcm_f_PS1F3_ev_read_465,whisper-large-v3,yoruba
sha,shaq.,pcm_f_PS1F3_ev_read_465,whisper-large-v3,yoruba
dem,their,pcm_f_PS2F1_ev_read_118,whisper-large-v3,yoruba
fit,furious,pcm_f_PS2F1_ev_read_118,whisper-large-v3,yoruba
protest,protests,pcm_f_PS2F1_ev_read_118,whisper-large-v3,yoruba
fela,felakuti,pcm_f_PS2F1_ev_read_118,whisper-large-v3,yoruba
nigeria,nigeria.,pcm_f_PS2F1_ev_read_118,whisper-large-v3,yoruba
na,now,pcm_f_PS2F2_ev_read_026,whisper-large-v3,yoruba
reflection,"reflection,",pcm_f_PS2F2_ev_read_026,whisper-large-v3,yoruba
beta,better,pcm_f_PS2F2_ev_read_026,whisper-large-v3,yoruba
sister,"sister,",pcm_f_PS2F2_ev_read_313,whisper-large-v3,yoruba
hard.,"hand,",pcm_f_PS2F2_ev_read_313,whisper-large-v3,yoruba
say,"say,",pcm_f_PS2F2_ev_read_313,whisper-large-v3,yoruba
her,how,pcm_f_PS2F2_ev_read_313,whisper-large-v3,yoruba
goal,good,pcm_f_PS2F2_ev_read_313,whisper-large-v3,yoruba
na,not,pcm_f_PS2F2_ev_read_313,whisper-large-v3,yoruba
billionaire,billionaire.,pcm_f_PS2F2_ev_read_313,whisper-large-v3,yoruba
don,don't,pcm_f_PT1F1_ev_read_494,whisper-large-v3,pidgin
about,about.,pcm_f_PT1F1_ev_read_494,whisper-large-v3,pidgin
moments,"moments,",pcm_f_PT1F1_ev_read_563,whisper-large-v3,pidgin
dey,demerit,pcm_f_PT1F2_ev_read_256,whisper-large-v3,pidgin
meditate,it,pcm_f_PT1F2_ev_read_256,whisper-large-v3,pidgin
no,log,pcm_f_PT1F2_ev_read_280,whisper-large-v3,yoruba
go,will,pcm_f_PT1F2_ev_read_280,whisper-large-v3,yoruba
dey,just,pcm_f_PT1F2_ev_read_448,whisper-large-v3,pidgin
i,i'd,pcm_f_PT1F2_ev_read_499,whisper-large-v3,yoruba
"tree,","three,",pcm_f_PT1F2_ev_read_583,whisper-large-v3,pidgin
na,now,pcm_f_PT1F2_ev_read_583,whisper-large-v3,pidgin
shade.,shed.,pcm_f_PT1F2_ev_read_583,whisper-large-v3,pidgin
na,nanatural,pcm_f_PT1F3_ev_read_423,whisper-large-v3,yoruba
dey,do,pcm_f_PT1F3_ev_read_423,whisper-large-v3,yoruba
wen,when,pcm_f_PT1F3_ev_read_423,whisper-large-v3,yoruba
wan,overreduce,pcm_f_PT1F3_ev_read_423,whisper-large-v3,yoruba
reduce,waste,pcm_f_PT1F3_ev_read_423,whisper-large-v3,yoruba
don,don't,pcm_f_PT1F4_ev_read_147,whisper-large-v3,yoruba
dey,deserve,pcm_f_PT1F4_ev_read_147,whisper-large-v3,yoruba
save,money,pcm_f_PT1F4_ev_read_147,whisper-large-v3,yoruba
moni,where,pcm_f_PT1F4_ev_read_147,whisper-large-v3,yoruba
dis,these,pcm_f_PT1F4_ev_read_417,whisper-large-v3,yoruba
thing,"things,",pcm_f_PT1F4_ev_read_417,whisper-large-v3,yoruba
"me,",me.,pcm_f_PT1F4_ev_read_417,whisper-large-v3,yoruba
cat,"cats,",pcm_f_PT1F4_ev_read_417,whisper-large-v3,yoruba
dream,dream.,pcm_f_PT1F4_ev_read_417,whisper-large-v3,yoruba
how,will,pcm_f_PT1F4_ev_read_434,whisper-large-v3,pidgin
fit,please,pcm_f_PT1F4_ev_read_434,whisper-large-v3,pidgin
dey,did,pcm_f_PT1F4_ev_read_434,whisper-large-v3,pidgin
anoda,another,pcm_f_PT1F4_ev_read_434,whisper-large-v3,pidgin
pesin,person,pcm_f_PT1F4_ev_read_434,whisper-large-v3,pidgin
balance,balanzam,pcm_f_PT1F4_ev_read_534,whisper-large-v3,pidgin
imperfections,imperfection,pcm_f_PT1F4_ev_read_534,whisper-large-v3,pidgin
of,for,pcm_f_PT1F4_ev_read_534,whisper-large-v3,pidgin
i,our,pcm_f_PT1F4_ev_read_542,whisper-large-v3,yoruba
fit,feet,pcm_f_PT1F4_ev_read_542,whisper-large-v3,yoruba
lis,listening,pcm_f_PT1F4_ev_read_542,whisper-large-v3,yoruba
dem.,them.,pcm_f_PT1F4_ev_read_542,whisper-large-v3,yoruba
i,and,pcm_f_PT2F1_ev_read_146,whisper-large-v3,pidgin
food,"food,",pcm_f_PT2F1_ev_read_146,whisper-large-v3,pidgin
wey,we,pcm_f_PT2F1_ev_read_146,whisper-large-v3,pidgin
time,"time,",pcm_f_PT2F1_ev_read_256,whisper-large-v3,yoruba
na,now,pcm_f_PT2F1_ev_read_256,whisper-large-v3,yoruba
wen,when,pcm_f_PT2F1_ev_read_256,whisper-large-v3,yoruba
dey,did,pcm_f_PT2F1_ev_read_256,whisper-large-v3,yoruba
book,"book,",pcm_f_PT2F1_ev_read_256,whisper-large-v3,yoruba
or,i,pcm_f_PT2F1_ev_read_256,whisper-large-v3,yoruba
dey,think,pcm_f_PT2F1_ev_read_256,whisper-large-v3,yoruba
tink,a,pcm_f_PT2F1_ev_read_256,whisper-large-v3,yoruba
alone.,lot.,pcm_f_PT2F1_ev_read_256,whisper-large-v3,yoruba
"sista,","sister,",pcm_f_PT2F1_ev_read_267,whisper-large-v3,pidgin
siddon,down.,pcm_f_PT2F1_ev_read_267,whisper-large-v3,pidgin
tink,think,pcm_f_PT2F1_ev_read_267,whisper-large-v3,pidgin
good-good,"good,",pcm_f_PT2F1_ev_read_267,whisper-large-v3,pidgin
tins,good,pcm_f_PT2F1_ev_read_267,whisper-large-v3,pidgin
you,things,pcm_f_PT2F1_ev_read_267,whisper-large-v3,pidgin
na,now,pcm_f_PT2F1_ev_read_307,whisper-large-v3,pidgin
gun,gunshot,pcm_f_PT2F1_ev_read_307,whisper-large-v3,pidgin
"me,",me.,pcm_f_PT2F1_ev_read_307,whisper-large-v3,pidgin
don,don't,pcm_f_PT2F1_ev_read_307,whisper-large-v3,pidgin
uncle,"uncle,",pcm_f_PT2F1_ev_read_331,whisper-large-v3,pidgin
afternoon,afternoon.,pcm_f_PT2F1_ev_read_331,whisper-large-v3,pidgin
"o,",you,pcm_f_PT2F1_ev_read_331,whisper-large-v3,pidgin
for,were,pcm_f_PT2F1_ev_read_331,whisper-large-v3,pidgin
"joy,",joy.,pcm_f_PT2F1_ev_read_389,whisper-large-v3,pidgin
sey,"say,",pcm_f_PT2F1_ev_read_389,whisper-large-v3,pidgin
beta,better,pcm_f_PT2F1_ev_read_389,whisper-large-v3,pidgin
pass,past,pcm_f_PT2F1_ev_read_389,whisper-large-v3,pidgin
dey,did,pcm_f_PT2F1_ev_read_483,whisper-large-v3,pidgin
don,don't,pcm_f_PT2F1_ev_read_571,whisper-large-v3,pidgin
una,not,pcm_f_PT2F1_ev_read_571,whisper-large-v3,pidgin
"money,",money.,pcm_f_PT2F1_ev_read_571,whisper-large-v3,pidgin
save,"save,",pcm_f_PT2F1_ev_read_571,whisper-large-v3,pidgin
fees,fees.,pcm_f_PT2F1_ev_read_571,whisper-large-v3,pidgin
wetin,where,pcm_f_PT2F2_ev_read_183,whisper-large-v3,yoruba
be,can,pcm_f_PT2F2_ev_read_183,whisper-large-v3,yoruba
di,we,pcm_f_PT2F2_ev_read_183,whisper-large-v3,yoruba
ways,direct,pcm_f_PT2F2_ev_read_183,whisper-large-v3,yoruba
fit,to,pcm_f_PT2F2_ev_read_183,whisper-large-v3,yoruba
demselves?,themselves?,pcm_f_PT2F2_ev_read_183,whisper-large-v3,yoruba
dey,this,pcm_f_PT2F2_ev_read_205,whisper-large-v3,yoruba
sopport,approach,pcm_f_PT2F2_ev_read_205,whisper-large-v3,yoruba
e,is,pcm_f_PT2F2_ev_read_205,whisper-large-v3,yoruba
go,will,pcm_f_PT2F2_ev_read_205,whisper-large-v3,yoruba
am,them.,pcm_f_PT2F2_ev_read_205,whisper-large-v3,yoruba
doors,let's,pcm_f_PT2F2_ev_read_274,whisper-large-v3,pidgin
wit,with,pcm_f_PT2F2_ev_read_274,whisper-large-v3,pidgin
beta,better,pcm_f_PT2F2_ev_read_274,whisper-large-v3,pidgin
opportunity,opportunities.,pcm_f_PT2F2_ev_read_274,whisper-large-v3,pidgin
na,now,pcm_f_PT2F2_ev_read_427,whisper-large-v3,pidgin
go,will,pcm_f_PT2F2_ev_read_427,whisper-large-v3,pidgin
go,will,pcm_f_PT2F2_ev_read_427,whisper-large-v3,pidgin
dey,de-chop,pcm_f_PT2F2_ev_read_427,whisper-large-v3,pidgin
dey,de-plan,pcm_f_PT2F2_ev_read_474,whisper-large-v3,pidgin
go,will,pcm_f_PT2F2_ev_read_474,whisper-large-v3,pidgin
pikin,picky,pcm_f_PT2F3_ev_read_137,whisper-large-v3,yoruba
ooo.,so,pcm_f_PT2F3_ev_read_137,whisper-large-v3,yoruba
don,don't,pcm_f_PT2F3_ev_read_137,whisper-large-v3,yoruba
salon,saloon,pcm_f_PT2F3_ev_read_137,whisper-large-v3,yoruba
already,already.,pcm_f_PT2F3_ev_read_137,whisper-large-v3,yoruba
neva,never,pcm_f_PT2F3_ev_read_458,whisper-large-v3,yoruba
sey,age,pcm_f_PT2F3_ev_read_458,whisper-large-v3,yoruba
aging,in,pcm_f_PT2F3_ev_read_458,whisper-large-v3,yoruba
na,a,pcm_f_PT2F3_ev_read_458,whisper-large-v3,yoruba
"process,",process.,pcm_f_PT2F3_ev_read_458,whisper-large-v3,yoruba
fit,feet,pcm_f_PT2F3_ev_read_458,whisper-large-v3,yoruba
am,"them,",pcm_f_PT2F3_ev_read_458,whisper-large-v3,yoruba
you,your,pcm_f_PT2F3_ev_read_458,whisper-large-v3,yoruba
fit,feet,pcm_f_PT2F3_ev_read_458,whisper-large-v3,yoruba
anoda,another,pcm_f_PT3F2_ev_read_062,whisper-large-v3,pidgin
dey,define,pcm_f_PT3F2_ev_read_305,whisper-large-v3,yoruba
dis,this,pcm_f_PT3F2_ev_read_305,whisper-large-v3,yoruba
i,editing,pcm_f_PT3F2_ev_read_452,whisper-large-v3,yoruba
atmosphere,atmosphere.,pcm_f_PT3F2_ev_read_452,whisper-large-v3,yoruba
house,house.,pcm_f_PT3F2_ev_read_501,whisper-large-v3,pidgin
car,car?,pcm_f_PT3F2_ev_read_502,whisper-large-v3,yoruba
[um],the,pcm_m_PAGS1M6_ag_spontaneous_383,whisper-large-v3,yoruba
the,heads,pcm_m_PAGS1M6_ag_spontaneous_383,whisper-large-v3,yoruba
herdsmen,men,pcm_m_PAGS1M6_ag_spontaneous_383,whisper-large-v3,yoruba
dey,be,pcm_m_PAGS1M6_ag_spontaneous_383,whisper-large-v3,yoruba
[um],the,pcm_m_PAGS1M6_ag_spontaneous_383,whisper-large-v3,yoruba
farm,fan,pcm_m_PAGS1M7_ag_spontaneous_112,whisper-large-v3,yoruba
near,naming,pcm_m_PAGT1M10_ag_spontaneous_533,whisper-large-v3,igbo
main,"root,",pcm_m_PAGT1M10_ag_spontaneous_533,whisper-large-v3,igbo
road,come,pcm_m_PAGT1M10_ag_spontaneous_533,whisper-large-v3,igbo
cost,cause,pcm_m_PAGT1M10_ag_spontaneous_533,whisper-large-v3,igbo
wey,with,pcm_m_PAGT1M10_ag_spontaneous_533,whisper-large-v3,igbo
"""na",and,pcm_m_PAGT1M12_ag_spontaneous_204,whisper-large-v3,igbo
"her.""",her.,pcm_m_PAGT1M12_ag_spontaneous_204,whisper-large-v3,igbo
fowl,file,pcm_m_PAGT1M13_ag_spontaneous_272,whisper-large-v3,igbo
mouth,mode,pcm_m_PAGT1M13_ag_spontaneous_272,whisper-large-v3,igbo
grow,go,pcm_m_PAGT1M13_ag_spontaneous_272,whisper-large-v3,igbo
dem,let,pcm_m_PAGT1M15_ag_spontaneous_138,whisper-large-v3,igbo
use,me,pcm_m_PAGT1M15_ag_spontaneous_138,whisper-large-v3,igbo
chain,change,pcm_m_PAGT1M15_ag_spontaneous_138,whisper-large-v3,igbo
drag,track,pcm_m_PAGT1M15_ag_spontaneous_138,whisper-large-v3,igbo
plow,plowgoo,pcm_m_PAGT1M15_ag_spontaneous_138,whisper-large-v3,igbo
e,i,pcm_m_PAGT1M15_ag_spontaneous_138,whisper-large-v3,igbo
break,break.,pcm_m_PAGT1M15_ag_spontaneous_138,whisper-large-v3,igbo
ground,"ground,",pcm_m_PAGT1M19_ag_spontaneous_239,whisper-large-v3,igbo
e,in,pcm_m_PAGT1M19_ag_spontaneous_239,whisper-large-v3,igbo
see,sea,pcm_m_PAGT1M19_ag_spontaneous_239,whisper-large-v3,igbo
childhood.,chidown.,pcm_m_PAGT1M19_ag_spontaneous_239,whisper-large-v3,igbo
cleaner,"cleaner,",pcm_m_PAGT1M52_ag_spontaneous_575,whisper-large-v3,igbo
bag,bag.,pcm_m_PAGT1M52_ag_spontaneous_575,whisper-large-v3,igbo
[um],because,pcm_m_PAGT1M60_ag_spontaneous_035,whisper-large-v3,igbo
we,greenery,pcm_m_PAGT1M60_ag_spontaneous_035,whisper-large-v3,igbo
cut,"grass,",pcm_m_PAGT1M60_ag_spontaneous_035,whisper-large-v3,igbo
end,"end,",pcm_m_PAGT1M60_ag_spontaneous_035,whisper-large-v3,igbo
and,i'm,pcm_m_PAGT1M60_ag_spontaneous_035,whisper-large-v3,igbo
plant,planting,pcm_m_PAGT1M60_ag_spontaneous_035,whisper-large-v3,igbo
no,not,pcm_m_PAGT1M60_ag_spontaneous_035,whisper-large-v3,igbo
plenty,plenty.,pcm_m_PAGT1M60_ag_spontaneous_035,whisper-large-v3,igbo
tie,die,pcm_m_PAGT1M63_ag_spontaneous_524,whisper-large-v3,igbo
am,and,pcm_m_PAGT1M63_ag_spontaneous_524,whisper-large-v3,igbo
cocoa,cuckoo,pcm_m_PAGT1M63_ag_spontaneous_524,whisper-large-v3,igbo
hold,old,pcm_m_PAGT1M8_ag_spontaneous_026,whisper-large-v3,igbo
pack,"park,",pcm_m_PAGT1M8_ag_spontaneous_026,whisper-large-v3,igbo
[um],which,pcm_m_PAGT1M8_ag_spontaneous_026,whisper-large-v3,igbo
wetin,if,pcm_m_PAGT1M8_ag_spontaneous_026,whisper-large-v3,igbo
don,don't,pcm_m_PAGT1M8_ag_spontaneous_026,whisper-large-v3,igbo
night,"night,",pcm_m_PAGT1M9_ag_spontaneous_069,whisper-large-v3,igbo
cold,cool,pcm_m_PAGT1M9_ag_spontaneous_069,whisper-large-v3,igbo
children,"children,",pcm_m_PAGT2M36_ag_spontaneous_212,whisper-large-v3,igbo
wey,with,pcm_m_PAGT2M36_ag_spontaneous_212,whisper-large-v3,igbo
plant,plant.,pcm_m_PAGT2M36_ag_spontaneous_212,whisper-large-v3,igbo
house,house.,pcm_m_PAGT2M36_ag_spontaneous_550,whisper-large-v3,igbo
farming,"famine,",pcm_m_PAGT2M37_ag_spontaneous_183,whisper-large-v3,igbo
[um],we,pcm_m_PAGT2M37_ag_spontaneous_183,whisper-large-v3,igbo
wey,not,pcm_m_PAGT2M37_ag_spontaneous_183,whisper-large-v3,igbo
soil,"soil,",pcm_m_PAGT2M37_ag_spontaneous_183,whisper-large-v3,igbo
us,us.,pcm_m_PAGT2M37_ag_spontaneous_183,whisper-large-v3,igbo
i,i've,pcm_m_PAGT2M37_ag_spontaneous_230,whisper-large-v3,igbo
goat,good,pcm_m_PAGT2M37_ag_spontaneous_230,whisper-large-v3,igbo
wen,when,pcm_m_PAGT2M37_ag_spontaneous_230,whisper-large-v3,igbo
performance,performance.,pcm_m_PAGT2M37_ag_spontaneous_230,whisper-large-v3,igbo
sheep,if,pcm_m_PAGT2M42_ag_spontaneous_195,whisper-large-v3,igbo
de,the,pcm_m_PAGT2M42_ag_spontaneous_195,whisper-large-v3,igbo
am,and,pcm_m_PAGT2M42_ag_spontaneous_195,whisper-large-v3,igbo
base,they,pcm_m_PAGT2M42_ag_spontaneous_195,whisper-large-v3,igbo
before,before.,pcm_m_PAGT2M42_ag_spontaneous_195,whisper-large-v3,igbo
cutlass,"cutlass,",pcm_m_PAGT2M42_ag_spontaneous_591,whisper-large-v3,igbo
sheath,shields.,pcm_m_PAGT2M42_ag_spontaneous_591,whisper-large-v3,igbo
wey,we,pcm_m_PAGT2M42_ag_spontaneous_591,whisper-large-v3,igbo
handmade,"handmade,",pcm_m_PAGT2M42_ag_spontaneous_591,whisper-large-v3,igbo
wey,we,pcm_m_PAGT2M42_ag_spontaneous_591,whisper-large-v3,igbo
handmade,handmade.,pcm_m_PAGT2M42_ag_spontaneous_591,whisper-large-v3,igbo
wey,we,pcm_m_PAGT2M42_ag_spontaneous_591,whisper-large-v3,igbo
rope,rope.,pcm_m_PAGT2M42_ag_spontaneous_591,whisper-large-v3,igbo
wey,when,pcm_m_PAGT2M44_ag_spontaneous_080,whisper-large-v3,igbo
wey,when,pcm_m_PAGT2M44_ag_spontaneous_080,whisper-large-v3,igbo
pipe,pad,pcm_m_PAGT2M44_ag_spontaneous_080,whisper-large-v3,igbo
wey,when,pcm_m_PAGT2M44_ag_spontaneous_080,whisper-large-v3,igbo
hole,who,pcm_m_PAGT2M44_ag_spontaneous_080,whisper-large-v3,igbo
experts,expats,pcm_m_PBUT1M15_bu_spontaneous_130,whisper-large-v3,igbo
qapital,capital,pcm_m_PBUT1M15_bu_spontaneous_130,whisper-large-v3,igbo
if,every,pcm_m_PBUT1M8_bu_spontaneous_555,whisper-large-v3,igbo
everyday,day,pcm_m_PBUT1M8_bu_spontaneous_555,whisper-large-v3,igbo
e,if,pcm_m_PBUT1M8_bu_spontaneous_555,whisper-large-v3,igbo
fit,you,pcm_m_PBUT1M8_bu_spontaneous_555,whisper-large-v3,igbo
hin,the,pcm_m_PBUT1M8_bu_spontaneous_555,whisper-large-v3,igbo
money.,money,pcm_m_PBUT1M8_bu_spontaneous_555,whisper-large-v3,igbo
nigerians,"nigerians,",pcm_m_PECS1M19_ev_spontaneous_113,whisper-large-v3,yoruba
paramount,"paramount,",pcm_m_PECS1M19_ev_spontaneous_113,whisper-large-v3,yoruba
president,precedents,pcm_m_PECS1M19_ev_spontaneous_113,whisper-large-v3,yoruba
tok,of,pcm_m_PECS1M19_ev_spontaneous_113,whisper-large-v3,yoruba
myself,"myself,",pcm_m_PECS1M4_ev_spontaneous_011,whisper-large-v3,yoruba
hard,"hard,",pcm_m_PECS1M4_ev_spontaneous_011,whisper-large-v3,yoruba
and,i,pcm_m_PECS1M4_ev_spontaneous_011,whisper-large-v3,yoruba
no,won't,pcm_m_PECS1M4_ev_spontaneous_011,whisper-large-v3,yoruba
up,up.,pcm_m_PECS1M4_ev_spontaneous_011,whisper-large-v3,yoruba
go,goes,pcm_m_PECS1M4_ev_spontaneous_011,whisper-large-v3,yoruba
still,to,pcm_m_PECS1M4_ev_spontaneous_011,whisper-large-v3,yoruba
to,the,pcm_m_PECS1M4_ev_spontaneous_061,whisper-large-v3,yoruba
dey,top,pcm_m_PECS1M4_ev_spontaneous_061,whisper-large-v3,yoruba
talk,five,pcm_m_PECS1M4_ev_spontaneous_061,whisper-large-v3,yoruba
fine-fine,times,pcm_m_PECS1M4_ev_spontaneous_061,whisper-large-v3,yoruba
fit,switch,pcm_m_PECS1M4_ev_spontaneous_061,whisper-large-v3,yoruba
help,off,pcm_m_PECS1M4_ev_spontaneous_061,whisper-large-v3,yoruba
you,against,pcm_m_PECS1M4_ev_spontaneous_061,whisper-large-v3,yoruba
gain,one,pcm_m_PECS1M4_ev_spontaneous_061,whisper-large-v3,yoruba
small,extractor,pcm_m_PECS1M4_ev_spontaneous_061,whisper-large-v3,yoruba
extra,is,pcm_m_PECS1M4_ev_spontaneous_061,whisper-large-v3,yoruba
time,when,pcm_m_PECS1M4_ev_spontaneous_061,whisper-large-v3,yoruba
to,the,pcm_m_PECS1M4_ev_spontaneous_061,whisper-large-v3,yoruba
sell,problem,pcm_m_PECS1M4_ev_spontaneous_061,whisper-large-v3,yoruba
before,shows,pcm_m_PECS1M4_ev_spontaneous_061,whisper-large-v3,yoruba
comot.,cannot.,pcm_m_PECS1M4_ev_spontaneous_061,whisper-large-v3,yoruba
you,do,pcm_m_PECS2M1_ev_spontaneous_058,whisper-large-v3,yoruba
[um],they,pcm_m_PECS2M1_ev_spontaneous_058,whisper-large-v3,yoruba
goals,do,pcm_m_PECS2M1_ev_spontaneous_058,whisper-large-v3,yoruba
plans,plans?,pcm_m_PECS2M1_ev_spontaneous_058,whisper-large-v3,yoruba
dia,their,pcm_m_PECS2M1_ev_spontaneous_269,whisper-large-v3,yoruba
[um],they,pcm_m_PECS2M1_ev_spontaneous_269,whisper-large-v3,yoruba
beta,"better,",pcm_m_PECS2M1_ev_spontaneous_320,whisper-large-v3,yoruba
go,will,pcm_m_PECS2M1_ev_spontaneous_320,whisper-large-v3,yoruba
person,person.,pcm_m_PECS2M1_ev_spontaneous_320,whisper-large-v3,yoruba
[um],uh,pcm_m_PECS2M1_ev_spontaneous_360,whisper-large-v3,yoruba
don,don't,pcm_m_PECS2M1_ev_spontaneous_360,whisper-large-v3,yoruba
[um],uh,pcm_m_PECS2M1_ev_spontaneous_360,whisper-large-v3,yoruba
de,they,pcm_m_PECS2M1_ev_spontaneous_360,whisper-large-v3,yoruba
heart,at,pcm_m_PECS2M1_ev_spontaneous_360,whisper-large-v3,yoruba
na,nakalu,pcm_m_PECS2M1_ev_spontaneous_571,whisper-large-v3,yoruba
kalu,brother,pcm_m_PECS2M1_ev_spontaneous_571,whisper-large-v3,yoruba
competition,"competition,",pcm_m_PECS2M1_ev_spontaneous_571,whisper-large-v3,yoruba
[um],they,pcm_m_PECS2M1_ev_spontaneous_571,whisper-large-v3,yoruba
[um],community.,pcm_m_PECS2M1_ev_spontaneous_571,whisper-large-v3,yoruba
wan,to,pcm_m_PECT1M107_ev_spontaneous_270,whisper-large-v3,igbo
govnor,governor,pcm_m_PECT1M107_ev_spontaneous_270,whisper-large-v3,igbo
edo,new,pcm_m_PECT1M107_ev_spontaneous_270,whisper-large-v3,igbo
becos,because,pcm_m_PECT1M107_ev_spontaneous_270,whisper-large-v3,igbo
edo,i,pcm_m_PECT1M107_ev_spontaneous_270,whisper-large-v3,igbo
never,don't,pcm_m_PECT1M107_ev_spontaneous_270,whisper-large-v3,igbo
dey,ever,pcm_m_PECT1M107_ev_spontaneous_270,whisper-large-v3,igbo
marginalised,de-marginalize,pcm_m_PECT1M107_ev_spontaneous_270,whisper-large-v3,igbo
im,simply,pcm_m_PECT1M107_ev_spontaneous_270,whisper-large-v3,igbo
dis,this,pcm_m_PECT1M107_ev_spontaneous_270,whisper-large-v3,igbo
bifor,before.,pcm_m_PECT1M107_ev_spontaneous_270,whisper-large-v3,igbo
tok,turks,pcm_m_PECT1M113_ev_spontaneous_084,whisper-large-v3,igbo
say,remake,pcm_m_PECT1M113_ev_spontaneous_084,whisper-large-v3,igbo
make,the,pcm_m_PECT1M113_ev_spontaneous_084,whisper-large-v3,igbo
two,2018-2024.,pcm_m_PECT1M113_ev_spontaneous_084,whisper-large-v3,igbo
family,"family,",pcm_m_PECT1M115_ev_spontaneous_554,whisper-large-v3,igbo
traditions,traditions.,pcm_m_PECT1M115_ev_spontaneous_554,whisper-large-v3,igbo
dey,did,pcm_m_PECT1M116_ev_spontaneous_173,whisper-large-v3,igbo
always,only,pcm_m_PECT1M116_ev_spontaneous_173,whisper-large-v3,igbo
how,out,pcm_m_PECT1M116_ev_spontaneous_173,whisper-large-v3,igbo
we,with,pcm_m_PECT1M116_ev_spontaneous_173,whisper-large-v3,igbo
appso,so,pcm_m_PECT1M116_ev_spontaneous_173,whisper-large-v3,igbo
she,they,pcm_m_PECT1M116_ev_spontaneous_177,whisper-large-v3,igbo
check,shake,pcm_m_PECT1M116_ev_spontaneous_177,whisper-large-v3,igbo
reading,within,pcm_m_PECT1M116_ev_spontaneous_177,whisper-large-v3,igbo
bill,be,pcm_m_PECT1M116_ev_spontaneous_177,whisper-large-v3,igbo
we,with,pcm_m_PECT1M116_ev_spontaneous_177,whisper-large-v3,igbo
close,"close,",pcm_m_PECT1M119_ev_spontaneous_320,whisper-large-v3,igbo
wen,when,pcm_m_PECT1M119_ev_spontaneous_320,whisper-large-v3,igbo
space,space.,pcm_m_PECT1M119_ev_spontaneous_320,whisper-large-v3,igbo
wetin,thing,pcm_m_PECT1M125_ev_spontaneous_111,whisper-large-v3,igbo
dey,did,pcm_m_PECT1M125_ev_spontaneous_111,whisper-large-v3,igbo
network,network?,pcm_m_PECT1M125_ev_spontaneous_111,whisper-large-v3,igbo
governement,government,pcm_m_PECT1M125_ev_spontaneous_447,whisper-large-v3,igbo
nova,never,pcm_m_PECT1M125_ev_spontaneous_447,whisper-large-v3,igbo
pay,pay.,pcm_m_PECT1M125_ev_spontaneous_447,whisper-large-v3,igbo
[um],this,pcm_m_PECT1M12_ev_spontaneous_057,whisper-large-v3,igbo
dis,is,pcm_m_PECT1M12_ev_spontaneous_057,whisper-large-v3,igbo
na,a,pcm_m_PECT1M12_ev_spontaneous_057,whisper-large-v3,igbo
dat,"that,",pcm_m_PECT1M12_ev_spontaneous_057,whisper-large-v3,igbo
don,don't,pcm_m_PECT1M12_ev_spontaneous_057,whisper-large-v3,igbo
borehole.,bored.,pcm_m_PECT1M12_ev_spontaneous_057,whisper-large-v3,igbo
30bn,bn,pcm_m_PECT1M132_ev_spontaneous_008,whisper-large-v3,igbo
go,goes,pcm_m_PECT1M132_ev_spontaneous_008,whisper-large-v3,igbo
start,out,pcm_m_PECT1M132_ev_spontaneous_008,whisper-large-v3,igbo
anoda,125,pcm_m_PECT1M132_ev_spontaneous_008,whisper-large-v3,igbo
125bn,bn,pcm_m_PECT1M132_ev_spontaneous_008,whisper-large-v3,igbo
days,days.,pcm_m_PECT1M132_ev_spontaneous_008,whisper-large-v3,igbo
thankful,"thankful,",pcm_m_PECT1M135_ev_spontaneous_553,whisper-large-v3,igbo
want,won't,pcm_m_PECT1M135_ev_spontaneous_553,whisper-large-v3,igbo
wey,with,pcm_m_PECT1M135_ev_spontaneous_553,whisper-large-v3,igbo
others,others.,pcm_m_PECT1M135_ev_spontaneous_553,whisper-large-v3,igbo
calm,"calm,",pcm_m_PECT1M144_ev_spontaneous_209,whisper-large-v3,igbo
end,"end,",pcm_m_PECT1M144_ev_spontaneous_209,whisper-large-v3,igbo
pranay,prani,pcm_m_PECT1M144_ev_spontaneous_209,whisper-large-v3,igbo
recall,recall.,pcm_m_PECT1M144_ev_spontaneous_209,whisper-large-v3,igbo
wetin,waiting,pcm_m_PECT1M14_ev_spontaneous_142,whisper-large-v3,igbo
fit,feet,pcm_m_PECT1M14_ev_spontaneous_142,whisper-large-v3,igbo
and,i'm,pcm_m_PECT1M14_ev_spontaneous_142,whisper-large-v3,igbo
wetin,waiting,pcm_m_PECT1M14_ev_spontaneous_142,whisper-large-v3,igbo
fit,"feet,",pcm_m_PECT1M14_ev_spontaneous_142,whisper-large-v3,igbo
[um],"ehm,",pcm_m_PECT1M14_ev_spontaneous_142,whisper-large-v3,igbo
discuss,"discuss,",pcm_m_PECT1M14_ev_spontaneous_142,whisper-large-v3,igbo
[um],eh?,pcm_m_PECT1M14_ev_spontaneous_142,whisper-large-v3,igbo
baby,di,pcm_m_PECT1M19_ev_spontaneous_268,whisper-large-v3,igbo
dey,did,pcm_m_PECT1M34_ev_spontaneous_057,whisper-large-v3,igbo
cloth,fluid,pcm_m_PECT1M34_ev_spontaneous_057,whisper-large-v3,igbo
wey,we,pcm_m_PECT1M34_ev_spontaneous_057,whisper-large-v3,igbo
i,have,pcm_m_PECT1M34_ev_spontaneous_057,whisper-large-v3,igbo
[um],mirrors,pcm_m_PECT1M34_ev_spontaneous_057,whisper-large-v3,igbo
mirror,for,pcm_m_PECT1M34_ev_spontaneous_057,whisper-large-v3,igbo
before,our,pcm_m_PECT1M34_ev_spontaneous_057,whisper-large-v3,igbo
i,commode.,pcm_m_PECT1M34_ev_spontaneous_057,whisper-large-v3,igbo
nigeria,nigerian,pcm_m_PECT1M35_ev_spontaneous_173,whisper-large-v3,igbo
police,"police,",pcm_m_PECT1M35_ev_spontaneous_173,whisper-large-v3,igbo
e-cmr,ecmr,pcm_m_PECT1M35_ev_spontaneous_173,whisper-large-v3,igbo
go,will,pcm_m_PECT1M35_ev_spontaneous_173,whisper-large-v3,igbo
firsthand,first-hand,pcm_m_PECT1M35_ev_spontaneous_173,whisper-large-v3,igbo
go,to,pcm_m_PECT1M35_ev_spontaneous_173,whisper-large-v3,igbo
times,"times,",pcm_m_PECT1M43_ev_spontaneous_294,whisper-large-v3,igbo
much,"much,",pcm_m_PECT1M43_ev_spontaneous_294,whisper-large-v3,igbo
'thank,thank,pcm_m_PECT1M43_ev_spontaneous_294,whisper-large-v3,igbo
you',you.,pcm_m_PECT1M43_ev_spontaneous_294,whisper-large-v3,igbo
billing,peeling,pcm_m_PECT1M55_ev_spontaneous_251,whisper-large-v3,igbo
wey,when,pcm_m_PECT1M55_ev_spontaneous_251,whisper-large-v3,igbo
size,"size,",pcm_m_PECT1M55_ev_spontaneous_251,whisper-large-v3,igbo
pay,become,pcm_m_PECT1M55_ev_spontaneous_251,whisper-large-v3,igbo
am,"small,",pcm_m_PECT1M55_ev_spontaneous_251,whisper-large-v3,igbo
small,small.,pcm_m_PECT1M55_ev_spontaneous_251,whisper-large-v3,igbo
no,agree,pcm_m_PECT1M68_ev_spontaneous_123,whisper-large-v3,igbo
go,for,pcm_m_PECT1M68_ev_spontaneous_123,whisper-large-v3,igbo
gree,this,pcm_m_PECT1M68_ev_spontaneous_123,whisper-large-v3,igbo
for,one.,pcm_m_PECT1M68_ev_spontaneous_123,whisper-large-v3,igbo
dis,no,pcm_m_PECT1M68_ev_spontaneous_123,whisper-large-v3,igbo
one,way.,pcm_m_PECT1M68_ev_spontaneous_123,whisper-large-v3,igbo
oo.,"oh,",pcm_m_PECT1M68_ev_spontaneous_123,whisper-large-v3,igbo
"way,",way.,pcm_m_PECT1M68_ev_spontaneous_123,whisper-large-v3,igbo
die,died,pcm_m_PECT1M68_ev_spontaneous_123,whisper-large-v3,igbo
she,see,pcm_m_PECT1M68_ev_spontaneous_222,whisper-large-v3,igbo
[um],him,pcm_m_PECT1M68_ev_spontaneous_222,whisper-large-v3,igbo
well,well.,pcm_m_PECT1M68_ev_spontaneous_222,whisper-large-v3,igbo
pikin,picking.,pcm_m_PECT2M10_ev_spontaneous_314,whisper-large-v3,igbo
pikin,"picking,",pcm_m_PECT2M15_ev_spontaneous_134,whisper-large-v3,igbo
way,where,pcm_m_PECT2M15_ev_spontaneous_134,whisper-large-v3,igbo
pikin,picking,pcm_m_PECT2M15_ev_spontaneous_134,whisper-large-v3,igbo
ball,ball.,pcm_m_PECT2M15_ev_spontaneous_134,whisper-large-v3,igbo
am,down,pcm_m_PECT2M15_ev_spontaneous_134,whisper-large-v3,igbo
academy,academy.,pcm_m_PECT2M15_ev_spontaneous_134,whisper-large-v3,igbo
take,think,pcm_m_PECT2M20_ev_spontaneous_395,whisper-large-v3,igbo
limit,limit.,pcm_m_PECT2M20_ev_spontaneous_395,whisper-large-v3,igbo
leaders,"leaders,",pcm_m_PECT2M22_ev_spontaneous_008,whisper-large-v3,igbo
ideas,ideas.,pcm_m_PECT2M22_ev_spontaneous_008,whisper-large-v3,igbo
dey,desweep,pcm_m_PECT2M23_ev_spontaneous_041,whisper-large-v3,igbo
members,members.,pcm_m_PECT2M24_ev_spontaneous_297,whisper-large-v3,igbo
mata,"matter,",pcm_m_PECT2M29_ev_spontaneous_211,whisper-large-v3,igbo
know,no,pcm_m_PECT2M29_ev_spontaneous_211,whisper-large-v3,igbo
me,me.,pcm_m_PECT2M34_ev_spontaneous_083,whisper-large-v3,igbo
dis,this,pcm_m_PECT2M34_ev_spontaneous_083,whisper-large-v3,igbo
cross,crossroad.,pcm_m_PECT2M34_ev_spontaneous_083,whisper-large-v3,igbo
kindness,they,pcm_m_PECT2M34_ev_spontaneous_123,whisper-large-v3,igbo
dey,play,pcm_m_PECT2M34_ev_spontaneous_123,whisper-large-v3,igbo
play,a,pcm_m_PECT2M34_ev_spontaneous_123,whisper-large-v3,igbo
empathy,"empathy,",pcm_m_PECT2M34_ev_spontaneous_123,whisper-large-v3,igbo
ten,tension,pcm_m_PECT2M34_ev_spontaneous_123,whisper-large-v3,igbo
e,if,pcm_m_PECT2M35_ev_spontaneous_422,whisper-large-v3,igbo
fit,it,pcm_m_PECT2M35_ev_spontaneous_422,whisper-large-v3,igbo
church.,church,pcm_m_PECT2M35_ev_spontaneous_422,whisper-large-v3,igbo
abi,"abi,",pcm_m_PECT2M4_ev_spontaneous_348,whisper-large-v3,igbo
anoda,another,pcm_m_PECT2M4_ev_spontaneous_348,whisper-large-v3,igbo
fit,free,pcm_m_PECT2M60_ev_spontaneous_346,whisper-large-v3,igbo
"work,",work,pcm_m_PECT2M60_ev_spontaneous_346,whisper-large-v3,igbo
talk,turk,pcm_m_PECT2M62_ev_spontaneous_203,whisper-large-v3,igbo
go,grew,pcm_m_PECT2M62_ev_spontaneous_203,whisper-large-v3,igbo
receive,received,pcm_m_PECT2M62_ev_spontaneous_203,whisper-large-v3,igbo
am,harm,pcm_m_PECT2M62_ev_spontaneous_203,whisper-large-v3,igbo
manage,managed,pcm_m_PECT2M72_ev_spontaneous_498,whisper-large-v3,igbo
make,him,pcm_m_PECT2M72_ev_spontaneous_498,whisper-large-v3,igbo
alive,alive.,pcm_m_PECT2M72_ev_spontaneous_498,whisper-large-v3,igbo
di,writers,pcm_m_PECT2M72_ev_spontaneous_591,whisper-large-v3,igbo
matters,matters.,pcm_m_PECT2M72_ev_spontaneous_591,whisper-large-v3,igbo
tok,toxic,pcm_m_PECT2M77_ev_spontaneous_342,whisper-large-v3,igbo
sey,in,pcm_m_PECT2M77_ev_spontaneous_342,whisper-large-v3,igbo
im,the,pcm_m_PECT2M77_ev_spontaneous_342,whisper-large-v3,igbo
dey,cell,pcm_m_PECT2M77_ev_spontaneous_342,whisper-large-v3,igbo
im,in,pcm_m_PECT2M77_ev_spontaneous_342,whisper-large-v3,igbo
wey,will,pcm_m_PECT2M77_ev_spontaneous_458,whisper-large-v3,igbo
the,these,pcm_m_PECT2M77_ev_spontaneous_458,whisper-large-v3,igbo
fees,fees.,pcm_m_PECT2M77_ev_spontaneous_458,whisper-large-v3,igbo
try,"try,",pcm_m_PECT2M77_ev_spontaneous_458,whisper-large-v3,igbo
o,oh.,pcm_m_PECT2M77_ev_spontaneous_458,whisper-large-v3,igbo
o,oh.,pcm_m_PECT2M77_ev_spontaneous_458,whisper-large-v3,igbo
since,not,pcm_m_PECT2M79_ev_spontaneous_010,whisper-large-v3,igbo
den,actually,pcm_m_PECT2M79_ev_spontaneous_010,whisper-large-v3,igbo
natasha,deal,pcm_m_PECT2M79_ev_spontaneous_010,whisper-large-v3,igbo
dey,with,pcm_m_PECT2M79_ev_spontaneous_010,whisper-large-v3,igbo
on,the,pcm_m_PECT2M79_ev_spontaneous_010,whisper-large-v3,igbo
suspension,"suspension,",pcm_m_PECT2M79_ev_spontaneous_010,whisper-large-v3,igbo
dey,didn't,pcm_m_PECT2M79_ev_spontaneous_010,whisper-large-v3,igbo
tins,things.,pcm_m_PECT2M79_ev_spontaneous_010,whisper-large-v3,igbo
arm,hand,pcm_m_PECT2M7_ev_spontaneous_158,whisper-large-v3,igbo
remind,reminds,pcm_m_PECT2M7_ev_spontaneous_158,whisper-large-v3,igbo
we,we've,pcm_m_PECT2M7_ev_spontaneous_158,whisper-large-v3,igbo
share.,sharing.,pcm_m_PECT2M7_ev_spontaneous_158,whisper-large-v3,igbo
asia,"asia,",pcm_m_PECT2M84_ev_spontaneous_197,whisper-large-v3,igbo
demsef,themselves,pcm_m_PECT2M84_ev_spontaneous_197,whisper-large-v3,igbo
stabilise,stabilize,pcm_m_PECT2M84_ev_spontaneous_197,whisper-large-v3,igbo
toktok,tuk-tuk.,pcm_m_PECT2M84_ev_spontaneous_197,whisper-large-v3,igbo
deny,denied,pcm_m_PECT2M84_ev_spontaneous_214,whisper-large-v3,igbo
involvement,"involvement,",pcm_m_PECT2M84_ev_spontaneous_214,whisper-large-v3,igbo
wit,with,pcm_m_PECT2M84_ev_spontaneous_214,whisper-large-v3,igbo
dia,their,pcm_m_PECT2M84_ev_spontaneous_214,whisper-large-v3,igbo
account,accounts,pcm_m_PECT2M84_ev_spontaneous_214,whisper-large-v3,igbo
don,don't,pcm_m_PECT2M84_ev_spontaneous_214,whisper-large-v3,igbo
attack,attack.,pcm_m_PECT2M84_ev_spontaneous_214,whisper-large-v3,igbo
you,we,pcm_m_PECT2M85_ev_spontaneous_122,whisper-large-v3,igbo
their,the,pcm_m_PECT2M85_ev_spontaneous_122,whisper-large-v3,igbo
outright,outright.,pcm_m_PECT2M85_ev_spontaneous_122,whisper-large-v3,igbo
adviser,advisor,pcm_m_PECT2M89_ev_spontaneous_333,whisper-large-v3,igbo
tinubu,"tinobu,",pcm_m_PECT2M89_ev_spontaneous_333,whisper-large-v3,igbo
onanuga,"onanuga,",pcm_m_PECT2M89_ev_spontaneous_333,whisper-large-v3,igbo
say,said,pcm_m_PECT2M89_ev_spontaneous_333,whisper-large-v3,igbo
dey,decide,pcm_m_PECT2M93_ev_spontaneous_466,whisper-large-v3,igbo
set,to,pcm_m_PECT2M93_ev_spontaneous_466,whisper-large-v3,igbo
reminder,remember,pcm_m_PECT2M93_ev_spontaneous_466,whisper-large-v3,igbo
deadlines,deadlines.,pcm_m_PECT2M93_ev_spontaneous_466,whisper-large-v3,igbo
time,time.,pcm_m_PECT2M93_ev_spontaneous_466,whisper-large-v3,igbo
wonder,wander,pcm_m_PECT2M97_ev_spontaneous_040,whisper-large-v3,igbo
wetin,waiting,pcm_m_PECT2M97_ev_spontaneous_040,whisper-large-v3,igbo
wey,with,pcm_m_PECT2M97_ev_spontaneous_040,whisper-large-v3,igbo
do,do.,pcm_m_PECT2M97_ev_spontaneous_040,whisper-large-v3,igbo
neva,never,pcm_m_PECT2M98_ev_spontaneous_578,whisper-large-v3,igbo
mata,matter,pcm_m_PECT2M98_ev_spontaneous_578,whisper-large-v3,igbo
accuse,accused,pcm_m_PECT2M98_ev_spontaneous_578,whisper-large-v3,igbo
shelters,cell,pcm_m_PECT2M98_ev_spontaneous_578,whisper-large-v3,igbo
[um],charge,pcm_m_PECT2M98_ev_spontaneous_578,whisper-large-v3,igbo
bases,basis.,pcm_m_PECT2M98_ev_spontaneous_578,whisper-large-v3,igbo
consent,is,pcm_m_PHTS1M1_he_spontaneous_066,whisper-large-v3,yoruba
na,now,pcm_m_PHTS1M1_he_spontaneous_066,whisper-large-v3,yoruba
watin,within,pcm_m_PHTS1M1_he_spontaneous_066,whisper-large-v3,yoruba
all,"all,",pcm_m_PHTS1M1_he_spontaneous_066,whisper-large-v3,yoruba
true,through-through.,pcm_m_PHTS1M1_he_spontaneous_066,whisper-large-v3,yoruba
[um],um,pcm_m_PHTS1M1_he_spontaneous_235,whisper-large-v3,yoruba
dem,they're,pcm_m_PHTS1M1_he_spontaneous_235,whisper-large-v3,yoruba
suppose,supposed,pcm_m_PHTS1M1_he_spontaneous_235,whisper-large-v3,yoruba
[um],and,pcm_m_PHTS1M1_he_spontaneous_235,whisper-large-v3,yoruba
arrangement,arrangements,pcm_m_PHTS1M1_he_spontaneous_364,whisper-large-v3,yoruba
dey,"de-pactite,",pcm_m_PHTS1M1_he_spontaneous_364,whisper-large-v3,yoruba
dey,de-mix,pcm_m_PHTS1M1_he_spontaneous_364,whisper-large-v3,yoruba
make,piece,pcm_m_PHTS1M1_he_spontaneous_364,whisper-large-v3,yoruba
dey,de-relax.,pcm_m_PHTS1M1_he_spontaneous_364,whisper-large-v3,yoruba
hear,here,pcm_m_PHTS1M2_he_spontaneous_287,whisper-large-v3,yoruba
patient,patients,pcm_m_PHTS1M2_he_spontaneous_287,whisper-large-v3,yoruba
judge,"judge,",pcm_m_PHTS1M2_he_spontaneous_287,whisper-large-v3,yoruba
[um],arm,pcm_m_PHTS1M2_he_spontaneous_287,whisper-large-v3,yoruba
dem,them.,pcm_m_PHTS1M2_he_spontaneous_287,whisper-large-v3,yoruba
hospital,hospital.,pcm_m_PHTS1M2_he_spontaneous_287,whisper-large-v3,yoruba
real,"real,",pcm_m_PHTS1M2_he_spontaneous_335,whisper-large-v3,yoruba
real,"real,",pcm_m_PHTS1M2_he_spontaneous_335,whisper-large-v3,yoruba
other,"other,",pcm_m_PHTS1M2_he_spontaneous_335,whisper-large-v3,yoruba
work,walk,pcm_m_PHTS1M2_he_spontaneous_335,whisper-large-v3,yoruba
say,sinner,pcm_m_PHTS1M2_he_spontaneous_335,whisper-large-v3,yoruba
na,team.,pcm_m_PHTS1M2_he_spontaneous_335,whisper-large-v3,yoruba
na,now,pcm_m_PHTT1M11_he_spontaneous_147,whisper-large-v3,hausa
program,"program,",pcm_m_PHTT1M11_he_spontaneous_147,whisper-large-v3,hausa
see,sees,pcm_m_PHTT1M11_he_spontaneous_147,whisper-large-v3,hausa
na,now,pcm_m_PHTT1M11_he_spontaneous_502,whisper-large-v3,hausa
believe,belief,pcm_m_PHTT1M11_he_spontaneous_502,whisper-large-v3,hausa
true,"true,",pcm_m_PHTT1M13_he_spontaneous_481,whisper-large-v3,hausa
true,"true,",pcm_m_PHTT1M13_he_spontaneous_481,whisper-large-v3,hausa
sick,see,pcm_m_PHTT1M13_he_spontaneous_481,whisper-large-v3,hausa
say,say.,pcm_m_PHTT1M13_he_spontaneous_481,whisper-large-v3,hausa
na,now,pcm_m_PHTT1M13_he_spontaneous_481,whisper-large-v3,hausa
way,way.,pcm_m_PHTT1M13_he_spontaneous_481,whisper-large-v3,hausa
one,oneself,pcm_m_PHTT1M13_he_spontaneous_481,whisper-large-v3,hausa
[um],thing.,pcm_m_PHTT1M13_he_spontaneous_481,whisper-large-v3,hausa
first,first.,pcm_m_PHTT1M15_he_spontaneous_307,whisper-large-v3,hausa
—,"actually,",pcm_m_PHTT1M15_he_spontaneous_307,whisper-large-v3,hausa
actually[um]even,even,pcm_m_PHTT1M15_he_spontaneous_307,whisper-large-v3,hausa
meditation,"meditation,",pcm_m_PHTT1M15_he_spontaneous_307,whisper-large-v3,hausa
inside,inside.,pcm_m_PHTT1M15_he_spontaneous_307,whisper-large-v3,hausa
we,we've,pcm_m_PHTT1M17_he_spontaneous_429,whisper-large-v3,hausa
get,getting,pcm_m_PHTT1M17_he_spontaneous_429,whisper-large-v3,hausa
mata,matter,pcm_m_PHTT1M17_he_spontaneous_429,whisper-large-v3,hausa
help,"helps,",pcm_m_PHTT1M17_he_spontaneous_429,whisper-large-v3,hausa
[um],"shah,",pcm_m_PHTT1M17_he_spontaneous_429,whisper-large-v3,hausa
people,people's,pcm_m_PHTT1M17_he_spontaneous_429,whisper-large-v3,hausa
eye,eyes,pcm_m_PHTT1M17_he_spontaneous_429,whisper-large-v3,hausa
well,"well,",pcm_m_PHTT1M17_he_spontaneous_429,whisper-large-v3,hausa
na,now,pcm_m_PHTT1M35_he_spontaneous_364,whisper-large-v3,hausa
[um],"hmm,",pcm_m_PHTT1M35_he_spontaneous_364,whisper-large-v3,hausa
[um],"hmm,",pcm_m_PHTT1M35_he_spontaneous_364,whisper-large-v3,hausa
as,asota,pcm_m_PHTT1M35_he_spontaneous_364,whisper-large-v3,hausa
water,"hmm,",pcm_m_PHTT1M35_he_spontaneous_364,whisper-large-v3,hausa
[um],the,pcm_m_PHTT1M35_he_spontaneous_364,whisper-large-v3,hausa
for,from,pcm_m_PHTT1M35_he_spontaneous_364,whisper-large-v3,hausa
hand,hand.,pcm_m_PHTT1M35_he_spontaneous_364,whisper-large-v3,hausa
actually,"actually,",pcm_m_PHTT1M4_he_spontaneous_329,whisper-large-v3,hausa
go,could,pcm_m_PHTT1M4_he_spontaneous_329,whisper-large-v3,hausa
area,area.,pcm_m_PHTT1M4_he_spontaneous_329,whisper-large-v3,hausa
[?],should,pcm_m_PHTT1M7_he_spontaneous_397,whisper-large-v3,hausa
make,to,pcm_m_PHTT1M7_he_spontaneous_397,whisper-large-v3,hausa
hospital,hospitals,pcm_m_PHTT1M7_he_spontaneous_397,whisper-large-v3,hausa
belief,bleep,pcm_m_PHTT1M8_he_spontaneous_599,whisper-large-v3,hausa
system,"system,",pcm_m_PHTT1M8_he_spontaneous_599,whisper-large-v3,hausa
go,will,pcm_m_PHTT1M8_he_spontaneous_599,whisper-large-v3,hausa
patient.,patients.,pcm_m_PHTT1M8_he_spontaneous_599,whisper-large-v3,hausa
wan,and,pcm_m_PHTT2M10_he_spontaneous_153,whisper-large-v3,hausa
[?],eh,pcm_m_PHTT2M10_he_spontaneous_457,whisper-large-v3,hausa
small-small,small,pcm_m_PHTT2M10_he_spontaneous_457,whisper-large-v3,hausa
[um],um,pcm_m_PHTT2M10_he_spontaneous_457,whisper-large-v3,hausa
[um],hmm,pcm_m_PHTT2M10_he_spontaneous_457,whisper-large-v3,hausa
hospitu,hospital,pcm_m_PHTT2M10_he_spontaneous_519,whisper-large-v3,hausa
dey,deal,pcm_m_PHTT2M10_he_spontaneous_519,whisper-large-v3,hausa
tings,things.,pcm_m_PHTT2M10_he_spontaneous_519,whisper-large-v3,hausa
habit,habit.,pcm_m_PHTT2M12_he_spontaneous_076,whisper-large-v3,hausa
explain,explore,pcm_m_PHTT2M13_he_spontaneous_313,whisper-large-v3,hausa
well,"well,",pcm_m_PHTT2M13_he_spontaneous_313,whisper-large-v3,hausa
decision,decisions,pcm_m_PHTT2M13_he_spontaneous_313,whisper-large-v3,hausa
ah,as,pcm_m_PHTT2M13_he_spontaneous_313,whisper-large-v3,hausa
i,way,pcm_m_PHTT2M13_he_spontaneous_313,whisper-large-v3,hausa
swear,as,pcm_m_PHTT2M13_he_spontaneous_313,whisper-large-v3,hausa
[um],they,pcm_m_PHTT2M13_he_spontaneous_313,whisper-large-v3,hausa
pause.,first.,pcm_m_PHTT2M13_he_spontaneous_313,whisper-large-v3,hausa
[um],hmm,pcm_m_PHTT2M18_he_spontaneous_048,whisper-large-v3,hausa
ahh,ah,pcm_m_PHTT2M18_he_spontaneous_048,whisper-large-v3,hausa
person,i,pcm_m_PHTT2M18_he_spontaneous_048,whisper-large-v3,hausa
wey,see,pcm_m_PHTT2M18_he_spontaneous_048,whisper-large-v3,hausa
dey,with,pcm_m_PHTT2M18_he_spontaneous_048,whisper-large-v3,hausa
[um],the,pcm_m_PHTT2M18_he_spontaneous_048,whisper-large-v3,hausa
yarn,yes,pcm_m_PHTT2M18_he_spontaneous_048,whisper-large-v3,hausa
say,the,pcm_m_PHTT2M18_he_spontaneous_048,whisper-large-v3,hausa
dey,is,pcm_m_PHTT2M18_he_spontaneous_048,whisper-large-v3,hausa
people,"people,",pcm_m_PHTT2M23_he_spontaneous_074,whisper-large-v3,hausa
pipo,"people,",pcm_m_PHTT2M29_he_spontaneous_046,whisper-large-v3,hausa
give,give.,pcm_m_PHTT2M29_he_spontaneous_046,whisper-large-v3,hausa
injection,"injection,",pcm_m_PHTT2M29_he_spontaneous_046,whisper-large-v3,hausa
fit,feet,pcm_m_PHTT2M29_he_spontaneous_046,whisper-large-v3,hausa
help,help.,pcm_m_PHTT2M29_he_spontaneous_046,whisper-large-v3,hausa
say,"say,",pcm_m_PHTT2M2_he_spontaneous_076,whisper-large-v3,hausa
before,before-before,pcm_m_PHTT2M2_he_spontaneous_076,whisper-large-v3,hausa
injection,"injunction,",pcm_m_PHTT2M2_he_spontaneous_076,whisper-large-v3,hausa
know,no,pcm_m_PHTT2M2_he_spontaneous_076,whisper-large-v3,hausa
watin,at,pcm_m_PHTT2M3_he_spontaneous_455,whisper-large-v3,hausa
i,detroit,pcm_m_PHTT2M3_he_spontaneous_455,whisper-large-v3,hausa
they,"talk,",pcm_m_PHTT2M3_he_spontaneous_455,whisper-large-v3,hausa
try,we,pcm_m_PHTT2M3_he_spontaneous_455,whisper-large-v3,hausa
talk,"say,",pcm_m_PHTT2M3_he_spontaneous_455,whisper-large-v3,hausa
school,"school,",pcm_m_PHTT2M3_he_spontaneous_455,whisper-large-v3,hausa
sti,sti.,pcm_m_PHTT2M3_he_spontaneous_455,whisper-large-v3,hausa
class,class.,pcm_m_PHTT2M3_he_spontaneous_455,whisper-large-v3,hausa
patient,patients,pcm_m_PHTT2M5_he_spontaneous_268,whisper-large-v3,hausa
[?],believes,pcm_m_PHTT2M5_he_spontaneous_268,whisper-large-v3,hausa
beliefse,they,pcm_m_PHTT2M5_he_spontaneous_268,whisper-large-v3,hausa
result,"results,",pcm_m_PHTT2M5_he_spontaneous_268,whisper-large-v3,hausa
result,results,pcm_m_PHTT2M5_he_spontaneous_268,whisper-large-v3,hausa
patient,patients.,pcm_m_PHTT2M5_he_spontaneous_268,whisper-large-v3,hausa
wey,with,pcm_m_PHTT2M5_he_spontaneous_544,whisper-large-v3,hausa
maintain,"maintain,",pcm_m_PHTT2M5_he_spontaneous_544,whisper-large-v3,hausa
fit,come,pcm_m_PHTT2M5_he_spontaneous_544,whisper-large-v3,hausa
comot,out,pcm_m_PHTT2M5_he_spontaneous_544,whisper-large-v3,hausa
true-true,true,pcm_m_PHTT2M6_he_spontaneous_211,whisper-large-v3,hausa
don,don't,pcm_m_PHTT2M6_he_spontaneous_356,whisper-large-v3,hausa
up,up.,pcm_m_PHTT2M6_he_spontaneous_356,whisper-large-v3,hausa
pcos,pos,pcm_m_PHTT2M6_he_spontaneous_356,whisper-large-v3,hausa
na,now,pcm_m_PHTT2M6_he_spontaneous_356,whisper-large-v3,hausa
pipu,people,pcm_m_PHTT2M8_he_spontaneous_441,whisper-large-v3,hausa
don,don't,pcm_m_PHTT2M8_he_spontaneous_441,whisper-large-v3,hausa
say,that,pcm_m_PHTT2M8_he_spontaneous_441,whisper-large-v3,hausa
na,can,pcm_m_PHTT2M8_he_spontaneous_441,whisper-large-v3,hausa
[um],them.,pcm_m_PHTT2M8_he_spontaneous_441,whisper-large-v3,hausa
[um],should,pcm_m_PHTT2M8_he_spontaneous_441,whisper-large-v3,hausa
ba,that.,pcm_m_PHTT2M8_he_spontaneous_441,whisper-large-v3,hausa
need,needs,pcm_m_PM4M1_ev_read_169,whisper-large-v3,pidgin
im,are,pcm_m_PM4M1_ev_read_169,whisper-large-v3,pidgin
dey,in,pcm_m_PM4M1_ev_read_169,whisper-large-v3,pidgin
follow,their,pcm_m_PM4M1_ev_read_169,whisper-large-v3,pidgin
stay,policy.,pcm_m_PM4M1_ev_read_169,whisper-large-v3,pidgin
anti,antivirus,pcm_m_PM4M1_ev_read_182,whisper-large-v3,multilingual
fit,keep,pcm_m_PM4M1_ev_read_182,whisper-large-v3,multilingual
comot,combat,pcm_m_PM4M1_ev_read_182,whisper-large-v3,multilingual
virus,virus.,pcm_m_PM4M1_ev_read_182,whisper-large-v3,multilingual
na,not,pcm_m_PM4M1_ev_read_265,whisper-large-v3,multilingual
sabi,be,pcm_m_PM4M1_ev_read_265,whisper-large-v3,multilingual
same,same.,pcm_m_PM4M1_ev_read_265,whisper-large-v3,multilingual
help,helped,pcm_m_PM4M1_ev_read_327,whisper-large-v3,multilingual
endsars,answers,pcm_m_PM4M1_ev_read_327,whisper-large-v3,multilingual
movement,movement.,pcm_m_PM4M1_ev_read_327,whisper-large-v3,multilingual
de,they,pcm_m_PM4M1_ev_read_569,whisper-large-v3,multilingual
persin,person,pcm_m_PM4M1_ev_read_569,whisper-large-v3,multilingual
fit,feed,pcm_m_PM4M1_ev_read_569,whisper-large-v3,multilingual
money,money.,pcm_m_PM4M1_ev_read_569,whisper-large-v3,multilingual
you,one,pcm_m_PM4M2_ev_read_073,whisper-large-v3,multilingual
wan,day,pcm_m_PM4M2_ev_read_073,whisper-large-v3,multilingual
dey,loyal.,pcm_m_PM4M2_ev_read_073,whisper-large-v3,multilingual
loyal,it,pcm_m_PM4M2_ev_read_073,whisper-large-v3,multilingual
no,doesn't,pcm_m_PM4M2_ev_read_073,whisper-large-v3,multilingual
no,don't,pcm_m_PM4M2_ev_read_073,whisper-large-v3,multilingual
dey,a,pcm_m_PM4M2_ev_read_107,whisper-large-v3,pidgin
go,cool,pcm_m_PM4M2_ev_read_107,whisper-large-v3,pidgin
meeting,"meeting,",pcm_m_PM4M2_ev_read_107,whisper-large-v3,pidgin
dey,to,pcm_m_PM4M2_ev_read_107,whisper-large-v3,pidgin
"come,","comes,",pcm_m_PM4M2_ev_read_196,whisper-large-v3,multilingual
treat,to,pcm_m_PM4M2_ev_read_196,whisper-large-v3,multilingual
am,turn,pcm_m_PM4M2_ev_read_196,whisper-large-v3,multilingual
friends,"friends,",pcm_m_PM4M2_ev_read_229,whisper-large-v3,multilingual
de,they,pcm_m_PM4M2_ev_read_229,whisper-large-v3,multilingual
bond,bum,pcm_m_PM4M2_ev_read_229,whisper-large-v3,multilingual
stronger,stronger.,pcm_m_PM4M2_ev_read_229,whisper-large-v3,multilingual
e,if,pcm_m_PM4M2_ev_read_229,whisper-large-v3,multilingual
de,they,pcm_m_PM4M2_ev_read_229,whisper-large-v3,multilingual
persin,"piercing,",pcm_m_PM4M2_ev_read_229,whisper-large-v3,multilingual
belong,belong.,pcm_m_PM4M2_ev_read_229,whisper-large-v3,multilingual
gats,just,pcm_m_PM4M2_ev_read_318,whisper-large-v3,multilingual
i,i'm,pcm_m_PM4M2_ev_read_318,whisper-large-v3,multilingual
empathy,"empathy,",pcm_m_PM4M2_ev_read_349,whisper-large-v3,multilingual
nurture,natural,pcm_m_PM4M2_ev_read_349,whisper-large-v3,multilingual
compassion;,"compassion,",pcm_m_PM4M2_ev_read_349,whisper-large-v3,multilingual
dey,will,pcm_m_PM4M2_ev_read_349,whisper-large-v3,multilingual
don,don't,pcm_m_PM4M2_ev_read_435,whisper-large-v3,multilingual
news,news.,pcm_m_PM4M2_ev_read_435,whisper-large-v3,multilingual
well,well.,pcm_m_PM4M2_ev_read_450,whisper-large-v3,multilingual
wen,one,pcm_m_PM4M2_ev_read_450,whisper-large-v3,multilingual
go,goyuki.,pcm_m_PM4M2_ev_read_450,whisper-large-v3,multilingual
sights,sights.,pcm_m_PM4M2_ev_read_450,whisper-large-v3,multilingual
chika,"chika,",pcm_m_PM4M2_ev_read_453,whisper-large-v3,multilingual
me,missy,pcm_m_PM4M2_ev_read_453,whisper-large-v3,multilingual
jean,jean-claude,pcm_m_PM4M2_ev_read_453,whisper-large-v3,multilingual
dam,damme,pcm_m_PM4M2_ev_read_453,whisper-large-v3,multilingual
wen,when,pcm_m_PM4M2_ev_read_453,whisper-large-v3,multilingual
france.,prance.,pcm_m_PM4M2_ev_read_453,whisper-large-v3,multilingual
give,gave,pcm_m_PM4M2_ev_read_573,whisper-large-v3,multilingual
phyno,final,pcm_m_PM4M2_ev_read_573,whisper-large-v3,multilingual
happen,open,pcm_m_PM4M2_ev_read_573,whisper-large-v3,multilingual
asaba,server.,pcm_m_PM4M2_ev_read_573,whisper-large-v3,multilingual
na,now,pcm_m_PM4M3_ev_read_063,whisper-large-v3,multilingual
wey,we,pcm_m_PM4M3_ev_read_063,whisper-large-v3,multilingual
we,feed,pcm_m_PM4M3_ev_read_063,whisper-large-v3,multilingual
fit,takes,pcm_m_PM4M3_ev_read_063,whisper-large-v3,multilingual
take,a,pcm_m_PM4M3_ev_read_063,whisper-large-v3,multilingual
sabi,be,pcm_m_PM4M3_ev_read_063,whisper-large-v3,multilingual
wetin,waiting,pcm_m_PM4M3_ev_read_063,whisper-large-v3,multilingual
say,self-preservance,pcm_m_PM4M3_ev_read_073,whisper-large-v3,pidgin
dey,do,pcm_m_PM4M3_ev_read_098,whisper-large-v3,multilingual
times,"times,",pcm_m_PM4M3_ev_read_098,whisper-large-v3,multilingual
family,family.,pcm_m_PM4M3_ev_read_098,whisper-large-v3,multilingual
wetin,do,pcm_m_PM4M3_ev_read_135,whisper-large-v3,pidgin
wetin,waiting,pcm_m_PM4M3_ev_read_172,whisper-large-v3,multilingual
favorite?,favourites.,pcm_m_PM4M3_ev_read_172,whisper-large-v3,multilingual
wetin,waiting,pcm_m_PM4M3_ev_read_234,whisper-large-v3,multilingual
risks,risk,pcm_m_PM4M3_ev_read_234,whisper-large-v3,multilingual
"drinking,",drinking,pcm_m_PM4M3_ev_read_234,whisper-large-v3,multilingual
knowledge?,knowledge,pcm_m_PM4M3_ev_read_234,whisper-large-v3,multilingual
vaccination,"vaccination,",pcm_m_PM4M3_ev_read_270,whisper-large-v3,multilingual
wetin,waiting,pcm_m_PM4M3_ev_read_276,whisper-large-v3,multilingual
recovery?,recovery.,pcm_m_PM4M3_ev_read_276,whisper-large-v3,multilingual
disease,"disease,",pcm_m_PM4M3_ev_read_288,whisper-large-v3,multilingual
de,they,pcm_m_PM4M3_ev_read_469,whisper-large-v3,multilingual
baff,"bath,",pcm_m_PM4M3_ev_read_507,whisper-large-v3,multilingual
cloth,clothes,pcm_m_PM4M3_ev_read_507,whisper-large-v3,multilingual
wey,wear,pcm_m_PM4M3_ev_read_507,whisper-large-v3,multilingual
det,daylight.,pcm_m_PM4M3_ev_read_507,whisper-large-v3,multilingual
reflecting,"reflecting,",pcm_m_PM4M3_ev_read_520,whisper-large-v3,multilingual
fit,feet,pcm_m_PM4M3_ev_read_520,whisper-large-v3,multilingual
fit,feet,pcm_m_PM4M3_ev_read_520,whisper-large-v3,multilingual
im,team,pcm_m_PM4M3_ev_read_520,whisper-large-v3,multilingual
work,work.,pcm_m_PM4M3_ev_read_520,whisper-large-v3,multilingual
work,"work,",pcm_m_PM4M3_ev_read_521,whisper-large-v3,multilingual
na,now,pcm_m_PM4M3_ev_read_521,whisper-large-v3,multilingual
comot,out,pcm_m_PM4M3_ev_read_521,whisper-large-v3,multilingual
cloth,clothes,pcm_m_PM4M3_ev_read_521,whisper-large-v3,multilingual
work,work.,pcm_m_PM4M3_ev_read_521,whisper-large-v3,multilingual
dis,this,pcm_m_PM4M3_ev_read_545,whisper-large-v3,pidgin
waka,walk,pcm_m_PM4M3_ev_read_545,whisper-large-v3,pidgin
broda,"brother,",pcm_m_PM4M3_ev_read_582,whisper-large-v3,pidgin
"morning,",morning.,pcm_m_PM4M3_ev_read_582,whisper-large-v3,pidgin
nebor,neighbor,pcm_m_PM4M3_ev_read_582,whisper-large-v3,pidgin
wey,is,pcm_m_PM4M3_ev_read_582,whisper-large-v3,pidgin
dey,pregnant.,pcm_m_PM4M3_ev_read_582,whisper-large-v3,pidgin
house,has,pcm_m_PP1M2_ev_read_075,whisper-large-v3,pidgin
rent,"strength,",pcm_m_PP1M2_ev_read_075,whisper-large-v3,pidgin
important,importance,pcm_m_PP1M2_ev_read_075,whisper-large-v3,pidgin
pass,past,pcm_m_PP1M2_ev_read_075,whisper-large-v3,pidgin
now,now.,pcm_m_PP1M2_ev_read_075,whisper-large-v3,pidgin
mama,i,pcm_m_PP1M2_ev_read_127,whisper-large-v3,pidgin
abeg,beg,pcm_m_PP1M2_ev_read_127,whisper-large-v3,pidgin
again,again.,pcm_m_PP1M2_ev_read_127,whisper-large-v3,pidgin
no,don't,pcm_m_PP1M2_ev_read_168,whisper-large-v3,pidgin
wetin,anything,pcm_m_PP1M2_ev_read_168,whisper-large-v3,pidgin
pour,for,pcm_m_PP1M2_ev_read_168,whisper-large-v3,pidgin
street,streets.,pcm_m_PP1M2_ev_read_168,whisper-large-v3,pidgin
get,got,pcm_m_PP1M2_ev_read_374,whisper-large-v3,pidgin
children,"well,",pcm_m_PP1M2_ev_read_374,whisper-large-v3,pidgin
wan,won't,pcm_m_PP1M2_ev_read_374,whisper-large-v3,pidgin
dis,this,pcm_m_PP1M2_ev_read_374,whisper-large-v3,pidgin
rice,right,pcm_m_PP1M2_ev_read_374,whisper-large-v3,pidgin
to,to.,pcm_m_PP1M2_ev_read_374,whisper-large-v3,pidgin
go,will,pcm_m_PP1M2_ev_read_430,whisper-large-v3,pidgin
wen,when,pcm_m_PP1M2_ev_read_430,whisper-large-v3,pidgin
watch,water.,pcm_m_PP1M2_ev_read_430,whisper-large-v3,pidgin
pikin,peking,pcm_m_PP1M2_ev_read_441,whisper-large-v3,pidgin
dey,did,pcm_m_PP1M2_ev_read_441,whisper-large-v3,pidgin
am,her.,pcm_m_PP1M2_ev_read_441,whisper-large-v3,pidgin
wan,won't,pcm_m_PP1M2_ev_read_477,whisper-large-v3,pidgin
photocopy,copy,pcm_m_PP1M2_ev_read_477,whisper-large-v3,pidgin
dem,them.,pcm_m_PP1M2_ev_read_477,whisper-large-v3,pidgin
abeg,beg,pcm_m_PP1M2_ev_read_486,whisper-large-v3,pidgin
vex,verse,pcm_m_PP1M2_ev_read_486,whisper-large-v3,pidgin
dis,this,pcm_m_PP1M2_ev_read_486,whisper-large-v3,pidgin
dey,did,pcm_m_PP1M2_ev_read_486,whisper-large-v3,pidgin
important,importance.,pcm_m_PP1M2_ev_read_486,whisper-large-v3,pidgin
like,"like,",pcm_m_PP1M2_ev_read_533,whisper-large-v3,pidgin
wetin,rating,pcm_m_PP1M2_ev_read_533,whisper-large-v3,pidgin
already,already.,pcm_m_PP1M2_ev_read_533,whisper-large-v3,pidgin
fit,feed,pcm_m_PP1M2_ev_read_533,whisper-large-v3,pidgin
buy,buyer.,pcm_m_PP1M2_ev_read_533,whisper-large-v3,pidgin
no,don't,pcm_m_PP1M2_ev_read_557,whisper-large-v3,pidgin
go,will,pcm_m_PP1M2_ev_read_557,whisper-large-v3,pidgin
dis,to,pcm_m_PP1M2_ev_read_557,whisper-large-v3,pidgin
woman,my,pcm_m_PP1M2_ev_read_557,whisper-large-v3,pidgin
key,key.,pcm_m_PP1M2_ev_read_557,whisper-large-v3,pidgin
now,now.,pcm_m_PP1M2_ev_read_557,whisper-large-v3,pidgin
wan,won't,pcm_m_PP1M2_ev_read_584,whisper-large-v3,pidgin
doctor,doctor.,pcm_m_PP1M2_ev_read_584,whisper-large-v3,pidgin
dey,de-manage,pcm_m_PP1M2_ev_read_600,whisper-large-v3,pidgin
na,now,pcm_m_PP2M1_ev_read_035,whisper-large-v3,pidgin
dey,will,pcm_m_PP2M1_ev_read_035,whisper-large-v3,pidgin
fit,feed,pcm_m_PP2M1_ev_read_035,whisper-large-v3,pidgin
wetin,them,pcm_m_PP2M1_ev_read_035,whisper-large-v3,pidgin
dem,feed,pcm_m_PP2M1_ev_read_035,whisper-large-v3,pidgin
feel,on,pcm_m_PP2M1_ev_read_035,whisper-large-v3,pidgin
on-top,top,pcm_m_PP2M1_ev_read_035,whisper-large-v3,pidgin
mata.,matter.,pcm_m_PP2M1_ev_read_035,whisper-large-v3,pidgin
we,we'd,pcm_m_PP2M1_ev_read_262,whisper-large-v3,pidgin
dis,this,pcm_m_PP2M1_ev_read_366,whisper-large-v3,pidgin
"song,",song.,pcm_m_PP2M1_ev_read_366,whisper-large-v3,pidgin
dey,a,pcm_m_PP2M1_ev_read_366,whisper-large-v3,pidgin
sey,a,pcm_m_PP2M1_ev_read_366,whisper-large-v3,pidgin
de,they,pcm_m_PP2M1_ev_read_463,whisper-large-v3,pidgin
somewhere,somewhere.,pcm_m_PP2M1_ev_read_463,whisper-large-v3,pidgin
culture,"culture,",pcm_m_PP2M1_ev_read_479,whisper-large-v3,pidgin
take,"take,",pcm_m_PP2M1_ev_read_479,whisper-large-v3,pidgin
emotion,emotion.,pcm_m_PP2M1_ev_read_479,whisper-large-v3,pidgin
wey,will,pcm_m_PP2M1_ev_read_575,whisper-large-v3,pidgin
try,trial.,pcm_m_PP2M1_ev_read_575,whisper-large-v3,pidgin
jobs.,jobs,pcm_m_PP3M1_ev_read_384,whisper-large-v3,pidgin
the,because,pcm_m_PP3M1_ev_read_434,whisper-large-v3,pidgin
food,"food,",pcm_m_PP3M1_ev_read_434,whisper-large-v3,pidgin
de,affect,pcm_m_PP3M1_ev_read_434,whisper-large-v3,pidgin
year,year.,pcm_m_PP3M1_ev_read_434,whisper-large-v3,pidgin
you,with,pcm_m_PP3M1_ev_read_555,whisper-large-v3,pidgin
follow,following,pcm_m_PP3M1_ev_read_555,whisper-large-v3,pidgin
live,live.,pcm_m_PP3M1_ev_read_555,whisper-large-v3,pidgin
worker,"workers,",pcm_m_PP3M1_ev_read_573,whisper-large-v3,pidgin
private,"private,",pcm_m_PP3M1_ev_read_573,whisper-large-v3,pidgin
nobodi,nobody,pcm_m_PP3M1_ev_read_573,whisper-large-v3,pidgin
services,service.,pcm_m_PP3M1_ev_read_573,whisper-large-v3,pidgin
hustlers,hossilas,pcm_m_PP3M1_ev_read_591,whisper-large-v3,pidgin
dey,did,pcm_m_PP3M1_ev_read_591,whisper-large-v3,pidgin
de,a,pcm_m_PP3M1_ev_read_591,whisper-large-v3,pidgin
hardworking,working,pcm_m_PP3M1_ev_read_591,whisper-large-v3,pidgin
dem,demdesabi,pcm_m_PP3M1_ev_read_591,whisper-large-v3,pidgin
situations,situation.,pcm_m_PP3M1_ev_read_591,whisper-large-v3,pidgin
no,don't,pcm_m_PS1M3_ev_read_439,whisper-large-v3,yoruba
say,see,pcm_m_PS1M3_ev_read_439,whisper-large-v3,yoruba
we,with,pcm_m_PS1M3_ev_read_439,whisper-large-v3,yoruba
wey,the,pcm_m_PS1M3_ev_read_439,whisper-large-v3,yoruba
special,special.,pcm_m_PS1M3_ev_read_439,whisper-large-v3,yoruba
see,"see,",pcm_m_PS1M4_ev_read_481,whisper-large-v3,yoruba
everywhere,everywhere.,pcm_m_PS1M4_ev_read_481,whisper-large-v3,yoruba
fit,free,pcm_m_PS1M4_ev_read_481,whisper-large-v3,yoruba
road,road.,pcm_m_PS1M4_ev_read_481,whisper-large-v3,yoruba
stop,stop.,pcm_m_PS1M4_ev_read_481,whisper-large-v3,yoruba
say,"say,",pcm_m_PS1M4_ev_read_528,whisper-large-v3,yoruba
wan,fall.,pcm_m_PS1M4_ev_read_528,whisper-large-v3,yoruba
"fall,",i,pcm_m_PS1M4_ev_read_528,whisper-large-v3,yoruba
abeg,"beg,",pcm_m_PS1M4_ev_read_528,whisper-large-v3,yoruba
una,me,pcm_m_PS1M4_ev_read_528,whisper-large-v3,yoruba
i,high,pcm_m_PS1M4_ev_read_528,whisper-large-v3,yoruba
cloths.,clothes.,pcm_m_PS1M4_ev_read_528,whisper-large-v3,yoruba
pesin,person,pcm_m_PS2M1_ev_read_327,whisper-large-v3,yoruba
gree,greet,pcm_m_PT1M1_ev_read_291,whisper-large-v3,pidgin
pipu,people,pcm_m_PT1M1_ev_read_291,whisper-large-v3,pidgin
free?,free.,pcm_m_PT1M1_ev_read_291,whisper-large-v3,pidgin
dey,do,pcm_m_PT1M2_ev_read_288,whisper-large-v3,yoruba
dey,do,pcm_m_PT1M2_ev_read_288,whisper-large-v3,yoruba
on-the-go,"go,",pcm_m_PT1M2_ev_read_411,whisper-large-v3,pidgin
e,you,pcm_m_PT1M2_ev_read_411,whisper-large-v3,pidgin
dey,they're,pcm_m_PT1M2_ev_read_411,whisper-large-v3,pidgin
"kakaraka,",kakaraka,pcm_m_PT1M2_ev_read_438,whisper-large-v3,pidgin
come,kondi,pcm_m_PT1M2_ev_read_438,whisper-large-v3,pidgin
dey,kapi.,pcm_m_PT1M2_ev_read_438,whisper-large-v3,pidgin
e,you,pcm_m_PT1M3_ev_read_119,whisper-large-v3,yoruba
dey,dare,pcm_m_PT1M3_ev_read_119,whisper-large-v3,yoruba
dey,dare,pcm_m_PT1M3_ev_read_119,whisper-large-v3,yoruba
go,will,pcm_m_PT1M3_ev_read_136,whisper-large-v3,yoruba
wey,when,pcm_m_PT1M3_ev_read_136,whisper-large-v3,yoruba
come,come.,pcm_m_PT1M3_ev_read_136,whisper-large-v3,yoruba
promise,promise.,pcm_m_PT1M3_ev_read_136,whisper-large-v3,yoruba
volunteer,volunteer.,pcm_m_PT1M3_ev_read_291,whisper-large-v3,yoruba
neva,never,pcm_m_PT1M3_ev_read_450,whisper-large-v3,pidgin
year?,year,pcm_m_PT1M3_ev_read_450,whisper-large-v3,pidgin
skooling,schooling,pcm_m_PT1M3_ev_read_542,whisper-large-v3,pidgin
years,is,pcm_m_PT1M3_ev_read_542,whisper-large-v3,pidgin
na,an,pcm_m_PT1M3_ev_read_542,whisper-large-v3,pidgin
time,attempt,pcm_m_PT1M3_ev_read_542,whisper-large-v3,pidgin
"dem,","them,",pcm_m_PT1M3_ev_read_563,whisper-large-v3,pidgin
nah,not,pcm_m_PT1M3_ev_read_563,whisper-large-v3,pidgin
dier,hard,pcm_m_PT1M3_ev_read_563,whisper-large-v3,pidgin
hardwork,work,pcm_m_PT1M3_ev_read_563,whisper-large-v3,pidgin
dem,them.,pcm_m_PT1M3_ev_read_563,whisper-large-v3,pidgin
documents,"documents,",pcm_m_PT1M4_ev_read_001,whisper-large-v3,pidgin
dey,detect,pcm_m_PT1M4_ev_read_072,whisper-large-v3,pidgin
fit,feel,pcm_m_PT1M4_ev_read_072,whisper-large-v3,pidgin
save,saved,pcm_m_PT1M4_ev_read_072,whisper-large-v3,pidgin
moni,money,pcm_m_PT1M4_ev_read_072,whisper-large-v3,pidgin
dis,this,pcm_m_PT1M4_ev_read_072,whisper-large-v3,pidgin
sey,they,pcm_m_PT1M4_ev_read_094,whisper-large-v3,pidgin
dem,are,pcm_m_PT1M4_ev_read_094,whisper-large-v3,pidgin
na,now,pcm_m_PT1M4_ev_read_403,whisper-large-v3,pidgin
pikin,picking,pcm_m_PT1M4_ev_read_403,whisper-large-v3,pidgin
wey,they,pcm_m_PT1M4_ev_read_403,whisper-large-v3,pidgin
do,do.,pcm_m_PT1M4_ev_read_403,whisper-large-v3,pidgin
pipo,"people,",pcm_m_PT1M4_ev_read_466,whisper-large-v3,pidgin
or,and,pcm_m_PT1M4_ev_read_466,whisper-large-v3,pidgin
things,things.,pcm_m_PT1M4_ev_read_466,whisper-large-v3,pidgin
na,now,pcm_m_PT1M4_ev_read_589,whisper-large-v3,yoruba
"dis,",this,pcm_m_PT1M4_ev_read_589,whisper-large-v3,yoruba
wetin,waiting,pcm_m_PT1M4_ev_read_589,whisper-large-v3,yoruba
fit,feel,pcm_m_PT2M1_ev_read_343,whisper-large-v3,pidgin
school,school.,pcm_m_PT2M1_ev_read_343,whisper-large-v3,pidgin
career,career-oriented,pcm_m_PT2M1_ev_read_345,whisper-large-v3,yoruba
oriented,"courses,",pcm_m_PT2M1_ev_read_345,whisper-large-v3,yoruba
course,they,pcm_m_PT2M1_ev_read_345,whisper-large-v3,yoruba
as,the,pcm_m_PT2M2_ev_read_516,whisper-large-v3,pidgin
students,lead,pcm_m_PT2M2_ev_read_516,whisper-large-v3,pidgin
no,again,pcm_m_PT2M2_ev_read_516,whisper-large-v3,pidgin
dey,and,pcm_m_PT2M2_ev_read_516,whisper-large-v3,pidgin
read,i,pcm_m_PT2M2_ev_read_516,whisper-large-v3,pidgin
"again,",ask,pcm_m_PT2M2_ev_read_516,whisper-large-v3,pidgin
na,for,pcm_m_PT2M2_ev_read_516,whisper-large-v3,pidgin
expo,them,pcm_m_PT2M2_ev_read_516,whisper-large-v3,pidgin
dem,to,pcm_m_PT2M2_ev_read_516,whisper-large-v3,pidgin
write,right,pcm_m_PT2M2_ev_read_516,whisper-large-v3,pidgin
exam.,example.,pcm_m_PT2M2_ev_read_516,whisper-large-v3,pidgin
clean,clean-off,pcm_m_PT2M3_ev_read_181,whisper-large-v3,pidgin
up,every,pcm_m_PT2M3_ev_read_181,whisper-large-v3,pidgin
"everytime,",time,pcm_m_PT2M3_ev_read_181,whisper-large-v3,pidgin
toilet,the,pcm_m_PT2M3_ev_read_459,whisper-large-v3,yoruba
dey,do,pcm_m_PT2M3_ev_read_459,whisper-large-v3,yoruba
day,day.,pcm_m_PT2M3_ev_read_459,whisper-large-v3,yoruba
dey,will,pcm_m_PT3M1_ev_read_070,whisper-large-v3,yoruba
pesin,person,pcm_m_PT3M1_ev_read_070,whisper-large-v3,yoruba
beta,better,pcm_m_PT3M1_ev_read_070,whisper-large-v3,yoruba
wahala,halal,pcm_m_PT3M1_ev_read_070,whisper-large-v3,yoruba
de,the,pcm_m_PT3M1_ev_read_070,whisper-large-v3,yoruba
go,will,pcm_m_PT3M1_ev_read_144,whisper-large-v3,yoruba
compromise,"compromise,",pcm_m_PT3M1_ev_read_144,whisper-large-v3,yoruba
wan,won't,pcm_m_PT3M1_ev_read_333,whisper-large-v3,yoruba
hangout,hangouts,pcm_m_PT3M1_ev_read_333,whisper-large-v3,yoruba
usual,leisure,pcm_m_PT3M1_ev_read_333,whisper-large-v3,yoruba
spot,sport.,pcm_m_PT3M1_ev_read_333,whisper-large-v3,yoruba
"precious,",precious.,pcm_m_PT3M1_ev_read_380,whisper-large-v3,yoruba
no,don't,pcm_m_PT3M1_ev_read_380,whisper-large-v3,yoruba
fit,feel,pcm_m_PT3M1_ev_read_380,whisper-large-v3,yoruba
save,saved,pcm_m_PT3M1_ev_read_403,whisper-large-v3,pidgin
"life,",life.,pcm_m_PT3M1_ev_read_403,whisper-large-v3,pidgin
pesin,person,pcm_m_PT3M1_ev_read_403,whisper-large-v3,pidgin
you,"you,",pcm_m_PT3M1_ev_read_403,whisper-large-v3,pidgin
come,can't,pcm_m_PT3M1_ev_read_411,whisper-large-v3,yoruba
performers,performers.,pcm_m_PT3M1_ev_read_411,whisper-large-v3,yoruba
travelling,traveling,pcm_m_PT3M1_ev_read_446,whisper-large-v3,pidgin
fit,feet,pcm_m_PT3M1_ev_read_446,whisper-large-v3,pidgin
ourself,ourselves,pcm_m_PT3M1_ev_read_446,whisper-large-v3,pidgin
wetin,waiting,pcm_m_PT3M1_ev_read_446,whisper-large-v3,pidgin
hear,hear.,pcm_m_PT3M1_ev_read_446,whisper-large-v3,pidgin
notice,to,pcm_m_PT3M2_ev_read_027,whisper-large-v3,yoruba
wire,why,pcm_m_PT3M2_ev_read_027,whisper-large-v3,yoruba
don,i,pcm_m_PT3M2_ev_read_027,whisper-large-v3,yoruba
dey,don't,pcm_m_PT3M2_ev_read_027,whisper-large-v3,yoruba
electrician,electrician.,pcm_m_PT3M2_ev_read_027,whisper-large-v3,yoruba
wit,with,pcm_m_PT3M2_ev_read_075,whisper-large-v3,pidgin
sense,"sense,",pcm_m_PT3M2_ev_read_075,whisper-large-v3,pidgin
no,not,pcm_m_PT3M2_ev_read_075,whisper-large-v3,pidgin
on,on-arm,pcm_m_PT3M2_ev_read_075,whisper-large-v3,pidgin
dey,is,pcm_m_PT3M2_ev_read_075,whisper-large-v3,pidgin
important,important.,pcm_m_PT3M2_ev_read_075,whisper-large-v3,pidgin
friends,french,pcm_m_PT3M2_ev_read_141,whisper-large-v3,yoruba
fit,fish,pcm_m_PT3M2_ev_read_141,whisper-large-v3,yoruba
"yarn,","nyan,",pcm_m_PT3M2_ev_read_141,whisper-large-v3,yoruba
stranger,strangers,pcm_m_PT3M2_ev_read_141,whisper-large-v3,yoruba
fowl,of,pcm_f_PAGS1F7_ag_spontaneous_122,whisper-small,yoruba
e,they,pcm_f_PAGS1F7_ag_spontaneous_122,whisper-small,yoruba
finsh,finish,pcm_f_PAGS1F7_ag_spontaneous_122,whisper-small,yoruba
dey,does,pcm_f_PAGT1F10_ag_spontaneous_237,whisper-small,igbo
him,in,pcm_f_PAGT1F10_ag_spontaneous_237,whisper-small,igbo
one,small,pcm_f_PAGT1F10_ag_spontaneous_237,whisper-small,igbo
elders,others,pcm_f_PAGT1F12_ag_spontaneous_033,whisper-small,igbo
iroko,yoko,pcm_f_PAGT1F12_ag_spontaneous_033,whisper-small,igbo
[um],wrinkling,pcm_f_PAGT1F12_ag_spontaneous_033,whisper-small,igbo
rain,rituals.,pcm_f_PAGT1F12_ag_spontaneous_033,whisper-small,igbo
rain,win-win,pcm_f_PAGT1F12_ag_spontaneous_198,whisper-small,igbo
years,years.,pcm_f_PAGT1F12_ag_spontaneous_198,whisper-small,igbo
animal,anima,pcm_f_PAGT1F12_ag_spontaneous_336,whisper-small,igbo
wey,with,pcm_f_PAGT1F12_ag_spontaneous_336,whisper-small,igbo
small,mode,pcm_f_PAGT1F12_ag_spontaneous_336,whisper-small,igbo
place,play,pcm_f_PAGT1F12_ag_spontaneous_336,whisper-small,igbo
sickness,signals,pcm_f_PAGT1F12_ag_spontaneous_336,whisper-small,igbo
quick,kickstart,pcm_f_PAGT1F12_ag_spontaneous_336,whisper-small,igbo
fast,fast.,pcm_f_PAGT1F12_ag_spontaneous_336,whisper-small,igbo
wey,wear,pcm_f_PAGT1F13_ag_spontaneous_324,whisper-small,igbo
con,"corn,",pcm_f_PAGT1F13_ag_spontaneous_324,whisper-small,igbo
con,"corn,",pcm_f_PAGT1F13_ag_spontaneous_324,whisper-small,igbo
be,they,pcm_f_PAGT1F13_ag_spontaneous_324,whisper-small,igbo
well,"well,",pcm_f_PAGT1F13_ag_spontaneous_324,whisper-small,igbo
don,don't,pcm_f_PAGT1F13_ag_spontaneous_324,whisper-small,igbo
momo,momma.,pcm_f_PAGT1F13_ag_spontaneous_324,whisper-small,igbo
to,soil.,pcm_f_PAGT1F17_ag_spontaneous_120,whisper-small,igbo
soil,they,pcm_f_PAGT1F17_ag_spontaneous_120,whisper-small,igbo
gree,great,pcm_f_PAGT1F17_ag_spontaneous_120,whisper-small,igbo
grow,grow.,pcm_f_PAGT1F17_ag_spontaneous_120,whisper-small,igbo
dey,derogation,pcm_f_PAGT1F18_ag_spontaneous_083,whisper-small,igbo
repair,"him,",pcm_f_PAGT1F18_ag_spontaneous_083,whisper-small,igbo
shoe,the,pcm_f_PAGT1F18_ag_spontaneous_083,whisper-small,igbo
near,boy,pcm_f_PAGT1F18_ag_spontaneous_083,whisper-small,igbo
[um],who,pcm_f_PAGT1F18_ag_spontaneous_083,whisper-small,igbo
di,went,pcm_f_PAGT1F18_ag_spontaneous_083,whisper-small,igbo
no,knew,pcm_f_PAGT1F18_ag_spontaneous_083,whisper-small,igbo
rice,roy's,pcm_f_PAGT1F18_ag_spontaneous_083,whisper-small,igbo
don,don't,pcm_f_PAGT1F26_ag_spontaneous_300,whisper-small,igbo
slowly,slowly.,pcm_f_PAGT1F26_ag_spontaneous_300,whisper-small,igbo
song,songs,pcm_f_PAGT1F30_ag_spontaneous_333,whisper-small,igbo
compost,composed,pcm_f_PAGT1F30_ag_spontaneous_333,whisper-small,igbo
season,season.,pcm_f_PAGT1F30_ag_spontaneous_333,whisper-small,igbo
book,"book,",pcm_f_PAGT1F78_ag_spontaneous_017,whisper-small,igbo
wey,we,pcm_f_PAGT1F78_ag_spontaneous_017,whisper-small,igbo
checkups,checkups.,pcm_f_PAGT1F78_ag_spontaneous_017,whisper-small,igbo
dey,do,pcm_f_PAGT1F78_ag_spontaneous_017,whisper-small,igbo
jot,just,pcm_f_PAGT1F78_ag_spontaneous_017,whisper-small,igbo
body,body.,pcm_f_PAGT1F78_ag_spontaneous_017,whisper-small,igbo
dey,dayano,pcm_f_PAGT1F78_ag_spontaneous_376,whisper-small,igbo
yarn,is,pcm_f_PAGT1F78_ag_spontaneous_376,whisper-small,igbo
us,safe,pcm_f_PAGT1F78_ag_spontaneous_376,whisper-small,igbo
sey,with,pcm_f_PAGT1F78_ag_spontaneous_376,whisper-small,igbo
if,a,pcm_f_PAGT1F78_ag_spontaneous_376,whisper-small,igbo
we,quick-hold,pcm_f_PAGT1F78_ag_spontaneous_376,whisper-small,igbo
dey,"digress,",pcm_f_PAGT1F78_ag_spontaneous_376,whisper-small,igbo
quick,he,pcm_f_PAGT1F78_ag_spontaneous_376,whisper-small,igbo
plenty,"plenty,",pcm_f_PAGT1F78_ag_spontaneous_376,whisper-small,igbo
dey,de-hold,pcm_f_PAGT1F78_ag_spontaneous_376,whisper-small,igbo
hold,water.,pcm_f_PAGT1F78_ag_spontaneous_376,whisper-small,igbo
fowl,foul,pcm_f_PAGT1M12_ag_spontaneous_497,whisper-small,igbo
go,will,pcm_f_PAGT1M12_ag_spontaneous_497,whisper-small,igbo
go,you,pcm_f_PAGT1M12_ag_spontaneous_497,whisper-small,igbo
rain,rain.,pcm_f_PAGT1M12_ag_spontaneous_497,whisper-small,igbo
spoil,spoiled,pcm_f_PAGT2F22_ag_spontaneous_296,whisper-small,igbo
soybean,beans,pcm_f_PAGT2F49_ag_spontaneous_293,whisper-small,igbo
get,gets,pcm_f_PAGT2F49_ag_spontaneous_293,whisper-small,igbo
round,round.,pcm_f_PAGT2F49_ag_spontaneous_293,whisper-small,igbo
parents,"parents,",pcm_f_PBUT1F12_bu_spontaneous_229,whisper-small,igbo
save,safe,pcm_f_PBUT1F12_bu_spontaneous_229,whisper-small,igbo
too,two,pcm_f_PBUT2F11_bu_spontaneous_410,whisper-small,igbo
fit,feet,pcm_f_PBUT2F11_bu_spontaneous_410,whisper-small,igbo
hand,hands,pcm_f_PBUT2F11_bu_spontaneous_410,whisper-small,igbo
save,say.,pcm_f_PBUT2F11_bu_spontaneous_410,whisper-small,igbo
main,maintenance,pcm_f_PBUT2F12_bu_spontaneous_545,whisper-small,igbo
ten,"fee,",pcm_f_PBUT2F12_bu_spontaneous_545,whisper-small,igbo
ance,where,pcm_f_PBUT2F12_bu_spontaneous_545,whisper-small,igbo
account,they,pcm_f_PBUT2F12_bu_spontaneous_545,whisper-small,igbo
dey,come,pcm_f_PBUT2F12_bu_spontaneous_545,whisper-small,igbo
comot,out,pcm_f_PBUT2F12_bu_spontaneous_545,whisper-small,igbo
month,"month,",pcm_f_PBUT2F12_bu_spontaneous_545,whisper-small,igbo
don,don't,pcm_f_PBUT2F12_bu_spontaneous_545,whisper-small,igbo
pile,pilot.,pcm_f_PBUT2F12_bu_spontaneous_545,whisper-small,igbo
don,don't,pcm_f_PBUT2F6_bu_spontaneous_055,whisper-small,igbo
high,hide,pcm_f_PBUT2F6_bu_spontaneous_055,whisper-small,igbo
well,very,pcm_f_PBUT2F6_bu_spontaneous_055,whisper-small,igbo
well,well.,pcm_f_PBUT2F6_bu_spontaneous_055,whisper-small,igbo
dey,will,pcm_f_PBUT2F6_bu_spontaneous_055,whisper-small,igbo
think,things,pcm_f_PECS1F12_ev_spontaneous_580,whisper-small,yoruba
crowd,"crowd,",pcm_f_PECS1F12_ev_spontaneous_580,whisper-small,yoruba
sophia,i,pcm_f_PECS1F16_ev_spontaneous_193,whisper-small,yoruba
no,don't,pcm_f_PECS1F16_ev_spontaneous_193,whisper-small,yoruba
dey,did,pcm_f_PECS1F16_ev_spontaneous_193,whisper-small,yoruba
do,to,pcm_f_PECS1F16_ev_spontaneous_193,whisper-small,yoruba
"herself,",herself.,pcm_f_PECS1F16_ev_spontaneous_193,whisper-small,yoruba
dey,is.,pcm_f_PECS1F16_ev_spontaneous_193,whisper-small,yoruba
taking,can,pcm_f_PECS1F18_ev_spontaneous_246,whisper-small,yoruba
breaks,break.,pcm_f_PECS1F18_ev_spontaneous_246,whisper-small,yoruba
recharge,recharge.,pcm_f_PECS1F18_ev_spontaneous_246,whisper-small,yoruba
while,why,pcm_f_PECS1F18_ev_spontaneous_246,whisper-small,yoruba
i,are,pcm_f_PECS1F18_ev_spontaneous_246,whisper-small,yoruba
others.,others?,pcm_f_PECS1F18_ev_spontaneous_246,whisper-small,yoruba
rich,which,pcm_f_PECS1F18_ev_spontaneous_375,whisper-small,yoruba
fit,settled,pcm_f_PECS1F18_ev_spontaneous_375,whisper-small,yoruba
settle,and,pcm_f_PECS1F18_ev_spontaneous_375,whisper-small,yoruba
admission,mission,pcm_f_PECS1F18_ev_spontaneous_375,whisper-small,yoruba
fit,"feed,",pcm_f_PECS1F18_ev_spontaneous_375,whisper-small,yoruba
pikin,picking,pcm_f_PECS1F18_ev_spontaneous_375,whisper-small,yoruba
admission,and,pcm_f_PECS1F18_ev_spontaneous_375,whisper-small,yoruba
while,mission?,pcm_f_PECS1F18_ev_spontaneous_375,whisper-small,yoruba
odas,why,pcm_f_PECS1F18_ev_spontaneous_375,whisper-small,yoruba
go,others,pcm_f_PECS1F18_ev_spontaneous_375,whisper-small,yoruba
loose,believe?,pcm_f_PECS1F18_ev_spontaneous_375,whisper-small,yoruba
knowledge,let,pcm_f_PECS1F22_ev_spontaneous_456,whisper-small,yoruba
no,new,pcm_f_PECS1F22_ev_spontaneous_456,whisper-small,yoruba
age;,"age,",pcm_f_PECS1F22_ev_spontaneous_456,whisper-small,yoruba
go,will,pcm_f_PECS1F22_ev_spontaneous_456,whisper-small,yoruba
fit,feel,pcm_f_PECS1F22_ev_spontaneous_456,whisper-small,yoruba
learn.,then.,pcm_f_PECS1F22_ev_spontaneous_456,whisper-small,yoruba
dey,is,pcm_f_PECS1F23_ev_spontaneous_079,whisper-small,yoruba
pikin,picking,pcm_f_PECS1F23_ev_spontaneous_079,whisper-small,yoruba
sometimes,"sometimes,",pcm_f_PECS1F25_ev_spontaneous_128,whisper-small,yoruba
don,don't,pcm_f_PECS1F25_ev_spontaneous_128,whisper-small,yoruba
much,"much,",pcm_f_PECS1F25_ev_spontaneous_128,whisper-small,yoruba
fit,forgets,pcm_f_PECS1F25_ev_spontaneous_128,whisper-small,yoruba
enter,entire,pcm_f_PECS1F25_ev_spontaneous_128,whisper-small,yoruba
depression,depression.,pcm_f_PECS1F25_ev_spontaneous_128,whisper-small,yoruba
no,now,pcm_f_PECS1F25_ev_spontaneous_395,whisper-small,yoruba
monie,money,pcm_f_PECS1F25_ev_spontaneous_395,whisper-small,yoruba
basket,basket.,pcm_f_PECS1F25_ev_spontaneous_395,whisper-small,yoruba
different,fred's,pcm_f_PECS1F25_ev_spontaneous_395,whisper-small,yoruba
channels,channels.,pcm_f_PECS1F25_ev_spontaneous_395,whisper-small,yoruba
your,you,pcm_f_PECS1F25_ev_spontaneous_395,whisper-small,yoruba
monie.,money?,pcm_f_PECS1F25_ev_spontaneous_395,whisper-small,yoruba
"arrival,",arrival.,pcm_f_PECS1F27_ev_spontaneous_293,whisper-small,yoruba
i,at,pcm_f_PECS1F28_ev_spontaneous_267,whisper-small,yoruba
hail,halo.,pcm_f_PECS1F28_ev_spontaneous_267,whisper-small,yoruba
don,don't,pcm_f_PECS1F28_ev_spontaneous_267,whisper-small,yoruba
don,don't,pcm_f_PECS1F28_ev_spontaneous_267,whisper-small,yoruba
you.,you,pcm_f_PECS1F28_ev_spontaneous_267,whisper-small,yoruba
[um],day-to-day,pcm_f_PECS1F29_ev_spontaneous_245,whisper-small,yoruba
[um],am,pcm_f_PECS1F29_ev_spontaneous_245,whisper-small,yoruba
dey,be,pcm_f_PECS1F29_ev_spontaneous_245,whisper-small,yoruba
healthy,healthy.,pcm_f_PECS1F29_ev_spontaneous_245,whisper-small,yoruba
experience,experience.,pcm_f_PECS1F30_ev_spontaneous_199,whisper-small,yoruba
affect,faith,pcm_f_PECS1F30_ev_spontaneous_199,whisper-small,yoruba
marriage,"marriage,",pcm_f_PECS1F30_ev_spontaneous_199,whisper-small,yoruba
village?,"village,",pcm_f_PECS1F30_ev_spontaneous_199,whisper-small,yoruba
know,waiting,pcm_f_PECS1F30_ev_spontaneous_387,whisper-small,yoruba
want,"want,",pcm_f_PECS1F30_ev_spontaneous_387,whisper-small,yoruba
do,"do,",pcm_f_PECS1F30_ev_spontaneous_387,whisper-small,yoruba
[um],cause,pcm_f_PECS1F30_ev_spontaneous_387,whisper-small,yoruba
go,they,pcm_f_PECS1F30_ev_spontaneous_387,whisper-small,yoruba
small,"small,",pcm_f_PECS1F30_ev_spontaneous_387,whisper-small,yoruba
small,small.,pcm_f_PECS1F30_ev_spontaneous_387,whisper-small,yoruba
papa,papa.,pcm_f_PECS1F35_ev_spontaneous_358,whisper-small,yoruba
too,too.,pcm_f_PECS1F35_ev_spontaneous_358,whisper-small,yoruba
society,"society,",pcm_f_PECS1F35_ev_spontaneous_582,whisper-small,yoruba
work?,work.,pcm_f_PECS1F35_ev_spontaneous_582,whisper-small,yoruba
access,assess,pcm_f_PECS1F36_ev_spontaneous_316,whisper-small,yoruba
assistance?,assistance.,pcm_f_PECS1F36_ev_spontaneous_316,whisper-small,yoruba
perosn,per,pcm_f_PECS1F38_ev_spontaneous_085,whisper-small,yoruba
go,single,pcm_f_PECS1F38_ev_spontaneous_085,whisper-small,yoruba
dey,"day,",pcm_f_PECS1F38_ev_spontaneous_085,whisper-small,yoruba
perosn,per,pcm_f_PECS1F38_ev_spontaneous_085,whisper-small,yoruba
go,single,pcm_f_PECS1F38_ev_spontaneous_085,whisper-small,yoruba
safe,"safe,",pcm_f_PECS1F38_ev_spontaneous_085,whisper-small,yoruba
ogbonge,obonga,pcm_f_PECS1F38_ev_spontaneous_085,whisper-small,yoruba
software,"software,",pcm_f_PECS1F38_ev_spontaneous_085,whisper-small,yoruba
wey,we're,pcm_f_PECS1F38_ev_spontaneous_085,whisper-small,yoruba
updated,updated.,pcm_f_PECS1F38_ev_spontaneous_085,whisper-small,yoruba
pipu,people,pcm_f_PECS1F38_ev_spontaneous_319,whisper-small,yoruba
"naija,","niger,",pcm_f_PECS1F38_ev_spontaneous_319,whisper-small,yoruba
go,don't,pcm_f_PECS1F38_ev_spontaneous_319,whisper-small,yoruba
wen,when,pcm_f_PECS1F38_ev_spontaneous_319,whisper-small,yoruba
match,much,pcm_f_PECS1F38_ev_spontaneous_319,whisper-small,yoruba
son,"son,",pcm_f_PECS1F39_ev_spontaneous_093,whisper-small,yoruba
where,wear,pcm_f_PECS1F39_ev_spontaneous_093,whisper-small,yoruba
he,him,pcm_f_PECS1F39_ev_spontaneous_093,whisper-small,yoruba
pastors,touch,pcm_f_PECS1F39_ev_spontaneous_253,whisper-small,yoruba
suppose,supports,pcm_f_PECS1F39_ev_spontaneous_253,whisper-small,yoruba
settle,setting,pcm_f_PECS1F39_ev_spontaneous_253,whisper-small,yoruba
mata,matawe,pcm_f_PECS1F39_ev_spontaneous_253,whisper-small,yoruba
wey,day,pcm_f_PECS1F39_ev_spontaneous_253,whisper-small,yoruba
church,don't,pcm_f_PECS1F39_ev_spontaneous_292,whisper-small,yoruba
considerate,concentrate,pcm_f_PECS1F39_ev_spontaneous_292,whisper-small,yoruba
of,for,pcm_f_PECS1F39_ev_spontaneous_292,whisper-small,yoruba
dia,their,pcm_f_PECS1F39_ev_spontaneous_292,whisper-small,yoruba
neigbhors,neighbors,pcm_f_PECS1F39_ev_spontaneous_292,whisper-small,yoruba
fit,feel,pcm_f_PECS1F40_ev_spontaneous_018,whisper-small,yoruba
be,the,pcm_f_PECS1F40_ev_spontaneous_018,whisper-small,yoruba
arts,art,pcm_f_PECS1F40_ev_spontaneous_018,whisper-small,yoruba
student,students,pcm_f_PECS1F40_ev_spontaneous_018,whisper-small,yoruba
student,students,pcm_f_PECS1F40_ev_spontaneous_018,whisper-small,yoruba
skool.,school.,pcm_f_PECS1F40_ev_spontaneous_018,whisper-small,yoruba
pipo,"people,",pcm_f_PECS1F40_ev_spontaneous_227,whisper-small,yoruba
debate,"beat,",pcm_f_PECS1F40_ev_spontaneous_227,whisper-small,yoruba
sey,saying,pcm_f_PECS1F40_ev_spontaneous_227,whisper-small,yoruba
no,nowadays,pcm_f_PECS1F40_ev_spontaneous_359,whisper-small,yoruba
for,on,pcm_f_PECS1F40_ev_spontaneous_359,whisper-small,yoruba
[?],this,pcm_f_PECS1F40_ev_spontaneous_359,whisper-small,yoruba
dis,area.,pcm_f_PECS1F40_ev_spontaneous_359,whisper-small,yoruba
area,now,pcm_f_PECS1F40_ev_spontaneous_359,whisper-small,yoruba
na,generate,pcm_f_PECS1F40_ev_spontaneous_359,whisper-small,yoruba
generator,with,pcm_f_PECS1F40_ev_spontaneous_359,whisper-small,yoruba
we,the,pcm_f_PECS1F40_ev_spontaneous_359,whisper-small,yoruba
time,time.,pcm_f_PECS1F40_ev_spontaneous_359,whisper-small,yoruba
get,got,pcm_f_PECS1F41_ev_spontaneous_189,whisper-small,yoruba
flog,on,pcm_f_PECS1F41_ev_spontaneous_189,whisper-small,yoruba
unto,to,pcm_f_PECS1F41_ev_spontaneous_189,whisper-small,yoruba
dey,did,pcm_f_PECS1F41_ev_spontaneous_189,whisper-small,yoruba
wen,when,pcm_f_PECS1F41_ev_spontaneous_189,whisper-small,yoruba
we,with,pcm_f_PECS1F41_ev_spontaneous_189,whisper-small,yoruba
sing,same,pcm_f_PECS1F41_ev_spontaneous_189,whisper-small,yoruba
anthem,anthem.,pcm_f_PECS1F41_ev_spontaneous_189,whisper-small,yoruba
mama,"mama,",pcm_f_PECS1F41_ev_spontaneous_500,whisper-small,yoruba
"evening,",evening,pcm_f_PECS1F41_ev_spontaneous_500,whisper-small,yoruba
papa,"papa,",pcm_f_PECS1F41_ev_spontaneous_500,whisper-small,yoruba
say,a,pcm_f_PECS1F41_ev_spontaneous_500,whisper-small,yoruba
light,"light,",pcm_f_PECS1F41_ev_spontaneous_500,whisper-small,yoruba
comot,out,pcm_f_PECS1F41_ev_spontaneous_589,whisper-small,yoruba
"phone,",phone.,pcm_f_PECS1F41_ev_spontaneous_589,whisper-small,yoruba
task,tax,pcm_f_PECS1F41_ev_spontaneous_589,whisper-small,yoruba
hand,hand.,pcm_f_PECS1F41_ev_spontaneous_589,whisper-small,yoruba
dey,think,pcm_f_PECS1F44_ev_spontaneous_559,whisper-small,yoruba
we,want,pcm_f_PECS1F47_ev_spontaneous_156,whisper-small,yoruba
wan,to,pcm_f_PECS1F47_ev_spontaneous_156,whisper-small,yoruba
community,"community,",pcm_f_PECS1F47_ev_spontaneous_156,whisper-small,yoruba
de,the,pcm_f_PECS1F47_ev_spontaneous_156,whisper-small,yoruba
don,don't,pcm_f_PECS1F49_ev_spontaneous_398,whisper-small,yoruba
lecture,lectures,pcm_f_PECS1F49_ev_spontaneous_398,whisper-small,yoruba
protest.,protests,pcm_f_PECS1F49_ev_spontaneous_398,whisper-small,yoruba
uses,use,pcm_f_PECS1F50_ev_spontaneous_175,whisper-small,yoruba
na,now,pcm_f_PECS1F50_ev_spontaneous_175,whisper-small,yoruba
services,services.,pcm_f_PECS1F50_ev_spontaneous_175,whisper-small,yoruba
dey,be,pcm_f_PECS1F51_ev_spontaneous_056,whisper-small,yoruba
key,kbc,pcm_f_PECS1F51_ev_spontaneous_281,whisper-small,yoruba
be,e-day,pcm_f_PECS1F51_ev_spontaneous_281,whisper-small,yoruba
say,"declare,",pcm_f_PECS1F51_ev_spontaneous_281,whisper-small,yoruba
communicate,communicates,pcm_f_PECS1F51_ev_spontaneous_281,whisper-small,yoruba
buy,bite,pcm_f_PECS1F51_ev_spontaneous_332,whisper-small,yoruba
receipt,sleep,pcm_f_PECS1F51_ev_spontaneous_332,whisper-small,yoruba
suspect.,spits.,pcm_f_PECS1F51_ev_spontaneous_332,whisper-small,yoruba
gree,agree,pcm_f_PECS1F51_ev_spontaneous_360,whisper-small,yoruba
each,each.,pcm_f_PECS1F51_ev_spontaneous_360,whisper-small,yoruba
each,"each,",pcm_f_PECS1F51_ev_spontaneous_360,whisper-small,yoruba
person,passing,pcm_f_PECS1F51_ev_spontaneous_360,whisper-small,yoruba
go,good,pcm_f_PECS1F51_ev_spontaneous_360,whisper-small,yoruba
de,the,pcm_f_PECS1F51_ev_spontaneous_360,whisper-small,yoruba
gree,agree,pcm_f_PECS1F51_ev_spontaneous_360,whisper-small,yoruba
time,time.,pcm_f_PECS1F51_ev_spontaneous_360,whisper-small,yoruba
na,this,pcm_f_PECS1F52_ev_spontaneous_333,whisper-small,yoruba
dis,is,pcm_f_PECS1F52_ev_spontaneous_333,whisper-small,yoruba
group,"group,",pcm_f_PECS1F52_ev_spontaneous_333,whisper-small,yoruba
exercise,exercise.,pcm_f_PECS1F52_ev_spontaneous_333,whisper-small,yoruba
change,"change,",pcm_f_PECS1F53_ev_spontaneous_359,whisper-small,yoruba
fit,we,pcm_f_PECS1F53_ev_spontaneous_359,whisper-small,yoruba
loose,lose,pcm_f_PECS1F53_ev_spontaneous_359,whisper-small,yoruba
wey,with,pcm_f_PECS1F53_ev_spontaneous_359,whisper-small,yoruba
expect,experts,pcm_f_PECS1F53_ev_spontaneous_359,whisper-small,yoruba
come,come.,pcm_f_PECS1F53_ev_spontaneous_359,whisper-small,yoruba
e,there,pcm_f_PECS1F53_ev_spontaneous_425,whisper-small,yoruba
dey,a,pcm_f_PECS1F53_ev_spontaneous_425,whisper-small,yoruba
risky,risk,pcm_f_PECS1F53_ev_spontaneous_425,whisper-small,yoruba
resign,design,pcm_f_PECS1F53_ev_spontaneous_425,whisper-small,yoruba
wen,when,pcm_f_PECS1F53_ev_spontaneous_425,whisper-small,yoruba
neva,never,pcm_f_PECS1F53_ev_spontaneous_425,whisper-small,yoruba
anoda,another,pcm_f_PECS1F53_ev_spontaneous_425,whisper-small,yoruba
wey,with,pcm_f_PECS1F53_ev_spontaneous_425,whisper-small,yoruba
beta.,them?,pcm_f_PECS1F53_ev_spontaneous_425,whisper-small,yoruba
don,don't,pcm_f_PECS1F53_ev_spontaneous_536,whisper-small,yoruba
tell,to,pcm_f_PECS1F53_ev_spontaneous_536,whisper-small,yoruba
say,see,pcm_f_PECS1F53_ev_spontaneous_536,whisper-small,yoruba
i,a,pcm_f_PECS1F53_ev_spontaneous_536,whisper-small,yoruba
dey,different,pcm_f_PECS1F53_ev_spontaneous_536,whisper-small,yoruba
wey,with,pcm_f_PECS1F53_ev_spontaneous_536,whisper-small,yoruba
honest,honours,pcm_f_PECS1F53_ev_spontaneous_536,whisper-small,yoruba
make,makes,pcm_f_PECS1F54_ev_spontaneous_043,whisper-small,yoruba
pikin,picking,pcm_f_PECS1F54_ev_spontaneous_043,whisper-small,yoruba
behaviour,behavior,pcm_f_PECS1F54_ev_spontaneous_043,whisper-small,yoruba
sabi,be,pcm_f_PECS1F54_ev_spontaneous_043,whisper-small,yoruba
influence,influenced.,pcm_f_PECS1F54_ev_spontaneous_043,whisper-small,yoruba
hear,here,pcm_f_PECS1F55_ev_spontaneous_287,whisper-small,yoruba
don,don't,pcm_f_PECS1F55_ev_spontaneous_287,whisper-small,yoruba
route,route.,pcm_f_PECS1F55_ev_spontaneous_287,whisper-small,yoruba
na,now,pcm_f_PECS1F55_ev_spontaneous_287,whisper-small,yoruba
na,namaste,pcm_f_PECS1F55_ev_spontaneous_401,whisper-small,yoruba
mass,media.,pcm_f_PECS1F55_ev_spontaneous_401,whisper-small,yoruba
dat,the,pcm_f_PECS1F55_ev_spontaneous_401,whisper-small,yoruba
outreach,outreach.,pcm_f_PECS1F55_ev_spontaneous_401,whisper-small,yoruba
wey,we,pcm_f_PECS1F55_ev_spontaneous_401,whisper-small,yoruba
we,will.,pcm_f_PECS1F55_ev_spontaneous_401,whisper-small,yoruba
[um],they,pcm_f_PECS1F55_ev_spontaneous_401,whisper-small,yoruba
go,will,pcm_f_PECS1F55_ev_spontaneous_519,whisper-small,yoruba
friend,"friends,",pcm_f_PECS1F55_ev_spontaneous_519,whisper-small,yoruba
wey,we,pcm_f_PECS1F55_ev_spontaneous_519,whisper-small,yoruba
fit,will,pcm_f_PECS1F55_ev_spontaneous_519,whisper-small,yoruba
your,you.,pcm_f_PECS1F55_ev_spontaneous_519,whisper-small,yoruba
fit,feel,pcm_f_PECS1F56_ev_spontaneous_164,whisper-small,yoruba
greet,"great,",pcm_f_PECS1F56_ev_spontaneous_164,whisper-small,yoruba
greet,great,pcm_f_PECS1F56_ev_spontaneous_164,whisper-small,yoruba
friend,friends,pcm_f_PECS1F56_ev_spontaneous_164,whisper-small,yoruba
name,name.,pcm_f_PECS1F56_ev_spontaneous_164,whisper-small,yoruba
or,always,pcm_f_PECS1F56_ev_spontaneous_164,whisper-small,yoruba
wetin,say,pcm_f_PECS1F56_ev_spontaneous_164,whisper-small,yoruba
house,house.,pcm_f_PECS1F56_ev_spontaneous_164,whisper-small,yoruba
for,happy,pcm_f_PECS1F56_ev_spontaneous_238,whisper-small,yoruba
year,year.,pcm_f_PECS1F56_ev_spontaneous_238,whisper-small,yoruba
beta,better,pcm_f_PECS1F56_ev_spontaneous_238,whisper-small,yoruba
"us""",us.,pcm_f_PECS1F56_ev_spontaneous_238,whisper-small,yoruba
don,don't,pcm_f_PECS1F56_ev_spontaneous_279,whisper-small,yoruba
[um],enter,pcm_f_PECS1F56_ev_spontaneous_279,whisper-small,yoruba
enta,holicoes.,pcm_f_PECS1F56_ev_spontaneous_279,whisper-small,yoruba
holy,my,pcm_f_PECS1F56_ev_spontaneous_279,whisper-small,yoruba
"enugu,",in,pcm_f_PECS1F56_ev_spontaneous_279,whisper-small,yoruba
my,nuku.,pcm_f_PECS1F56_ev_spontaneous_279,whisper-small,yoruba
mind,minds,pcm_f_PECS1F56_ev_spontaneous_279,whisper-small,yoruba
do,don't,pcm_f_PECS1F56_ev_spontaneous_279,whisper-small,yoruba
dey,declare.,pcm_f_PECS1F56_ev_spontaneous_279,whisper-small,yoruba
go,will,pcm_f_PECS1F59_ev_spontaneous_594,whisper-small,yoruba
pesin,person's,pcm_f_PECS1F59_ev_spontaneous_594,whisper-small,yoruba
wan,won't,pcm_f_PECS1F5_ev_spontaneous_334,whisper-small,yoruba
njideka,car,pcm_f_PECS1F5_ev_spontaneous_334,whisper-small,yoruba
wan,aren't,pcm_f_PECS1F5_ev_spontaneous_334,whisper-small,yoruba
join?,joined.,pcm_f_PECS1F5_ev_spontaneous_334,whisper-small,yoruba
she,should,pcm_f_PECS1F70_ev_spontaneous_129,whisper-small,yoruba
dey,i,pcm_f_PECS1F70_ev_spontaneous_129,whisper-small,yoruba
calender,calendar,pcm_f_PECS1F70_ev_spontaneous_129,whisper-small,yoruba
fit,fits,pcm_f_PECS1F70_ev_spontaneous_129,whisper-small,yoruba
see,the,pcm_f_PECS1F70_ev_spontaneous_129,whisper-small,yoruba
use,"use,",pcm_f_PECS1F70_ev_spontaneous_129,whisper-small,yoruba
studyrest,study,pcm_f_PECS1F70_ev_spontaneous_129,whisper-small,yoruba
and,rest?,pcm_f_PECS1F70_ev_spontaneous_129,whisper-small,yoruba
reduce,"repeat,",pcm_f_PECS1F71_ev_spontaneous_013,whisper-small,yoruba
i,are,pcm_f_PECS1F71_ev_spontaneous_013,whisper-small,yoruba
use,useful,pcm_f_PECS1F71_ev_spontaneous_013,whisper-small,yoruba
hot,for,pcm_f_PECS1F71_ev_spontaneous_013,whisper-small,yoruba
water,time,pcm_f_PECS1F71_ev_spontaneous_013,whisper-small,yoruba
make,and,pcm_f_PECS1F71_ev_spontaneous_013,whisper-small,yoruba
over,overspend,pcm_f_PECS1F71_ev_spontaneous_013,whisper-small,yoruba
month,month.,pcm_f_PECS1F71_ev_spontaneous_013,whisper-small,yoruba
join,joined,pcm_f_PECS1F71_ev_spontaneous_490,whisper-small,yoruba
choke,took,pcm_f_PECS1F71_ev_spontaneous_490,whisper-small,yoruba
me,on.,pcm_f_PECS1F71_ev_spontaneous_490,whisper-small,yoruba
bring,brings,pcm_f_PECS1F73_ev_spontaneous_122,whisper-small,yoruba
cloth,to,pcm_f_PECS1F73_ev_spontaneous_122,whisper-small,yoruba
fit,fits,pcm_f_PECS1F73_ev_spontaneous_122,whisper-small,yoruba
wear,her,pcm_f_PECS1F73_ev_spontaneous_122,whisper-small,yoruba
wey,with,pcm_f_PECS1F73_ev_spontaneous_122,whisper-small,yoruba
free,fruity,pcm_f_PECS1F73_ev_spontaneous_122,whisper-small,yoruba
when,finish.,pcm_f_PECS1F73_ev_spontaneous_122,whisper-small,yoruba
nor,know,pcm_f_PECS1F73_ev_spontaneous_440,whisper-small,yoruba
[um],we,pcm_f_PECS1F73_ev_spontaneous_440,whisper-small,yoruba
wear,have,pcm_f_PECS1F73_ev_spontaneous_440,whisper-small,yoruba
beta,better,pcm_f_PECS1F73_ev_spontaneous_440,whisper-small,yoruba
cloth,"clues,",pcm_f_PECS1F73_ev_spontaneous_440,whisper-small,yoruba
smile,think,pcm_f_PECS1F73_ev_spontaneous_440,whisper-small,yoruba
take,we'll,pcm_f_PECS1F73_ev_spontaneous_440,whisper-small,yoruba
welcome,come,pcm_f_PECS1F73_ev_spontaneous_440,whisper-small,yoruba
dem,there,pcm_f_PECS1F73_ev_spontaneous_440,whisper-small,yoruba
wetin,waiting,pcm_f_PECS1F75_ev_spontaneous_512,whisper-small,yoruba
e,you,pcm_f_PECS1F75_ev_spontaneous_512,whisper-small,yoruba
tink,think,pcm_f_PECS1F76_ev_spontaneous_076,whisper-small,yoruba
weda,whether,pcm_f_PECS1F76_ev_spontaneous_076,whisper-small,yoruba
[um],he,pcm_f_PECS1F76_ev_spontaneous_076,whisper-small,yoruba
e,will,pcm_f_PECS1F76_ev_spontaneous_076,whisper-small,yoruba
[um],or,pcm_f_PECS1F76_ev_spontaneous_076,whisper-small,yoruba
jus,just,pcm_f_PECS1F76_ev_spontaneous_076,whisper-small,yoruba
am,him.,pcm_f_PECS1F76_ev_spontaneous_076,whisper-small,yoruba
tok,talks,pcm_f_PECS1F79_ev_spontaneous_443,whisper-small,yoruba
sey,a,pcm_f_PECS1F79_ev_spontaneous_443,whisper-small,yoruba
na,now,pcm_f_PECS1F79_ev_spontaneous_532,whisper-small,yoruba
evri,"every,",pcm_f_PECS1F79_ev_spontaneous_532,whisper-small,yoruba
evri,every,pcm_f_PECS1F79_ev_spontaneous_532,whisper-small,yoruba
dis,this,pcm_f_PECS1F79_ev_spontaneous_532,whisper-small,yoruba
obodo,"obudunainja,",pcm_f_PECS1F79_ev_spontaneous_532,whisper-small,yoruba
naija,they,pcm_f_PECS1F79_ev_spontaneous_532,whisper-small,yoruba
dey,respect,pcm_f_PECS1F79_ev_spontaneous_532,whisper-small,yoruba
respekt,kullanotswela?,pcm_f_PECS1F79_ev_spontaneous_532,whisper-small,yoruba
grief,great,pcm_f_PECS1F79_ev_spontaneous_603,whisper-small,yoruba
fit,feat,pcm_f_PECS1F79_ev_spontaneous_603,whisper-small,yoruba
person,"person,",pcm_f_PECS1F79_ev_spontaneous_603,whisper-small,yoruba
lose,"lose,",pcm_f_PECS1F79_ev_spontaneous_603,whisper-small,yoruba
wey,weigh,pcm_f_PECS1F79_ev_spontaneous_603,whisper-small,yoruba
love,loss.,pcm_f_PECS1F79_ev_spontaneous_603,whisper-small,yoruba
we,when,pcm_f_PECS1F7_ev_spontaneous_083,whisper-small,yoruba
time,"time,",pcm_f_PECS1F7_ev_spontaneous_083,whisper-small,yoruba
togeda,together.,pcm_f_PECS1F7_ev_spontaneous_083,whisper-small,yoruba
sleep,"sleep,",pcm_f_PECS1F7_ev_spontaneous_240,whisper-small,yoruba
essential,"essential,",pcm_f_PECS1F7_ev_spontaneous_240,whisper-small,yoruba
no,don't,pcm_f_PECS1F7_ev_spontaneous_264,whisper-small,yoruba
health,healthcare,pcm_f_PECS1F7_ev_spontaneous_264,whisper-small,yoruba
care,facilities,pcm_f_PECS1F7_ev_spontaneous_264,whisper-small,yoruba
"facilities,",if,pcm_f_PECS1F7_ev_spontaneous_264,whisper-small,yoruba
fit,affects,pcm_f_PECS1F7_ev_spontaneous_264,whisper-small,yoruba
health,health.,pcm_f_PECS1F7_ev_spontaneous_264,whisper-small,yoruba
wey,when,pcm_f_PECS1F7_ev_spontaneous_270,whisper-small,yoruba
person,passing,pcm_f_PECS1F7_ev_spontaneous_270,whisper-small,yoruba
"dey,",day.,pcm_f_PECS1F7_ev_spontaneous_270,whisper-small,yoruba
person,passing,pcm_f_PECS1F7_ev_spontaneous_270,whisper-small,yoruba
sick,sick.,pcm_f_PECS1F7_ev_spontaneous_270,whisper-small,yoruba
alarm,"alarm,",pcm_f_PECS1F9_ev_spontaneous_099,whisper-small,yoruba
[um],volunteer,pcm_f_PECS1F9_ev_spontaneous_543,whisper-small,yoruba
volunteering,with,pcm_f_PECS1F9_ev_spontaneous_543,whisper-small,yoruba
provide,provided,pcm_f_PECS1F9_ev_spontaneous_543,whisper-small,yoruba
opportunties,opportunities,pcm_f_PECS1F9_ev_spontaneous_543,whisper-small,yoruba
dey,to,pcm_f_PECS1F9_ev_spontaneous_553,whisper-small,yoruba
dia,their,pcm_f_PECS1F9_ev_spontaneous_553,whisper-small,yoruba
meanwhile,"meanwhile,",pcm_f_PECT1F105_ev_spontaneous_277,whisper-small,igbo
say,said,pcm_f_PECT1F105_ev_spontaneous_277,whisper-small,igbo
go,would,pcm_f_PECT1F105_ev_spontaneous_277,whisper-small,igbo
pointsbased,point-based,pcm_f_PECT1F105_ev_spontaneous_277,whisper-small,igbo
longterm,long-term,pcm_f_PECT1F105_ev_spontaneous_277,whisper-small,igbo
reliance,brilliance,pcm_f_PECT1F105_ev_spontaneous_277,whisper-small,igbo
workers,workers.,pcm_f_PECT1F105_ev_spontaneous_277,whisper-small,igbo
wey,we'll,pcm_f_PECT1F111_ev_spontaneous_415,whisper-small,igbo
managing,"managing,",pcm_f_PECT1F111_ev_spontaneous_415,whisper-small,igbo
law,"locco,",pcm_f_PECT1F111_ev_spontaneous_415,whisper-small,igbo
corridor,the,pcm_f_PECT1F111_ev_spontaneous_415,whisper-small,igbo
wey,wedding,pcm_f_PECT1F111_ev_spontaneous_415,whisper-small,igbo
dey,"bitch,",pcm_f_PECT1F111_ev_spontaneous_415,whisper-small,igbo
based,babuja.,pcm_f_PECT1F111_ev_spontaneous_415,whisper-small,igbo
[um],know,pcm_f_PECT1F116_ev_spontaneous_380,whisper-small,igbo
no,the,pcm_f_PECT1F116_ev_spontaneous_380,whisper-small,igbo
earthquakes,"earthquakes,",pcm_f_PECT1F116_ev_spontaneous_380,whisper-small,igbo
damage,"damage,",pcm_f_PECT1F116_ev_spontaneous_380,whisper-small,igbo
fit,feed,pcm_f_PECT1F116_ev_spontaneous_380,whisper-small,igbo
significant,significance.,pcm_f_PECT1F116_ev_spontaneous_380,whisper-small,igbo
you,use,pcm_f_PECT1F125_ev_spontaneous_044,whisper-small,igbo
stop,top,pcm_f_PECT1F125_ev_spontaneous_044,whisper-small,igbo
to,today,pcm_f_PECT1F125_ev_spontaneous_044,whisper-small,igbo
some,sometime,pcm_f_PECT1F125_ev_spontaneous_044,whisper-small,igbo
dem,have,pcm_f_PECT1F12_ev_spontaneous_449,whisper-small,igbo
train,trained,pcm_f_PECT1F12_ev_spontaneous_449,whisper-small,igbo
tins,the,pcm_f_PECT1F12_ev_spontaneous_449,whisper-small,igbo
protection,"protection,",pcm_f_PECT1F12_ev_spontaneous_449,whisper-small,igbo
i,i'm,pcm_f_PECT1F12_ev_spontaneous_449,whisper-small,igbo
no,only,pcm_f_PECT1F12_ev_spontaneous_449,whisper-small,igbo
really,a,pcm_f_PECT1F12_ev_spontaneous_449,whisper-small,igbo
believe,believer.,pcm_f_PECT1F12_ev_spontaneous_449,whisper-small,igbo
telegram,"polygamy,",pcm_f_PECT1F142_ev_spontaneous_481,whisper-small,igbo
russia,"russia,",pcm_f_PECT1F142_ev_spontaneous_481,whisper-small,igbo
ukraine,"ukraine,",pcm_f_PECT1F142_ev_spontaneous_481,whisper-small,igbo
states,skates.,pcm_f_PECT1F142_ev_spontaneous_481,whisper-small,igbo
mangione,manjion,pcm_f_PECT1F148_ev_spontaneous_386,whisper-small,igbo
truecar,car,pcm_f_PECT1F148_ev_spontaneous_386,whisper-small,igbo
one,on,pcm_f_PECT1F148_ev_spontaneous_386,whisper-small,igbo
im,in,pcm_f_PECT1F148_ev_spontaneous_386,whisper-small,igbo
profiles,profiles.,pcm_f_PECT1F148_ev_spontaneous_386,whisper-small,igbo
networking,let's,pcm_f_PECT1F14_ev_spontaneous_557,whisper-small,igbo
dey,work,pcm_f_PECT1F14_ev_spontaneous_557,whisper-small,igbo
important,in,pcm_f_PECT1F14_ev_spontaneous_557,whisper-small,igbo
you,day,pcm_f_PECT1F14_ev_spontaneous_557,whisper-small,igbo
dey,importance.,pcm_f_PECT1F14_ev_spontaneous_557,whisper-small,igbo
find,fine,pcm_f_PECT1F14_ev_spontaneous_557,whisper-small,igbo
sabi,serve.,pcm_f_PECT1F14_ev_spontaneous_557,whisper-small,igbo
go,can,pcm_f_PECT1F150_ev_spontaneous_351,whisper-small,igbo
say,a,pcm_f_PECT1F150_ev_spontaneous_351,whisper-small,igbo
dose,those,pcm_f_PECT1F150_ev_spontaneous_351,whisper-small,igbo
wey,with,pcm_f_PECT1F150_ev_spontaneous_351,whisper-small,igbo
fit,its,pcm_f_PECT1F150_ev_spontaneous_351,whisper-small,igbo
mean,meaning,pcm_f_PECT1F150_ev_spontaneous_351,whisper-small,igbo
di,d,pcm_f_PECT1F150_ev_spontaneous_351,whisper-small,igbo
and,or,pcm_f_PECT1F150_ev_spontaneous_351,whisper-small,igbo
on,on.,pcm_f_PECT1F150_ev_spontaneous_351,whisper-small,igbo
bin,we,pcm_f_PECT1F151_ev_spontaneous_576,whisper-small,igbo
release,released,pcm_f_PECT1F151_ev_spontaneous_576,whisper-small,igbo
say,to,pcm_f_PECT1F151_ev_spontaneous_576,whisper-small,igbo
romania,romania.,pcm_f_PECT1F151_ev_spontaneous_576,whisper-small,igbo
don,don't,pcm_f_PECT1F152_ev_spontaneous_104,whisper-small,igbo
gree,agree,pcm_f_PECT1F152_ev_spontaneous_104,whisper-small,igbo
finalise,finalize,pcm_f_PECT1F152_ev_spontaneous_104,whisper-small,igbo
deal,day,pcm_f_PECT1F152_ev_spontaneous_104,whisper-small,igbo
na,now,pcm_f_PECT1F152_ev_spontaneous_104,whisper-small,igbo
wetin,within,pcm_f_PECT1F152_ev_spontaneous_104,whisper-small,igbo
tok,talk.,pcm_f_PECT1F152_ev_spontaneous_104,whisper-small,igbo
apply,plight,pcm_f_PECT1F153_ev_spontaneous_083,whisper-small,igbo
di,to,pcm_f_PECT1F153_ev_spontaneous_083,whisper-small,igbo
emirates,"emirates,",pcm_f_PECT1F153_ev_spontaneous_083,whisper-small,igbo
uae,"uae,",pcm_f_PECT1F153_ev_spontaneous_083,whisper-small,igbo
2024,2024.,pcm_f_PECT1F153_ev_spontaneous_083,whisper-small,igbo
fit,felt,pcm_f_PECT1F157_ev_spontaneous_182,whisper-small,igbo
create,creates,pcm_f_PECT1F157_ev_spontaneous_182,whisper-small,igbo
board,but,pcm_f_PECT1F157_ev_spontaneous_182,whisper-small,igbo
aspirations,aspirations.,pcm_f_PECT1F157_ev_spontaneous_182,whisper-small,igbo
perosn,person,pcm_f_PECT1F160_ev_spontaneous_325,whisper-small,igbo
relay,really,pcm_f_PECT1F160_ev_spontaneous_325,whisper-small,igbo
race,risk,pcm_f_PECT1F160_ev_spontaneous_325,whisper-small,igbo
e,if,pcm_f_PECT1F160_ev_spontaneous_325,whisper-small,igbo
sey,see,pcm_f_PECT1F160_ev_spontaneous_325,whisper-small,igbo
don,don't,pcm_f_PECT1F160_ev_spontaneous_325,whisper-small,igbo
something,something.,pcm_f_PECT1F160_ev_spontaneous_325,whisper-small,igbo
i,and,pcm_f_PECT1F161_ev_spontaneous_521,whisper-small,igbo
dey,it's,pcm_f_PECT1F161_ev_spontaneous_521,whisper-small,igbo
try,i,pcm_f_PECT1F161_ev_spontaneous_521,whisper-small,igbo
mysef,myself,pcm_f_PECT1F161_ev_spontaneous_521,whisper-small,igbo
wit,with,pcm_f_PECT1F161_ev_spontaneous_521,whisper-small,igbo
me,me.,pcm_f_PECT1F161_ev_spontaneous_521,whisper-small,igbo
kogi,gogi,pcm_f_PECT1F166_ev_spontaneous_114,whisper-small,igbo
central,centrars,pcm_f_PECT1F166_ev_spontaneous_114,whisper-small,igbo
senator,and,pcm_f_PECT1F166_ev_spontaneous_114,whisper-small,igbo
don,itodon,pcm_f_PECT1F166_ev_spontaneous_114,whisper-small,igbo
action,actions,pcm_f_PECT1F166_ev_spontaneous_114,whisper-small,igbo
nigerian,nigerians,pcm_f_PECT1F166_ev_spontaneous_114,whisper-small,igbo
senate,and,pcm_f_PECT1F166_ev_spontaneous_114,whisper-small,igbo
wey,its,pcm_f_PECT1F166_ev_spontaneous_114,whisper-small,igbo
suspend,whistle-spender.,pcm_f_PECT1F166_ev_spontaneous_114,whisper-small,igbo
but,"but,",pcm_f_PECT1F166_ev_spontaneous_188,whisper-small,igbo
wetin,waiting,pcm_f_PECT1F166_ev_spontaneous_188,whisper-small,igbo
dis,this,pcm_f_PECT1F166_ev_spontaneous_188,whisper-small,igbo
wey,it,pcm_f_PECT1F166_ev_spontaneous_188,whisper-small,igbo
ecowas,covers,pcm_f_PECT1F166_ev_spontaneous_188,whisper-small,igbo
propose,"purpose,",pcm_f_PECT1F166_ev_spontaneous_188,whisper-small,igbo
e,we,pcm_f_PECT1F166_ev_spontaneous_188,whisper-small,igbo
work,"work,",pcm_f_PECT1F166_ev_spontaneous_188,whisper-small,igbo
wetin,waiting,pcm_f_PECT1F166_ev_spontaneous_188,whisper-small,igbo
am,ram.,pcm_f_PECT1F166_ev_spontaneous_188,whisper-small,igbo
im,a,pcm_f_PECT1F168_ev_spontaneous_312,whisper-small,igbo
masters,master's,pcm_f_PECT1F168_ev_spontaneous_312,whisper-small,igbo
kingdom,kingdom.,pcm_f_PECT1F168_ev_spontaneous_312,whisper-small,igbo
police,"police,",pcm_f_PECT1F191_ev_spontaneous_277,whisper-small,igbo
enta,entawala.,pcm_f_PECT1F191_ev_spontaneous_277,whisper-small,igbo
dis,of,pcm_f_PECT1F192_ev_spontaneous_544,whisper-small,igbo
kain,pot,pcm_f_PECT1F192_ev_spontaneous_544,whisper-small,igbo
practice,is,pcm_f_PECT1F192_ev_spontaneous_544,whisper-small,igbo
no,not,pcm_f_PECT1F192_ev_spontaneous_544,whisper-small,igbo
follow,followed,pcm_f_PECT1F192_ev_spontaneous_544,whisper-small,igbo
wetin,by,pcm_f_PECT1F192_ev_spontaneous_544,whisper-small,igbo
pipo,anything,pcm_f_PECT1F192_ev_spontaneous_544,whisper-small,igbo
don,people,pcm_f_PECT1F192_ev_spontaneous_544,whisper-small,igbo
dey,don't,pcm_f_PECT1F192_ev_spontaneous_544,whisper-small,igbo
bifor,before.,pcm_f_PECT1F192_ev_spontaneous_544,whisper-small,igbo
e,it's,pcm_f_PECT1F192_ev_spontaneous_544,whisper-small,igbo
no,not,pcm_f_PECT1F192_ev_spontaneous_544,whisper-small,igbo
too,so,pcm_f_PECT1F192_ev_spontaneous_544,whisper-small,igbo
im,even,pcm_f_PECT1F192_ev_spontaneous_544,whisper-small,igbo
tok,though.,pcm_f_PECT1F192_ev_spontaneous_544,whisper-small,igbo
totally,total,pcm_f_PECT1F20_ev_spontaneous_264,whisper-small,igbo
goment.,government.,pcm_f_PECT1F20_ev_spontaneous_264,whisper-small,igbo
time.,time,pcm_f_PECT1F22_ev_spontaneous_016,whisper-small,igbo
music,"music,",pcm_f_PECT1F26_ev_spontaneous_541,whisper-small,igbo
housework,"housework,",pcm_f_PECT1F26_ev_spontaneous_541,whisper-small,igbo
sweet,"sweeps,",pcm_f_PECT1F26_ev_spontaneous_541,whisper-small,igbo
evribody.,everybody.,pcm_f_PECT1F26_ev_spontaneous_541,whisper-small,igbo
don,don't,pcm_f_PECT1F28_ev_spontaneous_472,whisper-small,igbo
to,today,pcm_f_PECT1F28_ev_spontaneous_472,whisper-small,igbo
chop,shop,pcm_f_PECT1F28_ev_spontaneous_472,whisper-small,igbo
na,not,pcm_f_PECT1F2_ev_spontaneous_209,whisper-small,igbo
teacher,teacher.,pcm_f_PECT1F2_ev_spontaneous_209,whisper-small,igbo
everyting,every,pcm_f_PECT1F2_ev_spontaneous_209,whisper-small,igbo
wey,day,pcm_f_PECT1F2_ev_spontaneous_209,whisper-small,igbo
you,we,pcm_f_PECT1F2_ev_spontaneous_209,whisper-small,igbo
na,about,pcm_f_PECT1F2_ev_spontaneous_209,whisper-small,igbo
you,it,pcm_f_PECT1F2_ev_spontaneous_209,whisper-small,igbo
go,we,pcm_f_PECT1F2_ev_spontaneous_209,whisper-small,igbo
master,must,pcm_f_PECT1F2_ev_spontaneous_209,whisper-small,igbo
am,learn.,pcm_f_PECT1F2_ev_spontaneous_209,whisper-small,igbo
kingsley,do,pcm_f_PECT1F2_ev_spontaneous_584,whisper-small,igbo
no,not,pcm_f_PECT1F2_ev_spontaneous_584,whisper-small,igbo
dat,"that,",pcm_f_PECT1F2_ev_spontaneous_584,whisper-small,igbo
im,them,pcm_f_PECT1F2_ev_spontaneous_584,whisper-small,igbo
do,do.,pcm_f_PECT1F2_ev_spontaneous_584,whisper-small,igbo
e,ego,pcm_f_PECT1F2_ev_spontaneous_584,whisper-small,igbo
wahala,i'm,pcm_f_PECT1F2_ev_spontaneous_584,whisper-small,igbo
im,"them,",pcm_f_PECT1F2_ev_spontaneous_584,whisper-small,igbo
papa,papa.,pcm_f_PECT1F2_ev_spontaneous_584,whisper-small,igbo
don,don't,pcm_f_PECT1F3_ev_spontaneous_457,whisper-small,igbo
sista,sister,pcm_f_PECT1F3_ev_spontaneous_457,whisper-small,igbo
wey,with,pcm_f_PECT1F3_ev_spontaneous_457,whisper-small,igbo
dey,"me,",pcm_f_PECT1F3_ev_spontaneous_457,whisper-small,igbo
depressed,"depressed,",pcm_f_PECT1F3_ev_spontaneous_457,whisper-small,igbo
terapi,therapy.,pcm_f_PECT1F3_ev_spontaneous_457,whisper-small,igbo
i,and,pcm_f_PECT1F40_ev_spontaneous_478,whisper-small,igbo
dey,he,pcm_f_PECT1F40_ev_spontaneous_478,whisper-small,igbo
try,tried,pcm_f_PECT1F40_ev_spontaneous_478,whisper-small,igbo
meditate,meditated,pcm_f_PECT1F40_ev_spontaneous_478,whisper-small,igbo
mind,mind.,pcm_f_PECT1F40_ev_spontaneous_478,whisper-small,igbo
he,they,pcm_f_PECT1F45_ev_spontaneous_106,whisper-small,igbo
me,me.,pcm_f_PECT1F45_ev_spontaneous_106,whisper-small,igbo
he,they,pcm_f_PECT1F45_ev_spontaneous_106,whisper-small,igbo
butterfly,butterfly.,pcm_f_PECT1F45_ev_spontaneous_106,whisper-small,igbo
chuka,thank,pcm_f_PECT1F47_ev_spontaneous_566,whisper-small,igbo
abeg,you,pcm_f_PECT1F47_ev_spontaneous_566,whisper-small,igbo
[um],very,pcm_f_PECT1F47_ev_spontaneous_566,whisper-small,igbo
no,much,pcm_f_PECT1F47_ev_spontaneous_566,whisper-small,igbo
[um],watching,pcm_f_PECT1F47_ev_spontaneous_566,whisper-small,igbo
una,this,pcm_f_PECT1F47_ev_spontaneous_566,whisper-small,igbo
farm,video.,pcm_f_PECT1F47_ev_spontaneous_566,whisper-small,igbo
dey,detail,pcm_f_PECT1F51_ev_spontaneous_016,whisper-small,igbo
tell,and,pcm_f_PECT1F51_ev_spontaneous_016,whisper-small,igbo
am,say,pcm_f_PECT1F51_ev_spontaneous_016,whisper-small,igbo
looks,looks.,pcm_f_PECT1F51_ev_spontaneous_016,whisper-small,igbo
na,now,pcm_f_PECT1F51_ev_spontaneous_016,whisper-small,igbo
character,character.,pcm_f_PECT1F51_ev_spontaneous_016,whisper-small,igbo
meeting,meetings,pcm_f_PECT1F56_ev_spontaneous_126,whisper-small,igbo
week,"week,",pcm_f_PECT1F56_ev_spontaneous_126,whisper-small,igbo
we,with,pcm_f_PECT1F56_ev_spontaneous_126,whisper-small,igbo
check,shaker,pcm_f_PECT1F56_ev_spontaneous_126,whisper-small,igbo
how,the,pcm_f_PECT1F56_ev_spontaneous_126,whisper-small,igbo
di,plan,pcm_f_PECT1F56_ev_spontaneous_126,whisper-small,igbo
planning,they,pcm_f_PECT1F56_ev_spontaneous_126,whisper-small,igbo
dey,go.,pcm_f_PECT1F56_ev_spontaneous_126,whisper-small,igbo
sounds,sands,pcm_f_PECT1F56_ev_spontaneous_184,whisper-small,igbo
wey,when,pcm_f_PECT1F56_ev_spontaneous_184,whisper-small,igbo
[um],they,pcm_f_PECT1F56_ev_spontaneous_184,whisper-small,igbo
nature,should,pcm_f_PECT1F56_ev_spontaneous_184,whisper-small,igbo
dey,be,pcm_f_PECT1F56_ev_spontaneous_184,whisper-small,igbo
[um],"mixed,",pcm_f_PECT1F56_ev_spontaneous_184,whisper-small,igbo
make,they,pcm_f_PECT1F56_ev_spontaneous_184,whisper-small,igbo
dey,could,pcm_f_PECT1F56_ev_spontaneous_184,whisper-small,igbo
cool,be,pcm_f_PECT1F56_ev_spontaneous_184,whisper-small,igbo
body,especially,pcm_f_PECT1F56_ev_spontaneous_184,whisper-small,igbo
especially,when,pcm_f_PECT1F56_ev_spontaneous_184,whisper-small,igbo
wen,baked,pcm_f_PECT1F56_ev_spontaneous_184,whisper-small,igbo
[um],and,pcm_f_PECT1F56_ev_spontaneous_184,whisper-small,igbo
bird,quick,pcm_f_PECT1F56_ev_spontaneous_184,whisper-small,igbo
and,as,pcm_f_PECT1F56_ev_spontaneous_184,whisper-small,igbo
cricket,being,pcm_f_PECT1F56_ev_spontaneous_184,whisper-small,igbo
begin,a,pcm_f_PECT1F56_ev_spontaneous_184,whisper-small,igbo
nite,night.,pcm_f_PECT1F56_ev_spontaneous_184,whisper-small,igbo
dey,did,pcm_f_PECT1F6_ev_spontaneous_021,whisper-small,igbo
or,all,pcm_f_PECT1F6_ev_spontaneous_021,whisper-small,igbo
me,"me,",pcm_f_PECT1F8_ev_spontaneous_527,whisper-small,igbo
advice,"advice,",pcm_f_PECT1F8_ev_spontaneous_527,whisper-small,igbo
politics,"politics,",pcm_f_PECT1F8_ev_spontaneous_527,whisper-small,igbo
well.,will.,pcm_f_PECT1F8_ev_spontaneous_527,whisper-small,igbo
add,out,pcm_f_PECT1P1_ev_spontaneous_409,whisper-small,igbo
pull,put,pcm_f_PECT1P1_ev_spontaneous_409,whisper-small,igbo
wey,we,pcm_f_PECT1P1_ev_spontaneous_409,whisper-small,igbo
don,don't,pcm_f_PECT1P1_ev_spontaneous_409,whisper-small,igbo
weak,week,pcm_f_PECT1P1_ev_spontaneous_409,whisper-small,igbo
hear,yet,pcm_f_PECT2F14_ev_spontaneous_131,whisper-small,igbo
quarrel,korea,pcm_f_PECT2F14_ev_spontaneous_131,whisper-small,igbo
dia,their,pcm_f_PECT2F14_ev_spontaneous_131,whisper-small,igbo
house,house.,pcm_f_PECT2F14_ev_spontaneous_131,whisper-small,igbo
been,being,pcm_f_PECT2F15_ev_spontaneous_139,whisper-small,igbo
animals,animal.,pcm_f_PECT2F15_ev_spontaneous_139,whisper-small,igbo
volunteers,volunteer,pcm_f_PECT2F15_ev_spontaneous_139,whisper-small,igbo
dey,to,pcm_f_PECT2F15_ev_spontaneous_139,whisper-small,igbo
i,i've,pcm_f_PECT2F15_ev_spontaneous_235,whisper-small,igbo
explain,explained,pcm_f_PECT2F15_ev_spontaneous_235,whisper-small,igbo
money,"money,",pcm_f_PECT2F15_ev_spontaneous_235,whisper-small,igbo
nebor,"neighbor,",pcm_f_PECT2F20_ev_spontaneous_293,whisper-small,igbo
wake,wekuna,pcm_f_PECT2F20_ev_spontaneous_293,whisper-small,igbo
night,night.,pcm_f_PECT2F20_ev_spontaneous_293,whisper-small,igbo
sports,report,pcm_f_PECT2F24_ev_spontaneous_621,whisper-small,igbo
tok,talks,pcm_f_PECT2F24_ev_spontaneous_621,whisper-small,igbo
say,to,pcm_f_PECT2F24_ev_spontaneous_621,whisper-small,igbo
dey,this,pcm_f_PECT2F24_ev_spontaneous_621,whisper-small,igbo
"""saddened","saturday,",pcm_f_PECT2F24_ev_spontaneous_621,whisper-small,igbo
say,saying,pcm_f_PECT2F24_ev_spontaneous_621,whisper-small,igbo
anoda,another,pcm_f_PECT2F24_ev_spontaneous_621,whisper-small,igbo
don,cause-short,pcm_f_PECT2F24_ev_spontaneous_621,whisper-small,igbo
"crime"".",crime.,pcm_f_PECT2F24_ev_spontaneous_621,whisper-small,igbo
pet,pets,pcm_f_PECT2F26_ev_spontaneous_445,whisper-small,igbo
environment,environments,pcm_f_PECT2F26_ev_spontaneous_445,whisper-small,igbo
pet,pets.,pcm_f_PECT2F26_ev_spontaneous_445,whisper-small,igbo
family,"family,",pcm_f_PECT2F32_ev_spontaneous_035,whisper-small,igbo
evening,evening.,pcm_f_PECT2F32_ev_spontaneous_035,whisper-small,igbo
holoday,"holiday,",pcm_f_PECT2F41_ev_spontaneous_437,whisper-small,igbo
[um],they,pcm_f_PECT2F41_ev_spontaneous_437,whisper-small,igbo
side,side.,pcm_f_PECT2F41_ev_spontaneous_437,whisper-small,igbo
wen,when,pcm_f_PECT2F58_ev_spontaneous_201,whisper-small,igbo
transport,transports,pcm_f_PECT2F58_ev_spontaneous_201,whisper-small,igbo
to,over,pcm_f_PECT2F58_ev_spontaneous_201,whisper-small,igbo
cds,cds.,pcm_f_PECT2F58_ev_spontaneous_201,whisper-small,igbo
dey,repay,pcm_f_PECT2F69_ev_spontaneous_252,whisper-small,igbo
patient,person,pcm_f_PHTS1F1_he_spontaneous_490,whisper-small,yoruba
belief,believed,pcm_f_PHTS1F1_he_spontaneous_490,whisper-small,yoruba
true,"to,",pcm_f_PHTS1F1_he_spontaneous_490,whisper-small,yoruba
true,"to,",pcm_f_PHTS1F1_he_spontaneous_490,whisper-small,yoruba
fit,"feel,",pcm_f_PHTS1F1_he_spontaneous_490,whisper-small,yoruba
strong,wrong.,pcm_f_PHTS1F1_he_spontaneous_490,whisper-small,yoruba
true,through,pcm_f_PHTS1F7_he_spontaneous_063,whisper-small,yoruba
long,longwaka,pcm_f_PHTS1F7_he_spontaneous_063,whisper-small,yoruba
health,"center,",pcm_f_PHTS1F7_he_spontaneous_063,whisper-small,yoruba
checkup,check-up,pcm_f_PHTS1F7_he_spontaneous_063,whisper-small,yoruba
before,before.,pcm_f_PHTS1F7_he_spontaneous_063,whisper-small,yoruba
person,persons,pcm_f_PHTT1F11_he_spontaneous_555,whisper-small,hausa
sick,seek,pcm_f_PHTT1F11_he_spontaneous_555,whisper-small,hausa
distance,"distance,",pcm_f_PHTT1F11_he_spontaneous_555,whisper-small,hausa
time,"time,",pcm_f_PHTT1F12_he_spontaneous_549,whisper-small,hausa
dey,did,pcm_f_PHTT1F12_he_spontaneous_549,whisper-small,hausa
yogurt,eat,pcm_f_PHTT1F12_he_spontaneous_549,whisper-small,hausa
e,"it,",pcm_f_PHTT1F12_he_spontaneous_549,whisper-small,hausa
get,provide,pcm_f_PHTT1F12_he_spontaneous_549,whisper-small,hausa
probiotic,it,pcm_f_PHTT1F12_he_spontaneous_549,whisper-small,hausa
wey,"religion,",pcm_f_PHTT1F12_he_spontaneous_549,whisper-small,hausa
dey,and,pcm_f_PHTT1F12_he_spontaneous_549,whisper-small,hausa
adjust,just,pcm_f_PHTT1F14_he_spontaneous_399,whisper-small,hausa
patient,patients,pcm_f_PHTT1F14_he_spontaneous_399,whisper-small,hausa
i,and,pcm_f_PHTT1F16_he_spontaneous_104,whisper-small,hausa
fit,feed,pcm_f_PHTT1F16_he_spontaneous_104,whisper-small,hausa
wan,one,pcm_f_PHTT1F16_he_spontaneous_104,whisper-small,hausa
pray,prey,pcm_f_PHTT1F16_he_spontaneous_104,whisper-small,hausa
procedure.,procedure,pcm_f_PHTT1F16_he_spontaneous_104,whisper-small,hausa
yamayama,yama,pcm_f_PHTT1F17_he_spontaneous_320,whisper-small,hausa
diseases,disease,pcm_f_PHTT1F17_he_spontaneous_320,whisper-small,hausa
pesin,person,pcm_f_PHTT1F17_he_spontaneous_320,whisper-small,hausa
drink,don't,pcm_f_PHTT1F17_he_spontaneous_320,whisper-small,hausa
plenti,plenty,pcm_f_PHTT1F17_he_spontaneous_320,whisper-small,hausa
woman,women,pcm_f_PHTT1F18_he_spontaneous_435,whisper-small,hausa
help,"help,",pcm_f_PHTT1F18_he_spontaneous_435,whisper-small,hausa
and,they,pcm_f_PHTT1F18_he_spontaneous_435,whisper-small,hausa
give,gift,pcm_f_PHTT1F18_he_spontaneous_435,whisper-small,hausa
pikin,became,pcm_f_PHTT1F18_he_spontaneous_435,whisper-small,hausa
breast,best,pcm_f_PHTT1F18_he_spontaneous_435,whisper-small,hausa
waka,work,pcm_f_PHTT1F18_he_spontaneous_593,whisper-small,hausa
e,"out,",pcm_f_PHTT1F18_he_spontaneous_593,whisper-small,hausa
dey,it,pcm_f_PHTT1F18_he_spontaneous_593,whisper-small,hausa
help,helps,pcm_f_PHTT1F18_he_spontaneous_593,whisper-small,hausa
rest,rest.,pcm_f_PHTT1F18_he_spontaneous_593,whisper-small,hausa
learn,learned,pcm_f_PHTT1F18_he_spontaneous_598,whisper-small,hausa
dey,"erase,",pcm_f_PHTT1F18_he_spontaneous_598,whisper-small,hausa
rest,it,pcm_f_PHTT1F18_he_spontaneous_598,whisper-small,hausa
e,helped,pcm_f_PHTT1F18_he_spontaneous_598,whisper-small,hausa
dey,delete,pcm_f_PHTT1F18_he_spontaneous_598,whisper-small,hausa
lie,"lie,",pcm_f_PHTT1F19_he_spontaneous_219,whisper-small,hausa
been,bin.,pcm_f_PHTT1F19_he_spontaneous_219,whisper-small,hausa
been,bin,pcm_f_PHTT1F19_he_spontaneous_219,whisper-small,hausa
dey,"defier,",pcm_f_PHTT1F19_he_spontaneous_219,whisper-small,hausa
come,can,pcm_f_PHTT1F19_he_spontaneous_219,whisper-small,hausa
know,not,pcm_f_PHTT1F19_he_spontaneous_219,whisper-small,hausa
say,"see,",pcm_f_PHTT1F19_he_spontaneous_219,whisper-small,hausa
dey,decay,pcm_f_PHTT1F19_he_spontaneous_219,whisper-small,hausa
cure,fast.,pcm_f_PHTT1F19_he_spontaneous_219,whisper-small,hausa
say,the,pcm_f_PHTT1F21_he_spontaneous_395,whisper-small,hausa
medicine,"medicine,",pcm_f_PHTT1F21_he_spontaneous_395,whisper-small,hausa
de,the,pcm_f_PHTT1F21_he_spontaneous_395,whisper-small,hausa
work,workshop,pcm_f_PHTT1F21_he_spontaneous_395,whisper-small,hausa
sharp,"shop,",pcm_f_PHTT1F21_he_spontaneous_395,whisper-small,hausa
sharp,they,pcm_f_PHTT1F21_he_spontaneous_395,whisper-small,hausa
fine,find,pcm_f_PHTT1F21_he_spontaneous_395,whisper-small,hausa
sum,some,pcm_f_PHTT1F23_he_spontaneous_256,whisper-small,hausa
dey,be,pcm_f_PHTT1F23_he_spontaneous_256,whisper-small,hausa
pray,prey.,pcm_f_PHTT1F23_he_spontaneous_256,whisper-small,hausa
[um],"them,",pcm_f_PHTT1F23_he_spontaneous_256,whisper-small,hausa
[?],anything.,pcm_f_PHTT1F23_he_spontaneous_256,whisper-small,hausa
nurse,not,pcm_f_PHTT1F23_he_spontaneous_352,whisper-small,hausa
no,snow,pcm_f_PHTT1F23_he_spontaneous_352,whisper-small,hausa
clinic,"clinic,",pcm_f_PHTT1F23_he_spontaneous_352,whisper-small,hausa
no,nobody,pcm_f_PHTT1F23_he_spontaneous_352,whisper-small,hausa
bodi,could,pcm_f_PHTT1F23_he_spontaneous_352,whisper-small,hausa
beta,better,pcm_f_PHTT1F23_he_spontaneous_352,whisper-small,hausa
treatment,treatment.,pcm_f_PHTT1F23_he_spontaneous_352,whisper-small,hausa
them,then,pcm_f_PHTT1F23_he_spontaneous_449,whisper-small,hausa
menstruation,"menstruation,",pcm_f_PHTT1F23_he_spontaneous_449,whisper-small,hausa
wen,where,pcm_f_PHTT1F23_he_spontaneous_449,whisper-small,hausa
quick,quick-quick,pcm_f_PHTT1F23_he_spontaneous_449,whisper-small,hausa
quick,stop.,pcm_f_PHTT1F23_he_spontaneous_449,whisper-small,hausa
stopplenty,plenty,pcm_f_PHTT1F23_he_spontaneous_449,whisper-small,hausa
learn,learned,pcm_f_PHTT1F23_he_spontaneous_449,whisper-small,hausa
am.,her.,pcm_f_PHTT1F23_he_spontaneous_449,whisper-small,hausa
long,must,pcm_f_PHTT1F23_he_spontaneous_452,whisper-small,hausa
days,reach,pcm_f_PHTT1F23_he_spontaneous_452,whisper-small,hausa
menstruation,a,pcm_f_PHTT1F23_he_spontaneous_452,whisper-small,hausa
matter,"mother,",pcm_f_PHTT1F23_he_spontaneous_452,whisper-small,hausa
but,what's,pcm_f_PHTT1F23_he_spontaneous_452,whisper-small,hausa
am.,on.,pcm_f_PHTT1F23_he_spontaneous_452,whisper-small,hausa
e,if,pcm_f_PHTT1F24_he_spontaneous_364,whisper-small,hausa
fit,it,pcm_f_PHTT1F24_he_spontaneous_364,whisper-small,hausa
make,makes,pcm_f_PHTT1F24_he_spontaneous_364,whisper-small,hausa
wey,when,pcm_f_PHTT1F24_he_spontaneous_364,whisper-small,hausa
fit,fits,pcm_f_PHTT1F24_he_spontaneous_364,whisper-small,hausa
kill,you,pcm_f_PHTT1F24_he_spontaneous_364,whisper-small,hausa
[um],belly,pcm_f_PHTT1F24_he_spontaneous_364,whisper-small,hausa
[um],shall,pcm_f_PHTT1F24_he_spontaneous_364,whisper-small,hausa
e,a,pcm_f_PHTT1F24_he_spontaneous_364,whisper-small,hausa
scientists,"scientists,",pcm_f_PHTT1F24_he_spontaneous_417,whisper-small,hausa
wahala,its,pcm_f_PHTT1F24_he_spontaneous_417,whisper-small,hausa
show,"peak,",pcm_f_PHTT1F24_he_spontaneous_417,whisper-small,hausa
belief,important.,pcm_f_PHTT1F24_he_spontaneous_417,whisper-small,hausa
important,are,pcm_f_PHTT1F24_he_spontaneous_417,whisper-small,hausa
dem,going,pcm_f_PHTT1F24_he_spontaneous_417,whisper-small,hausa
go,to,pcm_f_PHTT1F24_he_spontaneous_417,whisper-small,hausa
prayer,"joy,",pcm_f_PHTT1F24_he_spontaneous_417,whisper-small,hausa
join,and,pcm_f_PHTT1F24_he_spontaneous_417,whisper-small,hausa
medicine,medicine.,pcm_f_PHTT1F24_he_spontaneous_417,whisper-small,hausa
de,the,pcm_f_PHTT1F25_he_spontaneous_193,whisper-small,hausa
be,is,pcm_f_PHTT1F25_he_spontaneous_193,whisper-small,hausa
sayvillage,that,pcm_f_PHTT1F25_he_spontaneous_193,whisper-small,hausa
health,village,pcm_f_PHTT1F25_he_spontaneous_193,whisper-small,hausa
no,doesn't,pcm_f_PHTT1F25_he_spontaneous_193,whisper-small,hausa
dey,get,pcm_f_PHTT1F25_he_spontaneous_193,whisper-small,hausa
get,plenty,pcm_f_PHTT1F25_he_spontaneous_193,whisper-small,hausa
plenti,of,pcm_f_PHTT1F25_he_spontaneous_193,whisper-small,hausa
doctor,doctors,pcm_f_PHTT1F25_he_spontaneous_193,whisper-small,hausa
thing,things,pcm_f_PHTT1F25_he_spontaneous_193,whisper-small,hausa
wey,they,pcm_f_PHTT1F25_he_spontaneous_193,whisper-small,hausa
hormonal,omonia,pcm_f_PHTT1F26_he_spontaneous_244,whisper-small,hausa
iud,"iud,",pcm_f_PHTT1F26_he_spontaneous_244,whisper-small,hausa
many-many,many,pcm_f_PHTT1F26_he_spontaneous_244,whisper-small,hausa
years,years.,pcm_f_PHTT1F26_he_spontaneous_244,whisper-small,hausa
go,will,pcm_f_PHTT1F26_he_spontaneous_244,whisper-small,hausa
i,the,pcm_f_PHTT1F27_he_spontaneous_030,whisper-small,hausa
dey,"stop,",pcm_f_PHTT1F27_he_spontaneous_030,whisper-small,hausa
stop,i,pcm_f_PHTT1F27_he_spontaneous_030,whisper-small,hausa
like,sit,pcm_f_PHTT1F27_he_spontaneous_030,whisper-small,hausa
say,and,pcm_f_PHTT1F27_he_spontaneous_030,whisper-small,hausa
na,read,pcm_f_PHTT1F27_he_spontaneous_030,whisper-small,hausa
red,the,pcm_f_PHTT1F27_he_spontaneous_030,whisper-small,hausa
bird,beddy,pcm_f_PHTT1F27_he_spontaneous_030,whisper-small,hausa
sometimes,sometimes.,pcm_f_PHTT1F27_he_spontaneous_030,whisper-small,hausa
dey,intrigues,pcm_f_PHTT1F27_he_spontaneous_030,whisper-small,hausa
understand,"understand,",pcm_f_PHTT1F28_he_spontaneous_018,whisper-small,hausa
wetin,we've,pcm_f_PHTT1F28_he_spontaneous_018,whisper-small,hausa
a,seen,pcm_f_PHTT1F28_he_spontaneous_018,whisper-small,hausa
patient,patients,pcm_f_PHTT1F28_he_spontaneous_018,whisper-small,hausa
truetrue,truth.,pcm_f_PHTT1F28_he_spontaneous_018,whisper-small,hausa
e,if,pcm_f_PHTT1F28_he_spontaneous_018,whisper-small,hausa
fit,you,pcm_f_PHTT1F28_he_spontaneous_018,whisper-small,hausa
trust,trust.,pcm_f_PHTT1F28_he_spontaneous_018,whisper-small,hausa
to,so,pcm_f_PHTT1F28_he_spontaneous_044,whisper-small,hausa
really,"really,",pcm_f_PHTT1F28_he_spontaneous_044,whisper-small,hausa
immune,your,pcm_f_PHTT1F28_he_spontaneous_044,whisper-small,hausa
well,real,pcm_f_PHTT1F28_he_spontaneous_044,whisper-small,hausa
well,well.,pcm_f_PHTT1F28_he_spontaneous_044,whisper-small,hausa
know,not,pcm_f_PHTT1F28_he_spontaneous_421,whisper-small,hausa
say,see,pcm_f_PHTT1F28_he_spontaneous_421,whisper-small,hausa
wey,with,pcm_f_PHTT1F28_he_spontaneous_421,whisper-small,hausa
dem,"them,",pcm_f_PHTT1F28_he_spontaneous_421,whisper-small,hausa
from,for,pcm_f_PHTT1F28_he_spontaneous_421,whisper-small,hausa
fit,fittings,pcm_f_PHTT1F28_he_spontaneous_421,whisper-small,hausa
and,the,pcm_f_PHTT1F28_he_spontaneous_421,whisper-small,hausa
affordable,world's,pcm_f_PHTT1F28_he_spontaneous_421,whisper-small,hausa
healthcare,care.,pcm_f_PHTT1F28_he_spontaneous_421,whisper-small,hausa
you,usabis,pcm_f_PHTT1F29_he_spontaneous_029,whisper-small,hausa
dey,come,pcm_f_PHTT1F29_he_spontaneous_029,whisper-small,hausa
calming,in,pcm_f_PHTT1F29_he_spontaneous_029,whisper-small,hausa
hin,in,pcm_f_PHTT1F29_he_spontaneous_029,whisper-small,hausa
e,they,pcm_f_PHTT1F29_he_spontaneous_029,whisper-small,hausa
want,won't,pcm_f_PHTT1F31_he_spontaneous_164,whisper-small,hausa
coil,"koi,",pcm_f_PHTT1F31_he_spontaneous_164,whisper-small,hausa
na,no,pcm_f_PHTT1F31_he_spontaneous_164,whisper-small,hausa
e,in,pcm_f_PHTT1F31_he_spontaneous_164,whisper-small,hausa
need,"itoputa,",pcm_f_PHTT1F31_he_spontaneous_164,whisper-small,hausa
belle,belay,pcm_f_PHTT1F31_he_spontaneous_164,whisper-small,hausa
wan,won't,pcm_f_PHTT1F31_he_spontaneous_164,whisper-small,hausa
enter,enter.,pcm_f_PHTT1F31_he_spontaneous_164,whisper-small,hausa
drug.,drug,pcm_f_PHTT1F32_he_spontaneous_123,whisper-small,hausa
well,where,pcm_f_PHTT1F32_he_spontaneous_123,whisper-small,hausa
well,where,pcm_f_PHTT1F32_he_spontaneous_123,whisper-small,hausa
[um],the,pcm_f_PHTT1F32_he_spontaneous_123,whisper-small,hausa
na,now,pcm_f_PHTT1F32_he_spontaneous_123,whisper-small,hausa
dey,default,pcm_f_PHTT1F32_he_spontaneous_123,whisper-small,hausa
follow,look,pcm_f_PHTT1F32_he_spontaneous_123,whisper-small,hausa
on,"on,",pcm_f_PHTT1F32_he_spontaneous_409,whisper-small,hausa
u,you,pcm_f_PHTT1F32_he_spontaneous_409,whisper-small,hausa
u,you,pcm_f_PHTT1F32_he_spontaneous_409,whisper-small,hausa
belief,believe,pcm_f_PHTT1F32_he_spontaneous_409,whisper-small,hausa
together,"together,",pcm_f_PHTT1F32_he_spontaneous_409,whisper-small,hausa
pesin,person,pcm_f_PHTT1F32_he_spontaneous_409,whisper-small,hausa
beta,better,pcm_f_PHTT1F32_he_spontaneous_409,whisper-small,hausa
result,results.,pcm_f_PHTT1F32_he_spontaneous_409,whisper-small,hausa
checkup,every,pcm_f_PHTT1F35_he_spontaneous_059,whisper-small,hausa
everytime,time.,pcm_f_PHTT1F35_he_spontaneous_059,whisper-small,hausa
you,your,pcm_f_PHTT1F35_he_spontaneous_059,whisper-small,hausa
fit,feet,pcm_f_PHTT1F35_he_spontaneous_059,whisper-small,hausa
watin,what,pcm_f_PHTT1F35_he_spontaneous_059,whisper-small,hausa
you,you.,pcm_f_PHTT1F35_he_spontaneous_059,whisper-small,hausa
how,now,pcm_f_PHTT1F35_he_spontaneous_059,whisper-small,hausa
take,a,pcm_f_PHTT1F35_he_spontaneous_059,whisper-small,hausa
well,wheel.,pcm_f_PHTT1F35_he_spontaneous_059,whisper-small,hausa
many,"many,",pcm_f_PHTT1F35_he_spontaneous_345,whisper-small,hausa
things,"things,",pcm_f_PHTT1F35_he_spontaneous_345,whisper-small,hausa
dey,"they,",pcm_f_PHTT1F35_he_spontaneous_345,whisper-small,hausa
person,spacing,pcm_f_PHTT1F35_he_spontaneous_345,whisper-small,hausa
start,"starts,",pcm_f_PHTT1F35_he_spontaneous_345,whisper-small,hausa
say,see,pcm_f_PHTT1F35_he_spontaneous_345,whisper-small,hausa
e,in,pcm_f_PHTT1F35_he_spontaneous_345,whisper-small,hausa
dey,each,pcm_f_PHTT1F35_he_spontaneous_345,whisper-small,hausa
chop,other,pcm_f_PHTT1F35_he_spontaneous_345,whisper-small,hausa
things,things.,pcm_f_PHTT1F35_he_spontaneous_345,whisper-small,hausa
things,"things,",pcm_f_PHTT1F35_he_spontaneous_345,whisper-small,hausa
day,day.,pcm_f_PHTT1F35_he_spontaneous_345,whisper-small,hausa
wan,on,pcm_f_PHTT1F36_he_spontaneous_434,whisper-small,hausa
medicine,medicine.,pcm_f_PHTT1F36_he_spontaneous_434,whisper-small,hausa
you,"you,",pcm_f_PHTT1F37_he_spontaneous_316,whisper-small,hausa
[?],"suppose,",pcm_f_PHTT1F37_he_spontaneous_316,whisper-small,hausa
suppose,"um,",pcm_f_PHTT1F37_he_spontaneous_316,whisper-small,hausa
[um],savvy,pcm_f_PHTT1F37_he_spontaneous_316,whisper-small,hausa
chws,"trust,",pcm_f_PHTT1F37_he_spontaneous_316,whisper-small,hausa
don,don't,pcm_f_PHTT1F37_he_spontaneous_316,whisper-small,hausa
early,early.,pcm_f_PHTT1F37_he_spontaneous_316,whisper-small,hausa
make,may,pcm_f_PHTT1F37_he_spontaneous_316,whisper-small,hausa
you,your,pcm_f_PHTT1F38_he_spontaneous_071,whisper-small,hausa
try,training,pcm_f_PHTT1F38_he_spontaneous_071,whisper-small,hausa
pikin,picking,pcm_f_PHTT1F38_he_spontaneous_071,whisper-small,hausa
go,will,pcm_f_PHTT1F38_he_spontaneous_071,whisper-small,hausa
go,go.,pcm_f_PHTT1F38_he_spontaneous_071,whisper-small,hausa
wella,weller.,pcm_f_PHTT1F38_he_spontaneous_071,whisper-small,hausa
begin,began,pcm_f_PHTT1F38_he_spontaneous_222,whisper-small,hausa
learn,learning,pcm_f_PHTT1F38_he_spontaneous_222,whisper-small,hausa
gonorrhea,gloria,pcm_f_PHTT1F38_he_spontaneous_222,whisper-small,hausa
talk,talk.,pcm_f_PHTT1F38_he_spontaneous_222,whisper-small,hausa
oats,"oh,",pcm_f_PHTT1F39_he_spontaneous_360,whisper-small,hausa
help,have,pcm_f_PHTT1F39_he_spontaneous_360,whisper-small,hausa
milk,"muc,",pcm_f_PHTT1F39_he_spontaneous_360,whisper-small,hausa
na,not,pcm_f_PHTT1F39_he_spontaneous_360,whisper-small,hausa
true,true-true,pcm_f_PHTT1F39_he_spontaneous_360,whisper-small,hausa
u,you,pcm_f_PHTT1F40_he_spontaneous_094,whisper-small,hausa
knw,know,pcm_f_PHTT1F40_he_spontaneous_094,whisper-small,hausa
say,safe,pcm_f_PHTT1F40_he_spontaneous_094,whisper-small,hausa
outreach,outreach.,pcm_f_PHTT1F40_he_spontaneous_094,whisper-small,hausa
plenti,"plenty,",pcm_f_PHTT1F40_he_spontaneous_094,whisper-small,hausa
plenti,plenty,pcm_f_PHTT1F40_he_spontaneous_094,whisper-small,hausa
check,checkup,pcm_f_PHTT1F40_he_spontaneous_094,whisper-small,hausa
test,tests.,pcm_f_PHTT1F40_he_spontaneous_094,whisper-small,hausa
doctor,"doctors,",pcm_f_PHTT1F40_he_spontaneous_418,whisper-small,hausa
doctor,have,pcm_f_PHTT1F40_he_spontaneous_418,whisper-small,hausa
sabi,a,pcm_f_PHTT1F40_he_spontaneous_418,whisper-small,hausa
belief,believes,pcm_f_PHTT1F40_he_spontaneous_418,whisper-small,hausa
well,"well,",pcm_f_PHTT1F40_he_spontaneous_418,whisper-small,hausa
e,they,pcm_f_PHTT1F40_he_spontaneous_418,whisper-small,hausa
go,can,pcm_f_PHTT1F40_he_spontaneous_418,whisper-small,hausa
better,better.,pcm_f_PHTT1F40_he_spontaneous_418,whisper-small,hausa
hospital,hospitals,pcm_f_PHTT1F40_he_spontaneous_418,whisper-small,hausa
how,out,pcm_f_PHTT1F40_he_spontaneous_418,whisper-small,hausa
work,walk.,pcm_f_PHTT1F40_he_spontaneous_418,whisper-small,hausa
and,are,pcm_f_PHTT1F40_he_spontaneous_546,whisper-small,hausa
nurses,not,pcm_f_PHTT1F40_he_spontaneous_546,whisper-small,hausa
suppose,supposed,pcm_f_PHTT1F40_he_spontaneous_546,whisper-small,hausa
dey,to,pcm_f_PHTT1F40_he_spontaneous_546,whisper-small,hausa
ask,answer,pcm_f_PHTT1F40_he_spontaneous_546,whisper-small,hausa
question,questions,pcm_f_PHTT1F40_he_spontaneous_546,whisper-small,hausa
wetin,waiting,pcm_f_PHTT1F40_he_spontaneous_546,whisper-small,hausa
concern,concerning,pcm_f_PHTT1F40_he_spontaneous_546,whisper-small,hausa
[um],people's,pcm_f_PHTT1F40_he_spontaneous_546,whisper-small,hausa
needs,needs.,pcm_f_PHTT1F40_he_spontaneous_546,whisper-small,hausa
correct,corrected,pcm_f_PHTT1F41_he_spontaneous_164,whisper-small,hausa
healthcare,care,pcm_f_PHTT1F41_he_spontaneous_164,whisper-small,hausa
plan,plan.,pcm_f_PHTT1F41_he_spontaneous_164,whisper-small,hausa
lis,listen,pcm_f_PHTT1F41_he_spontaneous_313,whisper-small,hausa
ten,to,pcm_f_PHTT1F41_he_spontaneous_313,whisper-small,hausa
to,a,pcm_f_PHTT1F41_he_spontaneous_313,whisper-small,hausa
patients,patient,pcm_f_PHTT1F41_he_spontaneous_313,whisper-small,hausa
dem,"them,",pcm_f_PHTT1F41_he_spontaneous_313,whisper-small,hausa
help,have,pcm_f_PHTT1F41_he_spontaneous_313,whisper-small,hausa
[um],to,pcm_f_PHTT1F41_he_spontaneous_313,whisper-small,hausa
[um],a,pcm_f_PHTT1F41_he_spontaneous_313,whisper-small,hausa
hospital,hospital.,pcm_f_PHTT1F41_he_spontaneous_313,whisper-small,hausa
amwhen,when,pcm_f_PHTT1F43_he_spontaneous_159,whisper-small,hausa
treatment,treatments,pcm_f_PHTT1F43_he_spontaneous_159,whisper-small,hausa
e,if,pcm_f_PHTT1F43_he_spontaneous_159,whisper-small,hausa
help,help.,pcm_f_PHTT1F43_he_spontaneous_159,whisper-small,hausa
dem,"them,",pcm_f_PHTT1F43_he_spontaneous_298,whisper-small,hausa
informate,information,pcm_f_PHTT1F43_he_spontaneous_298,whisper-small,hausa
e,if,pcm_f_PHTT1F43_he_spontaneous_298,whisper-small,hausa
help,"help,",pcm_f_PHTT1F43_he_spontaneous_298,whisper-small,hausa
well,"well,",pcm_f_PHTT1F43_he_spontaneous_298,whisper-small,hausa
well,well.,pcm_f_PHTT1F43_he_spontaneous_298,whisper-small,hausa
actually,"actually,",pcm_f_PHTT1F44_he_spontaneous_324,whisper-small,hausa
[um],it,pcm_f_PHTT1F44_he_spontaneous_324,whisper-small,hausa
e,helps,pcm_f_PHTT1F44_he_spontaneous_324,whisper-small,hausa
dey,when,pcm_f_PHTT1F44_he_spontaneous_324,whisper-small,hausa
yarn,learn,pcm_f_PHTT1F44_he_spontaneous_324,whisper-small,hausa
treatments,treatment.,pcm_f_PHTT1F44_he_spontaneous_324,whisper-small,hausa
to,so,pcm_f_PHTT1F49_he_spontaneous_294,whisper-small,hausa
lis,listen,pcm_f_PHTT1F49_he_spontaneous_294,whisper-small,hausa
patients,patience,pcm_f_PHTT1F49_he_spontaneous_294,whisper-small,hausa
dem,"them,",pcm_f_PHTT1F49_he_spontaneous_294,whisper-small,hausa
help,"help,",pcm_f_PHTT1F49_he_spontaneous_294,whisper-small,hausa
hospital,them.,pcm_f_PHTT1F49_he_spontaneous_294,whisper-small,hausa
e,"okay,",pcm_f_PHTT1F49_he_spontaneous_375,whisper-small,hausa
good,good.,pcm_f_PHTT1F49_he_spontaneous_375,whisper-small,hausa
staff,is,pcm_f_PHTT1F49_he_spontaneous_375,whisper-small,hausa
hep,"missing,",pcm_f_PHTT1F49_he_spontaneous_375,whisper-small,hausa
persin,i'll,pcm_f_PHTT1F49_he_spontaneous_375,whisper-small,hausa
know,click,pcm_f_PHTT1F49_he_spontaneous_375,whisper-small,hausa
how,on,pcm_f_PHTT1F49_he_spontaneous_375,whisper-small,hausa
treatment,it,pcm_f_PHTT1F49_he_spontaneous_375,whisper-small,hausa
matter,and,pcm_f_PHTT1F49_he_spontaneous_375,whisper-small,hausa
da,it,pcm_f_PHTT1F49_he_spontaneous_375,whisper-small,hausa
be,will,pcm_f_PHTT1F49_he_spontaneous_375,whisper-small,hausa
no,not,pcm_f_PHTT1F49_he_spontaneous_375,whisper-small,hausa
para,parameter.,pcm_f_PHTT1F49_he_spontaneous_375,whisper-small,hausa
old,all,pcm_f_PHTT1F52_he_spontaneous_077,whisper-small,hausa
e,eat,pcm_f_PHTT1F52_he_spontaneous_077,whisper-small,hausa
woman,women,pcm_f_PHTT1F54_he_spontaneous_317,whisper-small,hausa
born,goes,pcm_f_PHTT1F54_he_spontaneous_317,whisper-small,hausa
pikin,picking.,pcm_f_PHTT1F54_he_spontaneous_317,whisper-small,hausa
both,to,pcm_f_PHTT1F54_he_spontaneous_317,whisper-small,hausa
and[um]the,picking,pcm_f_PHTT1F54_he_spontaneous_317,whisper-small,hausa
pikin,"body,",pcm_f_PHTT1F54_he_spontaneous_317,whisper-small,hausa
body,they,pcm_f_PHTT1F54_he_spontaneous_317,whisper-small,hausa
dey,can,pcm_f_PHTT1F54_he_spontaneous_317,whisper-small,hausa
kampe,play,pcm_f_PHTT1F54_he_spontaneous_317,whisper-small,hausa
well,well.,pcm_f_PHTT1F54_he_spontaneous_317,whisper-small,hausa
help,helped,pcm_f_PHTT1F55_he_spontaneous_340,whisper-small,hausa
wella,well.,pcm_f_PHTT1F55_he_spontaneous_340,whisper-small,hausa
true,"true,",pcm_f_PHTT1F56_he_spontaneous_600,whisper-small,hausa
ourselves,"ourselves,",pcm_f_PHTT1F56_he_spontaneous_600,whisper-small,hausa
e,equal,pcm_f_PHTT1F56_he_spontaneous_600,whisper-small,hausa
for,follow,pcm_f_PHTT1F56_he_spontaneous_600,whisper-small,hausa
faith,feet.,pcm_f_PHTT1F56_he_spontaneous_600,whisper-small,hausa
hmm,many,pcm_f_PHTT1F56_he_spontaneous_600,whisper-small,hausa
medicine,single,pcm_f_PHTT1F56_he_spontaneous_600,whisper-small,hausa
go,walks,pcm_f_PHTT1F56_he_spontaneous_600,whisper-small,hausa
work,"together,",pcm_f_PHTT1F56_he_spontaneous_600,whisper-small,hausa
together,"well,",pcm_f_PHTT1F56_he_spontaneous_600,whisper-small,hausa
well,well.,pcm_f_PHTT1F56_he_spontaneous_600,whisper-small,hausa
centre,center,pcm_f_PHTT1F57_he_spontaneous_410,whisper-small,hausa
don,don't,pcm_f_PHTT1F57_he_spontaneous_410,whisper-small,hausa
paper,paper.,pcm_f_PHTT1F57_he_spontaneous_410,whisper-small,hausa
wey,we,pcm_f_PHTT1F57_he_spontaneous_410,whisper-small,hausa
cancer,that's,pcm_f_PHTT1F57_he_spontaneous_410,whisper-small,hausa
that,what,pcm_f_PHTT1F57_he_spontaneous_410,whisper-small,hausa
one,i'm,pcm_f_PHTT1F57_he_spontaneous_410,whisper-small,hausa
ooo,at.,pcm_f_PHTT1F57_he_spontaneous_410,whisper-small,hausa
wey,we,pcm_f_PHTT1F63_he_spontaneous_255,whisper-small,hausa
wey,with,pcm_f_PHTT1F63_he_spontaneous_255,whisper-small,hausa
doctor,dr.,pcm_f_PHTT1F63_he_spontaneous_255,whisper-small,hausa
go,goa,pcm_f_PHTT1F63_he_spontaneous_255,whisper-small,hausa
agree,griewit.,pcm_f_PHTT1F63_he_spontaneous_255,whisper-small,hausa
hear,help,pcm_f_PHTT1F64_he_spontaneous_138,whisper-small,hausa
patient,patients,pcm_f_PHTT1F64_he_spontaneous_138,whisper-small,hausa
dem,"them,",pcm_f_PHTT1F64_he_spontaneous_138,whisper-small,hausa
dem,them.,pcm_f_PHTT1F64_he_spontaneous_138,whisper-small,hausa
hospital,to,pcm_f_PHTT1F64_he_spontaneous_138,whisper-small,hausa
better,better.,pcm_f_PHTT1F64_he_spontaneous_138,whisper-small,hausa
lie,lying.,pcm_f_PHTT1F64_he_spontaneous_138,whisper-small,hausa
gonorrhea,"gonorrhea,",pcm_f_PHTT1F65_he_spontaneous_143,whisper-small,hausa
na,an,pcm_f_PHTT1F65_he_spontaneous_143,whisper-small,hausa
topic,atopic,pcm_f_PHTT1F65_he_spontaneous_143,whisper-small,hausa
suppose,supposed,pcm_f_PHTT1F65_he_spontaneous_143,whisper-small,hausa
dey,to,pcm_f_PHTT1F65_he_spontaneous_143,whisper-small,hausa
honesty,honesty.,pcm_f_PHTT1F65_he_spontaneous_143,whisper-small,hausa
and,are,pcm_f_PHTT1F67_he_spontaneous_522,whisper-small,hausa
nurses,not,pcm_f_PHTT1F67_he_spontaneous_522,whisper-small,hausa
suppose,supposed,pcm_f_PHTT1F67_he_spontaneous_522,whisper-small,hausa
suppose,to,pcm_f_PHTT1F67_he_spontaneous_522,whisper-small,hausa
person,personal,pcm_f_PHTT1F67_he_spontaneous_522,whisper-small,hausa
belief,beliefs,pcm_f_PHTT1F67_he_spontaneous_522,whisper-small,hausa
respect,respect.,pcm_f_PHTT1F67_he_spontaneous_522,whisper-small,hausa
wan,on,pcm_f_PHTT1F7_he_spontaneous_036,whisper-small,hausa
pray,pretty,pcm_f_PHTT1F7_he_spontaneous_036,whisper-small,hausa
fast,"fast,",pcm_f_PHTT1F7_he_spontaneous_036,whisper-small,hausa
pray,pretty,pcm_f_PHTT1F7_he_spontaneous_036,whisper-small,hausa
fast,fast.,pcm_f_PHTT1F7_he_spontaneous_036,whisper-small,hausa
[um],all,pcm_f_PHTT1F7_he_spontaneous_036,whisper-small,hausa
dem[um]operate,oppress,pcm_f_PHTT1F7_he_spontaneous_036,whisper-small,hausa
dia,their,pcm_f_PHTT1F7_he_spontaneous_036,whisper-small,hausa
person,person.,pcm_f_PHTT1F7_he_spontaneous_036,whisper-small,hausa
scientist,scientists,pcm_f_PHTT1F7_he_spontaneous_159,whisper-small,hausa
get,good,pcm_f_PHTT1F7_he_spontaneous_159,whisper-small,hausa
say,see,pcm_f_PHTT1F7_he_spontaneous_159,whisper-small,hausa
mata,matter,pcm_f_PHTT1F7_he_spontaneous_159,whisper-small,hausa
community,community.,pcm_f_PHTT1F7_he_spontaneous_159,whisper-small,hausa
one,won't,pcm_f_PHTT1F7_he_spontaneous_159,whisper-small,hausa
self,save,pcm_f_PHTT1F7_he_spontaneous_159,whisper-small,hausa
normal,our,pcm_f_PHTT1F7_he_spontaneous_159,whisper-small,hausa
treatment,treatment.,pcm_f_PHTT1F7_he_spontaneous_159,whisper-small,hausa
lis,listen,pcm_f_PHTT1F7_he_spontaneous_321,whisper-small,hausa
work,"work,",pcm_f_PHTT1F7_he_spontaneous_321,whisper-small,hausa
stress,stress.,pcm_f_PHTT1F7_he_spontaneous_321,whisper-small,hausa
dey,echoed,pcm_f_PHTT1F7_he_spontaneous_321,whisper-small,hausa
breeze,breeze.,pcm_f_PHTT1F7_he_spontaneous_321,whisper-small,hausa
true,"chuchu,",pcm_f_PHTT1F8_he_spontaneous_083,whisper-small,hausa
pikin,picking,pcm_f_PHTT1F8_he_spontaneous_083,whisper-small,hausa
na,9,pcm_f_PHTT1F8_he_spontaneous_083,whisper-small,hausa
important,potamata.,pcm_f_PHTT1F8_he_spontaneous_083,whisper-small,hausa
patient’s,patient's,pcm_f_PHTT1F8_he_spontaneous_450,whisper-small,hausa
beliefs,"belief,",pcm_f_PHTT1F8_he_spontaneous_450,whisper-small,hausa
well.,way.,pcm_f_PHTT1F8_he_spontaneous_450,whisper-small,hausa
health,"health,",pcm_f_PHTT1F9_he_spontaneous_031,whisper-small,hausa
wahala,they,pcm_f_PHTT1F9_he_spontaneous_031,whisper-small,hausa
am,and,pcm_f_PHTT1F9_he_spontaneous_031,whisper-small,hausa
waka,work,pcm_f_PHTT1F9_he_spontaneous_031,whisper-small,hausa
like,alike,pcm_f_PHTT1F9_he_spontaneous_031,whisper-small,hausa
movie,"movie,",pcm_f_PHTT1F9_he_spontaneous_031,whisper-small,hausa
back-up,backup,pcm_f_PHTT1F9_he_spontaneous_031,whisper-small,hausa
dey,very,pcm_f_PHTT2F10_he_spontaneous_125,whisper-small,hausa
peaceful,"peaceful,",pcm_f_PHTT2F10_he_spontaneous_125,whisper-small,hausa
at,attend,pcm_f_PHTT2F12_he_spontaneous_302,whisper-small,hausa
talk,talk.,pcm_f_PHTT2F12_he_spontaneous_302,whisper-small,hausa
then,"then,",pcm_f_PHTT2F12_he_spontaneous_302,whisper-small,hausa
start,started,pcm_f_PHTT2F12_he_spontaneous_302,whisper-small,hausa
do,due,pcm_f_PHTT2F12_he_spontaneous_302,whisper-small,hausa
test,test.,pcm_f_PHTT2F12_he_spontaneous_302,whisper-small,hausa
true,"true,",pcm_f_PHTT2F14_he_spontaneous_177,whisper-small,hausa
pikin,picking,pcm_f_PHTT2F14_he_spontaneous_177,whisper-small,hausa
well,"well,",pcm_f_PHTT2F14_he_spontaneous_177,whisper-small,hausa
well,well.,pcm_f_PHTT2F14_he_spontaneous_177,whisper-small,hausa
always,"always,",pcm_f_PHTT2F14_he_spontaneous_177,whisper-small,hausa
una,a,pcm_f_PHTT2F14_he_spontaneous_177,whisper-small,hausa
hospital,"hospital,",pcm_f_PHTT2F14_he_spontaneous_177,whisper-small,hausa
like,like.,pcm_f_PHTT2F14_he_spontaneous_177,whisper-small,hausa
parents,"parents,",pcm_f_PHTT2F14_he_spontaneous_382,whisper-small,hausa
advised,"advise,",pcm_f_PHTT2F14_he_spontaneous_382,whisper-small,hausa
people,"people,",pcm_f_PHTT2F14_he_spontaneous_382,whisper-small,hausa
way,to,pcm_f_PHTT2F14_he_spontaneous_382,whisper-small,hausa
dem,their,pcm_f_PHTT2F14_he_spontaneous_382,whisper-small,hausa
wahala,"wahala,",pcm_f_PHTT2F14_he_spontaneous_382,whisper-small,hausa
iud,"iud,",pcm_f_PHTT2F15_he_spontaneous_340,whisper-small,hausa
comot,komotam,pcm_f_PHTT2F15_he_spontaneous_340,whisper-small,hausa
am,anytime.,pcm_f_PHTT2F15_he_spontaneous_340,whisper-small,hausa
e,is,pcm_f_PHTT2F15_he_spontaneous_340,whisper-small,hausa
dey,"inside,",pcm_f_PHTT2F15_he_spontaneous_340,whisper-small,hausa
inside,it,pcm_f_PHTT2F15_he_spontaneous_340,whisper-small,hausa
e,is,pcm_f_PHTT2F15_he_spontaneous_340,whisper-small,hausa
dey,blocked,pcm_f_PHTT2F15_he_spontaneous_340,whisper-small,hausa
block,by,pcm_f_PHTT2F15_he_spontaneous_340,whisper-small,hausa
belle,left,pcm_f_PHTT2F15_he_spontaneous_340,whisper-small,hausa
true,true.,pcm_f_PHTT2F15_he_spontaneous_340,whisper-small,hausa
ah,"ah,",pcm_f_PHTT2F15_he_spontaneous_574,whisper-small,hausa
go,would,pcm_f_PHTT2F15_he_spontaneous_574,whisper-small,hausa
breathing—na,now,pcm_f_PHTT2F15_he_spontaneous_574,whisper-small,hausa
dey,did,pcm_f_PHTT2F15_he_spontaneous_574,whisper-small,hausa
gain,gateway,pcm_f_PHTT2F16_he_spontaneous_264,whisper-small,hausa
wey,day,pcm_f_PHTT2F16_he_spontaneous_264,whisper-small,hausa
dey,"worker,",pcm_f_PHTT2F16_he_spontaneous_264,whisper-small,hausa
join,john,pcm_f_PHTT2F16_he_spontaneous_264,whisper-small,hausa
am,amp,pcm_f_PHTT2F16_he_spontaneous_264,whisper-small,hausa
e,eat,pcm_f_PHTT2F16_he_spontaneous_264,whisper-small,hausa
be,bijook.,pcm_f_PHTT2F16_he_spontaneous_264,whisper-small,hausa
you,use,pcm_f_PHTT2F16_he_spontaneous_485,whisper-small,hausa
suppose,supposed,pcm_f_PHTT2F16_he_spontaneous_485,whisper-small,hausa
rest,rest.,pcm_f_PHTT2F16_he_spontaneous_485,whisper-small,hausa
suppose,supposed,pcm_f_PHTT2F16_he_spontaneous_485,whisper-small,hausa
rest,rest.,pcm_f_PHTT2F16_he_spontaneous_485,whisper-small,hausa
well,"well,",pcm_f_PHTT2F16_he_spontaneous_485,whisper-small,hausa
enuf,enough,pcm_f_PHTT2F16_he_spontaneous_485,whisper-small,hausa
water,water.,pcm_f_PHTT2F16_he_spontaneous_485,whisper-small,hausa
fit,"fit,",pcm_f_PHTT2F16_he_spontaneous_485,whisper-small,hausa
symptoms,symptoms.,pcm_f_PHTT2F16_he_spontaneous_485,whisper-small,hausa
beta,better,pcm_f_PHTT2F16_he_spontaneous_485,whisper-small,hausa
at,have,pcm_f_PHTT2F17_he_spontaneous_557,whisper-small,hausa
ten,sent,pcm_f_PHTT2F17_he_spontaneous_557,whisper-small,hausa
[um],shamai,pcm_f_PHTT2F17_he_spontaneous_557,whisper-small,hausa
see,"see,",pcm_f_PHTT2F23_he_spontaneous_103,whisper-small,hausa
doctor,dr.,pcm_f_PHTT2F23_he_spontaneous_103,whisper-small,hausa
yarn,"yancy,",pcm_f_PHTT2F23_he_spontaneous_103,whisper-small,hausa
long.,long!,pcm_f_PHTT2F23_he_spontaneous_103,whisper-small,hausa
iuds,ayudhiz,pcm_f_PHTT2F23_he_spontaneous_193,whisper-small,hausa
wey,weh,pcm_f_PHTT2F23_he_spontaneous_193,whisper-small,hausa
we,"weh,",pcm_f_PHTT2F23_he_spontaneous_193,whisper-small,hausa
yarn,yearn,pcm_f_PHTT2F23_he_spontaneous_193,whisper-small,hausa
more,"smoke,",pcm_f_PHTT2F23_he_spontaneous_193,whisper-small,hausa
clear,"clay,",pcm_f_PHTT2F23_he_spontaneous_193,whisper-small,hausa
true,tru,pcm_f_PHTT2F23_he_spontaneous_193,whisper-small,hausa
true.,tru.,pcm_f_PHTT2F23_he_spontaneous_193,whisper-small,hausa
lie,"lie,",pcm_f_PHTT2F27_he_spontaneous_044,whisper-small,hausa
wetin,waiting,pcm_f_PHTT2F27_he_spontaneous_044,whisper-small,hausa
am,"arm,",pcm_f_PHTT2F27_he_spontaneous_044,whisper-small,hausa
dey,will,pcm_f_PHTT2F27_he_spontaneous_044,whisper-small,hausa
sabi,being,pcm_f_PHTT2F35_he_spontaneous_221,whisper-small,hausa
[um],on,pcm_f_PHTT2F35_he_spontaneous_221,whisper-small,hausa
ah,our,pcm_f_PHTT2F35_he_spontaneous_221,whisper-small,hausa
true,"true,",pcm_f_PHTT2F35_he_spontaneous_221,whisper-small,hausa
healed,healed.,pcm_f_PHTT2F35_he_spontaneous_221,whisper-small,hausa
[um],they,pcm_f_PHTT2F7_he_spontaneous_091,whisper-small,hausa
too,two,pcm_f_PHTT2F8_he_spontaneous_052,whisper-small,hausa
drink,drinks,pcm_f_PHTT2F8_he_spontaneous_052,whisper-small,hausa
sweet,we,pcm_f_PHTT2F8_he_spontaneous_052,whisper-small,hausa
wan,want,pcm_f_PHTT2F8_he_spontaneous_052,whisper-small,hausa
[um],"hasn't,",pcm_f_PHTT2F8_he_spontaneous_175,whisper-small,hausa
[um],"eh,",pcm_f_PHTT2F8_he_spontaneous_175,whisper-small,hausa
we,will,pcm_f_PHTT2F8_he_spontaneous_175,whisper-small,hausa
sabi,say,pcm_f_PHTT2F8_he_spontaneous_175,whisper-small,hausa
sti,b.s.t.i.,pcm_f_PHTT2F8_he_spontaneous_175,whisper-small,hausa
testing,testing.,pcm_f_PHTT2F8_he_spontaneous_175,whisper-small,hausa
doctor,talked,pcm_f_PHTT2F8_he_spontaneous_528,whisper-small,hausa
[um],to,pcm_f_PHTT2F8_he_spontaneous_528,whisper-small,hausa
nurse,see,pcm_f_PHTT2F8_he_spontaneous_528,whisper-small,hausa
hear,a,pcm_f_PHTT2F8_he_spontaneous_528,whisper-small,hausa
dem,"them,",pcm_f_PHTT2F8_he_spontaneous_528,whisper-small,hausa
go,will,pcm_f_PHTT2F8_he_spontaneous_528,whisper-small,hausa
[um],in,pcm_f_PHTT2F8_he_spontaneous_528,whisper-small,hausa
e,you,pcm_f_PHTT2F9_he_spontaneous_116,whisper-small,hausa
beta,better,pcm_f_PHTT2F9_he_spontaneous_116,whisper-small,hausa
tinz,things,pcm_f_PHTT2F9_he_spontaneous_116,whisper-small,hausa
wey,we,pcm_f_PHTT2F9_he_spontaneous_116,whisper-small,hausa
you,do,pcm_f_PHTT2F9_he_spontaneous_116,whisper-small,hausa
dey,every,pcm_f_PHTT2F9_he_spontaneous_116,whisper-small,hausa
do,day.,pcm_f_PHTT2F9_he_spontaneous_116,whisper-small,hausa
fit,repeat,pcm_f_PM4F1_ev_read_005,whisper-small,multilingual
machines,machine,pcm_f_PM4F1_ev_read_005,whisper-small,multilingual
footprint,footprint.,pcm_f_PM4F1_ev_read_005,whisper-small,multilingual
parti,party,pcm_f_PM4F1_ev_read_149,whisper-small,multilingual
no,now,pcm_f_PM4F1_ev_read_149,whisper-small,multilingual
e,if,pcm_f_PM4F1_ev_read_149,whisper-small,multilingual
fit,it,pcm_f_PM4F1_ev_read_149,whisper-small,multilingual
us,or,pcm_f_PM4F1_ev_read_192,whisper-small,pidgin
make,smoke,pcm_f_PM4F1_ev_read_192,whisper-small,pidgin
we,will,pcm_f_PM4F1_ev_read_192,whisper-small,pidgin
men,interfaces,pcm_f_PM4F1_ev_read_192,whisper-small,pidgin
happen.,happens.,pcm_f_PM4F1_ev_read_192,whisper-small,pidgin
get,gets,pcm_f_PM4F1_ev_read_245,whisper-small,multilingual
man,man-way,pcm_f_PM4F1_ev_read_245,whisper-small,multilingual
wey,wind-carry,pcm_f_PM4F1_ev_read_245,whisper-small,multilingual
wind,in,pcm_f_PM4F1_ev_read_245,whisper-small,multilingual
carry,muroop,pcm_f_PM4F1_ev_read_245,whisper-small,multilingual
im,comet,pcm_f_PM4F1_ev_read_245,whisper-small,multilingual
"word,",what,pcm_f_PM4F1_ev_read_252,whisper-small,pidgin
dis,this,pcm_f_PM4F1_ev_read_252,whisper-small,pidgin
go,watered,pcm_f_PM4F1_ev_read_252,whisper-small,pidgin
and,a,pcm_f_PM4F1_ev_read_252,whisper-small,pidgin
beat,bit,pcm_f_PM4F1_ev_read_252,whisper-small,pidgin
am,and,pcm_f_PM4F1_ev_read_252,whisper-small,pidgin
well,well.,pcm_f_PM4F1_ev_read_252,whisper-small,pidgin
mallam,malawi,pcm_f_PM4F1_ev_read_292,whisper-small,pidgin
wey,dsl,pcm_f_PM4F1_ev_read_292,whisper-small,pidgin
dey,provisional,pcm_f_PM4F1_ev_read_292,whisper-small,pidgin
gate.,gates.,pcm_f_PM4F1_ev_read_292,whisper-small,pidgin
government,their,pcm_f_PM4F1_ev_read_319,whisper-small,multilingual
dem,to,pcm_f_PM4F1_ev_read_319,whisper-small,multilingual
food,food.,pcm_f_PM4F1_ev_read_319,whisper-small,multilingual
food,"food,",pcm_f_PM4F1_ev_read_420,whisper-small,multilingual
be,we,pcm_f_PM4F1_ev_read_420,whisper-small,multilingual
"sey,","say,",pcm_f_PM4F1_ev_read_420,whisper-small,multilingual
e,is,pcm_f_PM4F1_ev_read_420,whisper-small,multilingual
dey,your,pcm_f_PM4F1_ev_read_420,whisper-small,multilingual
cost,cost-fast,pcm_f_PM4F1_ev_read_420,whisper-small,multilingual
food,food.,pcm_f_PM4F1_ev_read_420,whisper-small,multilingual
over,over-reli,pcm_f_PM4F1_ev_read_523,whisper-small,multilingual
much,"much,",pcm_f_PM4F1_ev_read_523,whisper-small,multilingual
stain,10-year-old,pcm_f_PM4F1_ev_read_523,whisper-small,multilingual
your,white.,pcm_f_PM4F1_ev_read_523,whisper-small,multilingual
iike.,like,pcm_f_PM4F3_ev_read_033,whisper-small,multilingual
go,will,pcm_f_PM4F3_ev_read_043,whisper-small,multilingual
matter,"matter,",pcm_f_PM4F3_ev_read_093,whisper-small,multilingual
lawyer,"lawyer,",pcm_f_PM4F3_ev_read_093,whisper-small,multilingual
redress,dress.,pcm_f_PM4F3_ev_read_093,whisper-small,multilingual
wetin,waiting,pcm_f_PM4F3_ev_read_146,whisper-small,multilingual
for,"for,",pcm_f_PM4F3_ev_read_146,whisper-small,multilingual
am,them.,pcm_f_PM4F3_ev_read_146,whisper-small,multilingual
wan,want,pcm_f_PM4F3_ev_read_181,whisper-small,multilingual
something,something.,pcm_f_PM4F3_ev_read_181,whisper-small,multilingual
go,will,pcm_f_PM4F3_ev_read_181,whisper-small,multilingual
now,now.,pcm_f_PM4F3_ev_read_181,whisper-small,multilingual
"far,",far,pcm_f_PM4F3_ev_read_342,whisper-small,multilingual
dey,did,pcm_f_PM4F3_ev_read_342,whisper-small,multilingual
babe,"babe,",pcm_f_PM4F3_ev_read_388,whisper-small,multilingual
assurance,"assurance,",pcm_f_PM4F3_ev_read_388,whisper-small,multilingual
say,you,pcm_f_PM4F3_ev_read_388,whisper-small,multilingual
he,"know,",pcm_f_PM4F3_ev_read_388,whisper-small,multilingual
person,facing,pcm_f_PM4F3_ev_read_418,whisper-small,pidgin
fit,fit-managed,pcm_f_PM4F3_ev_read_418,whisper-small,pidgin
im,you,pcm_f_PM4F3_ev_read_418,whisper-small,pidgin
im,himself.,pcm_f_PM4F3_ev_read_418,whisper-small,pidgin
e,you,pcm_f_PM4F3_ev_read_449,whisper-small,multilingual
feelings,feelings.,pcm_f_PM4F3_ev_read_449,whisper-small,multilingual
na,now,pcm_f_PM4F3_ev_read_492,whisper-small,multilingual
moves,"moves,",pcm_f_PM4F3_ev_read_492,whisper-small,multilingual
dis,this,pcm_f_PM4F3_ev_read_492,whisper-small,multilingual
guy,guide,pcm_f_PM4F3_ev_read_492,whisper-small,multilingual
dey,displays,pcm_f_PM4F3_ev_read_492,whisper-small,multilingual
display,soho,pcm_f_PM4F3_ev_read_492,whisper-small,multilingual
so,if,pcm_f_PM4F3_ev_read_492,whisper-small,multilingual
"o,",it,pcm_f_PM4F3_ev_read_492,whisper-small,multilingual
e,wins.,pcm_f_PM4F3_ev_read_492,whisper-small,multilingual
na,now,pcm_f_PM4F3_ev_read_497,whisper-small,multilingual
"planning,",planning,pcm_f_PM4F3_ev_read_497,whisper-small,multilingual
e,either,pcm_f_PM4F3_ev_read_497,whisper-small,multilingual
well-well.,well.,pcm_f_PM4F3_ev_read_497,whisper-small,multilingual
una,"small,",pcm_f_PM4F3_ev_read_538,whisper-small,pidgin
small-small,small,pcm_f_PM4F3_ev_read_538,whisper-small,pidgin
contribution,contribution.,pcm_f_PM4F3_ev_read_538,whisper-small,pidgin
togeda,together.,pcm_f_PM4F3_ev_read_538,whisper-small,pidgin
una,one,pcm_f_PM4F3_ev_read_538,whisper-small,pidgin
tin.,team.,pcm_f_PM4F3_ev_read_538,whisper-small,pidgin
dem,are,pcm_f_PP1F1_ev_read_275,whisper-small,pidgin
announce,now,pcm_f_PP1F1_ev_read_275,whisper-small,pidgin
"repair,",repairs,pcm_f_PP1F1_ev_read_275,whisper-small,pidgin
heavy.,av,pcm_f_PP1F1_ev_read_275,whisper-small,pidgin
person,it,pcm_f_PP1F1_ev_read_290,whisper-small,pidgin
fit,fits,pcm_f_PP1F1_ev_read_290,whisper-small,pidgin
lie,like,pcm_f_PP1F1_ev_read_290,whisper-small,pidgin
wake,wakes,pcm_f_PP1F1_ev_read_290,whisper-small,pidgin
up,up.,pcm_f_PP1F1_ev_read_290,whisper-small,pidgin
dey,detone,pcm_f_PP1F1_ev_read_317,whisper-small,pidgin
bodi,body,pcm_f_PP1F1_ev_read_317,whisper-small,pidgin
loosen,losing,pcm_f_PP1F1_ev_read_317,whisper-small,pidgin
obi,obite,pcm_f_PP1F1_ev_read_565,whisper-small,pidgin
tell,ms,pcm_f_PP1F1_ev_read_565,whisper-small,pidgin
me,in,pcm_f_PP1F1_ev_read_565,whisper-small,pidgin
carry,curry,pcm_f_PP1F1_ev_read_565,whisper-small,pidgin
im,in,pcm_f_PP1F1_ev_read_565,whisper-small,pidgin
grave,griff,pcm_f_PP1F1_ev_read_565,whisper-small,pidgin
im,in,pcm_f_PP1F1_ev_read_575,whisper-small,pidgin
wen,when,pcm_f_PP1F1_ev_read_575,whisper-small,pidgin
die,die.,pcm_f_PP1F1_ev_read_575,whisper-small,pidgin
wan,won't,pcm_f_PP1F1_ev_read_597,whisper-small,pidgin
sister,"sister,",pcm_f_PP1F1_ev_read_597,whisper-small,pidgin
wan,want,pcm_f_PP1F1_ev_read_597,whisper-small,pidgin
save,safe,pcm_f_PP1F1_ev_read_597,whisper-small,pidgin
for,forum.,pcm_f_PP1F1_ev_read_597,whisper-small,pidgin
dey,they've,pcm_f_PP1F2_ev_read_083,whisper-small,pidgin
believe,been,pcm_f_PP1F2_ev_read_083,whisper-small,pidgin
in,living,pcm_f_PP1F2_ev_read_083,whisper-small,pidgin
charms,chance,pcm_f_PP1F2_ev_read_083,whisper-small,pidgin
na,not,pcm_f_PP1F2_ev_read_083,whisper-small,pidgin
religion,language,pcm_f_PP1F2_ev_read_083,whisper-small,pidgin
e,need,pcm_f_PP1F2_ev_read_083,whisper-small,pidgin
dey,to,pcm_f_PP1F2_ev_read_083,whisper-small,pidgin
them,them.,pcm_f_PP1F2_ev_read_083,whisper-small,pidgin
na,now,pcm_f_PP1F2_ev_read_306,whisper-small,pidgin
dey,"teach,",pcm_f_PP1F2_ev_read_306,whisper-small,pidgin
teach,now,pcm_f_PP1F2_ev_read_306,whisper-small,pidgin
challenge,make,pcm_f_PP1F2_ev_read_306,whisper-small,pidgin
beta,better,pcm_f_PP1F2_ev_read_306,whisper-small,pidgin
pesin.,person.,pcm_f_PP1F2_ev_read_306,whisper-small,pidgin
traditional,additional,pcm_f_PP1F3_ev_read_137,whisper-small,pidgin
healers,healers.,pcm_f_PP1F3_ev_read_137,whisper-small,pidgin
no,"no,",pcm_f_PP1F3_ev_read_137,whisper-small,pidgin
de,they,pcm_f_PP1F3_ev_read_137,whisper-small,pidgin
test,tests,pcm_f_PP1F3_ev_read_137,whisper-small,pidgin
treatment,treatment.,pcm_f_PP1F3_ev_read_137,whisper-small,pidgin
medicine,"medicine,",pcm_f_PP1F3_ev_read_137,whisper-small,pidgin
test,tests.,pcm_f_PP1F3_ev_read_137,whisper-small,pidgin
na,not,pcm_f_PP1F3_ev_read_341,whisper-small,pidgin
talk,"talk,",pcm_f_PP1F3_ev_read_341,whisper-small,pidgin
wey,wayfika,pcm_f_PP1F3_ev_read_341,whisper-small,pidgin
fit,iwala,pcm_f_PP1F3_ev_read_341,whisper-small,pidgin
you,we,pcm_f_PP1F3_ev_read_341,whisper-small,pidgin
shape,ship,pcm_f_PP1F3_ev_read_341,whisper-small,pidgin
talk,talker.,pcm_f_PP1F3_ev_read_341,whisper-small,pidgin
changing,changes,pcm_f_PP1F3_ev_read_512,whisper-small,pidgin
patterns,pattern,pcm_f_PP1F3_ev_read_512,whisper-small,pidgin
extremes,extreme,pcm_f_PP1F3_ev_read_512,whisper-small,pidgin
heatwaves.,waves.,pcm_f_PP1F3_ev_read_512,whisper-small,pidgin
di,cost-conditional,pcm_f_PP1F3_ev_read_600,whisper-small,pidgin
festival.,festival,pcm_f_PP1F3_ev_read_600,whisper-small,pidgin
come,"come,",pcm_f_PP2F1_ev_read_036,whisper-small,pidgin
pain,pen,pcm_f_PP2F1_ev_read_036,whisper-small,pidgin
me,me.,pcm_f_PP2F1_ev_read_036,whisper-small,pidgin
pesin,person,pcm_f_PP2F1_ev_read_055,whisper-small,pidgin
fit,feel,pcm_f_PP2F1_ev_read_055,whisper-small,pidgin
di,they,pcm_f_PP2F1_ev_read_055,whisper-small,pidgin
na,nostmolting,pcm_f_PP2F1_ev_read_107,whisper-small,pidgin
small,defects,pcm_f_PP2F1_ev_read_107,whisper-small,pidgin
na,now,pcm_f_PP2F1_ev_read_107,whisper-small,pidgin
wan,one,pcm_f_PP2F1_ev_read_107,whisper-small,pidgin
tok.,talk.,pcm_f_PP2F1_ev_read_107,whisper-small,pidgin
sista,sister,pcm_f_PP2F1_ev_read_149,whisper-small,pidgin
go,could,pcm_f_PP2F1_ev_read_149,whisper-small,pidgin
niddle,needle,pcm_f_PP2F1_ev_read_149,whisper-small,pidgin
clothe.,clothes,pcm_f_PP2F1_ev_read_149,whisper-small,pidgin
e,will,pcm_f_PP2F1_ev_read_206,whisper-small,pidgin
beta,better,pcm_f_PP2F1_ev_read_206,whisper-small,pidgin
announcement,announcements,pcm_f_PP2F1_ev_read_206,whisper-small,pidgin
dey,to,pcm_f_PP2F1_ev_read_206,whisper-small,pidgin
health,health.,pcm_f_PP2F1_ev_read_206,whisper-small,pidgin
dey,as,pcm_f_PP2F1_ev_read_259,whisper-small,pidgin
ada,other,pcm_f_PP2F1_ev_read_259,whisper-small,pidgin
dey,detects,pcm_f_PP2F1_ev_read_259,whisper-small,pidgin
take,this,pcm_f_PP2F1_ev_read_259,whisper-small,pidgin
oo,so,pcm_f_PP2F1_ev_read_259,whisper-small,pidgin
dey,detects,pcm_f_PP2F1_ev_read_259,whisper-small,pidgin
take,them,pcm_f_PP2F1_ev_read_259,whisper-small,pidgin
am,well.,pcm_f_PP2F1_ev_read_259,whisper-small,pidgin
na,now,pcm_f_PP2F1_ev_read_369,whisper-small,pidgin
parent,parents,pcm_f_PP2F1_ev_read_369,whisper-small,pidgin
dis,this,pcm_f_PP2F1_ev_read_369,whisper-small,pidgin
happiness,what,pcm_f_PP2F1_ev_read_369,whisper-small,pidgin
wey,it,pcm_f_PP2F1_ev_read_369,whisper-small,pidgin
dis,is,pcm_f_PP2F1_ev_read_369,whisper-small,pidgin
pikin,picking,pcm_f_PP2F1_ev_read_369,whisper-small,pidgin
make,think,pcm_f_PP2F1_ev_read_512,whisper-small,pidgin
sey,see,pcm_f_PP2F1_ev_read_512,whisper-small,pidgin
everybodi,everybody,pcm_f_PP2F1_ev_read_512,whisper-small,pidgin
different,the,pcm_f_PP2F1_ev_read_512,whisper-small,pidgin
way,front,pcm_f_PP2F1_ev_read_512,whisper-small,pidgin
dem,way.,pcm_f_PP2F1_ev_read_512,whisper-small,pidgin
dey,then,pcm_f_PP2F1_ev_read_512,whisper-small,pidgin
tins.,this?,pcm_f_PP2F1_ev_read_512,whisper-small,pidgin
walks,works,pcm_f_PP3F1_ev_read_035,whisper-small,pidgin
in,"immature,",pcm_f_PP3F1_ev_read_035,whisper-small,pidgin
mature,they,pcm_f_PP3F1_ev_read_035,whisper-small,pidgin
living,living.,pcm_f_PP3F1_ev_read_035,whisper-small,pidgin
abi,be,pcm_f_PP3F1_ev_read_112,whisper-small,pidgin
come?,come,pcm_f_PP3F1_ev_read_112,whisper-small,pidgin
we,the,pcm_f_PP3F1_ev_read_171,whisper-small,pidgin
dey,way,pcm_f_PP3F1_ev_read_171,whisper-small,pidgin
wear,a,pcm_f_PP3F1_ev_read_171,whisper-small,pidgin
wrapper,goes,pcm_f_PP3F1_ev_read_171,whisper-small,pidgin
go,to,pcm_f_PP3F1_ev_read_171,whisper-small,pidgin
yam,yarn,pcm_f_PP3F1_ev_read_171,whisper-small,pidgin
de,did,pcm_f_PP3F1_ev_read_252,whisper-small,pidgin
drive,"right,",pcm_f_PP3F1_ev_read_252,whisper-small,pidgin
say,to,pcm_f_PP3F1_ev_read_252,whisper-small,pidgin
you,see,pcm_f_PP3F1_ev_read_252,whisper-small,pidgin
wear,where,pcm_f_PP3F1_ev_read_252,whisper-small,pidgin
age,"age,",pcm_f_PP3F1_ev_read_336,whisper-small,pidgin
de,is,pcm_f_PP3F1_ev_read_336,whisper-small,pidgin
persin,person,pcm_f_PP3F1_ev_read_336,whisper-small,pidgin
space,space.,pcm_f_PP3F1_ev_read_336,whisper-small,pidgin
dey,divide,pcm_f_PP3F1_ev_read_509,whisper-small,pidgin
moni,money,pcm_f_PP3F1_ev_read_509,whisper-small,pidgin
dey,is,pcm_f_PP3F1_ev_read_594,whisper-small,pidgin
know,know.,pcm_f_PP3F1_ev_read_594,whisper-small,pidgin
foodstuff,foodstuffs,pcm_f_PS1F1_ev_read_120,whisper-small,yoruba
house,"house,",pcm_f_PS1F1_ev_read_120,whisper-small,yoruba
na,now,pcm_f_PS1F1_ev_read_120,whisper-small,yoruba
say,save,pcm_f_PS1F1_ev_read_224,whisper-small,yoruba
de,the,pcm_f_PS1F1_ev_read_224,whisper-small,yoruba
when,way,pcm_f_PS1F1_ev_read_224,whisper-small,yoruba
you,to,pcm_f_PS1F1_ev_read_224,whisper-small,yoruba
issue,issue.,pcm_f_PS1F1_ev_read_224,whisper-small,yoruba
no,not,pcm_f_PS1F1_ev_read_394,whisper-small,yoruba
matter,mater,pcm_f_PS1F1_ev_read_394,whisper-small,yoruba
need,needs,pcm_f_PS1F1_ev_read_394,whisper-small,yoruba
approach,approach.,pcm_f_PS1F1_ev_read_394,whisper-small,yoruba
persin,person,pcm_f_PS1F1_ev_read_394,whisper-small,yoruba
to,"today,",pcm_f_PS1F1_ev_read_472,whisper-small,yoruba
go,to,pcm_f_PS1F1_ev_read_472,whisper-small,yoruba
who,where,pcm_f_PS1F1_ev_read_472,whisper-small,yoruba
trust,trust.,pcm_f_PS1F1_ev_read_472,whisper-small,yoruba
don,don't,pcm_f_PS1F1_ev_read_546,whisper-small,yoruba
dey,did,pcm_f_PS1F1_ev_read_546,whisper-small,yoruba
tink,think,pcm_f_PS1F1_ev_read_546,whisper-small,yoruba
dis,this,pcm_f_PS1F1_ev_read_546,whisper-small,yoruba
pesin,sync,pcm_f_PS1F3_ev_read_036,whisper-small,yoruba
culture,"control,",pcm_f_PS1F3_ev_read_036,whisper-small,yoruba
am,me,pcm_f_PS1F3_ev_read_036,whisper-small,yoruba
come,comes,pcm_f_PS1F3_ev_read_036,whisper-small,yoruba
my,the,pcm_f_PS1F3_ev_read_442,whisper-small,yoruba
be,is,pcm_f_PS1F3_ev_read_442,whisper-small,yoruba
say,that,pcm_f_PS1F3_ev_read_442,whisper-small,yoruba
too,doesn't,pcm_f_PS1F3_ev_read_442,whisper-small,yoruba
dey,drink,pcm_f_PS1F3_ev_read_442,whisper-small,yoruba
o,oh,pcm_f_PS1F3_ev_read_465,whisper-small,yoruba
na,now,pcm_f_PS1F3_ev_read_465,whisper-small,yoruba
club,"club,",pcm_f_PS1F3_ev_read_465,whisper-small,yoruba
anyhow,any,pcm_f_PS1F3_ev_read_465,whisper-small,yoruba
sha,house.,pcm_f_PS1F3_ev_read_465,whisper-small,yoruba
dem,danfeyo's,pcm_f_PS2F1_ev_read_118,whisper-small,yoruba
protest,protests,pcm_f_PS2F1_ev_read_118,whisper-small,yoruba
fela,felakuti,pcm_f_PS2F1_ev_read_118,whisper-small,yoruba
nigeria,nigeria.,pcm_f_PS2F1_ev_read_118,whisper-small,yoruba
na,now,pcm_f_PS2F2_ev_read_026,whisper-small,yoruba
reflection,"reflection,",pcm_f_PS2F2_ev_read_026,whisper-small,yoruba
help,helped,pcm_f_PS2F2_ev_read_026,whisper-small,yoruba
beta,better,pcm_f_PS2F2_ev_read_026,whisper-small,yoruba
dey,did,pcm_f_PS2F2_ev_read_313,whisper-small,yoruba
tell,told,pcm_f_PS2F2_ev_read_313,whisper-small,yoruba
say,she,pcm_f_PS2F2_ev_read_313,whisper-small,yoruba
her,was,pcm_f_PS2F2_ev_read_313,whisper-small,yoruba
goal,going,pcm_f_PS2F2_ev_read_313,whisper-small,yoruba
billionaire,billionaire.,pcm_f_PS2F2_ev_read_313,whisper-small,yoruba
don,don't,pcm_f_PT1F1_ev_read_494,whisper-small,pidgin
about,about.,pcm_f_PT1F1_ev_read_494,whisper-small,pidgin
moments,"moments,",pcm_f_PT1F1_ev_read_563,whisper-small,pidgin
i,are,pcm_f_PT1F2_ev_read_256,whisper-small,pidgin
life.,life?,pcm_f_PT1F2_ev_read_256,whisper-small,pidgin
morning,money,pcm_f_PT1F2_ev_read_280,whisper-small,yoruba
no,now,pcm_f_PT1F2_ev_read_280,whisper-small,yoruba
dey,did,pcm_f_PT1F2_ev_read_448,whisper-small,pidgin
i,add,pcm_f_PT1F2_ev_read_499,whisper-small,yoruba
dey,a,pcm_f_PT1F2_ev_read_499,whisper-small,yoruba
"house,",house.,pcm_f_PT1F2_ev_read_499,whisper-small,yoruba
elders,eldar's,pcm_f_PT1F2_ev_read_583,whisper-small,pidgin
plant,plan,pcm_f_PT1F2_ev_read_583,whisper-small,pidgin
"tree,","theory,",pcm_f_PT1F2_ev_read_583,whisper-small,pidgin
na,now,pcm_f_PT1F2_ev_read_583,whisper-small,pidgin
we,you,pcm_f_PT1F2_ev_read_583,whisper-small,pidgin
under,on,pcm_f_PT1F2_ev_read_583,whisper-small,pidgin
the,that,pcm_f_PT1F2_ev_read_583,whisper-small,pidgin
shade.,deshade.,pcm_f_PT1F2_ev_read_583,whisper-small,pidgin
na,nainutral,pcm_f_PT1F3_ev_read_423,whisper-small,yoruba
dey,do,pcm_f_PT1F3_ev_read_423,whisper-small,yoruba
wen,when,pcm_f_PT1F3_ev_read_423,whisper-small,yoruba
wan,to,pcm_f_PT1F3_ev_read_423,whisper-small,yoruba
don,don't,pcm_f_PT1F4_ev_read_147,whisper-small,yoruba
dey,deserve,pcm_f_PT1F4_ev_read_147,whisper-small,yoruba
save,money,pcm_f_PT1F4_ev_read_147,whisper-small,yoruba
moni,where,pcm_f_PT1F4_ev_read_147,whisper-small,yoruba
build,built,pcm_f_PT1F4_ev_read_147,whisper-small,yoruba
dis,these,pcm_f_PT1F4_ev_read_417,whisper-small,yoruba
thing,things,pcm_f_PT1F4_ev_read_417,whisper-small,yoruba
"me,",me.,pcm_f_PT1F4_ev_read_417,whisper-small,yoruba
say,see,pcm_f_PT1F4_ev_read_417,whisper-small,yoruba
cat,catch,pcm_f_PT1F4_ev_read_417,whisper-small,yoruba
scratch,strats,pcm_f_PT1F4_ev_read_417,whisper-small,yoruba
dream,dream.,pcm_f_PT1F4_ev_read_417,whisper-small,yoruba
how,will,pcm_f_PT1F4_ev_read_434,whisper-small,pidgin
dey,i,pcm_f_PT1F4_ev_read_434,whisper-small,pidgin
accuse,choose,pcm_f_PT1F4_ev_read_434,whisper-small,pidgin
anoda,another,pcm_f_PT1F4_ev_read_434,whisper-small,pidgin
pesin,person,pcm_f_PT1F4_ev_read_434,whisper-small,pidgin
balance,balanzam,pcm_f_PT1F4_ev_read_534,whisper-small,pidgin
imperfections,imperfection,pcm_f_PT1F4_ev_read_534,whisper-small,pidgin
of,for,pcm_f_PT1F4_ev_read_534,whisper-small,pidgin
i,a,pcm_f_PT1F4_ev_read_542,whisper-small,yoruba
fit,fifth,pcm_f_PT1F4_ev_read_542,whisper-small,yoruba
lis,listening,pcm_f_PT1F4_ev_read_542,whisper-small,yoruba
dem.,them.,pcm_f_PT1F4_ev_read_542,whisper-small,yoruba
i,and,pcm_f_PT2F1_ev_read_146,whisper-small,pidgin
wey,we,pcm_f_PT2F1_ev_read_146,whisper-small,pidgin
nutrients.,nutrients,pcm_f_PT2F1_ev_read_146,whisper-small,pidgin
time,"time,",pcm_f_PT2F1_ev_read_256,whisper-small,yoruba
na,now,pcm_f_PT2F1_ev_read_256,whisper-small,yoruba
wen,when,pcm_f_PT2F1_ev_read_256,whisper-small,yoruba
dey,delete,pcm_f_PT2F1_ev_read_256,whisper-small,yoruba
tink,think,pcm_f_PT2F1_ev_read_256,whisper-small,yoruba
"sista,","sister,",pcm_f_PT2F1_ev_read_267,whisper-small,pidgin
siddon,"don't,",pcm_f_PT2F1_ev_read_267,whisper-small,pidgin
tink,think,pcm_f_PT2F1_ev_read_267,whisper-small,pidgin
good-good,good,pcm_f_PT2F1_ev_read_267,whisper-small,pidgin
tins,good,pcm_f_PT2F1_ev_read_267,whisper-small,pidgin
you,things,pcm_f_PT2F1_ev_read_267,whisper-small,pidgin
na,now,pcm_f_PT2F1_ev_read_307,whisper-small,pidgin
gun,gunshot,pcm_f_PT2F1_ev_read_307,whisper-small,pidgin
"me,",me,pcm_f_PT2F1_ev_read_307,whisper-small,pidgin
don,don't,pcm_f_PT2F1_ev_read_307,whisper-small,pidgin
headache.,headache,pcm_f_PT2F1_ev_read_307,whisper-small,pidgin
uncle,"uncle,",pcm_f_PT2F1_ev_read_331,whisper-small,pidgin
"o,",all.,pcm_f_PT2F1_ev_read_331,whisper-small,pidgin
e,you,pcm_f_PT2F1_ev_read_331,whisper-small,pidgin
"joy,",joy,pcm_f_PT2F1_ev_read_389,whisper-small,pidgin
beta,better,pcm_f_PT2F1_ev_read_389,whisper-small,pidgin
pass,past,pcm_f_PT2F1_ev_read_389,whisper-small,pidgin
yesterday.,yesterday,pcm_f_PT2F1_ev_read_389,whisper-small,pidgin
dey,did,pcm_f_PT2F1_ev_read_483,whisper-small,pidgin
don,don't,pcm_f_PT2F1_ev_read_571,whisper-small,pidgin
una,not,pcm_f_PT2F1_ev_read_571,whisper-small,pidgin
save,saved,pcm_f_PT2F1_ev_read_571,whisper-small,pidgin
fees,fees.,pcm_f_PT2F1_ev_read_571,whisper-small,pidgin
wetin,where,pcm_f_PT2F2_ev_read_183,whisper-small,yoruba
be,can,pcm_f_PT2F2_ev_read_183,whisper-small,yoruba
di,we,pcm_f_PT2F2_ev_read_183,whisper-small,yoruba
ways,bring,pcm_f_PT2F2_ev_read_183,whisper-small,yoruba
fit,who,pcm_f_PT2F2_ev_read_183,whisper-small,yoruba
to,themselves?,pcm_f_PT2F2_ev_read_183,whisper-small,yoruba
dey,this,pcm_f_PT2F2_ev_read_205,whisper-small,yoruba
sopport,report,pcm_f_PT2F2_ev_read_205,whisper-small,yoruba
e,it's,pcm_f_PT2F2_ev_read_205,whisper-small,yoruba
go,will,pcm_f_PT2F2_ev_read_205,whisper-small,yoruba
am,them.,pcm_f_PT2F2_ev_read_205,whisper-small,yoruba
doors,let's,pcm_f_PT2F2_ev_read_274,whisper-small,pidgin
you,everyone,pcm_f_PT2F2_ev_read_274,whisper-small,pidgin
yakata,with,pcm_f_PT2F2_ev_read_274,whisper-small,pidgin
wit,better,pcm_f_PT2F2_ev_read_274,whisper-small,pidgin
opportunity,opportunities.,pcm_f_PT2F2_ev_read_274,whisper-small,pidgin
na,now,pcm_f_PT2F2_ev_read_427,whisper-small,pidgin
go,will,pcm_f_PT2F2_ev_read_427,whisper-small,pidgin
go,will,pcm_f_PT2F2_ev_read_427,whisper-small,pidgin
dey,drop,pcm_f_PT2F2_ev_read_427,whisper-small,pidgin
turkey.,toys.,pcm_f_PT2F2_ev_read_427,whisper-small,pidgin
go,will,pcm_f_PT2F2_ev_read_474,whisper-small,pidgin
your,you're,pcm_f_PT2F3_ev_read_137,whisper-small,yoruba
pikin,picking,pcm_f_PT2F3_ev_read_137,whisper-small,yoruba
ooo.,who,pcm_f_PT2F3_ev_read_137,whisper-small,yoruba
don,don't,pcm_f_PT2F3_ev_read_137,whisper-small,yoruba
salon,saloon,pcm_f_PT2F3_ev_read_137,whisper-small,yoruba
already,already.,pcm_f_PT2F3_ev_read_137,whisper-small,yoruba
you,you'll,pcm_f_PT2F3_ev_read_458,whisper-small,yoruba
neva,never,pcm_f_PT2F3_ev_read_458,whisper-small,yoruba
sey,age,pcm_f_PT2F3_ev_read_458,whisper-small,yoruba
aging,in,pcm_f_PT2F3_ev_read_458,whisper-small,yoruba
na,our,pcm_f_PT2F3_ev_read_458,whisper-small,yoruba
"process,",process.,pcm_f_PT2F3_ev_read_458,whisper-small,yoruba
am,"ham,",pcm_f_PT2F3_ev_read_458,whisper-small,yoruba
am,ham,pcm_f_PT2F3_ev_read_458,whisper-small,yoruba
doctor,doctor.,pcm_f_PT3F2_ev_read_062,whisper-small,pidgin
anoda,another,pcm_f_PT3F2_ev_read_062,whisper-small,pidgin
pet,pet.,pcm_f_PT3F2_ev_read_062,whisper-small,pidgin
dey,define,pcm_f_PT3F2_ev_read_305,whisper-small,yoruba
dis,this,pcm_f_PT3F2_ev_read_305,whisper-small,yoruba
dey,didn't,pcm_f_PT3F2_ev_read_452,whisper-small,yoruba
lights,"lights,",pcm_f_PT3F2_ev_read_452,whisper-small,yoruba
atmosphere,atmosphere.,pcm_f_PT3F2_ev_read_452,whisper-small,yoruba
dey,did,pcm_f_PT3F2_ev_read_501,whisper-small,pidgin
wan,won't,pcm_f_PT3F2_ev_read_501,whisper-small,pidgin
house,house.,pcm_f_PT3F2_ev_read_501,whisper-small,pidgin
car,car?,pcm_f_PT3F2_ev_read_502,whisper-small,yoruba
herdsmen,"headsmen,",pcm_m_PAGS1M6_ag_spontaneous_383,whisper-small,yoruba
age,"age,",pcm_m_PAGS1M6_ag_spontaneous_383,whisper-small,yoruba
them,they,pcm_m_PAGS1M6_ag_spontaneous_383,whisper-small,yoruba
be,are.,pcm_m_PAGS1M6_ag_spontaneous_383,whisper-small,yoruba
computer,computer-create-model-of-farm.,pcm_m_PAGS1M7_ag_spontaneous_112,whisper-small,yoruba
the,they,pcm_m_PAGT1M10_ag_spontaneous_533,whisper-small,igbo
land,learn,pcm_m_PAGT1M10_ag_spontaneous_533,whisper-small,igbo
near,name,pcm_m_PAGT1M10_ag_spontaneous_533,whisper-small,igbo
main,and,pcm_m_PAGT1M10_ag_spontaneous_533,whisper-small,igbo
road,"root,",pcm_m_PAGT1M10_ag_spontaneous_533,whisper-small,igbo
con,come,pcm_m_PAGT1M10_ag_spontaneous_533,whisper-small,igbo
price,"farm,",pcm_m_PAGT1M10_ag_spontaneous_533,whisper-small,igbo
of,cause,pcm_m_PAGT1M10_ag_spontaneous_533,whisper-small,igbo
the,past,pcm_m_PAGT1M10_ag_spontaneous_533,whisper-small,igbo
wey,with,pcm_m_PAGT1M10_ag_spontaneous_533,whisper-small,igbo
"""na",and,pcm_m_PAGT1M12_ag_spontaneous_204,whisper-small,igbo
"her.""",her.,pcm_m_PAGT1M12_ag_spontaneous_204,whisper-small,igbo
fowl,foul,pcm_m_PAGT1M13_ag_spontaneous_272,whisper-small,igbo
grow,go,pcm_m_PAGT1M13_ag_spontaneous_272,whisper-small,igbo
e,you,pcm_m_PAGT1M13_ag_spontaneous_272,whisper-small,igbo
dem,me,pcm_m_PAGT1M15_ag_spontaneous_138,whisper-small,igbo
use,just,pcm_m_PAGT1M15_ag_spontaneous_138,whisper-small,igbo
chain,change,pcm_m_PAGT1M15_ag_spontaneous_138,whisper-small,igbo
drag,back,pcm_m_PAGT1M15_ag_spontaneous_138,whisper-small,igbo
plow,plago,pcm_m_PAGT1M15_ag_spontaneous_138,whisper-small,igbo
e,i,pcm_m_PAGT1M15_ag_spontaneous_138,whisper-small,igbo
break,break.,pcm_m_PAGT1M15_ag_spontaneous_138,whisper-small,igbo
my,"my,",pcm_m_PAGT1M19_ag_spontaneous_239,whisper-small,igbo
papa,"papa,",pcm_m_PAGT1M19_ag_spontaneous_239,whisper-small,igbo
ground,it,pcm_m_PAGT1M19_ag_spontaneous_239,whisper-small,igbo
e,is,pcm_m_PAGT1M19_ag_spontaneous_239,whisper-small,igbo
dey,a,pcm_m_PAGT1M19_ag_spontaneous_239,whisper-small,igbo
sing,thing,pcm_m_PAGT1M19_ag_spontaneous_239,whisper-small,igbo
e,you,pcm_m_PAGT1M19_ag_spontaneous_239,whisper-small,igbo
childhood.,children.,pcm_m_PAGT1M19_ag_spontaneous_239,whisper-small,igbo
deir,the,pcm_m_PAGT1M52_ag_spontaneous_575,whisper-small,igbo
bag,bulk.,pcm_m_PAGT1M52_ag_spontaneous_575,whisper-small,igbo
cut,cause,pcm_m_PAGT1M60_ag_spontaneous_035,whisper-small,igbo
guinea,greenery,pcm_m_PAGT1M60_ag_spontaneous_035,whisper-small,igbo
am,some,pcm_m_PAGT1M60_ag_spontaneous_035,whisper-small,igbo
where,wet,pcm_m_PAGT1M60_ag_spontaneous_035,whisper-small,igbo
grass,"grass,",pcm_m_PAGT1M60_ag_spontaneous_035,whisper-small,igbo
plenty,plenty.,pcm_m_PAGT1M60_ag_spontaneous_035,whisper-small,igbo
cut,caught,pcm_m_PAGT1M63_ag_spontaneous_524,whisper-small,igbo
vera,"vera,",pcm_m_PAGT1M63_ag_spontaneous_524,whisper-small,igbo
round,around,pcm_m_PAGT1M63_ag_spontaneous_524,whisper-small,igbo
cocoa,"puputri,",pcm_m_PAGT1M63_ag_spontaneous_524,whisper-small,igbo
smell,"smear,",pcm_m_PAGT1M63_ag_spontaneous_524,whisper-small,igbo
animals,animals.,pcm_m_PAGT1M63_ag_spontaneous_524,whisper-small,igbo
elders,others,pcm_m_PAGT1M8_ag_spontaneous_026,whisper-small,igbo
talk,"talk,",pcm_m_PAGT1M8_ag_spontaneous_026,whisper-small,igbo
say,"say,",pcm_m_PAGT1M8_ag_spontaneous_026,whisper-small,igbo
person,person's,pcm_m_PAGT1M8_ag_spontaneous_026,whisper-small,igbo
hold,old,pcm_m_PAGT1M8_ag_spontaneous_026,whisper-small,igbo
well,will,pcm_m_PAGT1M8_ag_spontaneous_026,whisper-small,igbo
pack,"park,",pcm_m_PAGT1M8_ag_spontaneous_026,whisper-small,igbo
[um],which,pcm_m_PAGT1M8_ag_spontaneous_026,whisper-small,igbo
wetin,is,pcm_m_PAGT1M8_ag_spontaneous_026,whisper-small,igbo
farm,far,pcm_m_PAGT1M8_ag_spontaneous_026,whisper-small,igbo
don,don't,pcm_m_PAGT1M8_ag_spontaneous_026,whisper-small,igbo
go,gobetas.,pcm_m_PAGT1M8_ag_spontaneous_026,whisper-small,igbo
night,"night,",pcm_m_PAGT1M9_ag_spontaneous_069,whisper-small,igbo
way,we,pcm_m_PAGT1M9_ag_spontaneous_069,whisper-small,igbo
cold,cool,pcm_m_PAGT1M9_ag_spontaneous_069,whisper-small,igbo
children,"children,",pcm_m_PAGT2M36_ag_spontaneous_212,whisper-small,igbo
round,around,pcm_m_PAGT2M36_ag_spontaneous_212,whisper-small,igbo
vegetable,"vegetables,",pcm_m_PAGT2M36_ag_spontaneous_212,whisper-small,igbo
wey,with,pcm_m_PAGT2M36_ag_spontaneous_212,whisper-small,igbo
plant,blunt.,pcm_m_PAGT2M36_ag_spontaneous_212,whisper-small,igbo
carry,kari,pcm_m_PAGT2M36_ag_spontaneous_550,whisper-small,igbo
crop,croco,pcm_m_PAGT2M36_ag_spontaneous_550,whisper-small,igbo
go,house.,pcm_m_PAGT2M36_ag_spontaneous_550,whisper-small,igbo
dey,did,pcm_m_PAGT2M37_ag_spontaneous_183,whisper-small,igbo
farming,farming.,pcm_m_PAGT2M37_ag_spontaneous_183,whisper-small,igbo
[um],we,pcm_m_PAGT2M37_ag_spontaneous_183,whisper-small,igbo
wey,now,pcm_m_PAGT2M37_ag_spontaneous_183,whisper-small,igbo
soil,souls.,pcm_m_PAGT2M37_ag_spontaneous_183,whisper-small,igbo
us,us.,pcm_m_PAGT2M37_ag_spontaneous_183,whisper-small,igbo
i,i've,pcm_m_PAGT2M37_ag_spontaneous_230,whisper-small,igbo
teach,teaching,pcm_m_PAGT2M37_ag_spontaneous_230,whisper-small,igbo
goat,good,pcm_m_PAGT2M37_ag_spontaneous_230,whisper-small,igbo
wen,when,pcm_m_PAGT2M37_ag_spontaneous_230,whisper-small,igbo
performance,performance.,pcm_m_PAGT2M37_ag_spontaneous_230,whisper-small,igbo
sheep,"sheep,",pcm_m_PAGT2M42_ag_spontaneous_195,whisper-small,igbo
[um],one-way,pcm_m_PAGT2M42_ag_spontaneous_195,whisper-small,igbo
one,delete,pcm_m_PAGT2M42_ag_spontaneous_195,whisper-small,igbo
wey,on,pcm_m_PAGT2M42_ag_spontaneous_195,whisper-small,igbo
say,"ae,",pcm_m_PAGT2M42_ag_spontaneous_195,whisper-small,igbo
e,on,pcm_m_PAGT2M42_ag_spontaneous_195,whisper-small,igbo
[um],"thruster,",pcm_m_PAGT2M42_ag_spontaneous_195,whisper-small,igbo
don,don't,pcm_m_PAGT2M42_ag_spontaneous_195,whisper-small,igbo
before,before.,pcm_m_PAGT2M42_ag_spontaneous_195,whisper-small,igbo
old,cut,pcm_m_PAGT2M42_ag_spontaneous_591,whisper-small,igbo
cutlass,last,pcm_m_PAGT2M42_ag_spontaneous_591,whisper-small,igbo
sheath,shields.,pcm_m_PAGT2M42_ag_spontaneous_591,whisper-small,igbo
wey,we,pcm_m_PAGT2M42_ag_spontaneous_591,whisper-small,igbo
handmade,"handmade,",pcm_m_PAGT2M42_ag_spontaneous_591,whisper-small,igbo
wey,we,pcm_m_PAGT2M42_ag_spontaneous_591,whisper-small,igbo
handmade,handmade.,pcm_m_PAGT2M42_ag_spontaneous_591,whisper-small,igbo
wey,we,pcm_m_PAGT2M42_ag_spontaneous_591,whisper-small,igbo
don,don't,pcm_m_PAGT2M42_ag_spontaneous_591,whisper-small,igbo
rope,rope.,pcm_m_PAGT2M42_ag_spontaneous_591,whisper-small,igbo
small,"small,",pcm_m_PAGT2M44_ag_spontaneous_080,whisper-small,igbo
wey,when,pcm_m_PAGT2M44_ag_spontaneous_080,whisper-small,igbo
pipe,when,pcm_m_PAGT2M44_ag_spontaneous_080,whisper-small,igbo
wey,they,pcm_m_PAGT2M44_ag_spontaneous_080,whisper-small,igbo
hole,home,pcm_m_PAGT2M44_ag_spontaneous_080,whisper-small,igbo
farm,farms,pcm_m_PAGT2M44_ag_spontaneous_080,whisper-small,igbo
reduce,reduced.,pcm_m_PAGT2M44_ag_spontaneous_080,whisper-small,igbo
experts,"experts,",pcm_m_PBUT1M15_bu_spontaneous_130,whisper-small,igbo
advise,advice,pcm_m_PBUT1M15_bu_spontaneous_130,whisper-small,igbo
qapital,quapital,pcm_m_PBUT1M15_bu_spontaneous_130,whisper-small,igbo
spendings,spendings.,pcm_m_PBUT1M15_bu_spontaneous_130,whisper-small,igbo
if,8%,pcm_m_PBUT1M8_bu_spontaneous_555,whisper-small,igbo
person,they,pcm_m_PBUT1M8_bu_spontaneous_555,whisper-small,igbo
everyday,if,pcm_m_PBUT1M8_bu_spontaneous_555,whisper-small,igbo
e,they,pcm_m_PBUT1M8_bu_spontaneous_555,whisper-small,igbo
fit,have,pcm_m_PBUT1M8_bu_spontaneous_555,whisper-small,igbo
help,a,pcm_m_PBUT1M8_bu_spontaneous_555,whisper-small,igbo
am,pump,pcm_m_PBUT1M8_bu_spontaneous_555,whisper-small,igbo
hin,in,pcm_m_PBUT1M8_bu_spontaneous_555,whisper-small,igbo
nigerians,"nigerians,",pcm_m_PECS1M19_ev_spontaneous_113,whisper-small,yoruba
paramount,"paramounts,",pcm_m_PECS1M19_ev_spontaneous_113,whisper-small,yoruba
president,presidential,pcm_m_PECS1M19_ev_spontaneous_113,whisper-small,yoruba
myself,"myself,",pcm_m_PECS1M4_ev_spontaneous_011,whisper-small,yoruba
say,"say,",pcm_m_PECS1M4_ev_spontaneous_011,whisper-small,yoruba
hard,"hard,",pcm_m_PECS1M4_ev_spontaneous_011,whisper-small,yoruba
and,i'm,pcm_m_PECS1M4_ev_spontaneous_011,whisper-small,yoruba
no,not,pcm_m_PECS1M4_ev_spontaneous_011,whisper-small,yoruba
give,hip-hop.,pcm_m_PECS1M4_ev_spontaneous_011,whisper-small,yoruba
up,substance,pcm_m_PECS1M4_ev_spontaneous_011,whisper-small,yoruba
success,is,pcm_m_PECS1M4_ev_spontaneous_011,whisper-small,yoruba
go,crucial.,pcm_m_PECS1M4_ev_spontaneous_011,whisper-small,yoruba
to,we,pcm_m_PECS1M4_ev_spontaneous_061,whisper-small,yoruba
fine-fine,time-to-time,pcm_m_PECS1M4_ev_spontaneous_061,whisper-small,yoruba
police,"police,",pcm_m_PECS1M4_ev_spontaneous_061,whisper-small,yoruba
fit,which,pcm_m_PECS1M4_ev_spontaneous_061,whisper-small,yoruba
help,helps,pcm_m_PECS1M4_ev_spontaneous_061,whisper-small,yoruba
gain,get,pcm_m_PECS1M4_ev_spontaneous_061,whisper-small,yoruba
small,more,pcm_m_PECS1M4_ev_spontaneous_061,whisper-small,yoruba
extra,"extractive,",pcm_m_PECS1M4_ev_spontaneous_061,whisper-small,yoruba
time,so,pcm_m_PECS1M4_ev_spontaneous_061,whisper-small,yoruba
dem,"then,",pcm_m_PECS1M4_ev_spontaneous_061,whisper-small,yoruba
chase,so,pcm_m_PECS1M4_ev_spontaneous_061,whisper-small,yoruba
comot.,ask.,pcm_m_PECS1M4_ev_spontaneous_061,whisper-small,yoruba
you,do,pcm_m_PECS2M1_ev_spontaneous_058,whisper-small,yoruba
[um],they,pcm_m_PECS2M1_ev_spontaneous_058,whisper-small,yoruba
goals,goals?,pcm_m_PECS2M1_ev_spontaneous_058,whisper-small,yoruba
plans,plans?,pcm_m_PECS2M1_ev_spontaneous_058,whisper-small,yoruba
dia,their,pcm_m_PECS2M1_ev_spontaneous_269,whisper-small,yoruba
[um],they,pcm_m_PECS2M1_ev_spontaneous_269,whisper-small,yoruba
things,things.,pcm_m_PECS2M1_ev_spontaneous_269,whisper-small,yoruba
beta,"better,",pcm_m_PECS2M1_ev_spontaneous_320,whisper-small,yoruba
go,will,pcm_m_PECS2M1_ev_spontaneous_320,whisper-small,yoruba
person,person.,pcm_m_PECS2M1_ev_spontaneous_320,whisper-small,yoruba
[um],don't,pcm_m_PECS2M1_ev_spontaneous_360,whisper-small,yoruba
sey,people,pcm_m_PECS2M1_ev_spontaneous_360,whisper-small,yoruba
[um],where,pcm_m_PECS2M1_ev_spontaneous_360,whisper-small,yoruba
pipo,they're,pcm_m_PECS2M1_ev_spontaneous_360,whisper-small,yoruba
wey,"happy,",pcm_m_PECS2M1_ev_spontaneous_360,whisper-small,yoruba
de,where,pcm_m_PECS2M1_ev_spontaneous_360,whisper-small,yoruba
heart,at,pcm_m_PECS2M1_ev_spontaneous_360,whisper-small,yoruba
quick,quick.,pcm_m_PECS2M1_ev_spontaneous_360,whisper-small,yoruba
need,needs,pcm_m_PECS2M1_ev_spontaneous_425,whisper-small,yoruba
na,nakalu,pcm_m_PECS2M1_ev_spontaneous_571,whisper-small,yoruba
kalu,brother,pcm_m_PECS2M1_ev_spontaneous_571,whisper-small,yoruba
[um],they,pcm_m_PECS2M1_ev_spontaneous_571,whisper-small,yoruba
[um],community.,pcm_m_PECS2M1_ev_spontaneous_571,whisper-small,yoruba
wan,to,pcm_m_PECT1M107_ev_spontaneous_270,whisper-small,igbo
govnor,for,pcm_m_PECT1M107_ev_spontaneous_270,whisper-small,igbo
of,those,pcm_m_PECT1M107_ev_spontaneous_270,whisper-small,igbo
edo,states,pcm_m_PECT1M107_ev_spontaneous_270,whisper-small,igbo
state,because,pcm_m_PECT1M107_ev_spontaneous_270,whisper-small,igbo
becos,i,pcm_m_PECT1M107_ev_spontaneous_270,whisper-small,igbo
edo,don't,pcm_m_PECT1M107_ev_spontaneous_270,whisper-small,igbo
never,ever,pcm_m_PECT1M107_ev_spontaneous_270,whisper-small,igbo
dey,imagine,pcm_m_PECT1M107_ev_spontaneous_270,whisper-small,igbo
marginalised,life,pcm_m_PECT1M107_ev_spontaneous_270,whisper-small,igbo
im,a,pcm_m_PECT1M107_ev_spontaneous_270,whisper-small,igbo
dis,this,pcm_m_PECT1M107_ev_spontaneous_270,whisper-small,igbo
bifor,before.,pcm_m_PECT1M107_ev_spontaneous_270,whisper-small,igbo
tok,talks,pcm_m_PECT1M113_ev_spontaneous_084,whisper-small,igbo
say,really,pcm_m_PECT1M113_ev_spontaneous_084,whisper-small,igbo
two,2018-2024.,pcm_m_PECT1M113_ev_spontaneous_084,whisper-small,igbo
thousand,ah!,pcm_m_PECT1M113_ev_spontaneous_084,whisper-small,igbo
traditions,traditions.,pcm_m_PECT1M115_ev_spontaneous_554,whisper-small,igbo
dey,do,pcm_m_PECT1M116_ev_spontaneous_173,whisper-small,igbo
always,only,pcm_m_PECT1M116_ev_spontaneous_173,whisper-small,igbo
appso,so,pcm_m_PECT1M116_ev_spontaneous_173,whisper-small,igbo
she,they,pcm_m_PECT1M116_ev_spontaneous_177,whisper-small,igbo
check,shake,pcm_m_PECT1M116_ev_spontaneous_177,whisper-small,igbo
meter,metal,pcm_m_PECT1M116_ev_spontaneous_177,whisper-small,igbo
reading,within,pcm_m_PECT1M116_ev_spontaneous_177,whisper-small,igbo
say,she,pcm_m_PECT1M116_ev_spontaneous_177,whisper-small,igbo
the,won't,pcm_m_PECT1M116_ev_spontaneous_177,whisper-small,igbo
monthly,leave,pcm_m_PECT1M116_ev_spontaneous_177,whisper-small,igbo
bill,me,pcm_m_PECT1M116_ev_spontaneous_177,whisper-small,igbo
we,with,pcm_m_PECT1M116_ev_spontaneous_177,whisper-small,igbo
dem,"them,",pcm_m_PECT1M116_ev_spontaneous_177,whisper-small,igbo
correct,courage.,pcm_m_PECT1M116_ev_spontaneous_177,whisper-small,igbo
wey,really,pcm_m_PECT1M119_ev_spontaneous_320,whisper-small,igbo
close,"close,",pcm_m_PECT1M119_ev_spontaneous_320,whisper-small,igbo
know,no,pcm_m_PECT1M119_ev_spontaneous_320,whisper-small,igbo
wen,one,pcm_m_PECT1M119_ev_spontaneous_320,whisper-small,igbo
space,space.,pcm_m_PECT1M119_ev_spontaneous_320,whisper-small,igbo
wetin,which,pcm_m_PECT1M125_ev_spontaneous_111,whisper-small,igbo
dey,did,pcm_m_PECT1M125_ev_spontaneous_111,whisper-small,igbo
network,network.,pcm_m_PECT1M125_ev_spontaneous_111,whisper-small,igbo
governement,government,pcm_m_PECT1M125_ev_spontaneous_447,whisper-small,igbo
nova,overpits.,pcm_m_PECT1M125_ev_spontaneous_447,whisper-small,igbo
[um],this,pcm_m_PECT1M12_ev_spontaneous_057,whisper-small,igbo
dis,is,pcm_m_PECT1M12_ev_spontaneous_057,whisper-small,igbo
na,a,pcm_m_PECT1M12_ev_spontaneous_057,whisper-small,igbo
don,don't,pcm_m_PECT1M12_ev_spontaneous_057,whisper-small,igbo
borehole.,boho.,pcm_m_PECT1M12_ev_spontaneous_057,whisper-small,igbo
go,grossed,pcm_m_PECT1M132_ev_spontaneous_008,whisper-small,igbo
start,out,pcm_m_PECT1M132_ev_spontaneous_008,whisper-small,igbo
anoda,another,pcm_m_PECT1M132_ev_spontaneous_008,whisper-small,igbo
days,days.,pcm_m_PECT1M132_ev_spontaneous_008,whisper-small,igbo
dey,they're,pcm_m_PECT1M135_ev_spontaneous_553,whisper-small,igbo
make,to,pcm_m_PECT1M135_ev_spontaneous_553,whisper-small,igbo
wey,within,pcm_m_PECT1M135_ev_spontaneous_553,whisper-small,igbo
dey,college,pcm_m_PECT1M135_ev_spontaneous_553,whisper-small,igbo
others,others.,pcm_m_PECT1M135_ev_spontaneous_553,whisper-small,igbo
calm,"come,",pcm_m_PECT1M144_ev_spontaneous_209,whisper-small,igbo
conscious,"conscious,",pcm_m_PECT1M144_ev_spontaneous_209,whisper-small,igbo
till,to,pcm_m_PECT1M144_ev_spontaneous_209,whisper-small,igbo
end,"end,",pcm_m_PECT1M144_ev_spontaneous_209,whisper-small,igbo
pranay,prani,pcm_m_PECT1M144_ev_spontaneous_209,whisper-small,igbo
recall,recall.,pcm_m_PECT1M144_ev_spontaneous_209,whisper-small,igbo
get,gets,pcm_m_PECT1M14_ev_spontaneous_142,whisper-small,igbo
wetin,waiting,pcm_m_PECT1M14_ev_spontaneous_142,whisper-small,igbo
discuss,discourse.,pcm_m_PECT1M14_ev_spontaneous_142,whisper-small,igbo
and,i'm,pcm_m_PECT1M14_ev_spontaneous_142,whisper-small,igbo
wetin,waiting,pcm_m_PECT1M14_ev_spontaneous_142,whisper-small,igbo
no,no-fit,pcm_m_PECT1M14_ev_spontaneous_142,whisper-small,igbo
fit,discourse.,pcm_m_PECT1M14_ev_spontaneous_142,whisper-small,igbo
don,don't,pcm_m_PECT1M19_ev_spontaneous_268,whisper-small,igbo
dey,devour,pcm_m_PECT1M19_ev_spontaneous_268,whisper-small,igbo
buy,plantic,pcm_m_PECT1M19_ev_spontaneous_268,whisper-small,igbo
plenty,loot,pcm_m_PECT1M19_ev_spontaneous_268,whisper-small,igbo
baby,sake,pcm_m_PECT1M19_ev_spontaneous_268,whisper-small,igbo
welcome,of,pcm_m_PECT1M19_ev_spontaneous_268,whisper-small,igbo
party.,your,pcm_m_PECT1M19_ev_spontaneous_268,whisper-small,igbo
party.,compassion.,pcm_m_PECT1M19_ev_spontaneous_268,whisper-small,igbo
dey,will,pcm_m_PECT1M34_ev_spontaneous_057,whisper-small,igbo
check,take,pcm_m_PECT1M34_ev_spontaneous_057,whisper-small,igbo
cloth,polluted,pcm_m_PECT1M34_ev_spontaneous_057,whisper-small,igbo
wey,web,pcm_m_PECT1M34_ev_spontaneous_057,whisper-small,igbo
[um],me,pcm_m_PECT1M34_ev_spontaneous_057,whisper-small,igbo
mirror,to,pcm_m_PECT1M34_ev_spontaneous_057,whisper-small,igbo
before,promote.,pcm_m_PECT1M34_ev_spontaneous_057,whisper-small,igbo
nigeria,nigerian,pcm_m_PECT1M35_ev_spontaneous_173,whisper-small,igbo
police,"police,",pcm_m_PECT1M35_ev_spontaneous_173,whisper-small,igbo
e-cmr,ecmr,pcm_m_PECT1M35_ev_spontaneous_173,whisper-small,igbo
go,will,pcm_m_PECT1M35_ev_spontaneous_173,whisper-small,igbo
firsthand,first-hand,pcm_m_PECT1M35_ev_spontaneous_173,whisper-small,igbo
times,time.,pcm_m_PECT1M43_ev_spontaneous_294,whisper-small,igbo
much,much.,pcm_m_PECT1M43_ev_spontaneous_294,whisper-small,igbo
na,not,pcm_m_PECT1M43_ev_spontaneous_294,whisper-small,igbo
'thank,thank,pcm_m_PECT1M43_ev_spontaneous_294,whisper-small,igbo
you',you.,pcm_m_PECT1M43_ev_spontaneous_294,whisper-small,igbo
billing,building,pcm_m_PECT1M55_ev_spontaneous_251,whisper-small,igbo
dey,you,pcm_m_PECT1M55_ev_spontaneous_251,whisper-small,igbo
size,size.,pcm_m_PECT1M55_ev_spontaneous_251,whisper-small,igbo
dey,depends.,pcm_m_PECT1M55_ev_spontaneous_251,whisper-small,igbo
pay,"small,",pcm_m_PECT1M55_ev_spontaneous_251,whisper-small,igbo
am,small.,pcm_m_PECT1M55_ev_spontaneous_251,whisper-small,igbo
gree,grief,pcm_m_PECT1M68_ev_spontaneous_123,whisper-small,igbo
dis,no,pcm_m_PECT1M68_ev_spontaneous_123,whisper-small,igbo
one,way.,pcm_m_PECT1M68_ev_spontaneous_123,whisper-small,igbo
oo.,oh,pcm_m_PECT1M68_ev_spontaneous_123,whisper-small,igbo
"way,",way,pcm_m_PECT1M68_ev_spontaneous_123,whisper-small,igbo
die,died,pcm_m_PECT1M68_ev_spontaneous_123,whisper-small,igbo
here.,here,pcm_m_PECT1M68_ev_spontaneous_123,whisper-small,igbo
girl,gay,pcm_m_PECT1M68_ev_spontaneous_222,whisper-small,igbo
the,deprived,pcm_m_PECT1M68_ev_spontaneous_222,whisper-small,igbo
nation,"nation,",pcm_m_PECT1M68_ev_spontaneous_222,whisper-small,igbo
[um],in,pcm_m_PECT1M68_ev_spontaneous_222,whisper-small,igbo
go,good,pcm_m_PECT1M68_ev_spontaneous_222,whisper-small,igbo
do,will.,pcm_m_PECT1M68_ev_spontaneous_222,whisper-small,igbo
waka,at,pcm_m_PECT2M10_ev_spontaneous_314,whisper-small,igbo
go,gold,pcm_m_PECT2M10_ev_spontaneous_314,whisper-small,igbo
both,boat,pcm_m_PECT2M10_ev_spontaneous_314,whisper-small,igbo
decide,decided,pcm_m_PECT2M10_ev_spontaneous_314,whisper-small,igbo
where,yet,pcm_m_PECT2M10_ev_spontaneous_314,whisper-small,igbo
pikin,in.,pcm_m_PECT2M10_ev_spontaneous_314,whisper-small,igbo
pikin,picking,pcm_m_PECT2M15_ev_spontaneous_134,whisper-small,igbo
way,the,pcm_m_PECT2M15_ev_spontaneous_134,whisper-small,igbo
ball,ball.,pcm_m_PECT2M15_ev_spontaneous_134,whisper-small,igbo
academy,academy.,pcm_m_PECT2M15_ev_spontaneous_134,whisper-small,igbo
take,think,pcm_m_PECT2M20_ev_spontaneous_395,whisper-small,igbo
"limit,",limit.,pcm_m_PECT2M20_ev_spontaneous_395,whisper-small,igbo
pipo,people's,pcm_m_PECT2M20_ev_spontaneous_395,whisper-small,igbo
limit,limits.,pcm_m_PECT2M20_ev_spontaneous_395,whisper-small,igbo
leaders,"leaders,",pcm_m_PECT2M22_ev_spontaneous_008,whisper-small,igbo
ideas,ideas.,pcm_m_PECT2M22_ev_spontaneous_008,whisper-small,igbo
dey,received,pcm_m_PECT2M23_ev_spontaneous_041,whisper-small,igbo
places,"places,",pcm_m_PECT2M24_ev_spontaneous_297,whisper-small,igbo
sometimes,"sometimes,",pcm_m_PECT2M24_ev_spontaneous_297,whisper-small,igbo
[um],"caregiving,",pcm_m_PECT2M24_ev_spontaneous_297,whisper-small,igbo
members,members.,pcm_m_PECT2M24_ev_spontaneous_297,whisper-small,igbo
dey,did,pcm_m_PECT2M29_ev_spontaneous_211,whisper-small,igbo
dis,this,pcm_m_PECT2M29_ev_spontaneous_211,whisper-small,igbo
mata,"matter,",pcm_m_PECT2M29_ev_spontaneous_211,whisper-small,igbo
know,to,pcm_m_PECT2M29_ev_spontaneous_211,whisper-small,igbo
don,don't,pcm_m_PECT2M29_ev_spontaneous_211,whisper-small,igbo
dey,agree.,pcm_m_PECT2M29_ev_spontaneous_211,whisper-small,igbo
me,me.,pcm_m_PECT2M34_ev_spontaneous_083,whisper-small,igbo
dis,this,pcm_m_PECT2M34_ev_spontaneous_083,whisper-small,igbo
road,road.,pcm_m_PECT2M34_ev_spontaneous_083,whisper-small,igbo
resolution,"resolution,",pcm_m_PECT2M34_ev_spontaneous_123,whisper-small,igbo
empathy,"empathy,",pcm_m_PECT2M34_ev_spontaneous_123,whisper-small,igbo
ten,tension,pcm_m_PECT2M34_ev_spontaneous_123,whisper-small,igbo
like,"like,",pcm_m_PECT2M35_ev_spontaneous_422,whisper-small,igbo
dey,they.,pcm_m_PECT2M35_ev_spontaneous_422,whisper-small,igbo
e,if,pcm_m_PECT2M35_ev_spontaneous_422,whisper-small,igbo
fit,it,pcm_m_PECT2M35_ev_spontaneous_422,whisper-small,igbo
abi,"abi,",pcm_m_PECT2M4_ev_spontaneous_348,whisper-small,igbo
abi,abi.,pcm_m_PECT2M4_ev_spontaneous_348,whisper-small,igbo
no,know.,pcm_m_PECT2M4_ev_spontaneous_348,whisper-small,igbo
know,say,pcm_m_PECT2M4_ev_spontaneous_348,whisper-small,igbo
food,"food,",pcm_m_PECT2M4_ev_spontaneous_348,whisper-small,igbo
na,now,pcm_m_PECT2M4_ev_spontaneous_348,whisper-small,igbo
anoda,another,pcm_m_PECT2M4_ev_spontaneous_348,whisper-small,igbo
poison,poison.,pcm_m_PECT2M4_ev_spontaneous_348,whisper-small,igbo
fit,feet,pcm_m_PECT2M60_ev_spontaneous_346,whisper-small,igbo
"work,",work.,pcm_m_PECT2M60_ev_spontaneous_346,whisper-small,igbo
talk,talks,pcm_m_PECT2M62_ev_spontaneous_203,whisper-small,igbo
say,see,pcm_m_PECT2M62_ev_spontaneous_203,whisper-small,igbo
go,group,pcm_m_PECT2M62_ev_spontaneous_203,whisper-small,igbo
prosper,plus,pcm_m_PECT2M62_ev_spontaneous_203,whisper-small,igbo
receive,received,pcm_m_PECT2M62_ev_spontaneous_203,whisper-small,igbo
am,arm,pcm_m_PECT2M62_ev_spontaneous_203,whisper-small,igbo
manage,might,pcm_m_PECT2M72_ev_spontaneous_498,whisper-small,igbo
her,i,pcm_m_PECT2M72_ev_spontaneous_498,whisper-small,igbo
husband,would,pcm_m_PECT2M72_ev_spontaneous_498,whisper-small,igbo
make,me,pcm_m_PECT2M72_ev_spontaneous_498,whisper-small,igbo
am,come,pcm_m_PECT2M72_ev_spontaneous_498,whisper-small,igbo
alive,alive.,pcm_m_PECT2M72_ev_spontaneous_498,whisper-small,igbo
house,"house,",pcm_m_PECT2M72_ev_spontaneous_591,whisper-small,igbo
tell,the,pcm_m_PECT2M72_ev_spontaneous_591,whisper-small,igbo
bbc,"dbcc,",pcm_m_PECT2M72_ev_spontaneous_591,whisper-small,igbo
say,the,pcm_m_PECT2M72_ev_spontaneous_591,whisper-small,igbo
council,"council,",pcm_m_PECT2M72_ev_spontaneous_591,whisper-small,igbo
matters,matters.,pcm_m_PECT2M72_ev_spontaneous_591,whisper-small,igbo
tok,talks,pcm_m_PECT2M77_ev_spontaneous_342,whisper-small,igbo
sey,in,pcm_m_PECT2M77_ev_spontaneous_342,whisper-small,igbo
im,the,pcm_m_PECT2M77_ev_spontaneous_342,whisper-small,igbo
dey,cell,pcm_m_PECT2M77_ev_spontaneous_342,whisper-small,igbo
no,will,pcm_m_PECT2M77_ev_spontaneous_342,whisper-small,igbo
wey,will,pcm_m_PECT2M77_ev_spontaneous_458,whisper-small,igbo
the,this,pcm_m_PECT2M77_ev_spontaneous_458,whisper-small,igbo
school,goofy,pcm_m_PECT2M77_ev_spontaneous_458,whisper-small,igbo
fees,"story,",pcm_m_PECT2M77_ev_spontaneous_458,whisper-small,igbo
try,oh...,pcm_m_PECT2M77_ev_spontaneous_458,whisper-small,igbo
o,oh...,pcm_m_PECT2M77_ev_spontaneous_458,whisper-small,igbo
den,then,pcm_m_PECT2M79_ev_spontaneous_010,whisper-small,igbo
dey,dealt,pcm_m_PECT2M79_ev_spontaneous_010,whisper-small,igbo
on,with,pcm_m_PECT2M79_ev_spontaneous_010,whisper-small,igbo
suspension,"suspicions,",pcm_m_PECT2M79_ev_spontaneous_010,whisper-small,igbo
dey,didn't,pcm_m_PECT2M79_ev_spontaneous_010,whisper-small,igbo
her,anything.,pcm_m_PECT2M79_ev_spontaneous_010,whisper-small,igbo
arm,heart,pcm_m_PECT2M7_ev_spontaneous_158,whisper-small,igbo
remind,reminds,pcm_m_PECT2M7_ev_spontaneous_158,whisper-small,igbo
we,we've,pcm_m_PECT2M7_ev_spontaneous_158,whisper-small,igbo
share.,shared.,pcm_m_PECT2M7_ev_spontaneous_158,whisper-small,igbo
asia,"asia,",pcm_m_PECT2M84_ev_spontaneous_197,whisper-small,igbo
and,pakistan,pcm_m_PECT2M84_ev_spontaneous_197,whisper-small,igbo
pakistan,to,pcm_m_PECT2M84_ev_spontaneous_197,whisper-small,igbo
demsef,themselves,pcm_m_PECT2M84_ev_spontaneous_197,whisper-small,igbo
stabilise,stabilize,pcm_m_PECT2M84_ev_spontaneous_197,whisper-small,igbo
toktok,talk-talk.,pcm_m_PECT2M84_ev_spontaneous_197,whisper-small,igbo
deny,denied,pcm_m_PECT2M84_ev_spontaneous_214,whisper-small,igbo
involvement,"involvement,",pcm_m_PECT2M84_ev_spontaneous_214,whisper-small,igbo
wit,with,pcm_m_PECT2M84_ev_spontaneous_214,whisper-small,igbo
dia,their,pcm_m_PECT2M84_ev_spontaneous_214,whisper-small,igbo
account,accounts,pcm_m_PECT2M84_ev_spontaneous_214,whisper-small,igbo
don,don't,pcm_m_PECT2M84_ev_spontaneous_214,whisper-small,igbo
role,rule,pcm_m_PECT2M84_ev_spontaneous_214,whisper-small,igbo
attack,attack.,pcm_m_PECT2M84_ev_spontaneous_214,whisper-small,igbo
their,the,pcm_m_PECT2M85_ev_spontaneous_122,whisper-small,igbo
outright,outright.,pcm_m_PECT2M85_ev_spontaneous_122,whisper-small,igbo
adviser,advisor,pcm_m_PECT2M89_ev_spontaneous_333,whisper-small,igbo
say,"say,",pcm_m_PECT2M89_ev_spontaneous_333,whisper-small,igbo
dey,to,pcm_m_PECT2M93_ev_spontaneous_466,whisper-small,igbo
set,remind,pcm_m_PECT2M93_ev_spontaneous_466,whisper-small,igbo
reminder,her,pcm_m_PECT2M93_ev_spontaneous_466,whisper-small,igbo
[um],and,pcm_m_PECT2M93_ev_spontaneous_466,whisper-small,igbo
[um],her,pcm_m_PECT2M93_ev_spontaneous_466,whisper-small,igbo
[um],her,pcm_m_PECT2M93_ev_spontaneous_466,whisper-small,igbo
time,time.,pcm_m_PECT2M93_ev_spontaneous_466,whisper-small,igbo
wonder,wander,pcm_m_PECT2M97_ev_spontaneous_040,whisper-small,igbo
wetin,waiting,pcm_m_PECT2M97_ev_spontaneous_040,whisper-small,igbo
wey,with,pcm_m_PECT2M97_ev_spontaneous_040,whisper-small,igbo
dem,and,pcm_m_PECT2M97_ev_spontaneous_040,whisper-small,igbo
collect,"collect,",pcm_m_PECT2M97_ev_spontaneous_040,whisper-small,igbo
do,do.,pcm_m_PECT2M97_ev_spontaneous_040,whisper-small,igbo
neva,never,pcm_m_PECT2M98_ev_spontaneous_578,whisper-small,igbo
pim,pimp,pcm_m_PECT2M98_ev_spontaneous_578,whisper-small,igbo
mata,matter,pcm_m_PECT2M98_ev_spontaneous_578,whisper-small,igbo
accuse,accused,pcm_m_PECT2M98_ev_spontaneous_578,whisper-small,igbo
shelters,cell,pcm_m_PECT2M98_ev_spontaneous_578,whisper-small,igbo
[um],charge,pcm_m_PECT2M98_ev_spontaneous_578,whisper-small,igbo
bases,basis.,pcm_m_PECT2M98_ev_spontaneous_578,whisper-small,igbo
consent,is,pcm_m_PHTS1M1_he_spontaneous_066,whisper-small,yoruba
na,now,pcm_m_PHTS1M1_he_spontaneous_066,whisper-small,yoruba
watin,within,pcm_m_PHTS1M1_he_spontaneous_066,whisper-small,yoruba
suppose,supposed,pcm_m_PHTS1M1_he_spontaneous_066,whisper-small,yoruba
dey,to,pcm_m_PHTS1M1_he_spontaneous_066,whisper-small,yoruba
true,through,pcm_m_PHTS1M1_he_spontaneous_066,whisper-small,yoruba
true,through.,pcm_m_PHTS1M1_he_spontaneous_066,whisper-small,yoruba
[um],they're,pcm_m_PHTS1M1_he_spontaneous_235,whisper-small,yoruba
dem,supposed,pcm_m_PHTS1M1_he_spontaneous_235,whisper-small,yoruba
[um],and,pcm_m_PHTS1M1_he_spontaneous_235,whisper-small,yoruba
churches,churches.,pcm_m_PHTS1M1_he_spontaneous_235,whisper-small,yoruba
dey,de-packed,pcm_m_PHTS1M1_he_spontaneous_364,whisper-small,yoruba
pack,tights,pcm_m_PHTS1M1_he_spontaneous_364,whisper-small,yoruba
dey,de-chillax.,pcm_m_PHTS1M1_he_spontaneous_364,whisper-small,yoruba
hear,here,pcm_m_PHTS1M2_he_spontaneous_287,whisper-small,yoruba
patient,patients,pcm_m_PHTS1M2_he_spontaneous_287,whisper-small,yoruba
judge,judge-judge,pcm_m_PHTS1M2_he_spontaneous_287,whisper-small,yoruba
judge,"arm,",pcm_m_PHTS1M2_he_spontaneous_287,whisper-small,yoruba
[um],they,pcm_m_PHTS1M2_he_spontaneous_287,whisper-small,yoruba
understanding,"understanding,",pcm_m_PHTS1M2_he_spontaneous_287,whisper-small,yoruba
hospital,hospitals.,pcm_m_PHTS1M2_he_spontaneous_287,whisper-small,yoruba
respect,respects,pcm_m_PHTS1M2_he_spontaneous_335,whisper-small,yoruba
other,other.,pcm_m_PHTS1M2_he_spontaneous_335,whisper-small,yoruba
say,seeing,pcm_m_PHTS1M2_he_spontaneous_335,whisper-small,yoruba
na,a,pcm_m_PHTS1M2_he_spontaneous_335,whisper-small,yoruba
team,team.,pcm_m_PHTS1M2_he_spontaneous_335,whisper-small,yoruba
na,now,pcm_m_PHTT1M11_he_spontaneous_147,whisper-small,hausa
help,health,pcm_m_PHTT1M11_he_spontaneous_147,whisper-small,hausa
na,now,pcm_m_PHTT1M11_he_spontaneous_502,whisper-small,hausa
believe,belief,pcm_m_PHTT1M11_he_spontaneous_502,whisper-small,hausa
come.,come,pcm_m_PHTT1M11_he_spontaneous_502,whisper-small,hausa
true,"true,",pcm_m_PHTT1M13_he_spontaneous_481,whisper-small,hausa
no,nobody,pcm_m_PHTT1M13_he_spontaneous_481,whisper-small,hausa
be,else,pcm_m_PHTT1M13_he_spontaneous_481,whisper-small,hausa
all,if,pcm_m_PHTT1M13_he_spontaneous_481,whisper-small,hausa
say,say.,pcm_m_PHTT1M13_he_spontaneous_481,whisper-small,hausa
na,now,pcm_m_PHTT1M13_he_spontaneous_481,whisper-small,hausa
dey,did,pcm_m_PHTT1M13_he_spontaneous_481,whisper-small,hausa
well,"well,",pcm_m_PHTT1M13_he_spontaneous_481,whisper-small,hausa
way,way.,pcm_m_PHTT1M13_he_spontaneous_481,whisper-small,hausa
sef,"safe,",pcm_m_PHTT1M13_he_spontaneous_481,whisper-small,hausa
no,nobody,pcm_m_PHTT1M13_he_spontaneous_481,whisper-small,hausa
[um],thing.,pcm_m_PHTT1M13_he_spontaneous_481,whisper-small,hausa
first,actually,pcm_m_PHTT1M15_he_spontaneous_307,whisper-small,hausa
—,eh?,pcm_m_PHTT1M15_he_spontaneous_307,whisper-small,hausa
actually[um]even,even,pcm_m_PHTT1M15_he_spontaneous_307,whisper-small,hausa
five,5,pcm_m_PHTT1M15_he_spontaneous_307,whisper-small,hausa
dey,will,pcm_m_PHTT1M15_he_spontaneous_307,whisper-small,hausa
inside,inside.,pcm_m_PHTT1M15_he_spontaneous_307,whisper-small,hausa
we,we've,pcm_m_PHTT1M17_he_spontaneous_429,whisper-small,hausa
get,getting,pcm_m_PHTT1M17_he_spontaneous_429,whisper-small,hausa
hiv,heja,pcm_m_PHTT1M17_he_spontaneous_429,whisper-small,hausa
mata,vimata,pcm_m_PHTT1M17_he_spontaneous_429,whisper-small,hausa
help,"helped,",pcm_m_PHTT1M17_he_spontaneous_429,whisper-small,hausa
[um],"shah,",pcm_m_PHTT1M17_he_spontaneous_429,whisper-small,hausa
na,now,pcm_m_PHTT1M35_he_spontaneous_364,whisper-small,hausa
make,makes,pcm_m_PHTT1M35_he_spontaneous_364,whisper-small,hausa
[um],the,pcm_m_PHTT1M35_he_spontaneous_364,whisper-small,hausa
for,of,pcm_m_PHTT1M35_he_spontaneous_364,whisper-small,hausa
hand,hand.,pcm_m_PHTT1M35_he_spontaneous_364,whisper-small,hausa
actually,"actually,",pcm_m_PHTT1M4_he_spontaneous_329,whisper-small,hausa
build,use,pcm_m_PHTT1M4_he_spontaneous_329,whisper-small,hausa
rural,in,pcm_m_PHTT1M4_he_spontaneous_329,whisper-small,hausa
clinics,"it,",pcm_m_PHTT1M4_he_spontaneous_329,whisper-small,hausa
area,area.,pcm_m_PHTT1M4_he_spontaneous_329,whisper-small,hausa
[um],"residents,",pcm_m_PHTT1M7_he_spontaneous_397,whisper-small,hausa
ways,"ways,",pcm_m_PHTT1M7_he_spontaneous_397,whisper-small,hausa
closer,closer.,pcm_m_PHTT1M7_he_spontaneous_397,whisper-small,hausa
healthcare.,care.,pcm_m_PHTT1M7_he_spontaneous_397,whisper-small,hausa
belief,bleep,pcm_m_PHTT1M8_he_spontaneous_599,whisper-small,hausa
system,"system,",pcm_m_PHTT1M8_he_spontaneous_599,whisper-small,hausa
result,results,pcm_m_PHTT1M8_he_spontaneous_599,whisper-small,hausa
patient.,patients.,pcm_m_PHTT1M8_he_spontaneous_599,whisper-small,hausa
wan,and,pcm_m_PHTT2M10_he_spontaneous_153,whisper-small,hausa
ritual,virtual,pcm_m_PHTT2M10_he_spontaneous_153,whisper-small,hausa
start,start.,pcm_m_PHTT2M10_he_spontaneous_153,whisper-small,hausa
small-small,small,pcm_m_PHTT2M10_he_spontaneous_457,whisper-small,hausa
[um],on,pcm_m_PHTT2M10_he_spontaneous_457,whisper-small,hausa
water,are,pcm_m_PHTT2M10_he_spontaneous_457,whisper-small,hausa
run,wrong,pcm_m_PHTT2M10_he_spontaneous_457,whisper-small,hausa
hand,aunt,pcm_m_PHTT2M10_he_spontaneous_457,whisper-small,hausa
[um],hmm,pcm_m_PHTT2M10_he_spontaneous_457,whisper-small,hausa
hospitu,hospital,pcm_m_PHTT2M10_he_spontaneous_519,whisper-small,hausa
infection,infection.,pcm_m_PHTT2M10_he_spontaneous_519,whisper-small,hausa
to,today,pcm_m_PHTT2M10_he_spontaneous_519,whisper-small,hausa
dey,will,pcm_m_PHTT2M10_he_spontaneous_519,whisper-small,hausa
tings,things.,pcm_m_PHTT2M10_he_spontaneous_519,whisper-small,hausa
person,passing,pcm_m_PHTT2M12_he_spontaneous_076,whisper-small,hausa
habit,habit.,pcm_m_PHTT2M12_he_spontaneous_076,whisper-small,hausa
if,it,pcm_m_PHTT2M13_he_spontaneous_313,whisper-small,hausa
dem,can,pcm_m_PHTT2M13_he_spontaneous_313,whisper-small,hausa
well,well.,pcm_m_PHTT2M13_he_spontaneous_313,whisper-small,hausa
e,ego,pcm_m_PHTT2M13_he_spontaneous_313,whisper-small,hausa
go,helps,pcm_m_PHTT2M13_he_spontaneous_313,whisper-small,hausa
decision,decisions,pcm_m_PHTT2M13_he_spontaneous_313,whisper-small,hausa
ah,we,pcm_m_PHTT2M13_he_spontaneous_313,whisper-small,hausa
i,play,pcm_m_PHTT2M13_he_spontaneous_313,whisper-small,hausa
swear,as,pcm_m_PHTT2M13_he_spontaneous_313,whisper-small,hausa
[um],they,pcm_m_PHTT2M13_he_spontaneous_313,whisper-small,hausa
[um],i,pcm_m_PHTT2M18_he_spontaneous_048,whisper-small,hausa
ahh,say,pcm_m_PHTT2M18_he_spontaneous_048,whisper-small,hausa
person,with,pcm_m_PHTT2M18_he_spontaneous_048,whisper-small,hausa
wey,the,pcm_m_PHTT2M18_he_spontaneous_048,whisper-small,hausa
yarn,yes,pcm_m_PHTT2M18_he_spontaneous_048,whisper-small,hausa
as,are,pcm_m_PHTT2M18_he_spontaneous_048,whisper-small,hausa
chop,top,pcm_m_PHTT2M18_he_spontaneous_048,whisper-small,hausa
people,"people,",pcm_m_PHTT2M23_he_spontaneous_074,whisper-small,hausa
nurse,noses,pcm_m_PHTT2M29_he_spontaneous_046,whisper-small,hausa
fit,feet,pcm_m_PHTT2M29_he_spontaneous_046,whisper-small,hausa
wetin,"waiting,",pcm_m_PHTT2M2_he_spontaneous_076,whisper-small,hausa
mean,"mean,",pcm_m_PHTT2M2_he_spontaneous_076,whisper-small,hausa
be,they,pcm_m_PHTT2M2_he_spontaneous_076,whisper-small,hausa
say,"say,",pcm_m_PHTT2M2_he_spontaneous_076,whisper-small,hausa
before,"before,",pcm_m_PHTT2M2_he_spontaneous_076,whisper-small,hausa
dey,did,pcm_m_PHTT2M2_he_spontaneous_076,whisper-small,hausa
injection,injunction.,pcm_m_PHTT2M2_he_spontaneous_076,whisper-small,hausa
now,"now,",pcm_m_PHTT2M2_he_spontaneous_076,whisper-small,hausa
know,don't,pcm_m_PHTT2M2_he_spontaneous_076,whisper-small,hausa
e,if,pcm_m_PHTT2M2_he_spontaneous_076,whisper-small,hausa
watin,thing,pcm_m_PHTT2M3_he_spontaneous_455,whisper-small,hausa
they,did,pcm_m_PHTT2M3_he_spontaneous_455,whisper-small,hausa
talk,to,pcm_m_PHTT2M3_he_spontaneous_455,whisper-small,hausa
be,"say,",pcm_m_PHTT2M3_he_spontaneous_455,whisper-small,hausa
say,mixed,pcm_m_PHTT2M3_he_spontaneous_455,whisper-small,hausa
make,"school,",pcm_m_PHTT2M3_he_spontaneous_455,whisper-small,hausa
sti,"sti,",pcm_m_PHTT2M3_he_spontaneous_455,whisper-small,hausa
testing,in,pcm_m_PHTT2M3_he_spontaneous_455,whisper-small,hausa
class,class.,pcm_m_PHTT2M3_he_spontaneous_455,whisper-small,hausa
patient,patients.,pcm_m_PHTT2M5_he_spontaneous_268,whisper-small,hausa
[?],beliefs,pcm_m_PHTT2M5_he_spontaneous_268,whisper-small,hausa
beliefse,the,pcm_m_PHTT2M5_he_spontaneous_268,whisper-small,hausa
result,"results,",pcm_m_PHTT2M5_he_spontaneous_268,whisper-small,hausa
result,results,pcm_m_PHTT2M5_he_spontaneous_268,whisper-small,hausa
patient,patients.,pcm_m_PHTT2M5_he_spontaneous_268,whisper-small,hausa
protection,"protection,",pcm_m_PHTT2M5_he_spontaneous_544,whisper-small,hausa
wey,wear,pcm_m_PHTT2M5_he_spontaneous_544,whisper-small,hausa
hard,hat,pcm_m_PHTT2M5_he_spontaneous_544,whisper-small,hausa
maintain,maintain.,pcm_m_PHTT2M5_he_spontaneous_544,whisper-small,hausa
fit,come,pcm_m_PHTT2M5_he_spontaneous_544,whisper-small,hausa
comot,out,pcm_m_PHTT2M5_he_spontaneous_544,whisper-small,hausa
iuds,"iuds,",pcm_m_PHTT2M5_he_spontaneous_544,whisper-small,hausa
hormonal,hormonaliuds,pcm_m_PHTT2M5_he_spontaneous_544,whisper-small,hausa
true-true,"true,",pcm_m_PHTT2M6_he_spontaneous_211,whisper-small,hausa
[?],"respect,",pcm_m_PHTT2M6_he_spontaneous_211,whisper-small,hausa
respect,they,pcm_m_PHTT2M6_he_spontaneous_211,whisper-small,hausa
sides,sides.,pcm_m_PHTT2M6_he_spontaneous_211,whisper-small,hausa
sides,"sides,",pcm_m_PHTT2M6_he_spontaneous_211,whisper-small,hausa
faith,fit,pcm_m_PHTT2M6_he_spontaneous_211,whisper-small,hausa
well,way,pcm_m_PHTT2M6_he_spontaneous_211,whisper-small,hausa
together,together.,pcm_m_PHTT2M6_he_spontaneous_211,whisper-small,hausa
don,don't,pcm_m_PHTT2M6_he_spontaneous_356,whisper-small,hausa
pcos,brought,pcm_m_PHTT2M6_he_spontaneous_356,whisper-small,hausa
brochure,you,pcm_m_PHTT2M6_he_spontaneous_356,whisper-small,hausa
now.,now,pcm_m_PHTT2M6_he_spontaneous_356,whisper-small,hausa
na,now,pcm_m_PHTT2M6_he_spontaneous_356,whisper-small,hausa
better,beta,pcm_m_PHTT2M6_he_spontaneous_356,whisper-small,hausa
level.,level,pcm_m_PHTT2M6_he_spontaneous_356,whisper-small,hausa
pipu,people,pcm_m_PHTT2M8_he_spontaneous_441,whisper-small,hausa
don,don't,pcm_m_PHTT2M8_he_spontaneous_441,whisper-small,hausa
say,in,pcm_m_PHTT2M8_he_spontaneous_441,whisper-small,hausa
na,a,pcm_m_PHTT2M8_he_spontaneous_441,whisper-small,hausa
alone,alone.,pcm_m_PHTT2M8_he_spontaneous_441,whisper-small,hausa
eye,light,pcm_m_PM4M1_ev_read_169,whisper-small,pidgin
im,in,pcm_m_PM4M1_ev_read_169,whisper-small,pidgin
follow,policy.,pcm_m_PM4M1_ev_read_169,whisper-small,pidgin
better,beta,pcm_m_PM4M1_ev_read_182,whisper-small,multilingual
anti,and,pcm_m_PM4M1_ev_read_182,whisper-small,multilingual
fit,keep,pcm_m_PM4M1_ev_read_182,whisper-small,multilingual
comot,comod,pcm_m_PM4M1_ev_read_182,whisper-small,multilingual
virus,virus.,pcm_m_PM4M1_ev_read_182,whisper-small,multilingual
first,post,pcm_m_PM4M1_ev_read_265,whisper-small,multilingual
thing,turned,pcm_m_PM4M1_ev_read_265,whisper-small,multilingual
na,not,pcm_m_PM4M1_ev_read_265,whisper-small,multilingual
sabi,"sabisei,",pcm_m_PM4M1_ev_read_265,whisper-small,multilingual
di,edison.,pcm_m_PM4M1_ev_read_265,whisper-small,multilingual
well,well-well,pcm_m_PM4M1_ev_read_327,whisper-small,multilingual
endsars,answers,pcm_m_PM4M1_ev_read_327,whisper-small,multilingual
movement,movement.,pcm_m_PM4M1_ev_read_327,whisper-small,multilingual
de,the,pcm_m_PM4M1_ev_read_569,whisper-small,multilingual
persin,person,pcm_m_PM4M1_ev_read_569,whisper-small,multilingual
fit,feed,pcm_m_PM4M1_ev_read_569,whisper-small,multilingual
money,money.,pcm_m_PM4M1_ev_read_569,whisper-small,multilingual
you,you're,pcm_m_PM4M2_ev_read_073,whisper-small,multilingual
wan,one,pcm_m_PM4M2_ev_read_073,whisper-small,multilingual
loyal,loyal.,pcm_m_PM4M2_ev_read_073,whisper-small,multilingual
no,let,pcm_m_PM4M2_ev_read_073,whisper-small,multilingual
mean,me,pcm_m_PM4M2_ev_read_073,whisper-small,multilingual
sey,"say,",pcm_m_PM4M2_ev_read_073,whisper-small,multilingual
no,"know,",pcm_m_PM4M2_ev_read_073,whisper-small,multilingual
we,you,pcm_m_PM4M2_ev_read_107,whisper-small,pidgin
dey,to,pcm_m_PM4M2_ev_read_107,whisper-small,pidgin
go,a,pcm_m_PM4M2_ev_read_107,whisper-small,pidgin
meeting,"room,",pcm_m_PM4M2_ev_read_107,whisper-small,pidgin
our,a,pcm_m_PM4M2_ev_read_107,whisper-small,pidgin
your,afraid,pcm_m_PM4M2_ev_read_196,whisper-small,multilingual
friend,and,pcm_m_PM4M2_ev_read_196,whisper-small,multilingual
"come,","calm,",pcm_m_PM4M2_ev_read_196,whisper-small,multilingual
treat,to,pcm_m_PM4M2_ev_read_196,whisper-small,multilingual
am,charm,pcm_m_PM4M2_ev_read_196,whisper-small,multilingual
checking,taking,pcm_m_PM4M2_ev_read_229,whisper-small,multilingual
friends,"friends,",pcm_m_PM4M2_ev_read_229,whisper-small,multilingual
de,they,pcm_m_PM4M2_ev_read_229,whisper-small,multilingual
bond,bombs,pcm_m_PM4M2_ev_read_229,whisper-small,multilingual
stronger,"stronger,",pcm_m_PM4M2_ev_read_229,whisper-small,multilingual
e,if,pcm_m_PM4M2_ev_read_229,whisper-small,multilingual
de,they,pcm_m_PM4M2_ev_read_229,whisper-small,multilingual
persin,"piercing,",pcm_m_PM4M2_ev_read_229,whisper-small,multilingual
say,safe,pcm_m_PM4M2_ev_read_229,whisper-small,multilingual
e,longer.,pcm_m_PM4M2_ev_read_229,whisper-small,multilingual
gats,just,pcm_m_PM4M2_ev_read_318,whisper-small,multilingual
check,take,pcm_m_PM4M2_ev_read_318,whisper-small,multilingual
empathy,"empathy,",pcm_m_PM4M2_ev_read_349,whisper-small,multilingual
nurture,natural,pcm_m_PM4M2_ev_read_349,whisper-small,multilingual
compassion;,"compassion,",pcm_m_PM4M2_ev_read_349,whisper-small,multilingual
dey,helps,pcm_m_PM4M2_ev_read_349,whisper-small,multilingual
don,don't,pcm_m_PM4M2_ev_read_435,whisper-small,multilingual
watch,worked,pcm_m_PM4M2_ev_read_435,whisper-small,multilingual
news,news.,pcm_m_PM4M2_ev_read_435,whisper-small,multilingual
wen,when,pcm_m_PM4M2_ev_read_450,whisper-small,multilingual
go,goyuki.,pcm_m_PM4M2_ev_read_450,whisper-small,multilingual
sights,sights.,pcm_m_PM4M2_ev_read_450,whisper-small,multilingual
chika,"chika,",pcm_m_PM4M2_ev_read_453,whisper-small,multilingual
me,"me,",pcm_m_PM4M2_ev_read_453,whisper-small,multilingual
say,"say,",pcm_m_PM4M2_ev_read_453,whisper-small,multilingual
meet,met,pcm_m_PM4M2_ev_read_453,whisper-small,multilingual
jean,jill,pcm_m_PM4M2_ev_read_453,whisper-small,multilingual
claude,cloud,pcm_m_PM4M2_ev_read_453,whisper-small,multilingual
van,bandyam,pcm_m_PM4M2_ev_read_453,whisper-small,multilingual
dam,when,pcm_m_PM4M2_ev_read_453,whisper-small,multilingual
friend,pranking,pcm_m_PM4M2_ev_read_573,whisper-small,multilingual
phyno,final,pcm_m_PM4M2_ev_read_573,whisper-small,multilingual
for,pass,pcm_m_PM4M2_ev_read_573,whisper-small,multilingual
asaba,over,pcm_m_PM4M2_ev_read_573,whisper-small,multilingual
engagement,engagement.,pcm_m_PM4M3_ev_read_063,whisper-small,multilingual
na,now,pcm_m_PM4M3_ev_read_063,whisper-small,multilingual
wey,we,pcm_m_PM4M3_ev_read_063,whisper-small,multilingual
we,feed,pcm_m_PM4M3_ev_read_063,whisper-small,multilingual
fit,pigs,pcm_m_PM4M3_ev_read_063,whisper-small,multilingual
take,are,pcm_m_PM4M3_ev_read_063,whisper-small,multilingual
sabi,be,pcm_m_PM4M3_ev_read_063,whisper-small,multilingual
wetin,waiting,pcm_m_PM4M3_ev_read_063,whisper-small,multilingual
dey,to,pcm_m_PM4M3_ev_read_063,whisper-small,multilingual
communities,communities.,pcm_m_PM4M3_ev_read_063,whisper-small,multilingual
i,are,pcm_m_PM4M3_ev_read_073,whisper-small,pidgin
say,safe,pcm_m_PM4M3_ev_read_073,whisper-small,pidgin
perseverance,reservoirs,pcm_m_PM4M3_ev_read_073,whisper-small,pidgin
adversity.,adversity?,pcm_m_PM4M3_ev_read_073,whisper-small,pidgin
dey,do,pcm_m_PM4M3_ev_read_098,whisper-small,multilingual
times,"times,",pcm_m_PM4M3_ev_read_098,whisper-small,multilingual
family,family.,pcm_m_PM4M3_ev_read_098,whisper-small,multilingual
wetin,do,pcm_m_PM4M3_ev_read_135,whisper-small,pidgin
wetin,waiting,pcm_m_PM4M3_ev_read_172,whisper-small,multilingual
"brand,",brand,pcm_m_PM4M3_ev_read_172,whisper-small,multilingual
favorite?,favorite,pcm_m_PM4M3_ev_read_172,whisper-small,multilingual
wetin,waiting,pcm_m_PM4M3_ev_read_234,whisper-small,multilingual
risks,risk,pcm_m_PM4M3_ev_read_234,whisper-small,multilingual
"drinking,",drinking.,pcm_m_PM4M3_ev_read_234,whisper-small,multilingual
knowledge?,knowledge.,pcm_m_PM4M3_ev_read_234,whisper-small,multilingual
vaccination,vaccinations,pcm_m_PM4M3_ev_read_270,whisper-small,multilingual
wetin,waiting,pcm_m_PM4M3_ev_read_276,whisper-small,multilingual
recovery?,recovery.,pcm_m_PM4M3_ev_read_276,whisper-small,multilingual
dey,may,pcm_m_PM4M3_ev_read_288,whisper-small,multilingual
weekend,can,pcm_m_PM4M3_ev_read_469,whisper-small,multilingual
de,the,pcm_m_PM4M3_ev_read_469,whisper-small,multilingual
person,"passing,",pcm_m_PM4M3_ev_read_507,whisper-small,multilingual
baff,"bath,",pcm_m_PM4M3_ev_read_507,whisper-small,multilingual
cloth,"clothes,",pcm_m_PM4M3_ev_read_507,whisper-small,multilingual
wey,wear,pcm_m_PM4M3_ev_read_507,whisper-small,multilingual
det,daylight.,pcm_m_PM4M3_ev_read_507,whisper-small,multilingual
help,helpers,pcm_m_PM4M3_ev_read_520,whisper-small,multilingual
person,and,pcm_m_PM4M3_ev_read_520,whisper-small,multilingual
im,them,pcm_m_PM4M3_ev_read_520,whisper-small,multilingual
work,work.,pcm_m_PM4M3_ev_read_520,whisper-small,multilingual
person,passing,pcm_m_PM4M3_ev_read_521,whisper-small,multilingual
come,comes,pcm_m_PM4M3_ev_read_521,whisper-small,multilingual
work,"work,",pcm_m_PM4M3_ev_read_521,whisper-small,multilingual
na,not,pcm_m_PM4M3_ev_read_521,whisper-small,multilingual
cloth,out,pcm_m_PM4M3_ev_read_521,whisper-small,multilingual
wey,"close,",pcm_m_PM4M3_ev_read_521,whisper-small,multilingual
im,when,pcm_m_PM4M3_ev_read_521,whisper-small,multilingual
work,work.,pcm_m_PM4M3_ev_read_521,whisper-small,multilingual
dis,this,pcm_m_PM4M3_ev_read_545,whisper-small,pidgin
go,will,pcm_m_PM4M3_ev_read_545,whisper-small,pidgin
waka,walk,pcm_m_PM4M3_ev_read_545,whisper-small,pidgin
broda,"brother,",pcm_m_PM4M3_ev_read_582,whisper-small,pidgin
"morning,",morning.,pcm_m_PM4M3_ev_read_582,whisper-small,pidgin
our,i,pcm_m_PM4M3_ev_read_582,whisper-small,pidgin
nebor,am,pcm_m_PM4M3_ev_read_582,whisper-small,pidgin
wey,bawede,pcm_m_PM4M3_ev_read_582,whisper-small,pidgin
dey,"pregnant,",pcm_m_PM4M3_ev_read_582,whisper-small,pidgin
pregnant,dom,pcm_m_PM4M3_ev_read_582,whisper-small,pidgin
don,bono.,pcm_m_PM4M3_ev_read_582,whisper-small,pidgin
daughter,daughter's,pcm_m_PP1M2_ev_read_075,whisper-small,pidgin
rent,rents,pcm_m_PP1M2_ev_read_075,whisper-small,pidgin
pass,past,pcm_m_PP1M2_ev_read_075,whisper-small,pidgin
now,now.,pcm_m_PP1M2_ev_read_075,whisper-small,pidgin
mama,i,pcm_m_PP1M2_ev_read_127,whisper-small,pidgin
abeg,"beg,",pcm_m_PP1M2_ev_read_127,whisper-small,pidgin
daughter,"daughter,",pcm_m_PP1M2_ev_read_127,whisper-small,pidgin
no,not,pcm_m_PP1M2_ev_read_127,whisper-small,pidgin
purse,pulse,pcm_m_PP1M2_ev_read_127,whisper-small,pidgin
again,again.,pcm_m_PP1M2_ev_read_127,whisper-small,pidgin
no,don't,pcm_m_PP1M2_ev_read_168,whisper-small,pidgin
wetin,anything,pcm_m_PP1M2_ev_read_168,whisper-small,pidgin
man.,"man,",pcm_m_PP1M2_ev_read_168,whisper-small,pidgin
carry,you,pcm_m_PP1M2_ev_read_168,whisper-small,pidgin
dirty,are,pcm_m_PP1M2_ev_read_168,whisper-small,pidgin
water,tough,pcm_m_PP1M2_ev_read_168,whisper-small,pidgin
pour,for,pcm_m_PP1M2_ev_read_168,whisper-small,pidgin
dey,do,pcm_m_PP1M2_ev_read_168,whisper-small,pidgin
walk,work,pcm_m_PP1M2_ev_read_168,whisper-small,pidgin
street,streets.,pcm_m_PP1M2_ev_read_168,whisper-small,pidgin
get,gets,pcm_m_PP1M2_ev_read_374,whisper-small,pidgin
wan,won't,pcm_m_PP1M2_ev_read_374,whisper-small,pidgin
dis,this,pcm_m_PP1M2_ev_read_374,whisper-small,pidgin
rice,right,pcm_m_PP1M2_ev_read_374,whisper-small,pidgin
to,to.,pcm_m_PP1M2_ev_read_374,whisper-small,pidgin
go,would,pcm_m_PP1M2_ev_read_430,whisper-small,pidgin
wen,when,pcm_m_PP1M2_ev_read_430,whisper-small,pidgin
watch,water.,pcm_m_PP1M2_ev_read_430,whisper-small,pidgin
catch,cut,pcm_m_PP1M2_ev_read_441,whisper-small,pidgin
pikin,picking,pcm_m_PP1M2_ev_read_441,whisper-small,pidgin
dey,deweights,pcm_m_PP1M2_ev_read_441,whisper-small,pidgin
waste,"water,",pcm_m_PP1M2_ev_read_441,whisper-small,pidgin
get,guess,pcm_m_PP1M2_ev_read_441,whisper-small,pidgin
strength,trying,pcm_m_PP1M2_ev_read_441,whisper-small,pidgin
am,her.,pcm_m_PP1M2_ev_read_441,whisper-small,pidgin
wan,won't,pcm_m_PP1M2_ev_read_477,whisper-small,pidgin
photocopy,copy,pcm_m_PP1M2_ev_read_477,whisper-small,pidgin
dem,them.,pcm_m_PP1M2_ev_read_477,whisper-small,pidgin
abeg,i,pcm_m_PP1M2_ev_read_486,whisper-small,pidgin
no,beg,pcm_m_PP1M2_ev_read_486,whisper-small,pidgin
vex,"novice,",pcm_m_PP1M2_ev_read_486,whisper-small,pidgin
dis,this,pcm_m_PP1M2_ev_read_486,whisper-small,pidgin
dey,did,pcm_m_PP1M2_ev_read_486,whisper-small,pidgin
important,important.,pcm_m_PP1M2_ev_read_486,whisper-small,pidgin
like,"like,",pcm_m_PP1M2_ev_read_533,whisper-small,pidgin
wetin,waiting,pcm_m_PP1M2_ev_read_533,whisper-small,pidgin
already,already.,pcm_m_PP1M2_ev_read_533,whisper-small,pidgin
fit,feedback.,pcm_m_PP1M2_ev_read_533,whisper-small,pidgin
no,don't,pcm_m_PP1M2_ev_read_557,whisper-small,pidgin
go,will,pcm_m_PP1M2_ev_read_557,whisper-small,pidgin
dis,this,pcm_m_PP1M2_ev_read_557,whisper-small,pidgin
woman,my,pcm_m_PP1M2_ev_read_557,whisper-small,pidgin
keep,tip,pcm_m_PP1M2_ev_read_557,whisper-small,pidgin
now,now.,pcm_m_PP1M2_ev_read_557,whisper-small,pidgin
wan,won't,pcm_m_PP1M2_ev_read_584,whisper-small,pidgin
doctor,doctor.,pcm_m_PP1M2_ev_read_584,whisper-small,pidgin
dey,de-manage,pcm_m_PP1M2_ev_read_600,whisper-small,pidgin
go,good,pcm_m_PP1M2_ev_read_600,whisper-small,pidgin
die,that,pcm_m_PP1M2_ev_read_600,whisper-small,pidgin
na,now,pcm_m_PP2M1_ev_read_035,whisper-small,pidgin
pipo,will,pcm_m_PP2M1_ev_read_035,whisper-small,pidgin
dey,be,pcm_m_PP2M1_ev_read_035,whisper-small,pidgin
fit,fed,pcm_m_PP2M1_ev_read_035,whisper-small,pidgin
talk,up,pcm_m_PP2M1_ev_read_035,whisper-small,pidgin
wetin,waiting,pcm_m_PP2M1_ev_read_035,whisper-small,pidgin
on-top,top,pcm_m_PP2M1_ev_read_035,whisper-small,pidgin
mata.,matter.,pcm_m_PP2M1_ev_read_035,whisper-small,pidgin
dis,this,pcm_m_PP2M1_ev_read_366,whisper-small,pidgin
e,it'll,pcm_m_PP2M1_ev_read_366,whisper-small,pidgin
sey,agreed,pcm_m_PP2M1_ev_read_366,whisper-small,pidgin
tradition,"tradition,",pcm_m_PP2M1_ev_read_463,whisper-small,pidgin
de,they,pcm_m_PP2M1_ev_read_463,whisper-small,pidgin
e,they,pcm_m_PP2M1_ev_read_463,whisper-small,pidgin
sey,they,pcm_m_PP2M1_ev_read_463,whisper-small,pidgin
somewhere,somewhere.,pcm_m_PP2M1_ev_read_463,whisper-small,pidgin
culture,"culture,",pcm_m_PP2M1_ev_read_479,whisper-small,pidgin
emotion,emotion.,pcm_m_PP2M1_ev_read_479,whisper-small,pidgin
wey,will,pcm_m_PP2M1_ev_read_575,whisper-small,pidgin
try,trial.,pcm_m_PP2M1_ev_read_575,whisper-small,pidgin
pipo,"people,",pcm_m_PP3M1_ev_read_384,whisper-small,pidgin
the,because,pcm_m_PP3M1_ev_read_434,whisper-small,pidgin
food,"food,",pcm_m_PP3M1_ev_read_434,whisper-small,pidgin
de,affect,pcm_m_PP3M1_ev_read_434,whisper-small,pidgin
year,year.,pcm_m_PP3M1_ev_read_434,whisper-small,pidgin
you,with,pcm_m_PP3M1_ev_read_555,whisper-small,pidgin
person,passing,pcm_m_PP3M1_ev_read_555,whisper-small,pidgin
live,leaf.,pcm_m_PP3M1_ev_read_555,whisper-small,pidgin
worker,"workers,",pcm_m_PP3M1_ev_read_573,whisper-small,pidgin
private,"private,",pcm_m_PP3M1_ev_read_573,whisper-small,pidgin
nobodi,nobody,pcm_m_PP3M1_ev_read_573,whisper-small,pidgin
services,service.,pcm_m_PP3M1_ev_read_573,whisper-small,pidgin
hustlers,osilas,pcm_m_PP3M1_ev_read_591,whisper-small,pidgin
dey,did,pcm_m_PP3M1_ev_read_591,whisper-small,pidgin
de,a,pcm_m_PP3M1_ev_read_591,whisper-small,pidgin
hardworking,"working,",pcm_m_PP3M1_ev_read_591,whisper-small,pidgin
dem,demdesabi,pcm_m_PP3M1_ev_read_591,whisper-small,pidgin
dey,adopted,pcm_m_PP3M1_ev_read_591,whisper-small,pidgin
situations,situasio.,pcm_m_PP3M1_ev_read_591,whisper-small,pidgin
no,don't,pcm_m_PS1M3_ev_read_439,whisper-small,yoruba
dey,didn't,pcm_m_PS1M3_ev_read_439,whisper-small,yoruba
think,see,pcm_m_PS1M3_ev_read_439,whisper-small,yoruba
say,with,pcm_m_PS1M3_ev_read_439,whisper-small,yoruba
we,the,pcm_m_PS1M3_ev_read_439,whisper-small,yoruba
special,special.,pcm_m_PS1M3_ev_read_439,whisper-small,yoruba
eh,eh?,pcm_m_PS1M4_ev_read_481,whisper-small,yoruba
everywhere,everywhere.,pcm_m_PS1M4_ev_read_481,whisper-small,yoruba
fit,"feet,",pcm_m_PS1M4_ev_read_481,whisper-small,yoruba
road,road.,pcm_m_PS1M4_ev_read_481,whisper-small,yoruba
stop,stop.,pcm_m_PS1M4_ev_read_481,whisper-small,yoruba
like,"like,",pcm_m_PS1M4_ev_read_528,whisper-small,yoruba
say,"say,",pcm_m_PS1M4_ev_read_528,whisper-small,yoruba
wan,1-4.,pcm_m_PS1M4_ev_read_528,whisper-small,yoruba
"fall,","abegh,",pcm_m_PS1M4_ev_read_528,whisper-small,yoruba
abeg,me,pcm_m_PS1M4_ev_read_528,whisper-small,yoruba
make,kuna,pcm_m_PS1M4_ev_read_528,whisper-small,yoruba
i,"ay,",pcm_m_PS1M4_ev_read_528,whisper-small,yoruba
the,de,pcm_m_PS1M4_ev_read_528,whisper-small,yoruba
cloths.,kluts.,pcm_m_PS1M4_ev_read_528,whisper-small,yoruba
pesin,persons,pcm_m_PS2M1_ev_read_327,whisper-small,yoruba
gree,"jump,",pcm_m_PT1M1_ev_read_291,whisper-small,pidgin
join,you,pcm_m_PT1M1_ev_read_291,whisper-small,pidgin
pipu,put,pcm_m_PT1M1_ev_read_291,whisper-small,pidgin
wey,away,pcm_m_PT1M1_ev_read_291,whisper-small,pidgin
street,straight,pcm_m_PT1M1_ev_read_291,whisper-small,pidgin
free?,free.,pcm_m_PT1M1_ev_read_291,whisper-small,pidgin
na,now,pcm_m_PT1M2_ev_read_288,whisper-small,yoruba
i,are,pcm_m_PT1M2_ev_read_288,whisper-small,yoruba
i,i'd,pcm_m_PT1M2_ev_read_288,whisper-small,yoruba
on-the-go,the,pcm_m_PT1M2_ev_read_411,whisper-small,pidgin
dey,go,pcm_m_PT1M2_ev_read_411,whisper-small,pidgin
help,helped,pcm_m_PT1M2_ev_read_411,whisper-small,pidgin
e,you,pcm_m_PT1M2_ev_read_411,whisper-small,pidgin
dey,to,pcm_m_PT1M2_ev_read_438,whisper-small,pidgin
"kakaraka,",kaa,pcm_m_PT1M2_ev_read_438,whisper-small,pidgin
go,ku,pcm_m_PT1M2_ev_read_438,whisper-small,pidgin
come,kondi,pcm_m_PT1M2_ev_read_438,whisper-small,pidgin
dey,kapi.,pcm_m_PT1M2_ev_read_438,whisper-small,pidgin
e,they,pcm_m_PT1M3_ev_read_119,whisper-small,yoruba
dey,had,pcm_m_PT1M3_ev_read_119,whisper-small,yoruba
fear,fail,pcm_m_PT1M3_ev_read_119,whisper-small,yoruba
go,will,pcm_m_PT1M3_ev_read_136,whisper-small,yoruba
come,come.,pcm_m_PT1M3_ev_read_136,whisper-small,yoruba
promise,promise.,pcm_m_PT1M3_ev_read_136,whisper-small,yoruba
volunteer,volunteer.,pcm_m_PT1M3_ev_read_291,whisper-small,yoruba
neva,never,pcm_m_PT1M3_ev_read_450,whisper-small,pidgin
year?,year.,pcm_m_PT1M3_ev_read_450,whisper-small,pidgin
skooling,schooling,pcm_m_PT1M3_ev_read_542,whisper-small,pidgin
years,is,pcm_m_PT1M3_ev_read_542,whisper-small,pidgin
na,an,pcm_m_PT1M3_ev_read_542,whisper-small,pidgin
time,attempt,pcm_m_PT1M3_ev_read_542,whisper-small,pidgin
"dem,","them,",pcm_m_PT1M3_ev_read_563,whisper-small,pidgin
nah,not,pcm_m_PT1M3_ev_read_563,whisper-small,pidgin
dier,hard,pcm_m_PT1M3_ev_read_563,whisper-small,pidgin
hardwork,work,pcm_m_PT1M3_ev_read_563,whisper-small,pidgin
dem,them.,pcm_m_PT1M3_ev_read_563,whisper-small,pidgin
documents,"documents,",pcm_m_PT1M4_ev_read_001,whisper-small,pidgin
dey,and,pcm_m_PT1M4_ev_read_011,whisper-small,pidgin
dey,did,pcm_m_PT1M4_ev_read_072,whisper-small,pidgin
fit,saved,pcm_m_PT1M4_ev_read_072,whisper-small,pidgin
save,money,pcm_m_PT1M4_ev_read_072,whisper-small,pidgin
dis,this,pcm_m_PT1M4_ev_read_072,whisper-small,pidgin
dey,did,pcm_m_PT1M4_ev_read_094,whisper-small,pidgin
sey,see,pcm_m_PT1M4_ev_read_094,whisper-small,pidgin
dey,do,pcm_m_PT1M4_ev_read_094,whisper-small,pidgin
i,ise,pcm_m_PT1M4_ev_read_403,whisper-small,pidgin
hear,is,pcm_m_PT1M4_ev_read_403,whisper-small,pidgin
pikin,picking,pcm_m_PT1M4_ev_read_403,whisper-small,pidgin
wey,daily,pcm_m_PT1M4_ev_read_403,whisper-small,pidgin
do,to.,pcm_m_PT1M4_ev_read_403,whisper-small,pidgin
pipo,"people,",pcm_m_PT1M4_ev_read_466,whisper-small,pidgin
or,and,pcm_m_PT1M4_ev_read_466,whisper-small,pidgin
things,things.,pcm_m_PT1M4_ev_read_466,whisper-small,pidgin
na,now,pcm_m_PT1M4_ev_read_589,whisper-small,yoruba
be,bidis,pcm_m_PT1M4_ev_read_589,whisper-small,yoruba
"dis,",waiting.,pcm_m_PT1M4_ev_read_589,whisper-small,yoruba
pass,past,pcm_m_PT1M4_ev_read_589,whisper-small,yoruba
be,bidding,pcm_m_PT1M4_ev_read_589,whisper-small,yoruba
flexible,deflexible,pcm_m_PT2M1_ev_read_343,whisper-small,pidgin
person,per,pcm_m_PT2M1_ev_read_343,whisper-small,pidgin
wey,some,pcm_m_PT2M1_ev_read_343,whisper-small,pidgin
dey,way,pcm_m_PT2M1_ev_read_343,whisper-small,pidgin
work,they,pcm_m_PT2M1_ev_read_343,whisper-small,pidgin
fit,work.,pcm_m_PT2M1_ev_read_343,whisper-small,pidgin
career,career-oriented,pcm_m_PT2M1_ev_read_345,whisper-small,yoruba
oriented,"courses,",pcm_m_PT2M1_ev_read_345,whisper-small,yoruba
course,they,pcm_m_PT2M1_ev_read_345,whisper-small,yoruba
practice,practice.,pcm_m_PT2M1_ev_read_345,whisper-small,yoruba
as,our,pcm_m_PT2M2_ev_read_516,whisper-small,pidgin
no,need,pcm_m_PT2M2_ev_read_516,whisper-small,pidgin
dey,to,pcm_m_PT2M2_ev_read_516,whisper-small,pidgin
"again,",again.,pcm_m_PT2M2_ev_read_516,whisper-small,pidgin
na,let's,pcm_m_PT2M2_ev_read_516,whisper-small,pidgin
expo,put,pcm_m_PT2M2_ev_read_516,whisper-small,pidgin
write,right,pcm_m_PT2M2_ev_read_516,whisper-small,pidgin
up,every,pcm_m_PT2M3_ev_read_181,whisper-small,pidgin
"everytime,",time,pcm_m_PT2M3_ev_read_181,whisper-small,pidgin
toilet,do,pcm_m_PT2M3_ev_read_459,whisper-small,yoruba
wey,it,pcm_m_PT2M3_ev_read_459,whisper-small,yoruba
you,with,pcm_m_PT2M3_ev_read_459,whisper-small,yoruba
day,day.,pcm_m_PT2M3_ev_read_459,whisper-small,yoruba
e,in,pcm_m_PT3M1_ev_read_070,whisper-small,yoruba
cause,cospace,pcm_m_PT3M1_ev_read_070,whisper-small,yoruba
pesin,in,pcm_m_PT3M1_ev_read_070,whisper-small,yoruba
beta,better,pcm_m_PT3M1_ev_read_070,whisper-small,yoruba
de,the,pcm_m_PT3M1_ev_read_070,whisper-small,yoruba
go,will,pcm_m_PT3M1_ev_read_144,whisper-small,yoruba
conflict.,conflict,pcm_m_PT3M1_ev_read_144,whisper-small,yoruba
wan,won't,pcm_m_PT3M1_ev_read_333,whisper-small,yoruba
hangout,hangouts,pcm_m_PT3M1_ev_read_333,whisper-small,yoruba
spot,sport.,pcm_m_PT3M1_ev_read_333,whisper-small,yoruba
"precious,",precious.,pcm_m_PT3M1_ev_read_380,whisper-small,yoruba
no,if,pcm_m_PT3M1_ev_read_380,whisper-small,yoruba
fit,you,pcm_m_PT3M1_ev_read_380,whisper-small,yoruba
save,saved,pcm_m_PT3M1_ev_read_403,whisper-small,pidgin
"life,",life.,pcm_m_PT3M1_ev_read_403,whisper-small,pidgin
pesin,person,pcm_m_PT3M1_ev_read_403,whisper-small,pidgin
you,"you,",pcm_m_PT3M1_ev_read_403,whisper-small,pidgin
come,can't,pcm_m_PT3M1_ev_read_411,whisper-small,yoruba
applaud,apply,pcm_m_PT3M1_ev_read_411,whisper-small,yoruba
performers,performance.,pcm_m_PT3M1_ev_read_411,whisper-small,yoruba
travelling,traveling,pcm_m_PT3M1_ev_read_446,whisper-small,pidgin
make,makers,pcm_m_PT3M1_ev_read_446,whisper-small,pidgin
ourself,self,pcm_m_PT3M1_ev_read_446,whisper-small,pidgin
wetin,waiting,pcm_m_PT3M1_ev_read_446,whisper-small,pidgin
hear,hear.,pcm_m_PT3M1_ev_read_446,whisper-small,pidgin
sey,why,pcm_m_PT3M2_ev_read_027,whisper-small,yoruba
wire,i,pcm_m_PT3M2_ev_read_027,whisper-small,yoruba
don,don't,pcm_m_PT3M2_ev_read_027,whisper-small,yoruba
electrician,electrician.,pcm_m_PT3M2_ev_read_027,whisper-small,yoruba
wit,with,pcm_m_PT3M2_ev_read_075,whisper-small,pidgin
sense,sense.,pcm_m_PT3M2_ev_read_075,whisper-small,pidgin
on,on-arm,pcm_m_PT3M2_ev_read_075,whisper-small,pidgin
dey,is,pcm_m_PT3M2_ev_read_075,whisper-small,pidgin
important,important.,pcm_m_PT3M2_ev_read_075,whisper-small,pidgin
close,"blue,",pcm_m_PT3M2_ev_read_141,whisper-small,yoruba
friends,"french,",pcm_m_PT3M2_ev_read_141,whisper-small,yoruba
fit,"fishy,",pcm_m_PT3M2_ev_read_141,whisper-small,yoruba
shake,"khan,",pcm_m_PT3M2_ev_read_141,whisper-small,yoruba
hand,"ainyan,",pcm_m_PT3M2_ev_read_141,whisper-small,yoruba
stranger,strangers,pcm_m_PT3M2_ev_read_141,whisper-small,yoruba
nod,north,pcm_m_PT3M2_ev_read_141,whisper-small,yoruba
